{"type": "FeatureCollection", "features": [{"type": "Feature", "geometry": {"type": "Polygon", "coordinates": [[[-80.046476, 40.395739], [-80.044882, 40.39906], [-80.044625, 40.399088], [-80.041853, 40.399433], [-80.04086, 40.398093], [-80.039492, 40.396922], [-80.038679, 40.395829], [-80.03586, 40.39715], [-80.034274, 40.395033], [-80.034621, 40.394795], [-80.035398, 40.394258], [-80.037567, 40.392476], [-80.038017, 40.392087], [-80.03868, 40.391548], [-80.040049, 40.390601], [-80.041598, 40.389548], [-80.042287, 40.389501], [-80.043702, 40.390377], [-80.044399, 40.391302], [-80.04625, 40.393789], [-80.046476, 40.395739]]]}, "properties": {"GEOID": "42003472200", "LILA": 0, "SCORE_1_10": 1, "NEAREST_GROCERY_MI": 0.3191100745064757, "LOW_INCOME_RAW": 0.0, "LOW_ACCESS_RAW": 0.0, "NO_VEHICLE_RAW": 0.0}}, {"type": "Feature", "geometry": {"type": "Polygon", "coordinates": [[[-79.933008, 40.397631], [-79.929157, 40.399256], [-79.927225, 40.400926], [-79.921112, 40.408298], [-79.9196, 40.409766], [-79.915269, 40.406553], [-79.913335, 40.405245], [-79.911643, 40.403093], [-79.913649, 40.402334], [-79.915592, 40.40095], [-79.911461, 40.398917], [-79.910156, 40.399079], [-79.908768, 40.399853], [-79.907373, 40.399583], [-79.906473, 40.398796], [-79.907443, 40.396823], [-79.907333, 40.396756], [-79.906359, 40.396155], [-79.904635, 40.396117], [-79.902984, 40.394885], [-79.905311, 40.393161], [-79.907151, 40.389997], [-79.908205, 40.389346], [-79.907867, 40.38809], [-79.908808, 40.387596], [-79.909604, 40.388483], [-79.91059, 40.389592], [-79.912016, 40.389779], [-79.913464, 40.390137], [-79.917866, 40.388033], [-79.918466, 40.388475], [-79.91592, 40.391993], [-79.9149, 40.39339], [-79.916912, 40.393921], [-79.913701, 40.39664], [-79.916598, 40.398607], [-79.918244, 40.399306], [-79.928008, 40.391085], [-79.929701, 40.389745], [-79.932357, 40.391499], [-79.932971, 40.397317], [-79.933008, 40.397631]]]}, "properties": {"GEOID": "42003482500", "LILA": 0, "SCORE_1_10": 1, "NEAREST_GROCERY_MI": 0.2477402806548853, "LOW_INCOME_RAW": 0.0, "LOW_ACCESS_RAW": 46.1674740165472, "NO_VEHICLE_RAW": 0.0}}, {"type": "Feature", "geometry": {"type": "Polygon", "coordinates": [[[-79.894257, 40.441562], [-79.893751, 40.443837], [-79.893225, 40.446494], [-79.893015, 40.447504], [-79.892423, 40.450266], [-79.891073, 40.449779], [-79.889816, 40.449051], [-79.888406, 40.447773], [-79.888184, 40.447659], [-79.88593, 40.446907], [-79.887128, 40.444464], [-79.887688, 40.444658], [-79.886548, 40.440502], [-79.88648, 40.440094], [-79.886393, 40.439687], [-79.887015, 40.439722], [-79.888159, 40.440099], [-79.891555, 40.441223], [-79.894363, 40.441175], [-79.894257, 40.441562]]]}, "properties": {"GEOID": "42003560400", "LILA": 0, "SCORE_1_10": 1, "NEAREST_GROCERY_MI": 0.05937179101828236, "LOW_INCOME_RAW": 0.0, "LOW_ACCESS_RAW": 0.0, "NO_VEHICLE_RAW": 0.0}}, {"type": "Feature", "geometry": {"type": "Polygon", "coordinates": [[[-80.053438, 40.384934], [-80.051056, 40.385459], [-80.050132, 40.385748], [-80.046127, 40.386657], [-80.045208, 40.386771], [-80.045096, 40.386783], [-80.044763, 40.386821], [-80.044653, 40.386834], [-80.043713, 40.386908], [-80.043992, 40.385443], [-80.043811, 40.384381], [-80.043886, 40.383194], [-80.04427, 40.381502], [-80.044453, 40.380679], [-80.045003, 40.37974], [-80.045348, 40.37919], [-80.047312, 40.37623], [-80.047605, 40.375729], [-80.048885, 40.373344], [-80.050893, 40.377139], [-80.051214, 40.37774], [-80.052558, 40.380269], [-80.052337, 40.382203], [-80.052447, 40.382875], [-80.052914, 40.384111], [-80.053438, 40.384934]]]}, "properties": {"GEOID": "42003473200", "LILA": 0, "SCORE_1_10": 1, "NEAREST_GROCERY_MI": 1.2375371272822262, "LOW_INCOME_RAW": 0.0, "LOW_ACCESS_RAW": 0.0, "NO_VEHICLE_RAW": 0.0}}, {"type": "Feature", "geometry": {"type": "Polygon", "coordinates": [[[-80.064415, 40.361897], [-80.064003, 40.361996], [-80.061236, 40.366478], [-80.061298, 40.367608], [-80.060118, 40.370549], [-80.058162, 40.373029], [-80.057498, 40.373873], [-80.056686, 40.375121], [-80.056363, 40.375688], [-80.055535, 40.377436], [-80.055191, 40.3779], [-80.052558, 40.380269], [-80.051214, 40.37774], [-80.050893, 40.377139], [-80.048885, 40.373344], [-80.049048, 40.372861], [-80.049496, 40.371139], [-80.049463, 40.370499], [-80.049293, 40.368065], [-80.048822, 40.366631], [-80.047935, 40.364042], [-80.047453, 40.363515], [-80.046922, 40.363197], [-80.046775, 40.361385], [-80.050046, 40.358142], [-80.050396, 40.357338], [-80.050251, 40.355192], [-80.050256, 40.353365], [-80.050809, 40.351114], [-80.050967, 40.351082], [-80.05117, 40.351043], [-80.050924, 40.353007], [-80.055459, 40.355896], [-80.059874, 40.358751], [-80.060701, 40.359305], [-80.064343, 40.361749], [-80.064415, 40.361897]]]}, "properties": {"GEOID": "42003473500", "LILA": 0, "SCORE_1_10": 1, "NEAREST_GROCERY_MI": 0.826542909002144, "LOW_INCOME_RAW": 0.0, "LOW_ACCESS_RAW": 0.0, "NO_VEHICLE_RAW": 0.0}}, {"type": "Feature", "geometry": {"type": "Polygon", "coordinates": [[[-80.032845, 40.439201], [-80.029458, 40.442942], [-80.0285, 40.443943], [-80.028394, 40.443892], [-80.017728, 40.439736], [-80.018406, 40.438793], [-80.018925, 40.438141], [-80.018287, 40.436286], [-80.019173, 40.434982], [-80.017975, 40.434803], [-80.018695, 40.43247], [-80.019251, 40.430691], [-80.019661, 40.429328], [-80.020617, 40.426182], [-80.021096, 40.425233], [-80.021122, 40.425184], [-80.024518, 40.426479], [-80.028034, 40.430076], [-80.026296, 40.43101], [-80.028502, 40.433316], [-80.028581, 40.433379], [-80.032487, 40.435638], [-80.032992, 40.437942], [-80.032845, 40.439201]]]}, "properties": {"GEOID": "42003191100", "LILA": 0, "SCORE_1_10": 1, "NEAREST_GROCERY_MI": 0.5650073146893727, "LOW_INCOME_RAW": 0.0, "LOW_ACCESS_RAW": 568.112463951111, "NO_VEHICLE_RAW": 0.0}}, {"type": "Feature", "geometry": {"type": "Polygon", "coordinates": [[[-79.966266, 40.342015], [-79.964, 40.344991], [-79.955938, 40.34043], [-79.952541, 40.338483], [-79.951281, 40.337767], [-79.950691, 40.337446], [-79.948373, 40.336531], [-79.947328, 40.335706], [-79.937307, 40.329938], [-79.938255, 40.328528], [-79.940415, 40.323374], [-79.93688, 40.31854], [-79.940482, 40.317215], [-79.942554, 40.31645], [-79.95298, 40.320427], [-79.956919, 40.321181], [-79.956327, 40.32263], [-79.956537, 40.323099], [-79.956612, 40.325993], [-79.958538, 40.328656], [-79.958997, 40.329301], [-79.960156, 40.331049], [-79.961692, 40.332569], [-79.961642, 40.333891], [-79.961251, 40.336566], [-79.963012, 40.33774], [-79.963481, 40.33811], [-79.964719, 40.340574], [-79.965236, 40.341276], [-79.966266, 40.342015]]]}, "properties": {"GEOID": "42003489001", "LILA": 0, "SCORE_1_10": 1, "NEAREST_GROCERY_MI": 0.4041690194402849, "LOW_INCOME_RAW": 0.0, "LOW_ACCESS_RAW": 0.0, "NO_VEHICLE_RAW": 0.0}}, {"type": "Feature", "geometry": {"type": "Polygon", "coordinates": [[[-79.899589, 40.312099], [-79.897753, 40.313826], [-79.898853, 40.316569], [-79.900467, 40.317195], [-79.900468, 40.318973], [-79.899392, 40.318679], [-79.898627, 40.319526], [-79.896675, 40.319746], [-79.895009, 40.317783], [-79.893476, 40.31648], [-79.89139, 40.314728], [-79.887235, 40.312837], [-79.885638, 40.3121], [-79.884177, 40.311453], [-79.880572, 40.310178], [-79.878429, 40.30964], [-79.876217, 40.308706], [-79.869734, 40.303502], [-79.868453, 40.302003], [-79.867219, 40.297282], [-79.8671, 40.295992], [-79.86832, 40.291141], [-79.870686, 40.287896], [-79.876178, 40.283596], [-79.878161, 40.284927], [-79.877579, 40.285809], [-79.874246, 40.292271], [-79.873291, 40.294267], [-79.876647, 40.294818], [-79.878058, 40.294811], [-79.879675, 40.295591], [-79.880682, 40.296111], [-79.88057, 40.296327], [-79.878614, 40.299333], [-79.884388, 40.298462], [-79.888786, 40.300471], [-79.889186, 40.300709], [-79.895365, 40.29889], [-79.898864, 40.30229], [-79.896985, 40.303279], [-79.895285, 40.305005], [-79.895072, 40.306012], [-79.897524, 40.308589], [-79.900763, 40.312059], [-79.899589, 40.312099]]]}, "properties": {"GEOID": "42003492700", "LILA": 1, "SCORE_1_10": 4, "NEAREST_GROCERY_MI": 0.6190635616141099, "LOW_INCOME_RAW": 0.0, "LOW_ACCESS_RAW": 1839.87282544142, "NO_VEHICLE_RAW": 0.0}}, {"type": "Feature", "geometry": {"type": "Polygon", "coordinates": [[[-79.943079, 40.479954], [-79.940601, 40.482014], [-79.938984, 40.48165], [-79.937742, 40.48135], [-79.934777, 40.480588], [-79.934436, 40.48048], [-79.933208, 40.479855], [-79.931916, 40.475217], [-79.931463, 40.473909], [-79.931702, 40.472271], [-79.931716, 40.472041], [-79.932787, 40.470637], [-79.932906, 40.470678], [-79.934571, 40.472166], [-79.935453, 40.472562], [-79.936529, 40.474268], [-79.938207, 40.474095], [-79.942716, 40.477479], [-79.944414, 40.478645], [-79.943079, 40.479954]]]}, "properties": {"GEOID": "42003100500", "LILA": 0, "SCORE_1_10": 1, "NEAREST_GROCERY_MI": 0.7375333607657031, "LOW_INCOME_RAW": 0.0, "LOW_ACCESS_RAW": 0.0, "NO_VEHICLE_RAW": 0.0}}, {"type": "Feature", "geometry": {"type": "Polygon", "coordinates": [[[-79.979672, 40.442698], [-79.978512, 40.443199], [-79.977812, 40.443499], [-79.976748, 40.443953], [-79.975616, 40.444438], [-79.975045, 40.44366], [-79.974498, 40.442898], [-79.973948, 40.440854], [-79.973209, 40.44012], [-79.97302, 40.43978], [-79.973406, 40.439984], [-79.975373, 40.439202], [-79.977636, 40.439383], [-79.977878, 40.439348], [-79.978669, 40.440312], [-79.978351, 40.440666], [-79.978655, 40.440843], [-79.978958, 40.441232], [-79.978997, 40.4416], [-79.979672, 40.442698]]]}, "properties": {"GEOID": "42003051100", "LILA": 0, "SCORE_1_10": 1, "NEAREST_GROCERY_MI": 0.27506276216137404, "LOW_INCOME_RAW": 0.0, "LOW_ACCESS_RAW": 0.0, "NO_VEHICLE_RAW": 0.0}}, {"type": "Feature", "geometry": {"type": "Polygon", "coordinates": [[[-79.887329, 40.420687], [-79.886675, 40.4232], [-79.886362, 40.424198], [-79.886185, 40.423963], [-79.886001, 40.424518], [-79.885573, 40.423012], [-79.883757, 40.422645], [-79.883693, 40.422741], [-79.88116, 40.422001], [-79.880262, 40.421736], [-79.878934, 40.422], [-79.877416, 40.421668], [-79.877285, 40.422351], [-79.873517, 40.422841], [-79.87382, 40.422213], [-79.87387, 40.420482], [-79.872794, 40.418578], [-79.871983, 40.416683], [-79.869512, 40.416183], [-79.86769, 40.415125], [-79.869512, 40.414043], [-79.87013, 40.413713], [-79.872022, 40.412568], [-79.874351, 40.413713], [-79.875245, 40.413918], [-79.876606, 40.414082], [-79.879615, 40.414803], [-79.882165, 40.415913], [-79.883193, 40.415994], [-79.887085, 40.41684], [-79.886269, 40.418668], [-79.88711, 40.419884], [-79.887329, 40.420687]]]}, "properties": {"GEOID": "42003515100", "LILA": 0, "SCORE_1_10": 1, "NEAREST_GROCERY_MI": 0.687131650432095, "LOW_INCOME_RAW": 0.0, "LOW_ACCESS_RAW": 0.0, "NO_VEHICLE_RAW": 0.0}}, {"type": "Feature", "geometry": {"type": "Polygon", "coordinates": [[[-79.972874, 40.436527], [-79.972755, 40.437122], [-79.972643, 40.437695], [-79.968796, 40.436452], [-79.966991, 40.436453], [-79.966209, 40.436616], [-79.965336, 40.437663], [-79.963192, 40.438288], [-79.962071, 40.439131], [-79.96124, 40.438465], [-79.958171, 40.435819], [-79.956408, 40.435124], [-79.955938, 40.434967], [-79.955578, 40.434863], [-79.954729, 40.434612], [-79.953191, 40.434383], [-79.952213, 40.434245], [-79.94986, 40.43443], [-79.949884, 40.433609], [-79.94966, 40.429301], [-79.949658, 40.429191], [-79.950431, 40.427598], [-79.952371, 40.427393], [-79.954571, 40.42791], [-79.956272, 40.429113], [-79.956927, 40.429835], [-79.959092, 40.431771], [-79.962657, 40.433401], [-79.966632, 40.435127], [-79.968672, 40.435759], [-79.972916, 40.436322], [-79.972874, 40.436527]]]}, "properties": {"GEOID": "42003040900", "LILA": 0, "SCORE_1_10": 1, "NEAREST_GROCERY_MI": 0.5426035750740992, "LOW_INCOME_RAW": 0.0, "LOW_ACCESS_RAW": 10.8537417650223, "NO_VEHICLE_RAW": 0.0}}, {"type": "Feature", "geometry": {"type": "Polygon", "coordinates": [[[-80.218977, 40.581995], [-80.218075, 40.581903], [-80.214427, 40.580993], [-80.211832, 40.582484], [-80.211167, 40.584979], [-80.208491, 40.586825], [-80.208002, 40.58806], [-80.207004, 40.587099], [-80.206406, 40.586577], [-80.197701, 40.578814], [-80.18651, 40.568902], [-80.193159, 40.564917], [-80.197729, 40.561659], [-80.203304, 40.566211], [-80.204598, 40.565338], [-80.205283, 40.564564], [-80.208883, 40.567276], [-80.214624, 40.571353], [-80.213517, 40.572236], [-80.217394, 40.574707], [-80.21784, 40.576168], [-80.218706, 40.578337], [-80.219175, 40.579453], [-80.218977, 40.581995]]]}, "properties": {"GEOID": "42003447000", "LILA": 0, "SCORE_1_10": 2, "NEAREST_GROCERY_MI": 1.0716463923883952, "LOW_INCOME_RAW": 0.0, "LOW_ACCESS_RAW": 1180.08878907957, "NO_VEHICLE_RAW": 0.0}}, {"type": "Feature", "geometry": {"type": "Polygon", "coordinates": [[[-80.061592, 40.505803], [-80.059387, 40.506753], [-80.058289, 40.508183], [-80.050849, 40.503839], [-80.05026, 40.503564], [-80.047948, 40.502249], [-80.050573, 40.497742], [-80.056162, 40.500693], [-80.05665, 40.500806], [-80.057119, 40.500885], [-80.061378, 40.501576], [-80.061385, 40.50183], [-80.06145, 40.502909], [-80.061592, 40.505803]]]}, "properties": {"GEOID": "42003431400", "LILA": 0, "SCORE_1_10": 1, "NEAREST_GROCERY_MI": 0.4897790696207328, "LOW_INCOME_RAW": 0.0, "LOW_ACCESS_RAW": 0.0, "NO_VEHICLE_RAW": 0.0}}, {"type": "Feature", "geometry": {"type": "Polygon", "coordinates": [[[-79.987879, 40.476303], [-79.986174, 40.477836], [-79.986194, 40.478317], [-79.982934, 40.478086], [-79.982531, 40.477281], [-79.979407, 40.477378], [-79.978608, 40.478817], [-79.975789, 40.477476], [-79.974092, 40.476336], [-79.97354, 40.476209], [-79.973596, 40.475913], [-79.973615, 40.475759], [-79.972163, 40.475506], [-79.97457, 40.472203], [-79.977193, 40.470848], [-79.978792, 40.47161], [-79.980313, 40.47039], [-79.981829, 40.469316], [-79.98296, 40.467263], [-79.983868, 40.466322], [-79.985881, 40.471901], [-79.987519, 40.475543], [-79.987879, 40.476303]]]}, "properties": {"GEOID": "42003428100", "LILA": 0, "SCORE_1_10": 1, "NEAREST_GROCERY_MI": 1.165737057724512, "LOW_INCOME_RAW": 0.0, "LOW_ACCESS_RAW": 712.047980770469, "NO_VEHICLE_RAW": 0.0}}, {"type": "Feature", "geometry": {"type": "Polygon", "coordinates": [[[-80.004454, 40.472449], [-80.003564, 40.472864], [-80.002868, 40.473201], [-80.00055, 40.473292], [-80.0005, 40.474176], [-79.998755, 40.474396], [-79.997611, 40.474591], [-79.997545, 40.472982], [-79.99186, 40.473134], [-79.990672, 40.472159], [-79.989844, 40.471087], [-79.988337, 40.47043], [-79.986682, 40.466428], [-79.98669, 40.466116], [-79.988339, 40.462102], [-79.989009, 40.462459], [-79.988847, 40.462177], [-79.990206, 40.461589], [-79.990363, 40.461757], [-79.991257, 40.461469], [-79.991619, 40.46147], [-79.992177, 40.461114], [-79.992302, 40.461727], [-79.993277, 40.461126], [-79.994687, 40.459643], [-79.998393, 40.458797], [-79.999403, 40.458605], [-79.99973, 40.459878], [-79.999766, 40.460648], [-79.999804, 40.462632], [-79.99997, 40.46473], [-80.000295, 40.465701], [-80.002209, 40.468444], [-80.004997, 40.472209], [-80.004454, 40.472449]]]}, "properties": {"GEOID": "42003262000", "LILA": 1, "SCORE_1_10": 4, "NEAREST_GROCERY_MI": 1.0643765902078204, "LOW_INCOME_RAW": 0.0, "LOW_ACCESS_RAW": 1179.24083623337, "NO_VEHICLE_RAW": 0.0}}, {"type": "Feature", "geometry": {"type": "Polygon", "coordinates": [[[-80.026001, 40.479369], [-80.025012, 40.479383], [-80.023509, 40.479397], [-80.02498, 40.481761], [-80.025677, 40.482748], [-80.025118, 40.485248], [-80.024785, 40.485825], [-80.02514, 40.486855], [-80.023144, 40.487179], [-80.021554, 40.491328], [-80.02036, 40.491238], [-80.021369, 40.490418], [-80.019214, 40.490002], [-80.020324, 40.488292], [-80.018875, 40.486726], [-80.016444, 40.486092], [-80.017757, 40.482337], [-80.013934, 40.4843], [-80.013647, 40.484236], [-80.013786, 40.481963], [-80.011751, 40.479718], [-80.01196, 40.478689], [-80.012855, 40.478148], [-80.014216, 40.477444], [-80.017371, 40.477294], [-80.019715, 40.476589], [-80.022731, 40.476661], [-80.022932, 40.476569], [-80.025326, 40.476207], [-80.027297, 40.476728], [-80.026001, 40.479369]]]}, "properties": {"GEOID": "42003980400", "LILA": 0, "SCORE_1_10": 1, "NEAREST_GROCERY_MI": 1.003884136779576, "LOW_INCOME_RAW": 0.0, "LOW_ACCESS_RAW": 4.80412233620882, "NO_VEHICLE_RAW": 0.0}}, {"type": "Feature", "geometry": {"type": "Polygon", "coordinates": [[[-79.912579, 40.441114], [-79.912246, 40.443125], [-79.911964, 40.444753], [-79.91165, 40.446696], [-79.911435, 40.446978], [-79.908191, 40.44557], [-79.90873, 40.444495], [-79.905877, 40.44436], [-79.903365, 40.446373], [-79.903112, 40.446407], [-79.90136, 40.445835], [-79.899555, 40.445237], [-79.899877, 40.444715], [-79.898771, 40.443838], [-79.899329, 40.442368], [-79.899681, 40.440056], [-79.899485, 40.439557], [-79.900267, 40.439516], [-79.905345, 40.438088], [-79.911475, 40.438013], [-79.913083, 40.438028], [-79.912579, 40.441114]]]}, "properties": {"GEOID": "42003981100", "LILA": 0, "SCORE_1_10": 1, "NEAREST_GROCERY_MI": 0.7720149247086058, "LOW_INCOME_RAW": 0.0, "LOW_ACCESS_RAW": 0.0, "NO_VEHICLE_RAW": 0.0}}, {"type": "Feature", "geometry": {"type": "Polygon", "coordinates": [[[-80.1766, 40.520046], [-80.176182, 40.520628], [-80.17522, 40.521856], [-80.171257, 40.527397], [-80.162683, 40.524299], [-80.162393, 40.52418], [-80.16148, 40.523803], [-80.159474, 40.521037], [-80.154309, 40.517278], [-80.155046, 40.51677], [-80.15667, 40.514603], [-80.166795, 40.518407], [-80.166994, 40.518126], [-80.168085, 40.516643], [-80.16895, 40.515427], [-80.170696, 40.514204], [-80.171595, 40.513352], [-80.172226, 40.510792], [-80.171566, 40.509748], [-80.174375, 40.510525], [-80.173444, 40.511915], [-80.175592, 40.516237], [-80.178128, 40.517856], [-80.1766, 40.520046]]]}, "properties": {"GEOID": "42003450800", "LILA": 0, "SCORE_1_10": 1, "NEAREST_GROCERY_MI": 1.766723588652734, "LOW_INCOME_RAW": 0.0, "LOW_ACCESS_RAW": 0.0, "NO_VEHICLE_RAW": 0.0}}, {"type": "Feature", "geometry": {"type": "Polygon", "coordinates": [[[-79.866563, 40.383001], [-79.862863, 40.384764], [-79.862823, 40.384792], [-79.854501, 40.38877], [-79.853443, 40.388406], [-79.849793, 40.38516], [-79.842565, 40.379692], [-79.841155, 40.378408], [-79.838773, 40.375117], [-79.83982, 40.374766], [-79.84152, 40.374373], [-79.84182, 40.374352], [-79.84441, 40.373734], [-79.844542, 40.373719], [-79.844885, 40.373676], [-79.848536, 40.372795], [-79.850055, 40.372433], [-79.852616, 40.371823], [-79.855113, 40.371268], [-79.855934, 40.371072], [-79.857288, 40.370852], [-79.860723, 40.374634], [-79.861674, 40.376095], [-79.866401, 40.379857], [-79.868856, 40.381928], [-79.866563, 40.383001]]]}, "properties": {"GEOID": "42003486700", "LILA": 0, "SCORE_1_10": 1, "NEAREST_GROCERY_MI": 0.8290074916940523, "LOW_INCOME_RAW": 0.0, "LOW_ACCESS_RAW": 0.0, "NO_VEHICLE_RAW": 0.0}}, {"type": "Feature", "geometry": {"type": "Polygon", "coordinates": [[[-80.099103, 40.393891], [-80.092571, 40.395104], [-80.089276, 40.395131], [-80.088035, 40.394919], [-80.087238, 40.394285], [-80.086059, 40.392036], [-80.086687, 40.389255], [-80.08836, 40.387582], [-80.090202, 40.387187], [-80.092591, 40.38855], [-80.097455, 40.387861], [-80.097906, 40.389548], [-80.099103, 40.393891]]]}, "properties": {"GEOID": "42003471000", "LILA": 0, "SCORE_1_10": 1, "NEAREST_GROCERY_MI": 0.2291346000046378, "LOW_INCOME_RAW": 0.0, "LOW_ACCESS_RAW": 0.0, "NO_VEHICLE_RAW": 0.0}}, {"type": "Feature", "geometry": {"type": "Polygon", "coordinates": [[[-80.03041, 40.292006], [-80.029302, 40.29293], [-80.028199, 40.29378], [-80.026827, 40.294834], [-80.026176, 40.29604], [-80.025048, 40.297786], [-80.023822, 40.298437], [-80.023297, 40.300515], [-80.02136, 40.301954], [-80.021147, 40.302342], [-80.021085, 40.30352], [-80.020011, 40.305279], [-80.017532, 40.308794], [-80.017341, 40.309023], [-80.016388, 40.310444], [-80.016248, 40.310653], [-80.015485, 40.311791], [-80.009341, 40.32112], [-80.008395, 40.319744], [-80.004907, 40.313184], [-80.002299, 40.309976], [-79.999128, 40.307296], [-79.996451, 40.306678], [-79.995405, 40.302345], [-79.994471, 40.298447], [-79.994477, 40.296595], [-79.994681, 40.295193], [-79.997224, 40.290384], [-79.996658, 40.288075], [-79.996217, 40.287213], [-79.997986, 40.286506], [-79.998653, 40.2848], [-80.002063, 40.282269], [-80.001563, 40.281514], [-80.001233, 40.280217], [-80.001369, 40.280098], [-80.002198, 40.279518], [-80.002352, 40.279398], [-80.002571, 40.279135], [-80.002852, 40.278435], [-80.017589, 40.282836], [-80.033269, 40.28754], [-80.03041, 40.292006]]]}, "properties": {"GEOID": "42003490002", "LILA": 0, "SCORE_1_10": 3, "NEAREST_GROCERY_MI": 1.210845161933239, "LOW_INCOME_RAW": 0.0, "LOW_ACCESS_RAW": 4802.00002885884, "NO_VEHICLE_RAW": 0.0}}, {"type": "Feature", "geometry": {"type": "Polygon", "coordinates": [[[-79.889789, 40.395232], [-79.88455, 40.397481], [-79.885402, 40.398718], [-79.884827, 40.398951], [-79.884386, 40.39915], [-79.880192, 40.400807], [-79.87674, 40.402196], [-79.875265, 40.400702], [-79.874691, 40.400118], [-79.872381, 40.397819], [-79.866608, 40.393547], [-79.864108, 40.392268], [-79.854501, 40.38877], [-79.862823, 40.384792], [-79.862863, 40.384764], [-79.866563, 40.383001], [-79.868856, 40.381928], [-79.866401, 40.379857], [-79.868693, 40.379848], [-79.871508, 40.382067], [-79.873704, 40.382982], [-79.877933, 40.382922], [-79.878887, 40.384914], [-79.880663, 40.387149], [-79.880862, 40.387849], [-79.881658, 40.3898], [-79.884805, 40.391848], [-79.886199, 40.393064], [-79.888186, 40.394514], [-79.889789, 40.395232]]]}, "properties": {"GEOID": "42003488200", "LILA": 0, "SCORE_1_10": 1, "NEAREST_GROCERY_MI": 0.49897564114082277, "LOW_INCOME_RAW": 0.0, "LOW_ACCESS_RAW": 1382.5514026396, "NO_VEHICLE_RAW": 0.0}}, {"type": "Feature", "geometry": {"type": "Polygon", "coordinates": [[[-79.84968, 40.497589], [-79.848853, 40.503658], [-79.849326, 40.506821], [-79.849341, 40.506895], [-79.849451, 40.507425], [-79.846527, 40.50819], [-79.843768, 40.511282], [-79.843409, 40.511297], [-79.841897, 40.511855], [-79.838652, 40.511824], [-79.835635, 40.511483], [-79.834222, 40.512302], [-79.83402, 40.512712], [-79.83393, 40.511948], [-79.833612, 40.506393], [-79.833624, 40.506306], [-79.833566, 40.504439], [-79.833456, 40.501382], [-79.833792, 40.500852], [-79.837002, 40.502091], [-79.837829, 40.502234], [-79.840798, 40.503674], [-79.842897, 40.503297], [-79.84388, 40.497997], [-79.845263, 40.495983], [-79.850339, 40.49594], [-79.84968, 40.497589]]]}, "properties": {"GEOID": "42003524000", "LILA": 0, "SCORE_1_10": 1, "NEAREST_GROCERY_MI": 0.380510184088282, "LOW_INCOME_RAW": 0.0, "LOW_ACCESS_RAW": 0.0, "NO_VEHICLE_RAW": 0.0}}, {"type": "Feature", "geometry": {"type": "Polygon", "coordinates": [[[-79.783256, 40.402649], [-79.782725, 40.403928], [-79.78309, 40.404343], [-79.779883, 40.407606], [-79.779254, 40.409676], [-79.77964, 40.410552], [-79.776973, 40.416883], [-79.777479, 40.41585], [-79.778361, 40.416131], [-79.777527, 40.418115], [-79.781298, 40.419025], [-79.779861, 40.422399], [-79.775869, 40.419039], [-79.776532, 40.417964], [-79.776763, 40.417302], [-79.775666, 40.413974], [-79.772754, 40.414545], [-79.775407, 40.410281], [-79.773228, 40.409553], [-79.771486, 40.410405], [-79.769868, 40.408022], [-79.769419, 40.405979], [-79.769499, 40.40547], [-79.76968, 40.404503], [-79.772291, 40.401698], [-79.771664, 40.399859], [-79.772674, 40.400693], [-79.775376, 40.402217], [-79.774181, 40.400566], [-79.777553, 40.40033], [-79.778347, 40.400628], [-79.777957, 40.401779], [-79.785057, 40.400418], [-79.783256, 40.402649]]]}, "properties": {"GEOID": "42003522000", "LILA": 1, "SCORE_1_10": 5, "NEAREST_GROCERY_MI": 1.4889867779258183, "LOW_INCOME_RAW": 0.0, "LOW_ACCESS_RAW": 3277.22870538477, "NO_VEHICLE_RAW": 0.0}}, {"type": "Feature", "geometry": {"type": "Polygon", "coordinates": [[[-80.067571, 40.470485], [-80.065692, 40.470956], [-80.065261, 40.475723], [-80.065205, 40.475723], [-80.061877, 40.475756], [-80.061144, 40.475757], [-80.050204, 40.475833], [-80.047862, 40.475814], [-80.046841, 40.472395], [-80.050265, 40.469281], [-80.051178, 40.465599], [-80.051287, 40.465564], [-80.053359, 40.464964], [-80.055039, 40.464548], [-80.057139, 40.463753], [-80.057249, 40.463714], [-80.060835, 40.464184], [-80.065211, 40.462113], [-80.065417, 40.462014], [-80.066203, 40.461635], [-80.066029, 40.463422], [-80.066065, 40.464395], [-80.066347, 40.465496], [-80.065595, 40.465803], [-80.065618, 40.466628], [-80.06573, 40.468023], [-80.066287, 40.468864], [-80.066125, 40.469146], [-80.067146, 40.469637], [-80.067571, 40.470485]]]}, "properties": {"GEOID": "42003464400", "LILA": 0, "SCORE_1_10": 1, "NEAREST_GROCERY_MI": 0.21527638793821308, "LOW_INCOME_RAW": 0.0, "LOW_ACCESS_RAW": 124.1912368536, "NO_VEHICLE_RAW": 0.0}}, {"type": "Feature", "geometry": {"type": "Polygon", "coordinates": [[[-79.907451, 40.408744], [-79.903332, 40.409024], [-79.905972, 40.415707], [-79.901512, 40.415879], [-79.899623, 40.41545], [-79.897893, 40.414954], [-79.896526, 40.414186], [-79.89493, 40.41312], [-79.894102, 40.412556], [-79.890624, 40.4104], [-79.889878, 40.409886], [-79.884511, 40.407191], [-79.887053, 40.407037], [-79.887509, 40.4064], [-79.884363, 40.403941], [-79.884246, 40.403017], [-79.890525, 40.401065], [-79.89179, 40.400196], [-79.895898, 40.398123], [-79.893679, 40.395393], [-79.893616, 40.394951], [-79.894273, 40.39398], [-79.893607, 40.391525], [-79.894774, 40.394002], [-79.89471, 40.394702], [-79.897765, 40.395804], [-79.899635, 40.39549], [-79.899827, 40.39612], [-79.901752, 40.397817], [-79.900916, 40.398231], [-79.901943, 40.399426], [-79.900624, 40.400029], [-79.899598, 40.399411], [-79.900734, 40.402267], [-79.901424, 40.403761], [-79.903284, 40.403955], [-79.904478, 40.405316], [-79.905675, 40.406686], [-79.907451, 40.408744]]]}, "properties": {"GEOID": "42003484300", "LILA": 0, "SCORE_1_10": 1, "NEAREST_GROCERY_MI": 0.8378095590434378, "LOW_INCOME_RAW": 0.0, "LOW_ACCESS_RAW": 39.6055165827274, "NO_VEHICLE_RAW": 0.0}}, {"type": "Feature", "geometry": {"type": "Polygon", "coordinates": [[[-80.021096, 40.425233], [-80.020617, 40.426182], [-80.019931, 40.425819], [-80.017029, 40.427081], [-80.013613, 40.43027], [-80.012763, 40.430523], [-80.010716, 40.430895], [-80.010614, 40.431157], [-80.010249, 40.432254], [-80.009903, 40.43334], [-80.006631, 40.431548], [-80.006472, 40.430514], [-80.004928, 40.430507], [-80.004097, 40.430116], [-80.00271, 40.430533], [-79.999024, 40.429451], [-79.998361, 40.42899], [-79.996786, 40.428194], [-79.99956, 40.428114], [-80.001344, 40.428927], [-80.002214, 40.428554], [-80.003838, 40.42783], [-80.005611, 40.42701], [-80.00623, 40.42687], [-80.007807, 40.426201], [-80.009118, 40.42426], [-80.010018, 40.4245], [-80.010268, 40.42457], [-80.011679, 40.423053], [-80.012341, 40.422445], [-80.016307, 40.421965], [-80.016382, 40.422055], [-80.018862, 40.424212], [-80.019594, 40.423984], [-80.021033, 40.423429], [-80.021122, 40.425184], [-80.021096, 40.425233]]]}, "properties": {"GEOID": "42003191400", "LILA": 0, "SCORE_1_10": 1, "NEAREST_GROCERY_MI": 0.14419042082571087, "LOW_INCOME_RAW": 0.0, "LOW_ACCESS_RAW": 0.0, "NO_VEHICLE_RAW": 0.0}}, {"type": "Feature", "geometry": {"type": "Polygon", "coordinates": [[[-80.061216, 40.440632], [-80.060664, 40.442081], [-80.0579, 40.443141], [-80.055371, 40.443936], [-80.054592, 40.443711], [-80.054343, 40.443639], [-80.052189, 40.44282], [-80.051375, 40.442561], [-80.04872, 40.441845], [-80.047411, 40.44119], [-80.046724, 40.441101], [-80.045306, 40.441949], [-80.04604, 40.440473], [-80.047431, 40.439983], [-80.04738, 40.439581], [-80.047295, 40.438153], [-80.049465, 40.438075], [-80.050944, 40.437504], [-80.052357, 40.437572], [-80.053709, 40.437948], [-80.054955, 40.437855], [-80.055858, 40.437767], [-80.057596, 40.437534], [-80.061173, 40.440597], [-80.061216, 40.440632]]]}, "properties": {"GEOID": "42003281500", "LILA": 0, "SCORE_1_10": 1, "NEAREST_GROCERY_MI": 0.9917615333684427, "LOW_INCOME_RAW": 0.0, "LOW_ACCESS_RAW": 0.0, "NO_VEHICLE_RAW": 0.0}}, {"type": "Feature", "geometry": {"type": "Polygon", "coordinates": [[[-80.010923, 40.351343], [-80.009326, 40.352293], [-80.005369, 40.352851], [-80.003103, 40.35079], [-80.003962, 40.350416], [-80.003922, 40.34826], [-79.998234, 40.350632], [-79.994914, 40.350446], [-79.99634, 40.348662], [-79.99606, 40.347672], [-79.994655, 40.346663], [-79.992455, 40.344681], [-79.990871, 40.339555], [-79.991459, 40.335542], [-79.989763, 40.334163], [-79.988814, 40.332467], [-79.996631, 40.337199], [-79.998059, 40.338248], [-79.998826, 40.338736], [-80.001968, 40.340801], [-80.005624, 40.342983], [-80.006658, 40.344751], [-80.007731, 40.346118], [-80.010669, 40.350452], [-80.010923, 40.351343]]]}, "properties": {"GEOID": "42003480102", "LILA": 0, "SCORE_1_10": 1, "NEAREST_GROCERY_MI": 0.823136843442475, "LOW_INCOME_RAW": 0.0, "LOW_ACCESS_RAW": 0.0, "NO_VEHICLE_RAW": 0.0}}, {"type": "Feature", "geometry": {"type": "Polygon", "coordinates": [[[-80.120554, 40.360026], [-80.119943, 40.362245], [-80.119042, 40.362981], [-80.11721, 40.367445], [-80.113411, 40.365355], [-80.109903, 40.363781], [-80.108594, 40.363653], [-80.106994, 40.36329], [-80.104282, 40.363685], [-80.103973, 40.363287], [-80.106801, 40.361688], [-80.109726, 40.359154], [-80.111042, 40.357978], [-80.111699, 40.357013], [-80.112085, 40.356259], [-80.112503, 40.35423], [-80.114328, 40.35521], [-80.118031, 40.358134], [-80.118919, 40.358157], [-80.120603, 40.359183], [-80.120554, 40.360026]]]}, "properties": {"GEOID": "42003457100", "LILA": 0, "SCORE_1_10": 1, "NEAREST_GROCERY_MI": 0.4661882598517261, "LOW_INCOME_RAW": 0.0, "LOW_ACCESS_RAW": 0.0, "NO_VEHICLE_RAW": 0.0}}, {"type": "Feature", "geometry": {"type": "Polygon", "coordinates": [[[-79.89402, 40.296997], [-79.893274, 40.296973], [-79.88943, 40.297249], [-79.883821, 40.298105], [-79.884388, 40.298462], [-79.878614, 40.299333], [-79.88057, 40.296327], [-79.880682, 40.296111], [-79.879675, 40.295591], [-79.878058, 40.294811], [-79.876647, 40.294818], [-79.873291, 40.294267], [-79.874246, 40.292271], [-79.877579, 40.285809], [-79.878161, 40.284927], [-79.880129, 40.285376], [-79.882034, 40.283411], [-79.883042, 40.283122], [-79.885693, 40.287133], [-79.886239, 40.286826], [-79.888444, 40.287923], [-79.889199, 40.289862], [-79.888931, 40.290069], [-79.889774, 40.290797], [-79.889292, 40.292435], [-79.888962, 40.292808], [-79.888816, 40.29358], [-79.893286, 40.294638], [-79.89402, 40.296997]]]}, "properties": {"GEOID": "42003492800", "LILA": 1, "SCORE_1_10": 4, "NEAREST_GROCERY_MI": 0.10577382485561358, "LOW_INCOME_RAW": 0.0, "LOW_ACCESS_RAW": 1152.34831323012, "NO_VEHICLE_RAW": 0.0}}, {"type": "Feature", "geometry": {"type": "Polygon", "coordinates": [[[-79.897495, 40.324271], [-79.896294, 40.330882], [-79.895431, 40.333741], [-79.891884, 40.33899], [-79.888859, 40.341594], [-79.885612, 40.345168], [-79.883773, 40.344302], [-79.881796, 40.343386], [-79.880966, 40.341771], [-79.883231, 40.339861], [-79.884714, 40.336966], [-79.883676, 40.335876], [-79.882713, 40.332221], [-79.875076, 40.328734], [-79.873135, 40.327071], [-79.87231, 40.326443], [-79.8747, 40.323121], [-79.877644, 40.323655], [-79.87886, 40.325001], [-79.883621, 40.324758], [-79.884129, 40.323844], [-79.886201, 40.325811], [-79.886245, 40.324397], [-79.888424, 40.324382], [-79.888434, 40.327674], [-79.889355, 40.327669], [-79.889351, 40.330861], [-79.890359, 40.330816], [-79.892534, 40.330796], [-79.893853, 40.330869], [-79.893853, 40.330854], [-79.893815, 40.324372], [-79.893755, 40.321849], [-79.893626, 40.321088], [-79.897432, 40.321127], [-79.897623, 40.321845], [-79.897495, 40.324271]]]}, "properties": {"GEOID": "42003499300", "LILA": 1, "SCORE_1_10": 4, "NEAREST_GROCERY_MI": 2.163365759787613, "LOW_INCOME_RAW": 0.0, "LOW_ACCESS_RAW": 1573.99999666959, "NO_VEHICLE_RAW": 0.0}}, {"type": "Feature", "geometry": {"type": "Polygon", "coordinates": [[[-79.933556, 40.433225], [-79.933045, 40.433435], [-79.933302, 40.434478], [-79.934033, 40.437707], [-79.933088, 40.437703], [-79.927714, 40.438039], [-79.926946, 40.438073], [-79.922984, 40.438056], [-79.922833, 40.434754], [-79.923079, 40.43281], [-79.923142, 40.432354], [-79.923485, 40.429738], [-79.92676, 40.428152], [-79.930494, 40.428912], [-79.933223, 40.428931], [-79.933073, 40.43028], [-79.932605, 40.431378], [-79.932663, 40.432019], [-79.934946, 40.432126], [-79.933556, 40.433225]]]}, "properties": {"GEOID": "42003141300", "LILA": 0, "SCORE_1_10": 1, "NEAREST_GROCERY_MI": 0.35327630798191856, "LOW_INCOME_RAW": 0.0, "LOW_ACCESS_RAW": 0.0, "NO_VEHICLE_RAW": 0.0}}, {"type": "Feature", "geometry": {"type": "Polygon", "coordinates": [[[-79.943535, 40.460022], [-79.943218, 40.462342], [-79.941596, 40.462204], [-79.941271, 40.464153], [-79.938027, 40.463544], [-79.937224, 40.463373], [-79.937287, 40.463269], [-79.936074, 40.462976], [-79.936302, 40.461763], [-79.936736, 40.459446], [-79.937058, 40.457675], [-79.93649, 40.456565], [-79.938591, 40.45591], [-79.93964, 40.456627], [-79.942177, 40.457983], [-79.943729, 40.458812], [-79.943535, 40.460022]]]}, "properties": {"GEOID": "42003080600", "LILA": 0, "SCORE_1_10": 1, "NEAREST_GROCERY_MI": 0.29346475220200674, "LOW_INCOME_RAW": 0.0, "LOW_ACCESS_RAW": 0.0, "NO_VEHICLE_RAW": 0.0}}, {"type": "Feature", "geometry": {"type": "Polygon", "coordinates": [[[-79.973532, 40.457274], [-79.968074, 40.461012], [-79.967155, 40.460552], [-79.966079, 40.459437], [-79.960349, 40.460466], [-79.957695, 40.460843], [-79.956933, 40.460727], [-79.955936, 40.460303], [-79.957202, 40.458821], [-79.95722, 40.458654], [-79.957828, 40.458489], [-79.958853, 40.457975], [-79.96042, 40.45698], [-79.963152, 40.456258], [-79.966005, 40.455191], [-79.96601, 40.45566], [-79.968302, 40.454997], [-79.973667, 40.452843], [-79.974182, 40.453376], [-79.973347, 40.454177], [-79.973101, 40.455778], [-79.974947, 40.456294], [-79.973532, 40.457274]]]}, "properties": {"GEOID": "42003060500", "LILA": 0, "SCORE_1_10": 1, "NEAREST_GROCERY_MI": 0.5500497991329689, "LOW_INCOME_RAW": 0.0, "LOW_ACCESS_RAW": 0.0, "NO_VEHICLE_RAW": 0.0}}, {"type": "Feature", "geometry": {"type": "Polygon", "coordinates": [[[-79.897821, 40.459719], [-79.897542, 40.461401], [-79.897556, 40.462082], [-79.894727, 40.461439], [-79.892663, 40.460974], [-79.892687, 40.46063], [-79.890448, 40.460111], [-79.890808, 40.459198], [-79.891072, 40.458522], [-79.888374, 40.45791], [-79.887726, 40.45651], [-79.888093, 40.455527], [-79.891902, 40.456393], [-79.894145, 40.4569], [-79.896298, 40.457397], [-79.898528, 40.457906], [-79.897821, 40.459719]]]}, "properties": {"GEOID": "42003130200", "LILA": 0, "SCORE_1_10": 1, "NEAREST_GROCERY_MI": 0.9453221924404361, "LOW_INCOME_RAW": 0.0, "LOW_ACCESS_RAW": 0.0, "NO_VEHICLE_RAW": 0.0}}, {"type": "Feature", "geometry": {"type": "Polygon", "coordinates": [[[-79.885609, 40.436801], [-79.882656, 40.436087], [-79.882215, 40.435821], [-79.879181, 40.43399], [-79.877533, 40.435505], [-79.87418, 40.435264], [-79.872194, 40.43375], [-79.873685, 40.430849], [-79.874764, 40.429374], [-79.875826, 40.428079], [-79.879852, 40.428519], [-79.881494, 40.426073], [-79.882968, 40.426757], [-79.885212, 40.426901], [-79.884627, 40.430376], [-79.884995, 40.432951], [-79.885179, 40.433864], [-79.885782, 40.436843], [-79.885609, 40.436801]]]}, "properties": {"GEOID": "42003516200", "LILA": 0, "SCORE_1_10": 1, "NEAREST_GROCERY_MI": 0.48508222326584544, "LOW_INCOME_RAW": 0.0, "LOW_ACCESS_RAW": 7.9460768699646, "NO_VEHICLE_RAW": 0.0}}, {"type": "Feature", "geometry": {"type": "Polygon", "coordinates": [[[-79.879436, 40.404232], [-79.875418, 40.406963], [-79.874608, 40.407535], [-79.873675, 40.408782], [-79.873004, 40.409683], [-79.871335, 40.411718], [-79.86692, 40.408574], [-79.865447, 40.406872], [-79.865408, 40.404975], [-79.865316, 40.404232], [-79.865084, 40.403353], [-79.864495, 40.402435], [-79.858768, 40.398358], [-79.864108, 40.392268], [-79.866608, 40.393547], [-79.872381, 40.397819], [-79.874691, 40.400118], [-79.875265, 40.400702], [-79.87674, 40.402196], [-79.879436, 40.404232]]]}, "properties": {"GEOID": "42003513800", "LILA": 0, "SCORE_1_10": 1, "NEAREST_GROCERY_MI": 0.13791784044357208, "LOW_INCOME_RAW": 0.0, "LOW_ACCESS_RAW": 417.674223014154, "NO_VEHICLE_RAW": 0.0}}, {"type": "Feature", "geometry": {"type": "Polygon", "coordinates": [[[-79.865864, 40.495565], [-79.862811, 40.49765], [-79.859216, 40.497693], [-79.859175, 40.496435], [-79.856864, 40.498169], [-79.851113, 40.493601], [-79.851926, 40.492884], [-79.856537, 40.488976], [-79.859333, 40.487142], [-79.859541, 40.487052], [-79.861166, 40.486352], [-79.865498, 40.485069], [-79.865687, 40.489046], [-79.865786, 40.491525], [-79.865864, 40.495565]]]}, "properties": {"GEOID": "42003420000", "LILA": 1, "SCORE_1_10": 4, "NEAREST_GROCERY_MI": 0.9002386130562677, "LOW_INCOME_RAW": 0.0, "LOW_ACCESS_RAW": 593.349498786032, "NO_VEHICLE_RAW": 0.0}}, {"type": "Feature", "geometry": {"type": "Polygon", "coordinates": [[[-79.953779, 40.578013], [-79.951782, 40.581107], [-79.950327, 40.586663], [-79.948381, 40.590296], [-79.948219, 40.590668], [-79.947531, 40.5996], [-79.947122, 40.604485], [-79.947139, 40.605117], [-79.947164, 40.605517], [-79.947409, 40.609085], [-79.947558, 40.61279], [-79.946785, 40.615455], [-79.936499, 40.615738], [-79.933543, 40.615825], [-79.92061, 40.61607], [-79.920321, 40.609449], [-79.920199, 40.607753], [-79.920091, 40.604776], [-79.91979, 40.598054], [-79.919788, 40.597933], [-79.91961, 40.59632], [-79.916524, 40.596356], [-79.915946, 40.596367], [-79.915526, 40.584894], [-79.919032, 40.583189], [-79.920545, 40.581739], [-79.921782, 40.581619], [-79.929578, 40.581464], [-79.932433, 40.581747], [-79.938346, 40.581305], [-79.949352, 40.58096], [-79.952663, 40.579116], [-79.953779, 40.578013]]]}, "properties": {"GEOID": "42003414101", "LILA": 0, "SCORE_1_10": 1, "NEAREST_GROCERY_MI": 0.8118087571273911, "LOW_INCOME_RAW": 0.0, "LOW_ACCESS_RAW": 204.162620007992, "NO_VEHICLE_RAW": 0.0}}, {"type": "Feature", "geometry": {"type": "Polygon", "coordinates": [[[-80.087932, 40.505607], [-80.088081, 40.506486], [-80.088705, 40.509432], [-80.087678, 40.510722], [-80.08352, 40.510137], [-80.081409, 40.511408], [-80.080524, 40.51226], [-80.077959, 40.510987], [-80.078509, 40.510157], [-80.075357, 40.508832], [-80.075155, 40.505452], [-80.075024, 40.50357], [-80.074921, 40.501371], [-80.075005, 40.498395], [-80.077795, 40.500184], [-80.084564, 40.502073], [-80.087668, 40.502611], [-80.089504, 40.5032], [-80.087932, 40.505607]]]}, "properties": {"GEOID": "42003434000", "LILA": 0, "SCORE_1_10": 1, "NEAREST_GROCERY_MI": 0.7323658571618433, "LOW_INCOME_RAW": 0.0, "LOW_ACCESS_RAW": 1166.50976730837, "NO_VEHICLE_RAW": 0.0}}, {"type": "Feature", "geometry": {"type": "Polygon", "coordinates": [[[-80.057351, 40.489006], [-80.054983, 40.491957], [-80.052423, 40.494018], [-80.052681, 40.494145], [-80.051321, 40.496462], [-80.047112, 40.494977], [-80.046014, 40.494865], [-80.045179, 40.493307], [-80.044623, 40.49166], [-80.045545, 40.490165], [-80.045127, 40.489047], [-80.045926, 40.48813], [-80.046444, 40.487163], [-80.049903, 40.485523], [-80.0511, 40.483782], [-80.055787, 40.48628], [-80.057351, 40.489006]]]}, "properties": {"GEOID": "42003431100", "LILA": 0, "SCORE_1_10": 1, "NEAREST_GROCERY_MI": 0.3615920109705425, "LOW_INCOME_RAW": 0.0, "LOW_ACCESS_RAW": 0.0, "NO_VEHICLE_RAW": 0.0}}, {"type": "Feature", "geometry": {"type": "Polygon", "coordinates": [[[-80.003932, 40.496285], [-79.997004, 40.495063], [-79.995392, 40.494284], [-79.995203, 40.494018], [-79.994142, 40.494043], [-79.994275, 40.497068], [-79.99098, 40.497174], [-79.989625, 40.497214], [-79.989709, 40.500658], [-79.985646, 40.501953], [-79.98528, 40.493619], [-79.984077, 40.493458], [-79.983109, 40.493526], [-79.976006, 40.493691], [-79.975164, 40.483371], [-79.977498, 40.483242], [-79.982652, 40.483063], [-79.982563, 40.481569], [-79.98251, 40.478312], [-79.982531, 40.477281], [-79.982934, 40.478086], [-79.986194, 40.478317], [-79.986174, 40.477836], [-79.987879, 40.476303], [-79.988092, 40.476763], [-79.993609, 40.477408], [-79.995023, 40.477361], [-79.993414, 40.476661], [-79.993286, 40.474592], [-79.99186, 40.473134], [-79.997545, 40.472982], [-79.997611, 40.474591], [-79.995833, 40.474536], [-79.995346, 40.477361], [-79.996517, 40.479186], [-79.998607, 40.479165], [-79.998901, 40.479808], [-80.001683, 40.480082], [-80.001707, 40.480666], [-80.001767, 40.482428], [-80.003206, 40.482548], [-80.00322, 40.482939], [-80.003932, 40.496285]]]}, "properties": {"GEOID": "42003428200", "LILA": 0, "SCORE_1_10": 2, "NEAREST_GROCERY_MI": 0.9602436039528276, "LOW_INCOME_RAW": 0.0, "LOW_ACCESS_RAW": 1027.81593908998, "NO_VEHICLE_RAW": 0.0}}, {"type": "Feature", "geometry": {"type": "Polygon", "coordinates": [[[-80.053179, 40.48217], [-80.0511, 40.483782], [-80.049903, 40.485523], [-80.046444, 40.487163], [-80.045594, 40.487804], [-80.043251, 40.489569], [-80.040949, 40.487647], [-80.037769, 40.487049], [-80.036731, 40.486403], [-80.03582, 40.484311], [-80.035421, 40.483053], [-80.033961, 40.481707], [-80.036016, 40.481279], [-80.03931, 40.48049], [-80.040359, 40.480239], [-80.041079, 40.480067], [-80.04282, 40.47967], [-80.043033, 40.47893], [-80.043951, 40.478524], [-80.048394, 40.477106], [-80.051722, 40.481287], [-80.053179, 40.48217]]]}, "properties": {"GEOID": "42003270100", "LILA": 0, "SCORE_1_10": 1, "NEAREST_GROCERY_MI": 0.4079408354726556, "LOW_INCOME_RAW": 0.0, "LOW_ACCESS_RAW": 0.0, "NO_VEHICLE_RAW": 0.0}}, {"type": "Feature", "geometry": {"type": "Polygon", "coordinates": [[[-79.816444, 40.644096], [-79.785724, 40.643829], [-79.780677, 40.634372], [-79.772334, 40.618761], [-79.77097, 40.61836], [-79.766657, 40.618643], [-79.765914, 40.616491], [-79.764177, 40.614241], [-79.766883, 40.614217], [-79.766747, 40.609262], [-79.770949, 40.609185], [-79.771902, 40.606023], [-79.772871, 40.606176], [-79.77992, 40.60607], [-79.789116, 40.605965], [-79.788943, 40.601378], [-79.788472, 40.59014], [-79.790431, 40.590193], [-79.796437, 40.590122], [-79.796102, 40.583532], [-79.793469, 40.582937], [-79.788122, 40.583363], [-79.787793, 40.573828], [-79.787611, 40.571831], [-79.784659, 40.571877], [-79.78018, 40.571933], [-79.779331, 40.570194], [-79.775699, 40.562828], [-79.783749, 40.562667], [-79.793981, 40.562389], [-79.798196, 40.56229], [-79.80017, 40.562261], [-79.806299, 40.562061], [-79.811297, 40.561932], [-79.811443, 40.566534], [-79.812112, 40.586227], [-79.812517, 40.598272], [-79.812579, 40.599113], [-79.812945, 40.603595], [-79.813023, 40.612103], [-79.81459, 40.624158], [-79.81612, 40.635135], [-79.816444, 40.644096]]]}, "properties": {"GEOID": "42003405000", "LILA": 0, "SCORE_1_10": 1, "NEAREST_GROCERY_MI": 2.1101691233606505, "LOW_INCOME_RAW": 0.0, "LOW_ACCESS_RAW": 0.0, "NO_VEHICLE_RAW": 0.0}}, {"type": "Feature", "geometry": {"type": "Polygon", "coordinates": [[[-80.066339, 40.395354], [-80.064982, 40.399699], [-80.064587, 40.400167], [-80.063197, 40.401304], [-80.061675, 40.402398], [-80.061482, 40.402504], [-80.058188, 40.403471], [-80.056021, 40.404201], [-80.051202, 40.401943], [-80.051705, 40.400668], [-80.054892, 40.400954], [-80.05463, 40.399427], [-80.054119, 40.39649], [-80.054637, 40.396268], [-80.056237, 40.395597], [-80.054437, 40.392826], [-80.056983, 40.392372], [-80.056856, 40.391906], [-80.056734, 40.391453], [-80.059135, 40.390814], [-80.059304, 40.390947], [-80.062072, 40.39238], [-80.063486, 40.393059], [-80.064301, 40.393243], [-80.065692, 40.393257], [-80.066099, 40.394283], [-80.066222, 40.394549], [-80.066339, 40.395354]]]}, "properties": {"GEOID": "42003470501", "LILA": 0, "SCORE_1_10": 1, "NEAREST_GROCERY_MI": 0.4891982734243695, "LOW_INCOME_RAW": 0.0, "LOW_ACCESS_RAW": 0.0, "NO_VEHICLE_RAW": 0.0}}, {"type": "Feature", "geometry": {"type": "Polygon", "coordinates": [[[-79.972916, 40.436322], [-79.968672, 40.435759], [-79.966632, 40.435127], [-79.962657, 40.433401], [-79.959092, 40.431771], [-79.956927, 40.429835], [-79.956272, 40.429113], [-79.956625, 40.428868], [-79.957739, 40.42995], [-79.960197, 40.428542], [-79.964805, 40.430429], [-79.973502, 40.433877], [-79.972916, 40.436322]]]}, "properties": {"GEOID": "42003980800", "LILA": 0, "SCORE_1_10": 1, "NEAREST_GROCERY_MI": 0.4009911352799941, "LOW_INCOME_RAW": 0.0, "LOW_ACCESS_RAW": 0.0, "NO_VEHICLE_RAW": 0.0}}, {"type": "Feature", "geometry": {"type": "Polygon", "coordinates": [[[-79.94986, 40.43443], [-79.949587, 40.436342], [-79.949788, 40.440008], [-79.948953, 40.44118], [-79.947254, 40.441465], [-79.942176, 40.440444], [-79.941821, 40.439972], [-79.940846, 40.438967], [-79.935648, 40.437563], [-79.934033, 40.437707], [-79.933302, 40.434478], [-79.933045, 40.433435], [-79.933556, 40.433225], [-79.934946, 40.432126], [-79.932663, 40.432019], [-79.932605, 40.431378], [-79.933073, 40.43028], [-79.933223, 40.428931], [-79.936031, 40.428565], [-79.937862, 40.428627], [-79.939722, 40.429304], [-79.940134, 40.429511], [-79.941856, 40.430103], [-79.946842, 40.428474], [-79.949393, 40.428886], [-79.949658, 40.429191], [-79.94966, 40.429301], [-79.949884, 40.433609], [-79.94986, 40.43443]]]}, "properties": {"GEOID": "42003980500", "LILA": 0, "SCORE_1_10": 1, "NEAREST_GROCERY_MI": 0.9606457860253432, "LOW_INCOME_RAW": 0.0, "LOW_ACCESS_RAW": 6.66980314254761, "NO_VEHICLE_RAW": 0.0}}, {"type": "Feature", "geometry": {"type": "Polygon", "coordinates": [[[-79.963252, 40.444663], [-79.960888, 40.445473], [-79.959817, 40.447396], [-79.958474, 40.448449], [-79.959722, 40.444157], [-79.95638, 40.445703], [-79.954782, 40.446871], [-79.954017, 40.447421], [-79.953749, 40.447616], [-79.952724, 40.448358], [-79.951911, 40.446476], [-79.950588, 40.4468], [-79.950366, 40.445158], [-79.946903, 40.444514], [-79.947565, 40.443406], [-79.949244, 40.441345], [-79.950343, 40.441956], [-79.951675, 40.442408], [-79.952881, 40.441913], [-79.953545, 40.443175], [-79.955389, 40.442684], [-79.956438, 40.441949], [-79.957438, 40.442514], [-79.959333, 40.443555], [-79.961988, 40.442768], [-79.963252, 40.444663]]]}, "properties": {"GEOID": "42003982200", "LILA": 0, "SCORE_1_10": 1, "NEAREST_GROCERY_MI": 0.5290797362980546, "LOW_INCOME_RAW": 0.0, "LOW_ACCESS_RAW": 0.0, "NO_VEHICLE_RAW": 0.0}}, {"type": "Feature", "geometry": {"type": "Polygon", "coordinates": [[[-80.168084, 40.415974], [-80.16799, 40.420828], [-80.168053, 40.421914], [-80.16375, 40.424651], [-80.155001, 40.432507], [-80.15123, 40.433449], [-80.146924, 40.432042], [-80.144957, 40.432001], [-80.139646, 40.430997], [-80.139139, 40.430434], [-80.136298, 40.430145], [-80.134898, 40.43016], [-80.13418, 40.430592], [-80.130804, 40.429629], [-80.124554, 40.426714], [-80.120294, 40.425687], [-80.114616, 40.426089], [-80.11491, 40.424905], [-80.111508, 40.42426], [-80.110768, 40.421285], [-80.108962, 40.420812], [-80.109551, 40.417696], [-80.105889, 40.413191], [-80.099895, 40.411031], [-80.099505, 40.408193], [-80.099004, 40.403927], [-80.098586, 40.400356], [-80.09854, 40.399976], [-80.100167, 40.397838], [-80.10027, 40.394375], [-80.099647, 40.393934], [-80.099103, 40.393891], [-80.097906, 40.389548], [-80.097455, 40.387861], [-80.098288, 40.387337], [-80.099347, 40.389711], [-80.101116, 40.393336], [-80.105814, 40.399424], [-80.107418, 40.398447], [-80.111021, 40.395146], [-80.113528, 40.394463], [-80.116911, 40.395212], [-80.121357, 40.397916], [-80.128701, 40.396984], [-80.130595, 40.396501], [-80.131428, 40.396118], [-80.136195, 40.393794], [-80.144951, 40.394793], [-80.151974, 40.40298], [-80.153162, 40.404521], [-80.153485, 40.404835], [-80.152192, 40.408089], [-80.155149, 40.410049], [-80.16135, 40.408956], [-80.161494, 40.410448], [-80.165029, 40.409964], [-80.165135, 40.407335], [-80.16656, 40.405399], [-80.166633, 40.404953], [-80.168703, 40.401997], [-80.168084, 40.415974]]]}, "properties": {"GEOID": "42003458002", "LILA": 0, "SCORE_1_10": 2, "NEAREST_GROCERY_MI": 2.614379982040352, "LOW_INCOME_RAW": 0.0, "LOW_ACCESS_RAW": 0.0, "NO_VEHICLE_RAW": 0.0}}, {"type": "Feature", "geometry": {"type": "Polygon", "coordinates": [[[-79.88593, 40.446907], [-79.884828, 40.448849], [-79.884087, 40.449144], [-79.883392, 40.449038], [-79.882185, 40.449189], [-79.881614, 40.449379], [-79.879255, 40.449756], [-79.878312, 40.449922], [-79.877692, 40.449858], [-79.877128, 40.449803], [-79.872685, 40.449367], [-79.86904, 40.449389], [-79.867561, 40.449389], [-79.867395, 40.449097], [-79.868994, 40.449061], [-79.872027, 40.4468], [-79.875266, 40.445748], [-79.876816, 40.442946], [-79.877259, 40.442155], [-79.877717, 40.441348], [-79.879353, 40.441889], [-79.880724, 40.442343], [-79.884735, 40.443674], [-79.887128, 40.444464], [-79.88593, 40.446907]]]}, "properties": {"GEOID": "42003564800", "LILA": 0, "SCORE_1_10": 1, "NEAREST_GROCERY_MI": 0.6225945124563503, "LOW_INCOME_RAW": 0.0, "LOW_ACCESS_RAW": 0.0, "NO_VEHICLE_RAW": 0.0}}, {"type": "Feature", "geometry": {"type": "Polygon", "coordinates": [[[-80.002621, 40.456219], [-80.001667, 40.456406], [-80.002123, 40.458133], [-80.002238, 40.458682], [-80.000828, 40.458954], [-80.000976, 40.45942], [-79.99973, 40.459878], [-79.999403, 40.458605], [-79.998393, 40.458797], [-79.994687, 40.459643], [-79.995272, 40.458573], [-79.995435, 40.458331], [-79.995477, 40.458101], [-79.994827, 40.458211], [-79.994441, 40.458114], [-79.9937, 40.457796], [-79.992892, 40.457448], [-79.99273, 40.457377], [-79.991304, 40.456734], [-79.993099, 40.455788], [-79.994669, 40.455404], [-79.994293, 40.454935], [-79.992281, 40.454771], [-79.993442, 40.453819], [-79.997116, 40.45154], [-80.001205, 40.450367], [-80.000906, 40.450857], [-80.001491, 40.452691], [-80.002194, 40.454881], [-80.002621, 40.456219]]]}, "properties": {"GEOID": "42003563202", "LILA": 0, "SCORE_1_10": 1, "NEAREST_GROCERY_MI": 0.2886415907795208, "LOW_INCOME_RAW": 0.0, "LOW_ACCESS_RAW": 0.0, "NO_VEHICLE_RAW": 0.0}}, {"type": "Feature", "geometry": {"type": "Polygon", "coordinates": [[[-80.051178, 40.465599], [-80.050265, 40.469281], [-80.046841, 40.472395], [-80.047862, 40.475814], [-80.048394, 40.477106], [-80.043951, 40.478524], [-80.043033, 40.47893], [-80.040153, 40.475275], [-80.040081, 40.475192], [-80.038192, 40.472698], [-80.037709, 40.47177], [-80.035414, 40.467504], [-80.033619, 40.465449], [-80.030776, 40.462125], [-80.031345, 40.461532], [-80.032072, 40.462022], [-80.033115, 40.461824], [-80.037337, 40.461105], [-80.036545, 40.456548], [-80.036, 40.453519], [-80.035853, 40.452696], [-80.037568, 40.454049], [-80.041317, 40.456983], [-80.046003, 40.460657], [-80.050418, 40.464668], [-80.051178, 40.465599]]]}, "properties": {"GEOID": "42003980900", "LILA": 0, "SCORE_1_10": 1, "NEAREST_GROCERY_MI": 0.7723918918981837, "LOW_INCOME_RAW": 0.0, "LOW_ACCESS_RAW": 0.0, "NO_VEHICLE_RAW": 0.0}}, {"type": "Feature", "geometry": {"type": "Polygon", "coordinates": [[[-79.955409, 40.340758], [-79.954942, 40.343539], [-79.95353, 40.3462], [-79.951819, 40.347616], [-79.947299, 40.348166], [-79.944152, 40.348383], [-79.938535, 40.348913], [-79.930533, 40.34984], [-79.92708, 40.350251], [-79.924644, 40.350626], [-79.92289, 40.350954], [-79.917256, 40.352995], [-79.914413, 40.354092], [-79.911992, 40.354165], [-79.908835, 40.352118], [-79.906232, 40.352448], [-79.897288, 40.346241], [-79.895009, 40.344338], [-79.895911, 40.341451], [-79.893858, 40.339983], [-79.891884, 40.33899], [-79.895431, 40.333741], [-79.896294, 40.330882], [-79.897495, 40.324271], [-79.897623, 40.321845], [-79.897432, 40.321127], [-79.896675, 40.319746], [-79.898627, 40.319526], [-79.900071, 40.319848], [-79.901255, 40.320116], [-79.921267, 40.324584], [-79.925802, 40.325599], [-79.927056, 40.324479], [-79.929135, 40.325885], [-79.930913, 40.325202], [-79.932273, 40.327237], [-79.934153, 40.32804], [-79.937307, 40.329938], [-79.947328, 40.335706], [-79.948373, 40.336531], [-79.950691, 40.337446], [-79.951281, 40.337767], [-79.952541, 40.338483], [-79.955938, 40.34043], [-79.955409, 40.340758]]]}, "properties": {"GEOID": "42003488600", "LILA": 0, "SCORE_1_10": 2, "NEAREST_GROCERY_MI": 1.1504873600954175, "LOW_INCOME_RAW": 0.0, "LOW_ACCESS_RAW": 1627.11321873334, "NO_VEHICLE_RAW": 0.0}}, {"type": "Feature", "geometry": {"type": "Polygon", "coordinates": [[[-79.860652, 40.343327], [-79.859435, 40.342128], [-79.857878, 40.340872], [-79.857526, 40.341578], [-79.857374, 40.342582], [-79.857202, 40.342539], [-79.856112, 40.342217], [-79.855863, 40.342725], [-79.854628, 40.345247], [-79.854721, 40.346558], [-79.852578, 40.346267], [-79.84937, 40.345839], [-79.847636, 40.345617], [-79.846884, 40.345566], [-79.845992, 40.345509], [-79.84599, 40.342874], [-79.84605, 40.342159], [-79.846046, 40.341096], [-79.846035, 40.34006], [-79.844419, 40.340264], [-79.844167, 40.338171], [-79.846236, 40.338023], [-79.8502, 40.337773], [-79.853265, 40.338501], [-79.855741, 40.33908], [-79.855984, 40.338806], [-79.856342, 40.338409], [-79.86133, 40.3429], [-79.860652, 40.343327]]]}, "properties": {"GEOID": "42003552300", "LILA": 0, "SCORE_1_10": 1, "NEAREST_GROCERY_MI": 1.1992364499291388, "LOW_INCOME_RAW": 0.0, "LOW_ACCESS_RAW": 0.0, "NO_VEHICLE_RAW": 0.0}}, {"type": "Feature", "geometry": {"type": "Polygon", "coordinates": [[[-80.197749, 40.404729], [-80.193439, 40.406347], [-80.190388, 40.404387], [-80.189839, 40.403572], [-80.188939, 40.403105], [-80.184636, 40.406435], [-80.181585, 40.403478], [-80.182085, 40.403155], [-80.179834, 40.401381], [-80.177673, 40.399572], [-80.182102, 40.397661], [-80.181495, 40.396798], [-80.181105, 40.396353], [-80.184229, 40.394937], [-80.185863, 40.394197], [-80.186689, 40.393283], [-80.189959, 40.392282], [-80.191788, 40.394148], [-80.189546, 40.394931], [-80.189535, 40.396048], [-80.18907, 40.397214], [-80.190333, 40.397913], [-80.192517, 40.399524], [-80.193754, 40.402042], [-80.195529, 40.403488], [-80.197749, 40.404729]]]}, "properties": {"GEOID": "42003455000", "LILA": 0, "SCORE_1_10": 4, "NEAREST_GROCERY_MI": 10.0, "LOW_INCOME_RAW": 0.0, "LOW_ACCESS_RAW": 1459.00001430884, "NO_VEHICLE_RAW": 0.0}}, {"type": "Feature", "geometry": {"type": "Polygon", "coordinates": [[[-80.099985, 40.411649], [-80.097883, 40.415111], [-80.094719, 40.413068], [-80.093192, 40.410585], [-80.090838, 40.408235], [-80.089539, 40.407631], [-80.088531, 40.406509], [-80.088029, 40.406735], [-80.087416, 40.40511], [-80.086979, 40.403258], [-80.088615, 40.402195], [-80.090585, 40.401444], [-80.096882, 40.400433], [-80.09854, 40.399976], [-80.098586, 40.400356], [-80.099004, 40.403927], [-80.099505, 40.408193], [-80.099895, 40.411031], [-80.099985, 40.411649]]]}, "properties": {"GEOID": "42003468800", "LILA": 0, "SCORE_1_10": 1, "NEAREST_GROCERY_MI": 0.5588470117708947, "LOW_INCOME_RAW": 0.0, "LOW_ACCESS_RAW": 534.422773542727, "NO_VEHICLE_RAW": 0.0}}, {"type": "Feature", "geometry": {"type": "Polygon", "coordinates": [[[-79.896313, 40.267921], [-79.888966, 40.274045], [-79.888124, 40.274963], [-79.887081, 40.275929], [-79.886293, 40.276917], [-79.884189, 40.278682], [-79.88272, 40.279409], [-79.881984, 40.278675], [-79.879214, 40.275961], [-79.880981, 40.274364], [-79.879023, 40.273609], [-79.882009, 40.271633], [-79.884217, 40.269042], [-79.884249, 40.268894], [-79.885897, 40.267418], [-79.88653, 40.266887], [-79.887384, 40.267483], [-79.890305, 40.265194], [-79.890759, 40.265571], [-79.892235, 40.265061], [-79.891581, 40.264385], [-79.893979, 40.263564], [-79.894638, 40.264288], [-79.894985, 40.26559], [-79.895296, 40.267351], [-79.896313, 40.267921]]]}, "properties": {"GEOID": "42003494000", "LILA": 1, "SCORE_1_10": 4, "NEAREST_GROCERY_MI": 0.32261478230056273, "LOW_INCOME_RAW": 0.0, "LOW_ACCESS_RAW": 797.800752756385, "NO_VEHICLE_RAW": 0.0}}, {"type": "Feature", "geometry": {"type": "Polygon", "coordinates": [[[-79.899272, 40.417056], [-79.898872, 40.41885], [-79.897473, 40.42007], [-79.895129, 40.421133], [-79.893873, 40.421674], [-79.891032, 40.422908], [-79.887623, 40.424239], [-79.88801, 40.424678], [-79.886645, 40.424645], [-79.886362, 40.424198], [-79.886675, 40.4232], [-79.887329, 40.420687], [-79.88711, 40.419884], [-79.886269, 40.418668], [-79.887085, 40.41684], [-79.887258, 40.416874], [-79.888684, 40.415087], [-79.890624, 40.4104], [-79.894102, 40.412556], [-79.89493, 40.41312], [-79.896526, 40.414186], [-79.897893, 40.414954], [-79.899623, 40.41545], [-79.899272, 40.417056]]]}, "properties": {"GEOID": "42003515300", "LILA": 0, "SCORE_1_10": 1, "NEAREST_GROCERY_MI": 0.657396179216451, "LOW_INCOME_RAW": 0.0, "LOW_ACCESS_RAW": 0.0, "NO_VEHICLE_RAW": 0.0}}, {"type": "Feature", "geometry": {"type": "Polygon", "coordinates": [[[-80.09997, 40.586587], [-80.099678, 40.587706], [-80.098839, 40.589189], [-80.098317, 40.589025], [-80.094715, 40.586406], [-80.090195, 40.586007], [-80.088889, 40.584357], [-80.086363, 40.582015], [-80.085131, 40.581395], [-80.082947, 40.581448], [-80.082646, 40.581475], [-80.082274, 40.581509], [-80.081499, 40.58144], [-80.07937, 40.580311], [-80.079428, 40.584041], [-80.078559, 40.584847], [-80.069041, 40.585578], [-80.068717, 40.585104], [-80.066701, 40.584012], [-80.06655, 40.581427], [-80.066346, 40.578216], [-80.065905, 40.571231], [-80.065605, 40.566567], [-80.064723, 40.552712], [-80.064048, 40.542246], [-80.081221, 40.553516], [-80.084781, 40.555984], [-80.084993, 40.556124], [-80.084706, 40.558395], [-80.086137, 40.561397], [-80.089581, 40.564952], [-80.090763, 40.571219], [-80.093534, 40.575389], [-80.09978, 40.584743], [-80.09997, 40.586587]]]}, "properties": {"GEOID": "42003412002", "LILA": 0, "SCORE_1_10": 3, "NEAREST_GROCERY_MI": 1.7239958125383843, "LOW_INCOME_RAW": 0.0, "LOW_ACCESS_RAW": 4027.51621924958, "NO_VEHICLE_RAW": 0.0}}, {"type": "Feature", "geometry": {"type": "Polygon", "coordinates": [[[-80.020866, 40.553871], [-80.007453, 40.554036], [-80.001855, 40.553976], [-79.999588, 40.553986], [-79.993874, 40.554004], [-79.99351, 40.554002], [-79.988921, 40.553938], [-79.988456, 40.543637], [-79.988921, 40.543551], [-79.99292, 40.543387], [-79.994326, 40.543817], [-79.994052, 40.543414], [-79.993877, 40.539332], [-79.993543, 40.538691], [-79.997425, 40.536208], [-79.997956, 40.535898], [-79.999001, 40.535145], [-80.000464, 40.531751], [-80.002934, 40.531819], [-80.003766, 40.532293], [-80.003909, 40.531635], [-80.003853, 40.530328], [-80.007412, 40.52991], [-80.009939, 40.530571], [-80.010782, 40.532212], [-80.011038, 40.533096], [-80.010987, 40.536332], [-80.012451, 40.540863], [-80.014484, 40.543825], [-80.016929, 40.54592], [-80.017486, 40.546845], [-80.018829, 40.549616], [-80.019141, 40.550321], [-80.020866, 40.553871]]]}, "properties": {"GEOID": "42003429201", "LILA": 0, "SCORE_1_10": 1, "NEAREST_GROCERY_MI": 0.44726188528395616, "LOW_INCOME_RAW": 0.0, "LOW_ACCESS_RAW": 416.661982506514, "NO_VEHICLE_RAW": 0.0}}, {"type": "Feature", "geometry": {"type": "Polygon", "coordinates": [[[-80.041853, 40.399433], [-80.039818, 40.401279], [-80.036343, 40.404261], [-80.035583, 40.40429], [-80.035622, 40.401698], [-80.036579, 40.400809], [-80.032482, 40.401729], [-80.031976, 40.401043], [-80.031851, 40.400883], [-80.031468, 40.400397], [-80.02939, 40.397205], [-80.031144, 40.396613], [-80.032339, 40.396245], [-80.034274, 40.395033], [-80.03586, 40.39715], [-80.038679, 40.395829], [-80.039492, 40.396922], [-80.04086, 40.398093], [-80.041853, 40.399433]]]}, "properties": {"GEOID": "42003472100", "LILA": 0, "SCORE_1_10": 1, "NEAREST_GROCERY_MI": 0.17007973725751674, "LOW_INCOME_RAW": 0.0, "LOW_ACCESS_RAW": 0.0, "NO_VEHICLE_RAW": 0.0}}, {"type": "Feature", "geometry": {"type": "Polygon", "coordinates": [[[-80.085542, 40.423842], [-80.080519, 40.423723], [-80.073882, 40.425463], [-80.073207, 40.426039], [-80.070979, 40.42823], [-80.069504, 40.42993], [-80.06858, 40.431358], [-80.068022, 40.431191], [-80.065955, 40.430438], [-80.065546, 40.430349], [-80.063173, 40.427866], [-80.062166, 40.429049], [-80.059848, 40.42827], [-80.059154, 40.429331], [-80.056073, 40.428112], [-80.053773, 40.427938], [-80.057235, 40.426439], [-80.063726, 40.426375], [-80.063952, 40.426291], [-80.066764, 40.423449], [-80.067164, 40.422884], [-80.066882, 40.420621], [-80.066725, 40.419902], [-80.066096, 40.417499], [-80.066507, 40.416706], [-80.071908, 40.415617], [-80.073862, 40.413399], [-80.075831, 40.41472], [-80.078659, 40.416462], [-80.07603, 40.417947], [-80.075473, 40.420834], [-80.080778, 40.420165], [-80.082684, 40.420101], [-80.084507, 40.420522], [-80.085412, 40.421243], [-80.085542, 40.423842]]]}, "properties": {"GEOID": "42003562800", "LILA": 1, "SCORE_1_10": 4, "NEAREST_GROCERY_MI": 1.1318678755498064, "LOW_INCOME_RAW": 0.0, "LOW_ACCESS_RAW": 655.776867695153, "NO_VEHICLE_RAW": 0.0}}, {"type": "Feature", "geometry": {"type": "Polygon", "coordinates": [[[-79.991908, 40.407172], [-79.991635, 40.407611], [-79.990762, 40.409508], [-79.989608, 40.412054], [-79.98922, 40.412691], [-79.988828, 40.413248], [-79.988039, 40.414434], [-79.988107, 40.415913], [-79.988183, 40.41851], [-79.986362, 40.417556], [-79.982259, 40.417667], [-79.981795, 40.414111], [-79.981758, 40.413465], [-79.981618, 40.411322], [-79.980801, 40.409485], [-79.981091, 40.40784], [-79.981645, 40.405862], [-79.985357, 40.405995], [-79.987665, 40.406075], [-79.991942, 40.407126], [-79.991908, 40.407172]]]}, "properties": {"GEOID": "42003481000", "LILA": 0, "SCORE_1_10": 1, "NEAREST_GROCERY_MI": 0.532588111671772, "LOW_INCOME_RAW": 0.0, "LOW_ACCESS_RAW": 0.0, "NO_VEHICLE_RAW": 0.0}}, {"type": "Feature", "geometry": {"type": "Polygon", "coordinates": [[[-79.927925, 40.444121], [-79.92539, 40.444005], [-79.924223, 40.443968], [-79.923867, 40.443956], [-79.921972, 40.443895], [-79.920513, 40.443851], [-79.917776, 40.444326], [-79.915569, 40.444886], [-79.91442, 40.44616], [-79.913851, 40.446458], [-79.91165, 40.446696], [-79.911964, 40.444753], [-79.912246, 40.443125], [-79.912579, 40.441114], [-79.913083, 40.438028], [-79.913671, 40.43758], [-79.915814, 40.437587], [-79.916145, 40.438036], [-79.919359, 40.438041], [-79.922984, 40.438056], [-79.926946, 40.438073], [-79.927714, 40.438039], [-79.927784, 40.440901], [-79.927875, 40.443003], [-79.927925, 40.444121]]]}, "properties": {"GEOID": "42003140300", "LILA": 0, "SCORE_1_10": 1, "NEAREST_GROCERY_MI": 0.4845224259364348, "LOW_INCOME_RAW": 0.0, "LOW_ACCESS_RAW": 0.0, "NO_VEHICLE_RAW": 0.0}}, {"type": "Feature", "geometry": {"type": "Polygon", "coordinates": [[[-79.807903, 40.548899], [-79.806227, 40.548935], [-79.798976, 40.549119], [-79.795248, 40.547225], [-79.795052, 40.545378], [-79.794976, 40.543687], [-79.794935, 40.543035], [-79.794835, 40.540934], [-79.794724, 40.5372], [-79.794789, 40.535785], [-79.805012, 40.537455], [-79.807566, 40.537284], [-79.807554, 40.540287], [-79.807567, 40.540802], [-79.807621, 40.542547], [-79.807903, 40.548899]]]}, "properties": {"GEOID": "42003418000", "LILA": 0, "SCORE_1_10": 2, "NEAREST_GROCERY_MI": 1.813387962526952, "LOW_INCOME_RAW": 0.0, "LOW_ACCESS_RAW": 1737.9376728218, "NO_VEHICLE_RAW": 0.0}}, {"type": "Feature", "geometry": {"type": "Polygon", "coordinates": [[[-79.885612, 40.345168], [-79.881408, 40.351046], [-79.880846, 40.351649], [-79.878293, 40.353641], [-79.876676, 40.354337], [-79.870638, 40.355436], [-79.869996, 40.350492], [-79.86989, 40.349164], [-79.869958, 40.348765], [-79.871012, 40.348482], [-79.871628, 40.34774], [-79.87344, 40.347605], [-79.874375, 40.347009], [-79.877285, 40.344685], [-79.878579, 40.34365], [-79.880129, 40.342509], [-79.880966, 40.341771], [-79.881796, 40.343386], [-79.883773, 40.344302], [-79.885612, 40.345168]]]}, "properties": {"GEOID": "42003552200", "LILA": 0, "SCORE_1_10": 1, "NEAREST_GROCERY_MI": 1.1854924024946187, "LOW_INCOME_RAW": 0.0, "LOW_ACCESS_RAW": 242.374689115211, "NO_VEHICLE_RAW": 0.0}}, {"type": "Feature", "geometry": {"type": "Polygon", "coordinates": [[[-79.897432, 40.321127], [-79.893626, 40.321088], [-79.893755, 40.321849], [-79.893815, 40.324372], [-79.893853, 40.330854], [-79.893853, 40.330869], [-79.892534, 40.330796], [-79.890359, 40.330816], [-79.889351, 40.330861], [-79.889355, 40.327669], [-79.888434, 40.327674], [-79.888424, 40.324382], [-79.886245, 40.324397], [-79.886201, 40.325811], [-79.884129, 40.323844], [-79.883621, 40.324758], [-79.87886, 40.325001], [-79.877644, 40.323655], [-79.8747, 40.323121], [-79.874901, 40.322852], [-79.876294, 40.320995], [-79.87411, 40.320211], [-79.874683, 40.317126], [-79.877823, 40.313095], [-79.881828, 40.314958], [-79.883542, 40.312447], [-79.884177, 40.311453], [-79.885638, 40.3121], [-79.887235, 40.312837], [-79.89139, 40.314728], [-79.893476, 40.31648], [-79.895009, 40.317783], [-79.896675, 40.319746], [-79.897432, 40.321127]]]}, "properties": {"GEOID": "42003499400", "LILA": 1, "SCORE_1_10": 5, "NEAREST_GROCERY_MI": 1.9691382816218062, "LOW_INCOME_RAW": 0.0, "LOW_ACCESS_RAW": 2909.00002567205, "NO_VEHICLE_RAW": 0.0}}, {"type": "Feature", "geometry": {"type": "Polygon", "coordinates": [[[-79.96177, 40.439354], [-79.960275, 40.44046], [-79.959169, 40.441266], [-79.957816, 40.442238], [-79.957438, 40.442514], [-79.956438, 40.441949], [-79.955389, 40.442684], [-79.953545, 40.443175], [-79.952881, 40.441913], [-79.951675, 40.442408], [-79.950343, 40.441956], [-79.949244, 40.441345], [-79.950144, 40.440408], [-79.950563, 40.439279], [-79.952335, 40.439672], [-79.953929, 40.438118], [-79.954532, 40.437525], [-79.954969, 40.4371], [-79.955497, 40.436586], [-79.956176, 40.43595], [-79.956408, 40.435124], [-79.958171, 40.435819], [-79.96124, 40.438465], [-79.962071, 40.439131], [-79.96177, 40.439354]]]}, "properties": {"GEOID": "42003040500", "LILA": 0, "SCORE_1_10": 1, "NEAREST_GROCERY_MI": 0.9196887537287042, "LOW_INCOME_RAW": 0.0, "LOW_ACCESS_RAW": 0.0, "NO_VEHICLE_RAW": 0.0}}, {"type": "Feature", "geometry": {"type": "Polygon", "coordinates": [[[-80.0285, 40.443943], [-80.02828, 40.444256], [-80.02709, 40.446199], [-80.023004, 40.444529], [-80.01629, 40.443207], [-80.014217, 40.4407], [-80.0102, 40.438628], [-80.001985, 40.435067], [-79.998071, 40.433063], [-79.996738, 40.432801], [-79.998661, 40.429967], [-79.998803, 40.429749], [-79.999024, 40.429451], [-80.00271, 40.430533], [-80.00447, 40.431251], [-80.00561, 40.431716], [-80.005805, 40.432073], [-80.011607, 40.435756], [-80.013614, 40.436995], [-80.013443, 40.43719], [-80.016393, 40.438128], [-80.016941, 40.439418], [-80.017728, 40.439736], [-80.028394, 40.443892], [-80.0285, 40.443943]]]}, "properties": {"GEOID": "42003980700", "LILA": 0, "SCORE_1_10": 1, "NEAREST_GROCERY_MI": 0.4574748160354359, "LOW_INCOME_RAW": 0.0, "LOW_ACCESS_RAW": 0.0, "NO_VEHICLE_RAW": 0.0}}, {"type": "Feature", "geometry": {"type": "Polygon", "coordinates": [[[-79.918572, 40.410757], [-79.915403, 40.413226], [-79.914322, 40.413762], [-79.911464, 40.414838], [-79.905972, 40.415707], [-79.903332, 40.409024], [-79.907451, 40.408744], [-79.905675, 40.406686], [-79.904478, 40.405316], [-79.903284, 40.403955], [-79.901424, 40.403761], [-79.900734, 40.402267], [-79.899598, 40.399411], [-79.900624, 40.400029], [-79.902638, 40.401315], [-79.905093, 40.400074], [-79.907037, 40.400057], [-79.907373, 40.399583], [-79.908768, 40.399853], [-79.910156, 40.399079], [-79.911461, 40.398917], [-79.915592, 40.40095], [-79.913649, 40.402334], [-79.911643, 40.403093], [-79.913335, 40.405245], [-79.915269, 40.406553], [-79.9196, 40.409766], [-79.918572, 40.410757]]]}, "properties": {"GEOID": "42003483800", "LILA": 0, "SCORE_1_10": 1, "NEAREST_GROCERY_MI": 0.15400884815270763, "LOW_INCOME_RAW": 0.0, "LOW_ACCESS_RAW": 0.0, "NO_VEHICLE_RAW": 0.0}}, {"type": "Feature", "geometry": {"type": "Polygon", "coordinates": [[[-79.850494, 40.520508], [-79.850196, 40.521716], [-79.849434, 40.523553], [-79.842604, 40.521946], [-79.84224, 40.52187], [-79.838935, 40.521161], [-79.83757, 40.52098], [-79.83785, 40.518681], [-79.838629, 40.514257], [-79.838491, 40.513658], [-79.838572, 40.512626], [-79.838652, 40.511824], [-79.841897, 40.511855], [-79.843409, 40.511297], [-79.843768, 40.511282], [-79.846527, 40.50819], [-79.849451, 40.507425], [-79.850969, 40.515864], [-79.850494, 40.520508]]]}, "properties": {"GEOID": "42003525200", "LILA": 0, "SCORE_1_10": 2, "NEAREST_GROCERY_MI": 1.1253154651366268, "LOW_INCOME_RAW": 0.0, "LOW_ACCESS_RAW": 1904.22443132102, "NO_VEHICLE_RAW": 0.0}}, {"type": "Feature", "geometry": {"type": "Polygon", "coordinates": [[[-79.957961, 40.465182], [-79.955184, 40.465652], [-79.954351, 40.465798], [-79.952307, 40.466142], [-79.95193, 40.46617], [-79.948099, 40.465702], [-79.948068, 40.465698], [-79.949861, 40.462183], [-79.949866, 40.462087], [-79.950884, 40.462636], [-79.951812, 40.463146], [-79.952782, 40.463611], [-79.953635, 40.462757], [-79.954572, 40.462807], [-79.956455, 40.462534], [-79.95717, 40.462383], [-79.957961, 40.465182]]]}, "properties": {"GEOID": "42003090300", "LILA": 0, "SCORE_1_10": 1, "NEAREST_GROCERY_MI": 0.22782995942871062, "LOW_INCOME_RAW": 0.0, "LOW_ACCESS_RAW": 0.0, "NO_VEHICLE_RAW": 0.0}}, {"type": "Feature", "geometry": {"type": "Polygon", "coordinates": [[[-79.846419, 40.393965], [-79.84444, 40.397855], [-79.843675, 40.398073], [-79.841033, 40.398845], [-79.8392, 40.399779], [-79.837835, 40.40056], [-79.837936, 40.401798], [-79.837153, 40.402464], [-79.833322, 40.405327], [-79.833642, 40.400978], [-79.833681, 40.400399], [-79.830774, 40.399549], [-79.830103, 40.399337], [-79.8301, 40.398347], [-79.833691, 40.395699], [-79.836259, 40.393362], [-79.836378, 40.39281], [-79.837054, 40.391037], [-79.838026, 40.390738], [-79.844839, 40.39293], [-79.846633, 40.393702], [-79.846419, 40.393965]]]}, "properties": {"GEOID": "42003510000", "LILA": 1, "SCORE_1_10": 4, "NEAREST_GROCERY_MI": 1.3680054903763785, "LOW_INCOME_RAW": 0.0, "LOW_ACCESS_RAW": 1723.63363242149, "NO_VEHICLE_RAW": 0.0}}, {"type": "Feature", "geometry": {"type": "Polygon", "coordinates": [[[-79.964395, 40.543823], [-79.960757, 40.547539], [-79.959541, 40.549759], [-79.958424, 40.554263], [-79.958231, 40.554264], [-79.950217, 40.554543], [-79.946226, 40.553886], [-79.939188, 40.554034], [-79.93868, 40.554047], [-79.938658, 40.552165], [-79.938613, 40.551325], [-79.938578, 40.55067], [-79.93853, 40.549855], [-79.938208, 40.54342], [-79.937937, 40.539596], [-79.937804, 40.537191], [-79.937714, 40.53461], [-79.939558, 40.531635], [-79.944076, 40.531374], [-79.945556, 40.531822], [-79.947499, 40.529935], [-79.946913, 40.52858], [-79.950424, 40.527272], [-79.950571, 40.527204], [-79.95187, 40.528958], [-79.953734, 40.530003], [-79.957591, 40.530936], [-79.958966, 40.532428], [-79.962226, 40.535839], [-79.962643, 40.536584], [-79.962682, 40.538353], [-79.964656, 40.54226], [-79.964395, 40.543823]]]}, "properties": {"GEOID": "42003426800", "LILA": 0, "SCORE_1_10": 2, "NEAREST_GROCERY_MI": 0.7625601181554973, "LOW_INCOME_RAW": 0.0, "LOW_ACCESS_RAW": 1738.13161602244, "NO_VEHICLE_RAW": 0.0}}, {"type": "Feature", "geometry": {"type": "Polygon", "coordinates": [[[-80.005611, 40.42701], [-80.003838, 40.42783], [-80.000498, 40.427485], [-79.99762, 40.426749], [-79.997548, 40.425992], [-79.997527, 40.425723], [-79.997494, 40.424629], [-79.997482, 40.423719], [-79.997419, 40.422406], [-79.997401, 40.421648], [-79.998027, 40.421517], [-79.998529, 40.421715], [-80.002009, 40.421775], [-80.002467, 40.421774], [-80.002745, 40.422266], [-80.004945, 40.422199], [-80.004955, 40.422441], [-80.005021, 40.423845], [-80.005096, 40.425498], [-80.005611, 40.42701]]]}, "properties": {"GEOID": "42003180700", "LILA": 0, "SCORE_1_10": 1, "NEAREST_GROCERY_MI": 0.4775681863440583, "LOW_INCOME_RAW": 0.0, "LOW_ACCESS_RAW": 0.0, "NO_VEHICLE_RAW": 0.0}}, {"type": "Feature", "geometry": {"type": "Polygon", "coordinates": [[[-79.840466, 40.3203], [-79.836993, 40.321586], [-79.832792, 40.324236], [-79.831703, 40.320859], [-79.829867, 40.320453], [-79.82718, 40.320419], [-79.823576, 40.323034], [-79.822979, 40.322728], [-79.820007, 40.318095], [-79.827068, 40.313444], [-79.829001, 40.312576], [-79.831517, 40.312115], [-79.833974, 40.312174], [-79.836272, 40.312759], [-79.836851, 40.313343], [-79.837772, 40.314648], [-79.840217, 40.318307], [-79.84117, 40.320149], [-79.840466, 40.3203]]]}, "properties": {"GEOID": "42003501000", "LILA": 0, "SCORE_1_10": 1, "NEAREST_GROCERY_MI": 0.793269586551039, "LOW_INCOME_RAW": 0.0, "LOW_ACCESS_RAW": 0.0, "NO_VEHICLE_RAW": 0.0}}, {"type": "Feature", "geometry": {"type": "Polygon", "coordinates": [[[-80.015379, 40.443083], [-80.009323, 40.444303], [-80.008254, 40.444571], [-80.003344, 40.445648], [-80.001437, 40.446192], [-79.99976, 40.446679], [-79.997924, 40.447273], [-79.996133, 40.448182], [-79.99527, 40.446885], [-79.994767, 40.446086], [-79.994248, 40.445439], [-79.99394, 40.445253], [-79.990009, 40.445941], [-79.990045, 40.445433], [-79.990365, 40.444593], [-79.992141, 40.44202], [-79.992275, 40.441727], [-79.99298, 40.44036], [-79.993711, 40.438921], [-79.993873, 40.438509], [-79.994623, 40.435796], [-79.995721, 40.434103], [-79.995914, 40.43389], [-79.996738, 40.432801], [-79.998071, 40.433063], [-80.001985, 40.435067], [-80.0102, 40.438628], [-80.014217, 40.4407], [-80.01629, 40.443207], [-80.015379, 40.443083]]]}, "properties": {"GEOID": "42003020100", "LILA": 0, "SCORE_1_10": 1, "NEAREST_GROCERY_MI": 0.2455222803028927, "LOW_INCOME_RAW": 0.0, "LOW_ACCESS_RAW": 0.0, "NO_VEHICLE_RAW": 0.0}}, {"type": "Feature", "geometry": {"type": "Polygon", "coordinates": [[[-79.887128, 40.444464], [-79.884735, 40.443674], [-79.880724, 40.442343], [-79.879353, 40.441889], [-79.877717, 40.441348], [-79.876386, 40.440006], [-79.876343, 40.439906], [-79.874041, 40.437985], [-79.873734, 40.43747], [-79.873243, 40.436799], [-79.872296, 40.436022], [-79.865552, 40.432888], [-79.86675, 40.431325], [-79.868845, 40.432211], [-79.872194, 40.43375], [-79.87418, 40.435264], [-79.877533, 40.435505], [-79.879181, 40.43399], [-79.882215, 40.435821], [-79.882656, 40.436087], [-79.885609, 40.436801], [-79.885782, 40.436843], [-79.886393, 40.439687], [-79.88648, 40.440094], [-79.886548, 40.440502], [-79.887688, 40.444658], [-79.887128, 40.444464]]]}, "properties": {"GEOID": "42003564700", "LILA": 0, "SCORE_1_10": 1, "NEAREST_GROCERY_MI": 0.1759922616780303, "LOW_INCOME_RAW": 0.0, "LOW_ACCESS_RAW": 0.0, "NO_VEHICLE_RAW": 0.0}}, {"type": "Feature", "geometry": {"type": "Polygon", "coordinates": [[[-79.958474, 40.448449], [-79.958324, 40.448544], [-79.957812, 40.448913], [-79.95771, 40.448972], [-79.954904, 40.450976], [-79.95407, 40.453172], [-79.956179, 40.458302], [-79.95722, 40.458654], [-79.957202, 40.458821], [-79.955936, 40.460303], [-79.954566, 40.458843], [-79.9533, 40.457766], [-79.95148, 40.457344], [-79.95121, 40.456457], [-79.949775, 40.453114], [-79.949688, 40.452585], [-79.948751, 40.450392], [-79.950738, 40.4498], [-79.951846, 40.448988], [-79.952724, 40.448358], [-79.953749, 40.447616], [-79.954017, 40.447421], [-79.954782, 40.446871], [-79.95638, 40.445703], [-79.959722, 40.444157], [-79.958474, 40.448449]]]}, "properties": {"GEOID": "42003562000", "LILA": 0, "SCORE_1_10": 1, "NEAREST_GROCERY_MI": 0.13080927199475387, "LOW_INCOME_RAW": 0.0, "LOW_ACCESS_RAW": 0.0, "NO_VEHICLE_RAW": 0.0}}, {"type": "Feature", "geometry": {"type": "Polygon", "coordinates": [[[-80.045708, 40.338196], [-80.041796, 40.340576], [-80.038857, 40.342028], [-80.032204, 40.344198], [-80.031167, 40.344651], [-80.029686, 40.34511], [-80.029586, 40.345811], [-80.027308, 40.345993], [-80.027353, 40.345187], [-80.027384, 40.344693], [-80.025941, 40.341836], [-80.028358, 40.340328], [-80.028658, 40.338743], [-80.028742, 40.337093], [-80.031003, 40.334376], [-80.035584, 40.32974], [-80.03783, 40.328595], [-80.038368, 40.328264], [-80.038485, 40.328274], [-80.040431, 40.327961], [-80.040969, 40.327732], [-80.042593, 40.32943], [-80.04298, 40.331182], [-80.04389, 40.335189], [-80.046268, 40.337294], [-80.045708, 40.338196]]]}, "properties": {"GEOID": "42003475102", "LILA": 0, "SCORE_1_10": 1, "NEAREST_GROCERY_MI": 0.6659802817451448, "LOW_INCOME_RAW": 0.0, "LOW_ACCESS_RAW": 7.64179348945618, "NO_VEHICLE_RAW": 0.0}}, {"type": "Feature", "geometry": {"type": "Polygon", "coordinates": [[[-80.020617, 40.426182], [-80.019661, 40.429328], [-80.019251, 40.430691], [-80.018695, 40.43247], [-80.017975, 40.434803], [-80.019173, 40.434982], [-80.018287, 40.436286], [-80.018925, 40.438141], [-80.018406, 40.438793], [-80.017728, 40.439736], [-80.016941, 40.439418], [-80.016393, 40.438128], [-80.013443, 40.43719], [-80.013614, 40.436995], [-80.011607, 40.435756], [-80.005805, 40.432073], [-80.00561, 40.431716], [-80.00447, 40.431251], [-80.00271, 40.430533], [-80.004097, 40.430116], [-80.004928, 40.430507], [-80.006472, 40.430514], [-80.006631, 40.431548], [-80.009903, 40.43334], [-80.010249, 40.432254], [-80.010614, 40.431157], [-80.010716, 40.430895], [-80.012763, 40.430523], [-80.013613, 40.43027], [-80.017029, 40.427081], [-80.019931, 40.425819], [-80.020617, 40.426182]]]}, "properties": {"GEOID": "42003190300", "LILA": 0, "SCORE_1_10": 1, "NEAREST_GROCERY_MI": 0.10758560965521409, "LOW_INCOME_RAW": 0.0, "LOW_ACCESS_RAW": 0.0, "NO_VEHICLE_RAW": 0.0}}, {"type": "Feature", "geometry": {"type": "Polygon", "coordinates": [[[-79.855933, 40.365793], [-79.856107, 40.366026], [-79.855644, 40.36629], [-79.855436, 40.366326], [-79.854905, 40.366229], [-79.854806, 40.366175], [-79.854534, 40.365884], [-79.853668, 40.365985], [-79.852813, 40.367202], [-79.852426, 40.367866], [-79.85119, 40.367554], [-79.85033, 40.367982], [-79.850303, 40.367937], [-79.84837, 40.368366], [-79.845284, 40.369124], [-79.842778, 40.369296], [-79.842495, 40.36932], [-79.841933, 40.364683], [-79.843239, 40.361917], [-79.845303, 40.360169], [-79.84408, 40.35774], [-79.845025, 40.357494], [-79.847944, 40.356932], [-79.846969, 40.360337], [-79.849049, 40.360718], [-79.849611, 40.360827], [-79.853266, 40.361404], [-79.854323, 40.361126], [-79.854877, 40.362215], [-79.855674, 40.36397], [-79.856795, 40.365627], [-79.855933, 40.365793]]]}, "properties": {"GEOID": "42003486900", "LILA": 0, "SCORE_1_10": 1, "NEAREST_GROCERY_MI": 1.2652950032278325, "LOW_INCOME_RAW": 0.0, "LOW_ACCESS_RAW": 0.0, "NO_VEHICLE_RAW": 0.0}}, {"type": "Feature", "geometry": {"type": "Polygon", "coordinates": [[[-79.955936, 40.460303], [-79.954185, 40.462184], [-79.953635, 40.462757], [-79.952782, 40.463611], [-79.951812, 40.463146], [-79.950884, 40.462636], [-79.949866, 40.462087], [-79.94848, 40.461349], [-79.947093, 40.460615], [-79.948236, 40.458457], [-79.947391, 40.458011], [-79.947515, 40.456873], [-79.950373, 40.457205], [-79.951119, 40.457298], [-79.95148, 40.457344], [-79.9533, 40.457766], [-79.954566, 40.458843], [-79.955936, 40.460303]]]}, "properties": {"GEOID": "42003080200", "LILA": 0, "SCORE_1_10": 1, "NEAREST_GROCERY_MI": 0.34174481835374537, "LOW_INCOME_RAW": 0.0, "LOW_ACCESS_RAW": 0.0, "NO_VEHICLE_RAW": 0.0}}, {"type": "Feature", "geometry": {"type": "Polygon", "coordinates": [[[-79.915189, 40.430965], [-79.915105, 40.431393], [-79.909072, 40.433968], [-79.909082, 40.437051], [-79.911475, 40.438013], [-79.905345, 40.438088], [-79.900267, 40.439516], [-79.899013, 40.437626], [-79.89899, 40.436443], [-79.898672, 40.435568], [-79.901368, 40.42723], [-79.904095, 40.426118], [-79.906117, 40.426076], [-79.906009, 40.427762], [-79.907464, 40.426485], [-79.914737, 40.42961], [-79.915334, 40.429887], [-79.915189, 40.430965]]]}, "properties": {"GEOID": "42003980300", "LILA": 0, "SCORE_1_10": 1, "NEAREST_GROCERY_MI": 0.8405622468541981, "LOW_INCOME_RAW": 0.0, "LOW_ACCESS_RAW": 0.0, "NO_VEHICLE_RAW": 0.0}}, {"type": "Feature", "geometry": {"type": "Polygon", "coordinates": [[[-79.811238, 40.460463], [-79.805571, 40.460397], [-79.804718, 40.460697], [-79.804215, 40.46231], [-79.801076, 40.463883], [-79.799489, 40.464886], [-79.79832, 40.467812], [-79.796049, 40.468151], [-79.795687, 40.469384], [-79.796401, 40.470684], [-79.796997, 40.474243], [-79.799693, 40.476838], [-79.799619, 40.477538], [-79.795285, 40.47601], [-79.791557, 40.474881], [-79.786159, 40.477885], [-79.785197, 40.477562], [-79.782538, 40.476619], [-79.778866, 40.476175], [-79.778398, 40.475976], [-79.776853, 40.465746], [-79.777878, 40.463541], [-79.779202, 40.462767], [-79.779298, 40.460953], [-79.77985, 40.459802], [-79.782154, 40.456904], [-79.787204, 40.453137], [-79.792878, 40.451566], [-79.796321, 40.449855], [-79.79667, 40.448677], [-79.800523, 40.453278], [-79.800497, 40.456005], [-79.802406, 40.457626], [-79.804604, 40.458734], [-79.810412, 40.459748], [-79.811238, 40.460463]]]}, "properties": {"GEOID": "42003523502", "LILA": 0, "SCORE_1_10": 1, "NEAREST_GROCERY_MI": 1.0695831376332507, "LOW_INCOME_RAW": 0.0, "LOW_ACCESS_RAW": 241.360524831573, "NO_VEHICLE_RAW": 0.0}}, {"type": "Feature", "geometry": {"type": "Polygon", "coordinates": [[[-79.874901, 40.322852], [-79.8747, 40.323121], [-79.87231, 40.326443], [-79.873135, 40.327071], [-79.875076, 40.328734], [-79.873371, 40.329688], [-79.871476, 40.330023], [-79.869386, 40.329197], [-79.867376, 40.328985], [-79.8651, 40.328734], [-79.862377, 40.329573], [-79.861062, 40.330678], [-79.861091, 40.332818], [-79.860103, 40.33441], [-79.859573, 40.335071], [-79.858567, 40.336388], [-79.858269, 40.336766], [-79.85502, 40.333487], [-79.849384, 40.330043], [-79.846979, 40.328721], [-79.846466, 40.328325], [-79.844543, 40.326536], [-79.84117, 40.320149], [-79.841748, 40.319897], [-79.8475, 40.317289], [-79.852298, 40.317939], [-79.853576, 40.319282], [-79.855825, 40.319099], [-79.858162, 40.321132], [-79.85833, 40.320816], [-79.859542, 40.319234], [-79.858375, 40.318718], [-79.858163, 40.318991], [-79.85774, 40.318806], [-79.858481, 40.317746], [-79.860062, 40.318441], [-79.860195, 40.315678], [-79.860032, 40.314994], [-79.864514, 40.316331], [-79.863903, 40.317364], [-79.867076, 40.319518], [-79.870014, 40.316022], [-79.872191, 40.315951], [-79.873874, 40.31754], [-79.874683, 40.317126], [-79.87411, 40.320211], [-79.876294, 40.320995], [-79.874901, 40.322852]]]}, "properties": {"GEOID": "42003498000", "LILA": 1, "SCORE_1_10": 4, "NEAREST_GROCERY_MI": 1.0647532111770002, "LOW_INCOME_RAW": 0.0, "LOW_ACCESS_RAW": 501.284404549748, "NO_VEHICLE_RAW": 0.0}}, {"type": "Feature", "geometry": {"type": "Polygon", "coordinates": [[[-80.22124, 40.366374], [-80.220434, 40.368511], [-80.222146, 40.371415], [-80.222948, 40.372761], [-80.217647, 40.37379], [-80.215317, 40.376244], [-80.215835, 40.377745], [-80.214832, 40.380641], [-80.213137, 40.381124], [-80.211297, 40.383565], [-80.210501, 40.383333], [-80.209781, 40.384718], [-80.207552, 40.385027], [-80.20465, 40.38692], [-80.204712, 40.387426], [-80.201836, 40.389152], [-80.198337, 40.38961], [-80.196016, 40.391097], [-80.193784, 40.39356], [-80.189535, 40.396048], [-80.189546, 40.394931], [-80.191788, 40.394148], [-80.189959, 40.392282], [-80.186689, 40.393283], [-80.185863, 40.394197], [-80.184229, 40.394937], [-80.183699, 40.393554], [-80.183146, 40.391467], [-80.185891, 40.385881], [-80.186458, 40.384673], [-80.187194, 40.384417], [-80.18508, 40.384272], [-80.182297, 40.383875], [-80.179788, 40.382207], [-80.178635, 40.381364], [-80.178052, 40.38115], [-80.177601, 40.381054], [-80.17686, 40.381022], [-80.172942, 40.381224], [-80.17223, 40.379533], [-80.171552, 40.376179], [-80.17172, 40.372226], [-80.169674, 40.367801], [-80.169187, 40.366037], [-80.164896, 40.360103], [-80.159265, 40.354624], [-80.159957, 40.352821], [-80.16015, 40.351954], [-80.161301, 40.349957], [-80.160933, 40.348096], [-80.156724, 40.348706], [-80.155629, 40.348521], [-80.154858, 40.347436], [-80.154719, 40.345515], [-80.154701, 40.345412], [-80.150805, 40.346366], [-80.150032, 40.346225], [-80.147545, 40.345988], [-80.143885, 40.34769], [-80.142704, 40.350324], [-80.140862, 40.350775], [-80.13681, 40.350775], [-80.133112, 40.351236], [-80.130891, 40.350391], [-80.129079, 40.350367], [-80.128216, 40.352285], [-80.129278, 40.353739], [-80.125289, 40.356878], [-80.12352, 40.355702], [-80.121153, 40.356129], [-80.120329, 40.356981], [-80.118607, 40.3563], [-80.11526, 40.354787], [-80.114446, 40.355035], [-80.115001, 40.353708], [-80.112504, 40.350087], [-80.112397, 40.348685], [-80.115235, 40.344355], [-80.118239, 40.342469], [-80.121936, 40.34019], [-80.121795, 40.338383], [-80.121909, 40.338314], [-80.122696, 40.337691], [-80.12393, 40.336929], [-80.12224, 40.335407], [-80.12457, 40.33306], [-80.128322, 40.333836], [-80.12838, 40.332002], [-80.1297, 40.332263], [-80.133408, 40.333541], [-80.132666, 40.335555], [-80.132532, 40.335822], [-80.134528, 40.336655], [-80.134977, 40.336181], [-80.145849, 40.321385], [-80.15597, 40.324484], [-80.161253, 40.3261], [-80.170092, 40.328712], [-80.171019, 40.328987], [-80.18206, 40.332318], [-80.182196, 40.332366], [-80.182999, 40.332621], [-80.183462, 40.332774], [-80.184603, 40.333139], [-80.200518, 40.34742], [-80.222956, 40.365897], [-80.22124, 40.366374]]]}, "properties": {"GEOID": "42003456003", "LILA": 0, "SCORE_1_10": 3, "NEAREST_GROCERY_MI": 2.8735349294686956, "LOW_INCOME_RAW": 0.0, "LOW_ACCESS_RAW": 3602.36529121571, "NO_VEHICLE_RAW": 0.0}}, {"type": "Feature", "geometry": {"type": "Polygon", "coordinates": [[[-80.25142, 40.556023], [-80.24664, 40.559636], [-80.233369, 40.569578], [-80.228953, 40.572799], [-80.226904, 40.57051], [-80.222735, 40.564847], [-80.219956, 40.561622], [-80.217592, 40.559879], [-80.213614, 40.555828], [-80.210117, 40.553327], [-80.208755, 40.552632], [-80.208128, 40.552287], [-80.213496, 40.544297], [-80.218882, 40.545488], [-80.225544, 40.544623], [-80.232073, 40.547919], [-80.234469, 40.545923], [-80.236119, 40.545699], [-80.240341, 40.546403], [-80.240339, 40.550185], [-80.240275, 40.553255], [-80.24216, 40.55316], [-80.245835, 40.556426], [-80.248754, 40.554641], [-80.25142, 40.556023]]]}, "properties": {"GEOID": "42003449000", "LILA": 0, "SCORE_1_10": 2, "NEAREST_GROCERY_MI": 1.382169247625958, "LOW_INCOME_RAW": 0.0, "LOW_ACCESS_RAW": 2236.70754132606, "NO_VEHICLE_RAW": 0.0}}, {"type": "Feature", "geometry": {"type": "Polygon", "coordinates": [[[-80.073862, 40.413399], [-80.071908, 40.415617], [-80.066507, 40.416706], [-80.066096, 40.417499], [-80.066725, 40.419902], [-80.066882, 40.420621], [-80.067164, 40.422884], [-80.066764, 40.423449], [-80.063952, 40.426291], [-80.063726, 40.426375], [-80.057235, 40.426439], [-80.053773, 40.427938], [-80.047381, 40.425957], [-80.046592, 40.427031], [-80.046643, 40.42942], [-80.04315, 40.428044], [-80.042491, 40.428618], [-80.041256, 40.428447], [-80.038371, 40.427846], [-80.034827, 40.428358], [-80.035546, 40.427201], [-80.039617, 40.42067], [-80.043725, 40.414052], [-80.047333, 40.408205], [-80.047599, 40.40778], [-80.048643, 40.406089], [-80.050837, 40.402532], [-80.051202, 40.401943], [-80.056021, 40.404201], [-80.060725, 40.406366], [-80.067273, 40.409356], [-80.070329, 40.410827], [-80.072663, 40.411891], [-80.074441, 40.413078], [-80.073862, 40.413399]]]}, "properties": {"GEOID": "42003469000", "LILA": 0, "SCORE_1_10": 1, "NEAREST_GROCERY_MI": 0.5011276080835949, "LOW_INCOME_RAW": 0.0, "LOW_ACCESS_RAW": 601.541548065841, "NO_VEHICLE_RAW": 0.0}}, {"type": "Feature", "geometry": {"type": "Polygon", "coordinates": [[[-79.940482, 40.317215], [-79.93688, 40.31854], [-79.940415, 40.323374], [-79.938255, 40.328528], [-79.937307, 40.329938], [-79.934153, 40.32804], [-79.932273, 40.327237], [-79.930913, 40.325202], [-79.929135, 40.325885], [-79.927056, 40.324479], [-79.925802, 40.325599], [-79.921267, 40.324584], [-79.901255, 40.320116], [-79.900071, 40.319848], [-79.898627, 40.319526], [-79.899392, 40.318679], [-79.900468, 40.318973], [-79.900467, 40.317195], [-79.898853, 40.316569], [-79.897753, 40.313826], [-79.899589, 40.312099], [-79.900763, 40.312059], [-79.897524, 40.308589], [-79.895072, 40.306012], [-79.895285, 40.305005], [-79.896985, 40.303279], [-79.898864, 40.30229], [-79.895365, 40.29889], [-79.889186, 40.300709], [-79.888786, 40.300471], [-79.884388, 40.298462], [-79.883821, 40.298105], [-79.88943, 40.297249], [-79.893274, 40.296973], [-79.89402, 40.296997], [-79.896882, 40.296957], [-79.898308, 40.296182], [-79.90037, 40.29563], [-79.900139, 40.293801], [-79.903004, 40.293666], [-79.904221, 40.294448], [-79.908527, 40.294278], [-79.911341, 40.291093], [-79.912911, 40.290745], [-79.912887, 40.290961], [-79.914283, 40.29142], [-79.916177, 40.292959], [-79.917247, 40.293826], [-79.92166, 40.299697], [-79.922875, 40.300437], [-79.92511, 40.300784], [-79.926377, 40.300762], [-79.926909, 40.300753], [-79.927424, 40.300763], [-79.928018, 40.300831], [-79.928423, 40.300913], [-79.930258, 40.301707], [-79.934844, 40.305908], [-79.936857, 40.308978], [-79.938697, 40.313235], [-79.940482, 40.317215]]]}, "properties": {"GEOID": "42003491200", "LILA": 0, "SCORE_1_10": 2, "NEAREST_GROCERY_MI": 1.9496324694749914, "LOW_INCOME_RAW": 0.0, "LOW_ACCESS_RAW": 1474.0840402658, "NO_VEHICLE_RAW": 0.0}}, {"type": "Feature", "geometry": {"type": "Polygon", "coordinates": [[[-80.097147, 40.375523], [-80.094372, 40.37808], [-80.093386, 40.381183], [-80.093241, 40.38255], [-80.091542, 40.382329], [-80.090783, 40.384134], [-80.090378, 40.382455], [-80.090162, 40.382028], [-80.090413, 40.381981], [-80.090801, 40.381877], [-80.093034, 40.378485], [-80.094378, 40.374788], [-80.092743, 40.37446], [-80.091579, 40.373651], [-80.091203, 40.373303], [-80.089699, 40.372174], [-80.089519, 40.372049], [-80.088106, 40.371083], [-80.085573, 40.369313], [-80.084137, 40.368318], [-80.082558, 40.371759], [-80.0792, 40.371632], [-80.078961, 40.371219], [-80.078, 40.369648], [-80.076551, 40.368183], [-80.073591, 40.365497], [-80.072664, 40.363778], [-80.072816, 40.363434], [-80.077247, 40.363865], [-80.081414, 40.36428], [-80.082146, 40.363043], [-80.083499, 40.36306], [-80.085322, 40.363129], [-80.086937, 40.363981], [-80.087513, 40.362244], [-80.0891, 40.361812], [-80.093033, 40.362073], [-80.094936, 40.362902], [-80.095184, 40.363368], [-80.094685, 40.364319], [-80.094576, 40.368606], [-80.096554, 40.370998], [-80.098122, 40.374255], [-80.097147, 40.375523]]]}, "properties": {"GEOID": "42003470400", "LILA": 0, "SCORE_1_10": 1, "NEAREST_GROCERY_MI": 1.034575881185061, "LOW_INCOME_RAW": 0.0, "LOW_ACCESS_RAW": 810.166330635548, "NO_VEHICLE_RAW": 0.0}}, {"type": "Feature", "geometry": {"type": "Polygon", "coordinates": [[[-80.002571, 40.279135], [-80.002352, 40.279398], [-80.002198, 40.279518], [-80.001369, 40.280098], [-80.001233, 40.280217], [-80.001563, 40.281514], [-80.002063, 40.282269], [-79.998653, 40.2848], [-79.997986, 40.286506], [-79.996217, 40.287213], [-79.996658, 40.288075], [-79.997224, 40.290384], [-79.994681, 40.295193], [-79.994477, 40.296595], [-79.990754, 40.293621], [-79.989508, 40.294791], [-79.988801, 40.296058], [-79.98516, 40.299458], [-79.985072, 40.300013], [-79.98559, 40.300618], [-79.983013, 40.30213], [-79.973879, 40.301571], [-79.972784, 40.299738], [-79.972961, 40.29762], [-79.971043, 40.292324], [-79.970153, 40.291794], [-79.965495, 40.288772], [-79.965208, 40.285262], [-79.963945, 40.282273], [-79.964966, 40.281093], [-79.959829, 40.279486], [-79.956654, 40.278209], [-79.956267, 40.277945], [-79.963093, 40.272761], [-79.969113, 40.268637], [-79.973393, 40.269883], [-79.974427, 40.270171], [-80.002852, 40.278435], [-80.002571, 40.279135]]]}, "properties": {"GEOID": "42003490004", "LILA": 0, "SCORE_1_10": 3, "NEAREST_GROCERY_MI": 0.9345187779763999, "LOW_INCOME_RAW": 0.0, "LOW_ACCESS_RAW": 5095.00001962107, "NO_VEHICLE_RAW": 0.0}}, {"type": "Feature", "geometry": {"type": "Polygon", "coordinates": [[[-79.910777, 40.374146], [-79.908844, 40.376692], [-79.905715, 40.375486], [-79.898048, 40.375181], [-79.896031, 40.3764], [-79.894283, 40.376678], [-79.892475, 40.376337], [-79.891566, 40.376319], [-79.891307, 40.376352], [-79.890053, 40.376694], [-79.888146, 40.37788], [-79.886209, 40.378734], [-79.881316, 40.382552], [-79.877933, 40.382922], [-79.873704, 40.382982], [-79.871508, 40.382067], [-79.868693, 40.379848], [-79.866401, 40.379857], [-79.861674, 40.376095], [-79.860723, 40.374634], [-79.862189, 40.37401], [-79.867329, 40.374782], [-79.869131, 40.374644], [-79.873243, 40.372189], [-79.873691, 40.371347], [-79.874581, 40.369676], [-79.875509, 40.368542], [-79.87981, 40.365288], [-79.879297, 40.362176], [-79.881079, 40.359964], [-79.885887, 40.359296], [-79.894362, 40.357617], [-79.898218, 40.356016], [-79.899463, 40.356057], [-79.900589, 40.356345], [-79.903534, 40.359833], [-79.908656, 40.35856], [-79.907848, 40.359758], [-79.907663, 40.360414], [-79.907438, 40.362028], [-79.907181, 40.361514], [-79.90083, 40.364996], [-79.900347, 40.36537], [-79.903438, 40.371889], [-79.908808, 40.370669], [-79.911818, 40.372805], [-79.910777, 40.374146]]]}, "properties": {"GEOID": "42003488300", "LILA": 0, "SCORE_1_10": 1, "NEAREST_GROCERY_MI": 0.7433091698966808, "LOW_INCOME_RAW": 0.0, "LOW_ACCESS_RAW": 227.401727437973, "NO_VEHICLE_RAW": 0.0}}, {"type": "Feature", "geometry": {"type": "Polygon", "coordinates": [[[-79.877259, 40.442155], [-79.876816, 40.442946], [-79.875266, 40.445748], [-79.872027, 40.4468], [-79.871122, 40.446123], [-79.869291, 40.444488], [-79.868312, 40.444092], [-79.870326, 40.443705], [-79.870596, 40.443675], [-79.870863, 40.443427], [-79.870987, 40.442901], [-79.871175, 40.442397], [-79.871622, 40.441521], [-79.871643, 40.441414], [-79.871751, 40.440658], [-79.865312, 40.443772], [-79.860943, 40.444761], [-79.858501, 40.445163], [-79.857886, 40.442868], [-79.862095, 40.44153], [-79.861605, 40.439392], [-79.865108, 40.437452], [-79.864604, 40.437561], [-79.863438, 40.43782], [-79.861498, 40.438222], [-79.865552, 40.432888], [-79.872296, 40.436022], [-79.873243, 40.436799], [-79.873734, 40.43747], [-79.874041, 40.437985], [-79.876343, 40.439906], [-79.876386, 40.440006], [-79.877717, 40.441348], [-79.877259, 40.442155]]]}, "properties": {"GEOID": "42003561500", "LILA": 1, "SCORE_1_10": 4, "NEAREST_GROCERY_MI": 0.3542962630926106, "LOW_INCOME_RAW": 0.0, "LOW_ACCESS_RAW": 688.136785417795, "NO_VEHICLE_RAW": 0.0}}, {"type": "Feature", "geometry": {"type": "Polygon", "coordinates": [[[-79.828364, 40.444355], [-79.827041, 40.449775], [-79.826391, 40.452244], [-79.826131, 40.452697], [-79.823239, 40.454839], [-79.823061, 40.456464], [-79.824431, 40.464701], [-79.824728, 40.465703], [-79.823061, 40.466295], [-79.819204, 40.464026], [-79.816722, 40.463617], [-79.814739, 40.462263], [-79.814613, 40.462178], [-79.813729, 40.461598], [-79.811238, 40.460463], [-79.810412, 40.459748], [-79.804604, 40.458734], [-79.802406, 40.457626], [-79.800497, 40.456005], [-79.800523, 40.453278], [-79.79667, 40.448677], [-79.796342, 40.446163], [-79.797059, 40.443775], [-79.797606, 40.44249], [-79.79789, 40.441933], [-79.801973, 40.440187], [-79.80035, 40.439509], [-79.802667, 40.43858], [-79.805045, 40.439208], [-79.812865, 40.441285], [-79.813933, 40.441568], [-79.819733, 40.443109], [-79.82732, 40.444994], [-79.828364, 40.444355]]]}, "properties": {"GEOID": "42003523600", "LILA": 0, "SCORE_1_10": 2, "NEAREST_GROCERY_MI": 0.9327219633617465, "LOW_INCOME_RAW": 0.0, "LOW_ACCESS_RAW": 1587.47154858708, "NO_VEHICLE_RAW": 0.0}}, {"type": "Feature", "geometry": {"type": "Polygon", "coordinates": [[[-79.844453, 40.455592], [-79.843009, 40.458077], [-79.842982, 40.458673], [-79.84267, 40.460214], [-79.84239, 40.460391], [-79.841265, 40.461181], [-79.840733, 40.462483], [-79.839873, 40.463491], [-79.838826, 40.465713], [-79.837457, 40.466689], [-79.835902, 40.467307], [-79.834606, 40.467417], [-79.832848, 40.466622], [-79.832196, 40.465677], [-79.83034, 40.46471], [-79.828648, 40.464839], [-79.826942, 40.465643], [-79.826123, 40.466202], [-79.825158, 40.465566], [-79.824431, 40.464701], [-79.823061, 40.456464], [-79.823239, 40.454839], [-79.826131, 40.452697], [-79.826391, 40.452244], [-79.827041, 40.449775], [-79.828364, 40.444355], [-79.82952, 40.444314], [-79.835346, 40.44507], [-79.840448, 40.449854], [-79.84374, 40.45074], [-79.843798, 40.451937], [-79.844783, 40.453201], [-79.844453, 40.455592]]]}, "properties": {"GEOID": "42003523400", "LILA": 0, "SCORE_1_10": 1, "NEAREST_GROCERY_MI": 0.6125084908958026, "LOW_INCOME_RAW": 0.0, "LOW_ACCESS_RAW": 984.744964819867, "NO_VEHICLE_RAW": 0.0}}, {"type": "Feature", "geometry": {"type": "Polygon", "coordinates": [[[-79.80433, 40.40533], [-79.801599, 40.409052], [-79.801825, 40.411378], [-79.801009, 40.413138], [-79.800684, 40.414264], [-79.799733, 40.415976], [-79.796954, 40.41676], [-79.792639, 40.420515], [-79.791194, 40.423893], [-79.789661, 40.425658], [-79.788694, 40.426592], [-79.788142, 40.427298], [-79.78582, 40.430304], [-79.783341, 40.433462], [-79.783102, 40.434625], [-79.779144, 40.437076], [-79.776472, 40.437484], [-79.772994, 40.436466], [-79.7724, 40.436184], [-79.771077, 40.435723], [-79.764426, 40.434061], [-79.761825, 40.43309], [-79.760232, 40.433285], [-79.761312, 40.430913], [-79.761659, 40.430525], [-79.762541, 40.429965], [-79.763681, 40.429017], [-79.765531, 40.42802], [-79.765883, 40.427915], [-79.767019, 40.427808], [-79.768089, 40.427591], [-79.772005, 40.424543], [-79.772891, 40.422901], [-79.773256, 40.422335], [-79.775869, 40.419039], [-79.779861, 40.422399], [-79.781298, 40.419025], [-79.777527, 40.418115], [-79.778361, 40.416131], [-79.777479, 40.41585], [-79.776973, 40.416883], [-79.77964, 40.410552], [-79.779254, 40.409676], [-79.779883, 40.407606], [-79.78309, 40.404343], [-79.782725, 40.403928], [-79.783256, 40.402649], [-79.785057, 40.400418], [-79.777957, 40.401779], [-79.778347, 40.400628], [-79.777553, 40.40033], [-79.778871, 40.398946], [-79.781527, 40.396865], [-79.788285, 40.39634], [-79.788517, 40.397816], [-79.792032, 40.397859], [-79.793515, 40.395801], [-79.798011, 40.393992], [-79.801448, 40.394117], [-79.801468, 40.394633], [-79.802429, 40.395834], [-79.804533, 40.396796], [-79.804364, 40.398431], [-79.804139, 40.39968], [-79.80404, 40.400724], [-79.804687, 40.401988], [-79.80433, 40.40533]]]}, "properties": {"GEOID": "42003521302", "LILA": 0, "SCORE_1_10": 2, "NEAREST_GROCERY_MI": 1.267597734353304, "LOW_INCOME_RAW": 0.0, "LOW_ACCESS_RAW": 1058.64564093307, "NO_VEHICLE_RAW": 0.0}}, {"type": "Feature", "geometry": {"type": "Polygon", "coordinates": [[[-79.777553, 40.40033], [-79.774181, 40.400566], [-79.775376, 40.402217], [-79.772674, 40.400693], [-79.771664, 40.399859], [-79.772291, 40.401698], [-79.76968, 40.404503], [-79.769499, 40.40547], [-79.769419, 40.405979], [-79.769868, 40.408022], [-79.771486, 40.410405], [-79.773228, 40.409553], [-79.775407, 40.410281], [-79.772754, 40.414545], [-79.775666, 40.413974], [-79.776763, 40.417302], [-79.776532, 40.417964], [-79.775869, 40.419039], [-79.773256, 40.422335], [-79.772891, 40.422901], [-79.772005, 40.424543], [-79.768089, 40.427591], [-79.767019, 40.427808], [-79.765883, 40.427915], [-79.765531, 40.42802], [-79.763681, 40.429017], [-79.762541, 40.429965], [-79.761659, 40.430525], [-79.761312, 40.430913], [-79.760232, 40.433285], [-79.761825, 40.43309], [-79.764426, 40.434061], [-79.771077, 40.435723], [-79.7724, 40.436184], [-79.76946, 40.438022], [-79.768993, 40.438701], [-79.766712, 40.441527], [-79.766691, 40.444004], [-79.763467, 40.442635], [-79.760602, 40.440611], [-79.758288, 40.438935], [-79.754866, 40.437685], [-79.752382, 40.434072], [-79.751699, 40.432238], [-79.751235, 40.429771], [-79.750332, 40.42368], [-79.749665, 40.422269], [-79.749474, 40.420269], [-79.749623, 40.419824], [-79.750576, 40.417998], [-79.752202, 40.417029], [-79.752227, 40.416726], [-79.752195, 40.416068], [-79.752185, 40.414876], [-79.752626, 40.412774], [-79.753296, 40.411215], [-79.755737, 40.410014], [-79.757278, 40.407529], [-79.756933, 40.403294], [-79.757327, 40.402346], [-79.759198, 40.401557], [-79.761895, 40.400202], [-79.764369, 40.396], [-79.765683, 40.391428], [-79.765959, 40.391133], [-79.765865, 40.389422], [-79.765595, 40.388583], [-79.765342, 40.38798], [-79.764939, 40.38721], [-79.765426, 40.385311], [-79.768172, 40.386566], [-79.769178, 40.388281], [-79.773672, 40.394888], [-79.777091, 40.398873], [-79.778871, 40.398946], [-79.777553, 40.40033]]]}, "properties": {"GEOID": "42003521301", "LILA": 1, "SCORE_1_10": 4, "NEAREST_GROCERY_MI": 1.2919449520339246, "LOW_INCOME_RAW": 0.0, "LOW_ACCESS_RAW": 2107.86931547534, "NO_VEHICLE_RAW": 0.0}}, {"type": "Feature", "geometry": {"type": "Polygon", "coordinates": [[[-79.895142, 40.437192], [-79.895038, 40.437668], [-79.894842, 40.438647], [-79.894363, 40.441175], [-79.891555, 40.441223], [-79.888159, 40.440099], [-79.887015, 40.439722], [-79.886393, 40.439687], [-79.885782, 40.436843], [-79.889752, 40.435544], [-79.890643, 40.435176], [-79.892591, 40.434361], [-79.894053, 40.433744], [-79.894563, 40.43353], [-79.89503, 40.434179], [-79.895568, 40.434962], [-79.895142, 40.437192]]]}, "properties": {"GEOID": "42003560500", "LILA": 0, "SCORE_1_10": 1, "NEAREST_GROCERY_MI": 0.6997350374017769, "LOW_INCOME_RAW": 0.0, "LOW_ACCESS_RAW": 0.0, "NO_VEHICLE_RAW": 0.0}}, {"type": "Feature", "geometry": {"type": "Polygon", "coordinates": [[[-79.86989, 40.349164], [-79.86863, 40.349513], [-79.864752, 40.349999], [-79.864647, 40.349529], [-79.859529, 40.349678], [-79.859515, 40.348829], [-79.860987, 40.348813], [-79.860965, 40.346746], [-79.860108, 40.346722], [-79.857922, 40.345609], [-79.858447, 40.343136], [-79.857374, 40.342582], [-79.857526, 40.341578], [-79.857878, 40.340872], [-79.859435, 40.342128], [-79.860652, 40.343327], [-79.86133, 40.3429], [-79.862119, 40.342414], [-79.859899, 40.340044], [-79.861405, 40.338816], [-79.864946, 40.340671], [-79.866876, 40.342219], [-79.867311, 40.342767], [-79.868509, 40.344772], [-79.869132, 40.346383], [-79.86981, 40.348098], [-79.869958, 40.348765], [-79.86989, 40.349164]]]}, "properties": {"GEOID": "42003552100", "LILA": 0, "SCORE_1_10": 1, "NEAREST_GROCERY_MI": 1.535623773362618, "LOW_INCOME_RAW": 0.0, "LOW_ACCESS_RAW": 0.0, "NO_VEHICLE_RAW": 0.0}}, {"type": "Feature", "geometry": {"type": "Polygon", "coordinates": [[[-79.870638, 40.355436], [-79.866141, 40.35604], [-79.864723, 40.356179], [-79.863389, 40.356311], [-79.857473, 40.356415], [-79.855864, 40.356405], [-79.851129, 40.356561], [-79.850476, 40.356599], [-79.847944, 40.356932], [-79.845025, 40.357494], [-79.84408, 40.35774], [-79.840026, 40.359643], [-79.837186, 40.362117], [-79.836374, 40.364988], [-79.834186, 40.361458], [-79.833204, 40.362674], [-79.830473, 40.3622], [-79.82918, 40.361184], [-79.831811, 40.358255], [-79.831976, 40.358039], [-79.832352, 40.35758], [-79.832691, 40.357195], [-79.835249, 40.35517], [-79.836339, 40.354388], [-79.837723, 40.352923], [-79.838345, 40.352595], [-79.842468, 40.352557], [-79.843595, 40.352913], [-79.843842, 40.353014], [-79.845218, 40.353441], [-79.850942, 40.352075], [-79.852722, 40.351949], [-79.85567, 40.351726], [-79.856261, 40.350288], [-79.859548, 40.350162], [-79.859529, 40.349678], [-79.864647, 40.349529], [-79.864752, 40.349999], [-79.86863, 40.349513], [-79.86989, 40.349164], [-79.869996, 40.350492], [-79.870638, 40.355436]]]}, "properties": {"GEOID": "42003551900", "LILA": 0, "SCORE_1_10": 1, "NEAREST_GROCERY_MI": 1.195642264199452, "LOW_INCOME_RAW": 0.0, "LOW_ACCESS_RAW": 1.57654947042465, "NO_VEHICLE_RAW": 0.0}}, {"type": "Feature", "geometry": {"type": "Polygon", "coordinates": [[[-79.840241, 40.327366], [-79.837813, 40.32806], [-79.836743, 40.328119], [-79.835403, 40.329029], [-79.835866, 40.332053], [-79.83518, 40.332943], [-79.835043, 40.334238], [-79.831788, 40.334069], [-79.831072, 40.33622], [-79.831699, 40.33773], [-79.832267, 40.337992], [-79.832624, 40.338169], [-79.833587, 40.338651], [-79.836836, 40.340218], [-79.836772, 40.341147], [-79.836732, 40.341554], [-79.836654, 40.342282], [-79.836394, 40.344796], [-79.835669, 40.344946], [-79.835091, 40.346758], [-79.832522, 40.347606], [-79.830971, 40.347913], [-79.828611, 40.344703], [-79.826522, 40.344801], [-79.824572, 40.344854], [-79.821794, 40.344566], [-79.819121, 40.34378], [-79.818964, 40.340376], [-79.819337, 40.338151], [-79.82026, 40.33703], [-79.820121, 40.335352], [-79.82008, 40.334686], [-79.819998, 40.333378], [-79.8196, 40.330098], [-79.819337, 40.329606], [-79.818201, 40.327471], [-79.817146, 40.328632], [-79.815948, 40.327528], [-79.816189, 40.324422], [-79.817696, 40.322001], [-79.816069, 40.319611], [-79.818398, 40.3189], [-79.820007, 40.318095], [-79.822979, 40.322728], [-79.823576, 40.323034], [-79.82718, 40.320419], [-79.829867, 40.320453], [-79.831703, 40.320859], [-79.832792, 40.324236], [-79.836993, 40.321586], [-79.838387, 40.322859], [-79.840241, 40.327366]]]}, "properties": {"GEOID": "42003551300", "LILA": 0, "SCORE_1_10": 1, "NEAREST_GROCERY_MI": 0.6615733247274472, "LOW_INCOME_RAW": 0.0, "LOW_ACCESS_RAW": 0.0, "NO_VEHICLE_RAW": 0.0}}, {"type": "Feature", "geometry": {"type": "Polygon", "coordinates": [[[-79.845346, 40.351684], [-79.843842, 40.353014], [-79.843595, 40.352913], [-79.842468, 40.352557], [-79.838345, 40.352595], [-79.837723, 40.352923], [-79.836339, 40.354388], [-79.835249, 40.35517], [-79.832691, 40.357195], [-79.832352, 40.35758], [-79.831976, 40.358039], [-79.831678, 40.357586], [-79.828094, 40.356279], [-79.82647, 40.355193], [-79.824398, 40.354168], [-79.826386, 40.352009], [-79.827988, 40.352244], [-79.829697, 40.351883], [-79.829836, 40.35126], [-79.83018, 40.349783], [-79.830285, 40.34921], [-79.830971, 40.347913], [-79.832522, 40.347606], [-79.835091, 40.346758], [-79.835669, 40.344946], [-79.836394, 40.344796], [-79.840952, 40.345164], [-79.842075, 40.345245], [-79.843298, 40.34533], [-79.843393, 40.347136], [-79.844254, 40.348135], [-79.844366, 40.349191], [-79.845346, 40.351684]]]}, "properties": {"GEOID": "42003551200", "LILA": 0, "SCORE_1_10": 1, "NEAREST_GROCERY_MI": 0.34079404763779436, "LOW_INCOME_RAW": 0.0, "LOW_ACCESS_RAW": 0.0, "NO_VEHICLE_RAW": 0.0}}, {"type": "Feature", "geometry": {"type": "Polygon", "coordinates": [[[-79.783995, 40.49455], [-79.783721, 40.49449], [-79.777617, 40.493689], [-79.775665, 40.493977], [-79.771972, 40.49655], [-79.768396, 40.49745], [-79.767713, 40.500283], [-79.762613, 40.504331], [-79.761736, 40.503793], [-79.759612, 40.501457], [-79.755713, 40.499071], [-79.752905, 40.496523], [-79.751638, 40.496472], [-79.750543, 40.495272], [-79.75002, 40.49493], [-79.749228, 40.494647], [-79.747568, 40.494375], [-79.744739, 40.493074], [-79.741206, 40.49034], [-79.737799, 40.484868], [-79.737928, 40.479786], [-79.737189, 40.478744], [-79.736034, 40.477845], [-79.74476, 40.477153], [-79.747993, 40.477396], [-79.753028, 40.478545], [-79.758024, 40.478239], [-79.759144, 40.477769], [-79.761162, 40.478213], [-79.762646, 40.478932], [-79.76389, 40.480357], [-79.76583, 40.483648], [-79.771237, 40.486192], [-79.774933, 40.488955], [-79.778255, 40.489353], [-79.779429, 40.489714], [-79.781105, 40.489992], [-79.781223, 40.490018], [-79.783127, 40.49044], [-79.784955, 40.491346], [-79.783995, 40.49455]]]}, "properties": {"GEOID": "42003526201", "LILA": 0, "SCORE_1_10": 2, "NEAREST_GROCERY_MI": 1.6239001196015899, "LOW_INCOME_RAW": 0.0, "LOW_ACCESS_RAW": 2952.32808113564, "NO_VEHICLE_RAW": 0.0}}, {"type": "Feature", "geometry": {"type": "Polygon", "coordinates": [[[-79.848426, 40.525126], [-79.846321, 40.527073], [-79.842302, 40.529804], [-79.835272, 40.532634], [-79.834731, 40.531722], [-79.836598, 40.530207], [-79.836056, 40.530026], [-79.832862, 40.529782], [-79.828061, 40.527952], [-79.827926, 40.524571], [-79.821474, 40.526015], [-79.821295, 40.522943], [-79.82283, 40.522928], [-79.822752, 40.520379], [-79.827772, 40.520295], [-79.833436, 40.520685], [-79.834808, 40.520789], [-79.83757, 40.52098], [-79.838935, 40.521161], [-79.84224, 40.52187], [-79.842604, 40.521946], [-79.849434, 40.523553], [-79.848426, 40.525126]]]}, "properties": {"GEOID": "42003525300", "LILA": 0, "SCORE_1_10": 2, "NEAREST_GROCERY_MI": 1.9444619540682941, "LOW_INCOME_RAW": 0.0, "LOW_ACCESS_RAW": 578.726690173149, "NO_VEHICLE_RAW": 0.0}}, {"type": "Feature", "geometry": {"type": "Polygon", "coordinates": [[[-80.24943, 40.50856], [-80.239668, 40.506785], [-80.233218, 40.505306], [-80.231065, 40.504338], [-80.226005, 40.500743], [-80.224579, 40.50022], [-80.22199, 40.50013], [-80.212169, 40.499645], [-80.208825, 40.49796], [-80.208763, 40.498005], [-80.20782, 40.498607], [-80.206347, 40.499263], [-80.205418, 40.501697], [-80.204832, 40.502003], [-80.206357, 40.504367], [-80.207534, 40.505476], [-80.202954, 40.508806], [-80.202389, 40.509236], [-80.198432, 40.514629], [-80.197847, 40.515787], [-80.197344, 40.516329], [-80.197839, 40.516924], [-80.197044, 40.518091], [-80.196745, 40.518479], [-80.192247, 40.520849], [-80.190892, 40.52131], [-80.189986, 40.519547], [-80.188446, 40.519052], [-80.184693, 40.521946], [-80.18025, 40.522537], [-80.178853, 40.522561], [-80.177545, 40.523074], [-80.17522, 40.521856], [-80.176182, 40.520628], [-80.1766, 40.520046], [-80.178128, 40.517856], [-80.175592, 40.516237], [-80.173444, 40.511915], [-80.174375, 40.510525], [-80.171566, 40.509748], [-80.172226, 40.510792], [-80.170231, 40.510031], [-80.161615, 40.506461], [-80.161124, 40.506225], [-80.15453, 40.504588], [-80.150301, 40.503551], [-80.147904, 40.505663], [-80.147066, 40.506255], [-80.146286, 40.506889], [-80.144247, 40.503839], [-80.141603, 40.50285], [-80.141279, 40.499793], [-80.142288, 40.499145], [-80.144924, 40.5013], [-80.147034, 40.499479], [-80.148505, 40.500132], [-80.152708, 40.499422], [-80.155221, 40.496772], [-80.154633, 40.49544], [-80.152843, 40.495481], [-80.151234, 40.494411], [-80.149113, 40.491721], [-80.150298, 40.491155], [-80.152718, 40.490718], [-80.153092, 40.490039], [-80.152537, 40.486566], [-80.154682, 40.479053], [-80.155795, 40.477915], [-80.156685, 40.475573], [-80.155623, 40.474221], [-80.152267, 40.473611], [-80.151777, 40.472725], [-80.15396, 40.472655], [-80.156673, 40.470783], [-80.155625, 40.467405], [-80.155881, 40.466401], [-80.160048, 40.466585], [-80.161345, 40.465863], [-80.16234, 40.464004], [-80.159531, 40.460575], [-80.161104, 40.458547], [-80.161654, 40.461344], [-80.164504, 40.461386], [-80.16757, 40.462397], [-80.169068, 40.461567], [-80.167499, 40.460293], [-80.168695, 40.45895], [-80.172286, 40.458288], [-80.172855, 40.457558], [-80.177196, 40.456218], [-80.178648, 40.455585], [-80.183458, 40.45594], [-80.186403, 40.457815], [-80.188262, 40.457762], [-80.188366, 40.457844], [-80.192872, 40.459959], [-80.192858, 40.461476], [-80.196445, 40.465306], [-80.201361, 40.46857], [-80.205152, 40.470048], [-80.209759, 40.472672], [-80.211034, 40.474106], [-80.211998, 40.475217], [-80.212246, 40.475238], [-80.214332, 40.476694], [-80.218585, 40.478258], [-80.220574, 40.480936], [-80.222055, 40.481714], [-80.224201, 40.484474], [-80.224651, 40.486339], [-80.225685, 40.491478], [-80.228062, 40.494699], [-80.228015, 40.495172], [-80.241044, 40.502158], [-80.254996, 40.509376], [-80.24943, 40.50856]]]}, "properties": {"GEOID": "42003451300", "LILA": 0, "SCORE_1_10": 3, "NEAREST_GROCERY_MI": 1.3647291826287182, "LOW_INCOME_RAW": 0.0, "LOW_ACCESS_RAW": 5163.34937153524, "NO_VEHICLE_RAW": 0.0}}, {"type": "Feature", "geometry": {"type": "Polygon", "coordinates": [[[-80.083968, 40.37758], [-80.079034, 40.376392], [-80.069566, 40.378235], [-80.068123, 40.376058], [-80.067481, 40.37645], [-80.06848, 40.377451], [-80.069164, 40.378494], [-80.067215, 40.379826], [-80.067608, 40.380702], [-80.067431, 40.381178], [-80.064747, 40.378203], [-80.064274, 40.377435], [-80.057893, 40.374919], [-80.057222, 40.375043], [-80.056686, 40.375121], [-80.057498, 40.373873], [-80.058162, 40.373029], [-80.060118, 40.370549], [-80.061298, 40.367608], [-80.061236, 40.366478], [-80.064003, 40.361996], [-80.064415, 40.361897], [-80.064343, 40.361749], [-80.064799, 40.361877], [-80.06708, 40.362524], [-80.069226, 40.363134], [-80.070512, 40.3635], [-80.072664, 40.363778], [-80.073591, 40.365497], [-80.076551, 40.368183], [-80.078, 40.369648], [-80.078961, 40.371219], [-80.0792, 40.371632], [-80.079467, 40.372802], [-80.083346, 40.376392], [-80.083968, 40.37758]]]}, "properties": {"GEOID": "42003473602", "LILA": 0, "SCORE_1_10": 2, "NEAREST_GROCERY_MI": 1.3184110114685292, "LOW_INCOME_RAW": 0.0, "LOW_ACCESS_RAW": 3197.44061286514, "NO_VEHICLE_RAW": 0.0}}, {"type": "Feature", "geometry": {"type": "Polygon", "coordinates": [[[-79.908205, 40.389346], [-79.907151, 40.389997], [-79.905311, 40.393161], [-79.902984, 40.394885], [-79.904635, 40.396117], [-79.906359, 40.396155], [-79.907333, 40.396756], [-79.907443, 40.396823], [-79.906473, 40.398796], [-79.907373, 40.399583], [-79.907037, 40.400057], [-79.905093, 40.400074], [-79.902638, 40.401315], [-79.900624, 40.400029], [-79.901943, 40.399426], [-79.900916, 40.398231], [-79.901752, 40.397817], [-79.899827, 40.39612], [-79.899635, 40.39549], [-79.897765, 40.395804], [-79.89471, 40.394702], [-79.894774, 40.394002], [-79.893607, 40.391525], [-79.89427, 40.38996], [-79.894593, 40.389288], [-79.894853, 40.387691], [-79.894391, 40.386414], [-79.894527, 40.385069], [-79.896446, 40.385481], [-79.897507, 40.38528], [-79.897433, 40.386006], [-79.9023, 40.387237], [-79.906387, 40.388469], [-79.907821, 40.387918], [-79.907867, 40.38809], [-79.908205, 40.389346]]]}, "properties": {"GEOID": "42003484600", "LILA": 0, "SCORE_1_10": 1, "NEAREST_GROCERY_MI": 1.0999104929003385, "LOW_INCOME_RAW": 0.0, "LOW_ACCESS_RAW": 188.90681219101, "NO_VEHICLE_RAW": 0.0}}, {"type": "Feature", "geometry": {"type": "Polygon", "coordinates": [[[-79.998661, 40.429967], [-79.996738, 40.432801], [-79.993405, 40.432613], [-79.989141, 40.432598], [-79.98811, 40.432601], [-79.982926, 40.433365], [-79.981459, 40.433546], [-79.97915, 40.433811], [-79.975827, 40.434315], [-79.973502, 40.433877], [-79.973793, 40.432272], [-79.973823, 40.431539], [-79.974128, 40.431248], [-79.975817, 40.431756], [-79.976265, 40.428506], [-79.976344, 40.427589], [-79.976607, 40.425126], [-79.982379, 40.425463], [-79.986272, 40.425753], [-79.98749, 40.42604], [-79.988592, 40.426395], [-79.99097, 40.427279], [-79.992552, 40.427665], [-79.998803, 40.429749], [-79.998661, 40.429967]]]}, "properties": {"GEOID": "42003170200", "LILA": 0, "SCORE_1_10": 1, "NEAREST_GROCERY_MI": 0.13781847481561277, "LOW_INCOME_RAW": 0.0, "LOW_ACCESS_RAW": 0.0, "NO_VEHICLE_RAW": 0.0}}, {"type": "Feature", "geometry": {"type": "Polygon", "coordinates": [[[-80.030698, 40.395351], [-80.027164, 40.394189], [-80.026355, 40.394269], [-80.02431, 40.395315], [-80.023662, 40.39623], [-80.021546, 40.394849], [-80.01907, 40.393075], [-80.017738, 40.392116], [-80.01671, 40.391809], [-80.015267, 40.391899], [-80.013137, 40.392156], [-80.009358, 40.392361], [-80.00878, 40.392384], [-80.009175, 40.391069], [-80.009803, 40.390839], [-80.00847, 40.390104], [-80.008267, 40.389959], [-80.007424, 40.388836], [-80.007685, 40.387224], [-80.005966, 40.383612], [-80.006326, 40.383472], [-80.007356, 40.380898], [-80.007632, 40.381122], [-80.009027, 40.381016], [-80.012579, 40.380889], [-80.012492, 40.383399], [-80.01339, 40.383481], [-80.013819, 40.386562], [-80.016874, 40.385969], [-80.017108, 40.386314], [-80.018159, 40.38645], [-80.021313, 40.388118], [-80.023653, 40.38939], [-80.026478, 40.39085], [-80.027827, 40.391598], [-80.028291, 40.391415], [-80.028678, 40.391263], [-80.028696, 40.391296], [-80.030431, 40.3944], [-80.030698, 40.395351]]]}, "properties": {"GEOID": "42003191800", "LILA": 0, "SCORE_1_10": 1, "NEAREST_GROCERY_MI": 0.3809093824684017, "LOW_INCOME_RAW": 0.0, "LOW_ACCESS_RAW": 0.0, "NO_VEHICLE_RAW": 0.0}}, {"type": "Feature", "geometry": {"type": "Polygon", "coordinates": [[[-79.991942, 40.407126], [-79.987665, 40.406075], [-79.985357, 40.405995], [-79.981645, 40.405862], [-79.981091, 40.40784], [-79.975892, 40.404375], [-79.976555, 40.40392], [-79.976765, 40.40377], [-79.979489, 40.401734], [-79.979995, 40.400214], [-79.979029, 40.398455], [-79.978109, 40.39697], [-79.978681, 40.396727], [-79.978865, 40.395624], [-79.979423, 40.394321], [-79.980045, 40.393337], [-79.981043, 40.391924], [-79.98185, 40.391054], [-79.983798, 40.387325], [-79.985397, 40.38927], [-79.98631, 40.390773], [-79.986606, 40.391331], [-79.986596, 40.392475], [-79.986505, 40.393219], [-79.986378, 40.394255], [-79.986487, 40.394622], [-79.987383, 40.396224], [-79.987666, 40.39669], [-79.988985, 40.399178], [-79.989121, 40.400153], [-79.989245, 40.401105], [-79.989397, 40.402248], [-79.989746, 40.403033], [-79.990113, 40.403837], [-79.992332, 40.406587], [-79.991942, 40.407126]]]}, "properties": {"GEOID": "42003290200", "LILA": 0, "SCORE_1_10": 1, "NEAREST_GROCERY_MI": 0.20926350652752548, "LOW_INCOME_RAW": 0.0, "LOW_ACCESS_RAW": 262.534098595381, "NO_VEHICLE_RAW": 0.0}}, {"type": "Feature", "geometry": {"type": "Polygon", "coordinates": [[[-79.997398, 40.395378], [-79.996328, 40.394569], [-79.995765, 40.394514], [-79.99533, 40.393151], [-79.994381, 40.392533], [-79.993145, 40.391146], [-79.992912, 40.390208], [-79.992484, 40.390196], [-79.992289, 40.390284], [-79.99218, 40.390347], [-79.991289, 40.389383], [-79.991144, 40.389111], [-79.99126, 40.38835], [-79.991135, 40.387777], [-79.991835, 40.387534], [-79.992235, 40.387441], [-79.992015, 40.385367], [-79.990823, 40.385602], [-79.990544, 40.384982], [-79.990348, 40.384456], [-79.993549, 40.383909], [-79.992883, 40.383789], [-79.988334, 40.384307], [-79.987059, 40.384091], [-79.986084, 40.381729], [-79.984226, 40.38157], [-79.985565, 40.380714], [-79.984828, 40.37955], [-79.986032, 40.377822], [-79.989667, 40.378655], [-79.992796, 40.378609], [-79.993577, 40.379101], [-79.993985, 40.379733], [-79.995474, 40.381349], [-79.99594, 40.382233], [-79.995977, 40.38242], [-79.995784, 40.383601], [-79.995049, 40.384681], [-79.994893, 40.386119], [-79.996415, 40.387958], [-79.996759, 40.388608], [-79.997306, 40.392991], [-79.99722, 40.394784], [-79.997398, 40.395378]]]}, "properties": {"GEOID": "42003320400", "LILA": 1, "SCORE_1_10": 4, "NEAREST_GROCERY_MI": 0.6445993438380477, "LOW_INCOME_RAW": 0.0, "LOW_ACCESS_RAW": 578.291083622724, "NO_VEHICLE_RAW": 0.0}}, {"type": "Feature", "geometry": {"type": "Polygon", "coordinates": [[[-79.969257, 40.385796], [-79.967131, 40.385827], [-79.96686, 40.386769], [-79.965765, 40.387534], [-79.965127, 40.387821], [-79.963694, 40.38888], [-79.96246, 40.390313], [-79.961964, 40.390581], [-79.960416, 40.390801], [-79.957317, 40.389712], [-79.957195, 40.389895], [-79.952436, 40.390183], [-79.949502, 40.39124], [-79.947282, 40.390049], [-79.944385, 40.390157], [-79.942093, 40.388214], [-79.936531, 40.388764], [-79.935384, 40.383613], [-79.935473, 40.38095], [-79.936448, 40.380662], [-79.938278, 40.38016], [-79.941402, 40.37979], [-79.942535, 40.37967], [-79.9455, 40.376079], [-79.943666, 40.374965], [-79.942734, 40.375965], [-79.940625, 40.374666], [-79.942391, 40.372784], [-79.945768, 40.369527], [-79.947868, 40.368861], [-79.948144, 40.368165], [-79.948955, 40.368036], [-79.949812, 40.366009], [-79.953657, 40.367215], [-79.95707, 40.369636], [-79.962624, 40.37047], [-79.961621, 40.371529], [-79.965061, 40.375638], [-79.962774, 40.378856], [-79.966755, 40.380589], [-79.966577, 40.381216], [-79.968449, 40.381883], [-79.969241, 40.383376], [-79.969257, 40.385796]]]}, "properties": {"GEOID": "42003480400", "LILA": 0, "SCORE_1_10": 3, "NEAREST_GROCERY_MI": 1.8570687212610635, "LOW_INCOME_RAW": 0.0, "LOW_ACCESS_RAW": 4979.20130578254, "NO_VEHICLE_RAW": 0.0}}, {"type": "Feature", "geometry": {"type": "Polygon", "coordinates": [[[-79.97416, 40.350374], [-79.97142, 40.352067], [-79.972836, 40.353786], [-79.971326, 40.355444], [-79.969821, 40.357288], [-79.969455, 40.357692], [-79.968443, 40.35632], [-79.965312, 40.357764], [-79.966058, 40.358994], [-79.966764, 40.360854], [-79.968117, 40.363483], [-79.96583, 40.364863], [-79.96429, 40.363429], [-79.958908, 40.364305], [-79.964472, 40.369701], [-79.962727, 40.370428], [-79.962624, 40.37047], [-79.95707, 40.369636], [-79.953657, 40.367215], [-79.949812, 40.366009], [-79.948955, 40.368036], [-79.948144, 40.368165], [-79.9488, 40.366012], [-79.950259, 40.3607], [-79.95154, 40.359673], [-79.954958, 40.358124], [-79.955965, 40.356941], [-79.956665, 40.355548], [-79.958977, 40.352306], [-79.960623, 40.351614], [-79.961291, 40.350167], [-79.965376, 40.345745], [-79.964, 40.344991], [-79.966266, 40.342015], [-79.966889, 40.3418], [-79.967032, 40.342384], [-79.972421, 40.344584], [-79.973103, 40.345575], [-79.973493, 40.346452], [-79.973966, 40.347423], [-79.976711, 40.350503], [-79.97416, 40.350374]]]}, "properties": {"GEOID": "42003480200", "LILA": 0, "SCORE_1_10": 1, "NEAREST_GROCERY_MI": 0.9814490581963393, "LOW_INCOME_RAW": 0.0, "LOW_ACCESS_RAW": 308.098031997681, "NO_VEHICLE_RAW": 0.0}}, {"type": "Feature", "geometry": {"type": "Polygon", "coordinates": [[[-80.069276, 40.300236], [-80.067431, 40.304766], [-80.067915, 40.307432], [-80.067995, 40.307792], [-80.068056, 40.309576], [-80.066721, 40.311215], [-80.065256, 40.311808], [-80.064289, 40.311937], [-80.062314, 40.311385], [-80.059003, 40.309852], [-80.058154, 40.30535], [-80.05769, 40.304809], [-80.056905, 40.304207], [-80.053459, 40.301762], [-80.049838, 40.299939], [-80.048322, 40.299459], [-80.047398, 40.299323], [-80.046809, 40.298156], [-80.042413, 40.297324], [-80.04181, 40.296971], [-80.041531, 40.299428], [-80.040327, 40.304323], [-80.040317, 40.304376], [-80.039912, 40.305277], [-80.036685, 40.305109], [-80.035978, 40.305197], [-80.035087, 40.307438], [-80.033212, 40.307981], [-80.032769, 40.308106], [-80.030533, 40.304283], [-80.03051, 40.303171], [-80.030557, 40.302151], [-80.030356, 40.301202], [-80.029342, 40.296322], [-80.030841, 40.293027], [-80.030506, 40.292065], [-80.03041, 40.292006], [-80.033269, 40.28754], [-80.033699, 40.287674], [-80.040356, 40.289737], [-80.047271, 40.291777], [-80.055909, 40.294296], [-80.069202, 40.298298], [-80.069276, 40.300236]]]}, "properties": {"GEOID": "42003475304", "LILA": 0, "SCORE_1_10": 3, "NEAREST_GROCERY_MI": 1.5504378807811328, "LOW_INCOME_RAW": 0.0, "LOW_ACCESS_RAW": 5687.99997353368, "NO_VEHICLE_RAW": 0.0}}, {"type": "Feature", "geometry": {"type": "Polygon", "coordinates": [[[-80.112085, 40.356259], [-80.111699, 40.357013], [-80.111042, 40.357978], [-80.109726, 40.359154], [-80.106801, 40.361688], [-80.103973, 40.363287], [-80.096581, 40.36376], [-80.094685, 40.364319], [-80.095184, 40.363368], [-80.095333, 40.36217], [-80.097562, 40.35791], [-80.099032, 40.357583], [-80.095389, 40.356291], [-80.095248, 40.35539], [-80.087719, 40.352364], [-80.090229, 40.350431], [-80.095619, 40.353265], [-80.098071, 40.350006], [-80.099272, 40.349431], [-80.102513, 40.349318], [-80.103176, 40.349274], [-80.103558, 40.349248], [-80.105828, 40.348845], [-80.108027, 40.351418], [-80.110129, 40.351565], [-80.109878, 40.351889], [-80.112503, 40.35423], [-80.112085, 40.356259]]]}, "properties": {"GEOID": "42003457200", "LILA": 0, "SCORE_1_10": 1, "NEAREST_GROCERY_MI": 0.6943521900777709, "LOW_INCOME_RAW": 0.0, "LOW_ACCESS_RAW": 236.525891155005, "NO_VEHICLE_RAW": 0.0}}, {"type": "Feature", "geometry": {"type": "Polygon", "coordinates": [[[-80.028545, 40.360942], [-80.028482, 40.361051], [-80.027989, 40.361906], [-80.02695, 40.363309], [-80.026322, 40.363698], [-80.023687, 40.364686], [-80.022808, 40.364498], [-80.022123, 40.364449], [-80.016242, 40.365772], [-80.01444, 40.366686], [-80.014366, 40.366749], [-80.0137, 40.367316], [-80.012715, 40.368067], [-80.010321, 40.37035], [-80.006362, 40.373772], [-80.005538, 40.374458], [-80.00457, 40.374218], [-80.001586, 40.374841], [-80.001063, 40.370918], [-80.001547, 40.370599], [-80.007897, 40.366614], [-80.005268, 40.365026], [-80.004877, 40.36479], [-80.008826, 40.361046], [-80.009254, 40.360635], [-80.009643, 40.360267], [-80.011219, 40.362034], [-80.012733, 40.361987], [-80.014813, 40.360694], [-80.015425, 40.360296], [-80.016409, 40.358997], [-80.017084, 40.359027], [-80.022896, 40.359083], [-80.022841, 40.358614], [-80.022673, 40.35745], [-80.028146, 40.357086], [-80.028482, 40.357064], [-80.028737, 40.360469], [-80.028545, 40.360942]]]}, "properties": {"GEOID": "42003476200", "LILA": 0, "SCORE_1_10": 1, "NEAREST_GROCERY_MI": 0.7429170342334395, "LOW_INCOME_RAW": 0.0, "LOW_ACCESS_RAW": 0.0, "NO_VEHICLE_RAW": 0.0}}, {"type": "Feature", "geometry": {"type": "Polygon", "coordinates": [[[-79.842382, 40.28512], [-79.841262, 40.285437], [-79.838394, 40.289613], [-79.835678, 40.29021], [-79.833964, 40.29158], [-79.830078, 40.295972], [-79.829229, 40.298307], [-79.832311, 40.299186], [-79.837886, 40.301655], [-79.839537, 40.302732], [-79.836909, 40.307357], [-79.836094, 40.307575], [-79.835635, 40.308954], [-79.838156, 40.314437], [-79.837772, 40.314648], [-79.836851, 40.313343], [-79.836272, 40.312759], [-79.833974, 40.312174], [-79.831517, 40.312115], [-79.829001, 40.312576], [-79.827068, 40.313444], [-79.820007, 40.318095], [-79.818398, 40.3189], [-79.816069, 40.319611], [-79.814419, 40.319875], [-79.810506, 40.320165], [-79.803281, 40.319804], [-79.796318, 40.318244], [-79.792467, 40.316576], [-79.790528, 40.314485], [-79.790226, 40.310979], [-79.792342, 40.308623], [-79.79483, 40.307099], [-79.804622, 40.304037], [-79.806767, 40.302241], [-79.806976, 40.301338], [-79.80645, 40.297022], [-79.803032, 40.293641], [-79.801054, 40.292576], [-79.798759, 40.292869], [-79.792896, 40.297993], [-79.788648, 40.297738], [-79.787507, 40.297473], [-79.784566, 40.296066], [-79.780995, 40.293608], [-79.775963, 40.28921], [-79.775203, 40.28791], [-79.775823, 40.285009], [-79.780649, 40.28202], [-79.790665, 40.282176], [-79.794715, 40.281683], [-79.795796, 40.281079], [-79.796516, 40.279445], [-79.796287, 40.276457], [-79.796241, 40.276037], [-79.796738, 40.276109], [-79.79827, 40.27565], [-79.799184, 40.274783], [-79.799533, 40.27519], [-79.799637, 40.275238], [-79.799846, 40.275275], [-79.801072, 40.275281], [-79.801185, 40.275291], [-79.804753, 40.276546], [-79.807094, 40.278597], [-79.807744, 40.279768], [-79.808422, 40.280292], [-79.811089, 40.282408], [-79.812907, 40.285463], [-79.814961, 40.286447], [-79.816906, 40.285952], [-79.819572, 40.284408], [-79.82194, 40.284295], [-79.828123, 40.286177], [-79.829331, 40.285803], [-79.833102, 40.284237], [-79.83713, 40.283371], [-79.841552, 40.285113], [-79.842382, 40.28512]]]}, "properties": {"GEOID": "42003496200", "LILA": 0, "SCORE_1_10": 2, "NEAREST_GROCERY_MI": 2.6242974737681384, "LOW_INCOME_RAW": 0.0, "LOW_ACCESS_RAW": 0.0, "NO_VEHICLE_RAW": 0.0}}, {"type": "Feature", "geometry": {"type": "Polygon", "coordinates": [[[-79.952109, 40.425763], [-79.951234, 40.426785], [-79.950431, 40.427598], [-79.949658, 40.429191], [-79.949393, 40.428886], [-79.946842, 40.428474], [-79.941856, 40.430103], [-79.940134, 40.429511], [-79.939722, 40.429304], [-79.939767, 40.427972], [-79.939788, 40.426187], [-79.939813, 40.423281], [-79.939835, 40.418952], [-79.941039, 40.418871], [-79.94175, 40.419195], [-79.944267, 40.420412], [-79.947627, 40.422058], [-79.949506, 40.425095], [-79.951037, 40.424912], [-79.950873, 40.425179], [-79.949835, 40.425665], [-79.950794, 40.425488], [-79.952036, 40.424917], [-79.952288, 40.424898], [-79.952109, 40.425763]]]}, "properties": {"GEOID": "42003151600", "LILA": 0, "SCORE_1_10": 1, "NEAREST_GROCERY_MI": 0.885967674989831, "LOW_INCOME_RAW": 0.0, "LOW_ACCESS_RAW": 0.0, "NO_VEHICLE_RAW": 0.0}}, {"type": "Feature", "geometry": {"type": "Polygon", "coordinates": [[[-79.915574, 40.417531], [-79.914042, 40.419199], [-79.911907, 40.419913], [-79.910728, 40.421231], [-79.908507, 40.423926], [-79.907343, 40.423942], [-79.906117, 40.426076], [-79.904095, 40.426118], [-79.901368, 40.42723], [-79.89922, 40.426935], [-79.893595, 40.426631], [-79.89218, 40.427888], [-79.891006, 40.427197], [-79.89507, 40.42592], [-79.896712, 40.42646], [-79.897203, 40.42606], [-79.898872, 40.41885], [-79.899272, 40.417056], [-79.899623, 40.41545], [-79.901512, 40.415879], [-79.905972, 40.415707], [-79.911464, 40.414838], [-79.911652, 40.414972], [-79.916101, 40.416085], [-79.915574, 40.417531]]]}, "properties": {"GEOID": "42003141100", "LILA": 0, "SCORE_1_10": 1, "NEAREST_GROCERY_MI": 0.7819642849374678, "LOW_INCOME_RAW": 0.0, "LOW_ACCESS_RAW": 0.0, "NO_VEHICLE_RAW": 0.0}}, {"type": "Feature", "geometry": {"type": "Polygon", "coordinates": [[[-79.967371, 40.474553], [-79.966768, 40.475164], [-79.965716, 40.476502], [-79.964756, 40.477917], [-79.963175, 40.479766], [-79.96069, 40.482055], [-79.955699, 40.478347], [-79.957619, 40.476127], [-79.958046, 40.473859], [-79.958322, 40.47348], [-79.958808, 40.472818], [-79.959291, 40.472148], [-79.959795, 40.471461], [-79.960339, 40.470633], [-79.96091, 40.469796], [-79.96229, 40.468707], [-79.963846, 40.469936], [-79.968685, 40.47275], [-79.967371, 40.474553]]]}, "properties": {"GEOID": "42003090100", "LILA": 0, "SCORE_1_10": 1, "NEAREST_GROCERY_MI": 0.9041494641789992, "LOW_INCOME_RAW": 0.0, "LOW_ACCESS_RAW": 0.0, "NO_VEHICLE_RAW": 0.0}}, {"type": "Feature", "geometry": {"type": "Polygon", "coordinates": [[[-79.936736, 40.459446], [-79.936302, 40.461763], [-79.936074, 40.462976], [-79.935108, 40.464734], [-79.934518, 40.464772], [-79.932489, 40.464125], [-79.930673, 40.463493], [-79.931617, 40.461959], [-79.932399, 40.460678], [-79.933819, 40.458351], [-79.934256, 40.457577], [-79.934057, 40.457262], [-79.93649, 40.456565], [-79.937058, 40.457675], [-79.936736, 40.459446]]]}, "properties": {"GEOID": "42003080700", "LILA": 0, "SCORE_1_10": 1, "NEAREST_GROCERY_MI": 0.16062979507102979, "LOW_INCOME_RAW": 0.0, "LOW_ACCESS_RAW": 0.0, "NO_VEHICLE_RAW": 0.0}}, {"type": "Feature", "geometry": {"type": "Polygon", "coordinates": [[[-79.921503, 40.447904], [-79.92023, 40.451218], [-79.920712, 40.452894], [-79.915354, 40.453614], [-79.913304, 40.453895], [-79.912424, 40.454037], [-79.909447, 40.452039], [-79.908192, 40.451487], [-79.910158, 40.448761], [-79.910802, 40.447851], [-79.911435, 40.446978], [-79.91165, 40.446696], [-79.913851, 40.446458], [-79.91442, 40.44616], [-79.915569, 40.444886], [-79.917776, 40.444326], [-79.920513, 40.443851], [-79.921074, 40.445719], [-79.921503, 40.447904]]]}, "properties": {"GEOID": "42003140400", "LILA": 0, "SCORE_1_10": 1, "NEAREST_GROCERY_MI": 0.5919027996973634, "LOW_INCOME_RAW": 0.0, "LOW_ACCESS_RAW": 0.0, "NO_VEHICLE_RAW": 0.0}}, {"type": "Feature", "geometry": {"type": "Polygon", "coordinates": [[[-79.949244, 40.441345], [-79.947565, 40.443406], [-79.946903, 40.444514], [-79.946584, 40.444911], [-79.947361, 40.447106], [-79.942452, 40.447414], [-79.941749, 40.447471], [-79.938838, 40.447686], [-79.937291, 40.447792], [-79.937207, 40.447768], [-79.934012, 40.44685], [-79.933401, 40.446595], [-79.931217, 40.445628], [-79.930237, 40.445197], [-79.927925, 40.444121], [-79.927875, 40.443003], [-79.927784, 40.440901], [-79.927714, 40.438039], [-79.933088, 40.437703], [-79.934033, 40.437707], [-79.935648, 40.437563], [-79.940846, 40.438967], [-79.941821, 40.439972], [-79.942176, 40.440444], [-79.947254, 40.441465], [-79.948953, 40.44118], [-79.949244, 40.441345]]]}, "properties": {"GEOID": "42003140100", "LILA": 0, "SCORE_1_10": 1, "NEAREST_GROCERY_MI": 0.945568795965518, "LOW_INCOME_RAW": 0.0, "LOW_ACCESS_RAW": 0.0, "NO_VEHICLE_RAW": 0.0}}, {"type": "Feature", "geometry": {"type": "Polygon", "coordinates": [[[-79.934256, 40.457577], [-79.933819, 40.458351], [-79.932399, 40.460678], [-79.931617, 40.461959], [-79.930673, 40.463493], [-79.930074, 40.464505], [-79.929401, 40.465611], [-79.928797, 40.466611], [-79.928123, 40.467723], [-79.926286, 40.467033], [-79.925317, 40.466703], [-79.924257, 40.466297], [-79.922763, 40.465943], [-79.920931, 40.465445], [-79.919904, 40.46507], [-79.918938, 40.464719], [-79.917406, 40.463446], [-79.916376, 40.462265], [-79.915797, 40.460806], [-79.915771, 40.459858], [-79.917412, 40.457481], [-79.918069, 40.457929], [-79.919334, 40.458802], [-79.920783, 40.459742], [-79.922723, 40.460656], [-79.925043, 40.459954], [-79.92898, 40.458758], [-79.934057, 40.457262], [-79.934256, 40.457577]]]}, "properties": {"GEOID": "42003111500", "LILA": 0, "SCORE_1_10": 1, "NEAREST_GROCERY_MI": 0.19994890972719287, "LOW_INCOME_RAW": 0.0, "LOW_ACCESS_RAW": 0.0, "NO_VEHICLE_RAW": 0.0}}, {"type": "Feature", "geometry": {"type": "Polygon", "coordinates": [[[-79.797606, 40.44249], [-79.797059, 40.443775], [-79.796342, 40.446163], [-79.79667, 40.448677], [-79.796321, 40.449855], [-79.792878, 40.451566], [-79.787204, 40.453137], [-79.782154, 40.456904], [-79.77985, 40.459802], [-79.779298, 40.460953], [-79.773906, 40.459653], [-79.771424, 40.460229], [-79.769403, 40.460865], [-79.76814, 40.461953], [-79.762074, 40.461814], [-79.759567, 40.460388], [-79.758598, 40.459863], [-79.757793, 40.458552], [-79.757837, 40.457965], [-79.760111, 40.455799], [-79.762244, 40.449183], [-79.764164, 40.447307], [-79.764663, 40.446079], [-79.764834, 40.44584], [-79.766691, 40.444004], [-79.771026, 40.444676], [-79.777818, 40.443915], [-79.778194, 40.443855], [-79.78899, 40.442214], [-79.79789, 40.441933], [-79.797606, 40.44249]]]}, "properties": {"GEOID": "42003521100", "LILA": 0, "SCORE_1_10": 2, "NEAREST_GROCERY_MI": 0.982448183333997, "LOW_INCOME_RAW": 0.0, "LOW_ACCESS_RAW": 2270.15843879804, "NO_VEHICLE_RAW": 0.0}}, {"type": "Feature", "geometry": {"type": "Polygon", "coordinates": [[[-79.852891, 40.405605], [-79.851813, 40.40981], [-79.850951, 40.410447], [-79.849042, 40.411725], [-79.844219, 40.412245], [-79.843941, 40.410369], [-79.843126, 40.409233], [-79.841578, 40.407962], [-79.83897, 40.405792], [-79.838263, 40.405174], [-79.837153, 40.402464], [-79.837936, 40.401798], [-79.837835, 40.40056], [-79.8392, 40.399779], [-79.841033, 40.398845], [-79.843675, 40.398073], [-79.84444, 40.397855], [-79.846419, 40.393965], [-79.845504, 40.399054], [-79.84637, 40.401769], [-79.847561, 40.402846], [-79.850395, 40.403615], [-79.851015, 40.404004], [-79.852613, 40.405044], [-79.852891, 40.405605]]]}, "properties": {"GEOID": "42003512000", "LILA": 1, "SCORE_1_10": 4, "NEAREST_GROCERY_MI": 0.9239592876433051, "LOW_INCOME_RAW": 0.0, "LOW_ACCESS_RAW": 829.517374385148, "NO_VEHICLE_RAW": 0.0}}, {"type": "Feature", "geometry": {"type": "Polygon", "coordinates": [[[-79.818682, 40.400457], [-79.816976, 40.402347], [-79.814993, 40.401185], [-79.813606, 40.401038], [-79.80917, 40.397036], [-79.806452, 40.396805], [-79.805433, 40.398631], [-79.804846, 40.398524], [-79.804364, 40.398431], [-79.804533, 40.396796], [-79.802429, 40.395834], [-79.801468, 40.394633], [-79.801448, 40.394117], [-79.804549, 40.394223], [-79.804967, 40.393741], [-79.804752, 40.393572], [-79.803643, 40.392604], [-79.802594, 40.391419], [-79.811517, 40.386687], [-79.814379, 40.38987], [-79.814404, 40.39292], [-79.813108, 40.395228], [-79.815774, 40.396763], [-79.816031, 40.398101], [-79.817345, 40.399808], [-79.818682, 40.400457]]]}, "properties": {"GEOID": "42003508000", "LILA": 0, "SCORE_1_10": 2, "NEAREST_GROCERY_MI": 2.2865633676301735, "LOW_INCOME_RAW": 0.0, "LOW_ACCESS_RAW": 376.713457167149, "NO_VEHICLE_RAW": 0.0}}, {"type": "Feature", "geometry": {"type": "Polygon", "coordinates": [[[-79.891153, 40.497034], [-79.887353, 40.498669], [-79.883633, 40.499245], [-79.883634, 40.499182], [-79.879762, 40.499419], [-79.878623, 40.503694], [-79.872672, 40.503888], [-79.87278, 40.50971], [-79.871642, 40.510333], [-79.871923, 40.517053], [-79.872237, 40.527164], [-79.871734, 40.526388], [-79.867259, 40.522247], [-79.867579, 40.528512], [-79.85527, 40.528789], [-79.854883, 40.520873], [-79.851748, 40.520645], [-79.850494, 40.520508], [-79.850969, 40.515864], [-79.849451, 40.507425], [-79.849341, 40.506895], [-79.849326, 40.506821], [-79.848853, 40.503658], [-79.84968, 40.497589], [-79.850339, 40.49594], [-79.851113, 40.493601], [-79.856864, 40.498169], [-79.859175, 40.496435], [-79.859216, 40.497693], [-79.862811, 40.49765], [-79.865864, 40.495565], [-79.865786, 40.491525], [-79.865687, 40.489046], [-79.865498, 40.485069], [-79.877252, 40.48317], [-79.883807, 40.483212], [-79.8882, 40.483948], [-79.888175, 40.48644], [-79.884592, 40.487329], [-79.884666, 40.490461], [-79.884604, 40.490922], [-79.889832, 40.491527], [-79.890443, 40.494777], [-79.891153, 40.497034]]]}, "properties": {"GEOID": "42003421100", "LILA": 0, "SCORE_1_10": 2, "NEAREST_GROCERY_MI": 1.352067328555312, "LOW_INCOME_RAW": 0.0, "LOW_ACCESS_RAW": 2018.49953698269, "NO_VEHICLE_RAW": 0.0}}, {"type": "Feature", "geometry": {"type": "Polygon", "coordinates": [[[-79.868996, 40.560352], [-79.859046, 40.560609], [-79.858317, 40.560624], [-79.853758, 40.560695], [-79.850137, 40.560761], [-79.842201, 40.561061], [-79.835721, 40.56119], [-79.831494, 40.561376], [-79.826466, 40.561558], [-79.823584, 40.561673], [-79.822175, 40.566339], [-79.82075, 40.566364], [-79.811443, 40.566534], [-79.811297, 40.561932], [-79.81118, 40.555577], [-79.811163, 40.553967], [-79.808051, 40.553994], [-79.807907, 40.549532], [-79.807903, 40.548899], [-79.807621, 40.542547], [-79.807567, 40.540802], [-79.807554, 40.540287], [-79.807566, 40.537284], [-79.808512, 40.537125], [-79.813647, 40.536624], [-79.820606, 40.536364], [-79.822086, 40.536206], [-79.82234, 40.536166], [-79.827562, 40.535202], [-79.83082, 40.534342], [-79.835272, 40.532634], [-79.842302, 40.529804], [-79.846321, 40.527073], [-79.848426, 40.525126], [-79.849434, 40.523553], [-79.850196, 40.521716], [-79.850494, 40.520508], [-79.851748, 40.520645], [-79.854883, 40.520873], [-79.85527, 40.528789], [-79.855506, 40.536414], [-79.8677, 40.535942], [-79.868343, 40.546903], [-79.868351, 40.547269], [-79.868996, 40.560352]]]}, "properties": {"GEOID": "42003419000", "LILA": 0, "SCORE_1_10": 2, "NEAREST_GROCERY_MI": 2.5562296219774905, "LOW_INCOME_RAW": 0.0, "LOW_ACCESS_RAW": 1577.95205641165, "NO_VEHICLE_RAW": 0.0}}, {"type": "Feature", "geometry": {"type": "Polygon", "coordinates": [[[-79.99114, 40.614313], [-79.98345, 40.614388], [-79.975984, 40.614474], [-79.974352, 40.614549], [-79.968222, 40.614786], [-79.967975, 40.614796], [-79.950741, 40.61534], [-79.946785, 40.615455], [-79.947558, 40.61279], [-79.947409, 40.609085], [-79.947164, 40.605517], [-79.947139, 40.605117], [-79.947122, 40.604485], [-79.947531, 40.5996], [-79.948219, 40.590668], [-79.948381, 40.590296], [-79.950327, 40.586663], [-79.951782, 40.581107], [-79.953779, 40.578013], [-79.954692, 40.57551], [-79.954762, 40.57202], [-79.954167, 40.569589], [-79.954173, 40.569128], [-79.954542, 40.567646], [-79.954867, 40.566982], [-79.955705, 40.566828], [-79.95538, 40.567371], [-79.95798, 40.569431], [-79.961423, 40.570883], [-79.961914, 40.569107], [-79.964475, 40.567867], [-79.966918, 40.568131], [-79.964517, 40.565613], [-79.965735, 40.564461], [-79.965465, 40.564285], [-79.966387, 40.563061], [-79.968697, 40.563213], [-79.976171, 40.566065], [-79.979711, 40.56608], [-79.983246, 40.567581], [-79.989674, 40.570331], [-79.989889, 40.574863], [-79.990189, 40.583341], [-79.990525, 40.593483], [-79.990579, 40.594705], [-79.99114, 40.614313]]]}, "properties": {"GEOID": "42003414102", "LILA": 0, "SCORE_1_10": 2, "NEAREST_GROCERY_MI": 1.074340253058292, "LOW_INCOME_RAW": 0.0, "LOW_ACCESS_RAW": 3817.64041321748, "NO_VEHICLE_RAW": 0.0}}, {"type": "Feature", "geometry": {"type": "Polygon", "coordinates": [[[-80.056551, 40.581506], [-80.054365, 40.581614], [-80.050167, 40.582216], [-80.043634, 40.583196], [-80.038136, 40.582053], [-80.039416, 40.583382], [-80.040076, 40.583709], [-80.043221, 40.584881], [-80.04448, 40.585878], [-80.041093, 40.586381], [-80.037479, 40.585838], [-80.036612, 40.58563], [-80.036042, 40.58551], [-80.032221, 40.584446], [-80.030681, 40.58337], [-80.030169, 40.582809], [-80.025817, 40.576451], [-80.024179, 40.573955], [-80.023515, 40.572129], [-80.036953, 40.571939], [-80.037012, 40.571515], [-80.037599, 40.56851], [-80.039408, 40.561063], [-80.04364, 40.566496], [-80.044356, 40.566765], [-80.048572, 40.567227], [-80.049522, 40.567971], [-80.049577, 40.571121], [-80.052214, 40.574046], [-80.054574, 40.575585], [-80.056108, 40.578384], [-80.056551, 40.581506]]]}, "properties": {"GEOID": "42003413201", "LILA": 0, "SCORE_1_10": 1, "NEAREST_GROCERY_MI": 0.7406971027038849, "LOW_INCOME_RAW": 0.0, "LOW_ACCESS_RAW": 23.4453792572021, "NO_VEHICLE_RAW": 0.0}}, {"type": "Feature", "geometry": {"type": "Polygon", "coordinates": [[[-79.966005, 40.455191], [-79.963152, 40.456258], [-79.96042, 40.45698], [-79.958853, 40.457975], [-79.957828, 40.458489], [-79.95722, 40.458654], [-79.956179, 40.458302], [-79.95407, 40.453172], [-79.954904, 40.450976], [-79.95771, 40.448972], [-79.957812, 40.448913], [-79.958324, 40.448544], [-79.958474, 40.448449], [-79.95925, 40.448314], [-79.961569, 40.448736], [-79.96235, 40.448882], [-79.96487, 40.448777], [-79.965372, 40.450155], [-79.964377, 40.452271], [-79.964925, 40.452883], [-79.965676, 40.453665], [-79.965946, 40.454818], [-79.966005, 40.455191]]]}, "properties": {"GEOID": "42003050600", "LILA": 0, "SCORE_1_10": 1, "NEAREST_GROCERY_MI": 0.4456130260335431, "LOW_INCOME_RAW": 0.0, "LOW_ACCESS_RAW": 0.0, "NO_VEHICLE_RAW": 0.0}}, {"type": "Feature", "geometry": {"type": "Polygon", "coordinates": [[[-79.982429, 40.446493], [-79.980514, 40.4473], [-79.979106, 40.447898], [-79.976662, 40.448936], [-79.97555, 40.449409], [-79.973822, 40.450143], [-79.972998, 40.450493], [-79.972523, 40.44962], [-79.968921, 40.451149], [-79.969457, 40.451997], [-79.966665, 40.453175], [-79.964925, 40.452883], [-79.964377, 40.452271], [-79.965372, 40.450155], [-79.96487, 40.448777], [-79.96531, 40.448613], [-79.969054, 40.446039], [-79.970363, 40.445577], [-79.970873, 40.445405], [-79.971864, 40.444993], [-79.973393, 40.444364], [-79.974541, 40.443868], [-79.975045, 40.44366], [-79.975616, 40.444438], [-79.976748, 40.443953], [-79.977812, 40.443499], [-79.978512, 40.443199], [-79.979672, 40.442698], [-79.980342, 40.443632], [-79.98079, 40.444235], [-79.981841, 40.445685], [-79.982429, 40.446493]]]}, "properties": {"GEOID": "42003050100", "LILA": 0, "SCORE_1_10": 1, "NEAREST_GROCERY_MI": 0.5316088203813002, "LOW_INCOME_RAW": 0.0, "LOW_ACCESS_RAW": 0.0, "NO_VEHICLE_RAW": 0.0}}, {"type": "Feature", "geometry": {"type": "Polygon", "coordinates": [[[-79.952724, 40.448358], [-79.951846, 40.448988], [-79.950738, 40.4498], [-79.948751, 40.450392], [-79.947691, 40.447976], [-79.947361, 40.447106], [-79.946584, 40.444911], [-79.946903, 40.444514], [-79.950366, 40.445158], [-79.950588, 40.4468], [-79.951911, 40.446476], [-79.952724, 40.448358]]]}, "properties": {"GEOID": "42003040400", "LILA": 0, "SCORE_1_10": 1, "NEAREST_GROCERY_MI": 0.34109279181103735, "LOW_INCOME_RAW": 0.0, "LOW_ACCESS_RAW": 0.0, "NO_VEHICLE_RAW": 0.0}}, {"type": "Feature", "geometry": {"type": "Polygon", "coordinates": [[[-79.977545, 40.438229], [-79.975373, 40.439202], [-79.973406, 40.439984], [-79.97302, 40.43978], [-79.973209, 40.44012], [-79.972433, 40.44037], [-79.971904, 40.439752], [-79.968713, 40.438771], [-79.968623, 40.438907], [-79.967618, 40.440023], [-79.967946, 40.441147], [-79.968174, 40.441517], [-79.968333, 40.441826], [-79.968016, 40.442903], [-79.967004, 40.443136], [-79.966063, 40.443377], [-79.965757, 40.442819], [-79.965179, 40.443255], [-79.964179, 40.443985], [-79.963252, 40.444663], [-79.961988, 40.442768], [-79.959333, 40.443555], [-79.957438, 40.442514], [-79.957816, 40.442238], [-79.959169, 40.441266], [-79.960275, 40.44046], [-79.96177, 40.439354], [-79.962071, 40.439131], [-79.963192, 40.438288], [-79.965336, 40.437663], [-79.966209, 40.436616], [-79.966991, 40.436453], [-79.968796, 40.436452], [-79.972643, 40.437695], [-79.972825, 40.437753], [-79.974428, 40.438026], [-79.975887, 40.438147], [-79.977545, 40.438229]]]}, "properties": {"GEOID": "42003040200", "LILA": 0, "SCORE_1_10": 1, "NEAREST_GROCERY_MI": 0.6354471632092488, "LOW_INCOME_RAW": 0.0, "LOW_ACCESS_RAW": 0.0, "NO_VEHICLE_RAW": 0.0}}, {"type": "Feature", "geometry": {"type": "Polygon", "coordinates": [[[-79.996133, 40.448182], [-79.992395, 40.450413], [-79.990791, 40.451588], [-79.985568, 40.455413], [-79.980621, 40.45904], [-79.979634, 40.460081], [-79.976016, 40.463091], [-79.973908, 40.46587], [-79.968074, 40.461012], [-79.973532, 40.457274], [-79.974947, 40.456294], [-79.973101, 40.455778], [-79.973347, 40.454177], [-79.974182, 40.453376], [-79.973667, 40.452843], [-79.973946, 40.452705], [-79.97685, 40.450965], [-79.977676, 40.45021], [-79.979146, 40.450402], [-79.980942, 40.449915], [-79.983899, 40.44852], [-79.987036, 40.446593], [-79.990365, 40.444593], [-79.990045, 40.445433], [-79.990009, 40.445941], [-79.99394, 40.445253], [-79.994248, 40.445439], [-79.994767, 40.446086], [-79.99527, 40.446885], [-79.996133, 40.448182]]]}, "properties": {"GEOID": "42003020300", "LILA": 0, "SCORE_1_10": 1, "NEAREST_GROCERY_MI": 0.17094682875027192, "LOW_INCOME_RAW": 0.0, "LOW_ACCESS_RAW": 0.0, "NO_VEHICLE_RAW": 0.0}}, {"type": "Feature", "geometry": {"type": "Polygon", "coordinates": [[[-80.193304, 40.541445], [-80.191594, 40.54246], [-80.188713, 40.544246], [-80.181513, 40.548595], [-80.178305, 40.545311], [-80.175976, 40.546608], [-80.175189, 40.548066], [-80.174232, 40.548133], [-80.174606, 40.549736], [-80.17298, 40.55075], [-80.171755, 40.550696], [-80.171658, 40.548389], [-80.173144, 40.548828], [-80.173253, 40.547188], [-80.174953, 40.545642], [-80.17724, 40.544262], [-80.174639, 40.541615], [-80.172858, 40.540532], [-80.171561, 40.541274], [-80.168527, 40.540576], [-80.166129, 40.541146], [-80.162761, 40.544071], [-80.163902, 40.546709], [-80.161695, 40.547445], [-80.160806, 40.545252], [-80.158992, 40.546135], [-80.158893, 40.548288], [-80.156267, 40.547519], [-80.156291, 40.545613], [-80.157238, 40.544588], [-80.154379, 40.544712], [-80.156527, 40.542588], [-80.161271, 40.542719], [-80.163138, 40.541564], [-80.168686, 40.539553], [-80.169448, 40.537017], [-80.17225, 40.53762], [-80.175246, 40.534884], [-80.178648, 40.52994], [-80.186812, 40.532356], [-80.187964, 40.53292], [-80.189976, 40.533785], [-80.191036, 40.534477], [-80.19271, 40.536464], [-80.195247, 40.540459], [-80.193304, 40.541445]]]}, "properties": {"GEOID": "42003445500", "LILA": 0, "SCORE_1_10": 1, "NEAREST_GROCERY_MI": 0.3945306207332348, "LOW_INCOME_RAW": 0.0, "LOW_ACCESS_RAW": 26.2185788750649, "NO_VEHICLE_RAW": 0.0}}, {"type": "Feature", "geometry": {"type": "Polygon", "coordinates": [[[-80.122445, 40.548917], [-80.121289, 40.550065], [-80.120029, 40.551074], [-80.115671, 40.552859], [-80.115474, 40.554203], [-80.113852, 40.558766], [-80.113522, 40.562274], [-80.113951, 40.566789], [-80.116675, 40.570457], [-80.113884, 40.570515], [-80.113907, 40.57546], [-80.103517, 40.56856], [-80.086184, 40.556911], [-80.084993, 40.556124], [-80.084781, 40.555984], [-80.081221, 40.553516], [-80.064048, 40.542246], [-80.063394, 40.532711], [-80.063345, 40.531701], [-80.062639, 40.520041], [-80.062641, 40.519377], [-80.062322, 40.515864], [-80.062292, 40.515437], [-80.077666, 40.520369], [-80.084125, 40.522574], [-80.095882, 40.526587], [-80.109127, 40.531505], [-80.121556, 40.536256], [-80.121797, 40.541399], [-80.122445, 40.548917]]]}, "properties": {"GEOID": "42003437000", "LILA": 0, "SCORE_1_10": 2, "NEAREST_GROCERY_MI": 1.4209665887625536, "LOW_INCOME_RAW": 0.0, "LOW_ACCESS_RAW": 3172.70635059988, "NO_VEHICLE_RAW": 0.0}}, {"type": "Feature", "geometry": {"type": "Polygon", "coordinates": [[[-80.075024, 40.50357], [-80.072083, 40.503179], [-80.071331, 40.50265], [-80.069056, 40.501798], [-80.067963, 40.501382], [-80.065868, 40.500186], [-80.065608, 40.500078], [-80.063023, 40.499061], [-80.061124, 40.498304], [-80.060932, 40.495549], [-80.062093, 40.494442], [-80.062621, 40.49383], [-80.066235, 40.490968], [-80.067526, 40.492271], [-80.068862, 40.493697], [-80.072085, 40.496197], [-80.075005, 40.498395], [-80.074921, 40.501371], [-80.075024, 40.50357]]]}, "properties": {"GEOID": "42003432400", "LILA": 0, "SCORE_1_10": 1, "NEAREST_GROCERY_MI": 0.13041999093324205, "LOW_INCOME_RAW": 0.0, "LOW_ACCESS_RAW": 0.0, "NO_VEHICLE_RAW": 0.0}}, {"type": "Feature", "geometry": {"type": "Polygon", "coordinates": [[[-80.062322, 40.515864], [-80.058494, 40.517637], [-80.057092, 40.517068], [-80.053805, 40.517797], [-80.053088, 40.516605], [-80.051452, 40.520447], [-80.048085, 40.521136], [-80.047808, 40.518741], [-80.047366, 40.513962], [-80.047225, 40.513024], [-80.045538, 40.513552], [-80.04158, 40.514831], [-80.039946, 40.515294], [-80.035094, 40.515891], [-80.03272, 40.516701], [-80.030367, 40.513994], [-80.033072, 40.513134], [-80.035252, 40.511795], [-80.036271, 40.510526], [-80.036884, 40.508152], [-80.037057, 40.507], [-80.036965, 40.506097], [-80.038346, 40.504928], [-80.039781, 40.500957], [-80.043373, 40.501027], [-80.045987, 40.499527], [-80.046027, 40.496812], [-80.045406, 40.494911], [-80.046014, 40.494865], [-80.047112, 40.494977], [-80.051321, 40.496462], [-80.050573, 40.497742], [-80.047948, 40.502249], [-80.05026, 40.503564], [-80.050849, 40.503839], [-80.058289, 40.508183], [-80.059387, 40.506753], [-80.061592, 40.505803], [-80.062292, 40.515437], [-80.062322, 40.515864]]]}, "properties": {"GEOID": "42003429600", "LILA": 0, "SCORE_1_10": 1, "NEAREST_GROCERY_MI": 0.7236829958810975, "LOW_INCOME_RAW": 0.0, "LOW_ACCESS_RAW": 0.0, "NO_VEHICLE_RAW": 0.0}}, {"type": "Feature", "geometry": {"type": "Polygon", "coordinates": [[[-79.988318, 40.539457], [-79.987461, 40.538966], [-79.986251, 40.53711], [-79.984055, 40.536886], [-79.983758, 40.53514], [-79.978594, 40.53257], [-79.977314, 40.530678], [-79.974766, 40.530695], [-79.972514, 40.528726], [-79.973087, 40.526533], [-79.970956, 40.52493], [-79.970588, 40.522778], [-79.968537, 40.522234], [-79.9668, 40.520052], [-79.965842, 40.520923], [-79.96376, 40.521255], [-79.963466, 40.51929], [-79.963285, 40.518565], [-79.962144, 40.51692], [-79.961833, 40.515654], [-79.961837, 40.513875], [-79.960411, 40.51287], [-79.961349, 40.511649], [-79.961244, 40.511308], [-79.960833, 40.510513], [-79.960733, 40.510293], [-79.960396, 40.510101], [-79.9602, 40.509941], [-79.959898, 40.509782], [-79.960056, 40.509348], [-79.960252, 40.5089], [-79.959912, 40.508437], [-79.958336, 40.508091], [-79.957573, 40.507646], [-79.961587, 40.50758], [-79.963426, 40.507552], [-79.96611, 40.504504], [-79.967587, 40.504402], [-79.969367, 40.504806], [-79.972175, 40.502393], [-79.974037, 40.502425], [-79.975844, 40.501274], [-79.97647, 40.500517], [-79.977693, 40.499251], [-79.978075, 40.49875], [-79.980159, 40.499738], [-79.981296, 40.501368], [-79.985678, 40.502435], [-79.985701, 40.503246], [-79.986513, 40.503988], [-79.986629, 40.506272], [-79.986869, 40.510353], [-79.986975, 40.514115], [-79.987591, 40.51936], [-79.987619, 40.519572], [-79.988204, 40.524112], [-79.988236, 40.524443], [-79.988246, 40.52693], [-79.988242, 40.52696], [-79.988224, 40.535891], [-79.988264, 40.537446], [-79.988318, 40.539457]]]}, "properties": {"GEOID": "42003427100", "LILA": 0, "SCORE_1_10": 2, "NEAREST_GROCERY_MI": 1.2968892730465653, "LOW_INCOME_RAW": 0.0, "LOW_ACCESS_RAW": 2053.85149951279, "NO_VEHICLE_RAW": 0.0}}, {"type": "Feature", "geometry": {"type": "Polygon", "coordinates": [[[-79.954681, 40.517709], [-79.953834, 40.519394], [-79.95293, 40.520786], [-79.949335, 40.523025], [-79.948908, 40.524224], [-79.949361, 40.525522], [-79.949887, 40.526258], [-79.950571, 40.527204], [-79.950424, 40.527272], [-79.946913, 40.52858], [-79.947499, 40.529935], [-79.945556, 40.531822], [-79.944076, 40.531374], [-79.939558, 40.531635], [-79.937714, 40.53461], [-79.937654, 40.534152], [-79.936963, 40.518859], [-79.93664, 40.512128], [-79.93627, 40.502679], [-79.936068, 40.497203], [-79.940458, 40.496389], [-79.940547, 40.501483], [-79.942488, 40.501479], [-79.944151, 40.503333], [-79.943657, 40.503328], [-79.943532, 40.503951], [-79.944788, 40.504172], [-79.944726, 40.504307], [-79.94457, 40.505124], [-79.944624, 40.505729], [-79.94434, 40.506269], [-79.94346, 40.507083], [-79.943228, 40.507316], [-79.945079, 40.507506], [-79.946139, 40.507604], [-79.947496, 40.507477], [-79.948228, 40.510135], [-79.952726, 40.513118], [-79.955027, 40.516251], [-79.954681, 40.517709]]]}, "properties": {"GEOID": "42003426700", "LILA": 0, "SCORE_1_10": 1, "NEAREST_GROCERY_MI": 0.2444880431028874, "LOW_INCOME_RAW": 0.0, "LOW_ACCESS_RAW": 156.058655440807, "NO_VEHICLE_RAW": 0.0}}, {"type": "Feature", "geometry": {"type": "Polygon", "coordinates": [[[-80.018348, 40.489509], [-80.014749, 40.488017], [-80.010925, 40.487597], [-80.009745, 40.486341], [-80.009536, 40.485332], [-80.00898, 40.483482], [-80.007846, 40.483127], [-80.007554, 40.481681], [-80.007509, 40.480859], [-80.007549, 40.479895], [-80.007785, 40.477634], [-80.007759, 40.476707], [-80.008332, 40.476635], [-80.010625, 40.476346], [-80.012109, 40.476163], [-80.011249, 40.47495], [-80.013521, 40.474867], [-80.01443, 40.47477], [-80.01587, 40.47672], [-80.014216, 40.477444], [-80.012855, 40.478148], [-80.01196, 40.478689], [-80.011751, 40.479718], [-80.013786, 40.481963], [-80.013647, 40.484236], [-80.013934, 40.4843], [-80.015269, 40.484605], [-80.016416, 40.488018], [-80.018348, 40.489509]]]}, "properties": {"GEOID": "42003260700", "LILA": 0, "SCORE_1_10": 2, "NEAREST_GROCERY_MI": 0.9460850052077197, "LOW_INCOME_RAW": 0.0, "LOW_ACCESS_RAW": 1537.36577248573, "NO_VEHICLE_RAW": 0.0}}, {"type": "Feature", "geometry": {"type": "Polygon", "coordinates": [[[-80.009887, 40.465107], [-80.007073, 40.46565], [-80.006951, 40.465256], [-80.005785, 40.465379], [-80.005603, 40.465015], [-80.005088, 40.465426], [-80.003792, 40.466339], [-80.005778, 40.467135], [-80.002209, 40.468444], [-80.000295, 40.465701], [-79.99997, 40.46473], [-79.999804, 40.462632], [-79.999766, 40.460648], [-79.99973, 40.459878], [-80.000976, 40.45942], [-80.000828, 40.458954], [-80.002238, 40.458682], [-80.002915, 40.458556], [-80.007944, 40.459128], [-80.00845, 40.459494], [-80.008575, 40.460035], [-80.008736, 40.461217], [-80.008835, 40.462328], [-80.009358, 40.463162], [-80.010043, 40.4651], [-80.009887, 40.465107]]]}, "properties": {"GEOID": "42003250900", "LILA": 0, "SCORE_1_10": 1, "NEAREST_GROCERY_MI": 0.8767638926411473, "LOW_INCOME_RAW": 0.0, "LOW_ACCESS_RAW": 6.6382200717926, "NO_VEHICLE_RAW": 0.0}}, {"type": "Feature", "geometry": {"type": "Polygon", "coordinates": [[[-79.816996, 40.671699], [-79.786363, 40.671302], [-79.780651, 40.671228], [-79.764107, 40.670427], [-79.759469, 40.670287], [-79.745536, 40.669738], [-79.735158, 40.669332], [-79.732744, 40.66924], [-79.731924, 40.669241], [-79.72992, 40.669233], [-79.720346, 40.669577], [-79.717121, 40.669656], [-79.717994, 40.667838], [-79.725427, 40.653969], [-79.731776, 40.640089], [-79.734265, 40.635501], [-79.735185, 40.634517], [-79.742398, 40.626813], [-79.75657, 40.611835], [-79.756724, 40.611979], [-79.757937, 40.613095], [-79.761375, 40.614643], [-79.76226, 40.616134], [-79.764906, 40.616485], [-79.765914, 40.616491], [-79.766657, 40.618643], [-79.77097, 40.61836], [-79.772334, 40.618761], [-79.780677, 40.634372], [-79.785724, 40.643829], [-79.816444, 40.644096], [-79.816564, 40.650988], [-79.816996, 40.671699]]]}, "properties": {"GEOID": "42003406000", "LILA": 0, "SCORE_1_10": 2, "NEAREST_GROCERY_MI": 2.5439963396307563, "LOW_INCOME_RAW": 0.0, "LOW_ACCESS_RAW": 0.0, "NO_VEHICLE_RAW": 0.0}}, {"type": "Feature", "geometry": {"type": "Polygon", "coordinates": [[[-80.263139, 40.521527], [-80.260373, 40.524186], [-80.256402, 40.524518], [-80.24787, 40.526319], [-80.244416, 40.528003], [-80.243699, 40.528227], [-80.240908, 40.528524], [-80.239156, 40.528915], [-80.237787, 40.529278], [-80.232777, 40.530103], [-80.231579, 40.530623], [-80.230554, 40.531455], [-80.229025, 40.533917], [-80.228603, 40.53284], [-80.230857, 40.529544], [-80.229026, 40.527965], [-80.229172, 40.526002], [-80.226594, 40.526477], [-80.224486, 40.525534], [-80.224378, 40.520133], [-80.224044, 40.519608], [-80.223052, 40.518832], [-80.221435, 40.516977], [-80.2208, 40.516428], [-80.219771, 40.515962], [-80.217686, 40.514577], [-80.207557, 40.505457], [-80.207534, 40.505476], [-80.206357, 40.504367], [-80.204832, 40.502003], [-80.205418, 40.501697], [-80.206347, 40.499263], [-80.20782, 40.498607], [-80.208763, 40.498005], [-80.208825, 40.49796], [-80.212169, 40.499645], [-80.22199, 40.50013], [-80.224579, 40.50022], [-80.226005, 40.500743], [-80.231065, 40.504338], [-80.233218, 40.505306], [-80.239668, 40.506785], [-80.24943, 40.50856], [-80.254996, 40.509376], [-80.259369, 40.511619], [-80.264482, 40.520975], [-80.263139, 40.521527]]]}, "properties": {"GEOID": "42003451105", "LILA": 0, "SCORE_1_10": 1, "NEAREST_GROCERY_MI": 0.6794430462766663, "LOW_INCOME_RAW": 0.0, "LOW_ACCESS_RAW": 827.419541556854, "NO_VEHICLE_RAW": 0.0}}, {"type": "Feature", "geometry": {"type": "Polygon", "coordinates": [[[-80.082181, 40.345057], [-80.0803, 40.345596], [-80.07399, 40.34885], [-80.073961, 40.349028], [-80.073819, 40.352468], [-80.073742, 40.35325], [-80.073571, 40.35461], [-80.071426, 40.356595], [-80.071854, 40.358307], [-80.069644, 40.357654], [-80.065523, 40.358096], [-80.065626, 40.357356], [-80.064675, 40.355589], [-80.064562, 40.355475], [-80.061229, 40.349813], [-80.061125, 40.34977], [-80.058613, 40.349108], [-80.055055, 40.347018], [-80.05463, 40.34665], [-80.056514, 40.34282], [-80.05835, 40.33708], [-80.061584, 40.328961], [-80.061865, 40.328378], [-80.063025, 40.325585], [-80.063327, 40.324796], [-80.063623, 40.324018], [-80.065119, 40.320363], [-80.065768, 40.318866], [-80.065816, 40.318756], [-80.067693, 40.314137], [-80.070602, 40.314936], [-80.072174, 40.318514], [-80.070999, 40.320975], [-80.067763, 40.323643], [-80.065489, 40.324744], [-80.06618, 40.327759], [-80.066522, 40.32855], [-80.069889, 40.331877], [-80.071701, 40.334012], [-80.077932, 40.339208], [-80.078036, 40.340281], [-80.078242, 40.341308], [-80.080836, 40.342834], [-80.082181, 40.345057]]]}, "properties": {"GEOID": "42003474102", "LILA": 0, "SCORE_1_10": 2, "NEAREST_GROCERY_MI": 0.7937037614125755, "LOW_INCOME_RAW": 0.0, "LOW_ACCESS_RAW": 1314.33461591256, "NO_VEHICLE_RAW": 0.0}}, {"type": "Feature", "geometry": {"type": "Polygon", "coordinates": [[[-80.047431, 40.439983], [-80.04604, 40.440473], [-80.045306, 40.441949], [-80.045783, 40.442333], [-80.04357, 40.444054], [-80.042782, 40.443994], [-80.041611, 40.44497], [-80.043451, 40.445738], [-80.044106, 40.447259], [-80.044002, 40.447758], [-80.045281, 40.450422], [-80.044629, 40.450469], [-80.040163, 40.452461], [-80.039898, 40.452616], [-80.039362, 40.452891], [-80.037568, 40.454049], [-80.035853, 40.452696], [-80.034783, 40.451848], [-80.033234, 40.450623], [-80.029738, 40.447858], [-80.028228, 40.446664], [-80.027703, 40.446449], [-80.02709, 40.446199], [-80.02828, 40.444256], [-80.0285, 40.443943], [-80.029458, 40.442942], [-80.032845, 40.439201], [-80.032992, 40.437942], [-80.032487, 40.435638], [-80.028581, 40.433379], [-80.028502, 40.433316], [-80.026296, 40.43101], [-80.028034, 40.430076], [-80.035234, 40.433894], [-80.03754, 40.433734], [-80.036681, 40.435394], [-80.038843, 40.436002], [-80.038625, 40.436407], [-80.038953, 40.436542], [-80.039248, 40.436714], [-80.039603, 40.437026], [-80.045088, 40.43828], [-80.046015, 40.438295], [-80.047295, 40.438153], [-80.04738, 40.439581], [-80.047431, 40.439983]]]}, "properties": {"GEOID": "42003562600", "LILA": 1, "SCORE_1_10": 4, "NEAREST_GROCERY_MI": 1.305060565403154, "LOW_INCOME_RAW": 0.0, "LOW_ACCESS_RAW": 857.78828502167, "NO_VEHICLE_RAW": 0.0}}, {"type": "Feature", "geometry": {"type": "Polygon", "coordinates": [[[-79.898082, 40.473547], [-79.898424, 40.475723], [-79.89364, 40.474925], [-79.891689, 40.474775], [-79.889086, 40.475473], [-79.888526, 40.475324], [-79.887081, 40.47592], [-79.887735, 40.473067], [-79.888137, 40.470843], [-79.888464, 40.469194], [-79.888749, 40.467892], [-79.889044, 40.466494], [-79.889587, 40.463886], [-79.889992, 40.461829], [-79.889993, 40.461679], [-79.893444, 40.462473], [-79.894351, 40.462573], [-79.896197, 40.464035], [-79.897556, 40.464343], [-79.898732, 40.464611], [-79.898976, 40.464668], [-79.896602, 40.468385], [-79.896047, 40.468749], [-79.896346, 40.469122], [-79.897111, 40.470072], [-79.899249, 40.472722], [-79.898082, 40.473547]]]}, "properties": {"GEOID": "42003561900", "LILA": 1, "SCORE_1_10": 4, "NEAREST_GROCERY_MI": 1.4719046018300614, "LOW_INCOME_RAW": 0.0, "LOW_ACCESS_RAW": 687.961379703134, "NO_VEHICLE_RAW": 0.0}}, {"type": "Feature", "geometry": {"type": "Polygon", "coordinates": [[[-79.963093, 40.272761], [-79.956267, 40.277945], [-79.956654, 40.278209], [-79.959829, 40.279486], [-79.956922, 40.279185], [-79.955427, 40.279409], [-79.95463, 40.279554], [-79.952045, 40.279968], [-79.946968, 40.282294], [-79.94284, 40.279067], [-79.937997, 40.279029], [-79.936581, 40.27954], [-79.936471, 40.282613], [-79.934833, 40.284237], [-79.926546, 40.285149], [-79.925049, 40.285397], [-79.92389, 40.286171], [-79.921876, 40.289575], [-79.914283, 40.29142], [-79.912887, 40.290961], [-79.912911, 40.290745], [-79.911341, 40.291093], [-79.908527, 40.294278], [-79.904221, 40.294448], [-79.903004, 40.293666], [-79.900139, 40.293801], [-79.900026, 40.292853], [-79.899901, 40.291801], [-79.900475, 40.283211], [-79.897918, 40.281], [-79.892702, 40.28091], [-79.887968, 40.283171], [-79.883042, 40.283122], [-79.882034, 40.283411], [-79.880129, 40.285376], [-79.878161, 40.284927], [-79.876178, 40.283596], [-79.877761, 40.28263], [-79.880538, 40.280631], [-79.88272, 40.279409], [-79.884189, 40.278682], [-79.886293, 40.276917], [-79.887081, 40.275929], [-79.888124, 40.274963], [-79.888966, 40.274045], [-79.896313, 40.267921], [-79.897369, 40.267161], [-79.902754, 40.262914], [-79.909652, 40.25846], [-79.911444, 40.256757], [-79.914461, 40.252443], [-79.918164, 40.253541], [-79.922428, 40.254806], [-79.94047, 40.260127], [-79.944732, 40.261398], [-79.969113, 40.268637], [-79.963093, 40.272761]]]}, "properties": {"GEOID": "42003564500", "LILA": 0, "SCORE_1_10": 2, "NEAREST_GROCERY_MI": 2.0877386847222446, "LOW_INCOME_RAW": 0.0, "LOW_ACCESS_RAW": 3105.2791703539, "NO_VEHICLE_RAW": 0.0}}, {"type": "Feature", "geometry": {"type": "Polygon", "coordinates": [[[-79.985536, 40.330026], [-79.985249, 40.332451], [-79.985355, 40.333426], [-79.984334, 40.333288], [-79.981429, 40.335755], [-79.979047, 40.336549], [-79.976951, 40.336331], [-79.97808, 40.337205], [-79.974742, 40.337308], [-79.972655, 40.338428], [-79.972039, 40.338767], [-79.969086, 40.340383], [-79.968278, 40.341808], [-79.966889, 40.3418], [-79.966266, 40.342015], [-79.965236, 40.341276], [-79.964719, 40.340574], [-79.963481, 40.33811], [-79.963012, 40.33774], [-79.961251, 40.336566], [-79.961642, 40.333891], [-79.961692, 40.332569], [-79.960156, 40.331049], [-79.958997, 40.329301], [-79.958538, 40.328656], [-79.956612, 40.325993], [-79.956537, 40.323099], [-79.956327, 40.32263], [-79.956919, 40.321181], [-79.95964, 40.317689], [-79.961348, 40.318694], [-79.961907, 40.319804], [-79.963967, 40.320624], [-79.973739, 40.324145], [-79.97521, 40.324698], [-79.976259, 40.327549], [-79.97916, 40.327471], [-79.982611, 40.329388], [-79.985071, 40.328396], [-79.985425, 40.329527], [-79.985536, 40.330026]]]}, "properties": {"GEOID": "42003489002", "LILA": 0, "SCORE_1_10": 1, "NEAREST_GROCERY_MI": 0.9458887673034478, "LOW_INCOME_RAW": 0.0, "LOW_ACCESS_RAW": 0.50046492414549, "NO_VEHICLE_RAW": 0.0}}, {"type": "Feature", "geometry": {"type": "Polygon", "coordinates": [[[-79.885944, 40.455074], [-79.884732, 40.455341], [-79.884452, 40.455406], [-79.883364, 40.455451], [-79.880933, 40.45505], [-79.879708, 40.455329], [-79.877792, 40.457025], [-79.877686, 40.457094], [-79.879147, 40.458767], [-79.879241, 40.459152], [-79.876295, 40.459701], [-79.875531, 40.461549], [-79.875607, 40.460686], [-79.87521, 40.459905], [-79.874504, 40.459263], [-79.872878, 40.460618], [-79.871739, 40.46103], [-79.870256, 40.46117], [-79.870256, 40.460692], [-79.871695, 40.460565], [-79.872608, 40.45753], [-79.871466, 40.457143], [-79.868278, 40.456351], [-79.865843, 40.455745], [-79.866477, 40.452766], [-79.867561, 40.449389], [-79.86904, 40.449389], [-79.872685, 40.449367], [-79.877128, 40.449803], [-79.877692, 40.449858], [-79.878312, 40.449922], [-79.879255, 40.449756], [-79.881614, 40.449379], [-79.882185, 40.449189], [-79.883392, 40.449038], [-79.884087, 40.449144], [-79.884563, 40.451014], [-79.885258, 40.452696], [-79.885468, 40.453436], [-79.885648, 40.454027], [-79.885944, 40.455074]]]}, "properties": {"GEOID": "42003130600", "LILA": 0, "SCORE_1_10": 1, "NEAREST_GROCERY_MI": 0.6020123276822821, "LOW_INCOME_RAW": 0.0, "LOW_ACCESS_RAW": 0.0, "NO_VEHICLE_RAW": 0.0}}, {"type": "Feature", "geometry": {"type": "Polygon", "coordinates": [[[-80.019429, 40.453102], [-80.015472, 40.453834], [-80.014568, 40.453966], [-80.013621, 40.454144], [-80.009593, 40.454901], [-80.006632, 40.455449], [-80.002621, 40.456219], [-80.002194, 40.454881], [-80.001491, 40.452691], [-80.000906, 40.450857], [-80.001205, 40.450367], [-80.004693, 40.449657], [-80.00741, 40.449492], [-80.008948, 40.449953], [-80.010429, 40.448495], [-80.015041, 40.44833], [-80.018068, 40.448883], [-80.018312, 40.449678], [-80.018897, 40.451518], [-80.019429, 40.453102]]]}, "properties": {"GEOID": "42003562700", "LILA": 0, "SCORE_1_10": 1, "NEAREST_GROCERY_MI": 0.5579434959889243, "LOW_INCOME_RAW": 0.0, "LOW_ACCESS_RAW": 0.0, "NO_VEHICLE_RAW": 0.0}}, {"type": "Feature", "geometry": {"type": "Polygon", "coordinates": [[[-79.970106, 40.404756], [-79.963563, 40.408795], [-79.96303, 40.407881], [-79.960393, 40.407761], [-79.959048, 40.40974], [-79.956131, 40.410309], [-79.956644, 40.408229], [-79.956032, 40.406617], [-79.95492, 40.406845], [-79.95284, 40.401705], [-79.951517, 40.400029], [-79.950608, 40.399618], [-79.94387, 40.394168], [-79.938185, 40.393079], [-79.938793, 40.395026], [-79.937112, 40.395267], [-79.937729, 40.396786], [-79.935397, 40.396903], [-79.932971, 40.397317], [-79.932357, 40.391499], [-79.929701, 40.389745], [-79.928008, 40.391085], [-79.918244, 40.399306], [-79.916598, 40.398607], [-79.913701, 40.39664], [-79.916912, 40.393921], [-79.9149, 40.39339], [-79.91592, 40.391993], [-79.918466, 40.388475], [-79.917866, 40.388033], [-79.917651, 40.387341], [-79.9174, 40.38451], [-79.916084, 40.382113], [-79.917314, 40.381597], [-79.916241, 40.380079], [-79.91759, 40.37961], [-79.919951, 40.378088], [-79.923491, 40.379139], [-79.923913, 40.379061], [-79.925507, 40.379607], [-79.92666, 40.377246], [-79.926577, 40.374999], [-79.939439, 40.373941], [-79.940625, 40.374666], [-79.942734, 40.375965], [-79.943666, 40.374965], [-79.9455, 40.376079], [-79.942535, 40.37967], [-79.941402, 40.37979], [-79.938278, 40.38016], [-79.936448, 40.380662], [-79.935473, 40.38095], [-79.935384, 40.383613], [-79.936531, 40.388764], [-79.942093, 40.388214], [-79.944385, 40.390157], [-79.947282, 40.390049], [-79.949502, 40.39124], [-79.952436, 40.390183], [-79.957195, 40.389895], [-79.957735, 40.389914], [-79.958046, 40.39539], [-79.959924, 40.395598], [-79.959512, 40.397556], [-79.962989, 40.398068], [-79.963476, 40.398325], [-79.963904, 40.399715], [-79.969054, 40.400468], [-79.970926, 40.403357], [-79.970106, 40.404756]]]}, "properties": {"GEOID": "42003565300", "LILA": 0, "SCORE_1_10": 1, "NEAREST_GROCERY_MI": 1.1157174198395226, "LOW_INCOME_RAW": 0.0, "LOW_ACCESS_RAW": 0.0, "NO_VEHICLE_RAW": 0.0}}, {"type": "Feature", "geometry": {"type": "Polygon", "coordinates": [[[-79.90804, 40.458674], [-79.9063, 40.461017], [-79.905617, 40.462596], [-79.904188, 40.463314], [-79.903324, 40.463534], [-79.900881, 40.464175], [-79.90063, 40.464239], [-79.8996, 40.4645], [-79.898976, 40.464668], [-79.898732, 40.464611], [-79.897556, 40.464343], [-79.896197, 40.464035], [-79.894351, 40.462573], [-79.893444, 40.462473], [-79.889993, 40.461679], [-79.889992, 40.461829], [-79.88969, 40.461751], [-79.888502, 40.46143], [-79.886203, 40.460859], [-79.884781, 40.460517], [-79.884229, 40.460383], [-79.884125, 40.460358], [-79.883017, 40.460079], [-79.879241, 40.459152], [-79.879147, 40.458767], [-79.877686, 40.457094], [-79.877792, 40.457025], [-79.879708, 40.455329], [-79.880933, 40.45505], [-79.883364, 40.455451], [-79.884452, 40.455406], [-79.884732, 40.455341], [-79.885944, 40.455074], [-79.886437, 40.455151], [-79.888093, 40.455527], [-79.887726, 40.45651], [-79.888374, 40.45791], [-79.891072, 40.458522], [-79.890808, 40.459198], [-79.890448, 40.460111], [-79.892687, 40.46063], [-79.892663, 40.460974], [-79.894727, 40.461439], [-79.897556, 40.462082], [-79.897542, 40.461401], [-79.897821, 40.459719], [-79.898528, 40.457906], [-79.901115, 40.45849], [-79.9013, 40.458015], [-79.902271, 40.455599], [-79.902842, 40.454879], [-79.903148, 40.454981], [-79.90531, 40.455482], [-79.907886, 40.456061], [-79.909547, 40.456691], [-79.90804, 40.458674]]]}, "properties": {"GEOID": "42003130700", "LILA": 0, "SCORE_1_10": 1, "NEAREST_GROCERY_MI": 1.016328793440666, "LOW_INCOME_RAW": 0.0, "LOW_ACCESS_RAW": 0.0, "NO_VEHICLE_RAW": 0.0}}, {"type": "Feature", "geometry": {"type": "Polygon", "coordinates": [[[-79.872022, 40.412568], [-79.87013, 40.413713], [-79.869512, 40.414043], [-79.864517, 40.411392], [-79.86094, 40.411745], [-79.86055, 40.409023], [-79.858801, 40.409021], [-79.856857, 40.409018], [-79.852959, 40.408972], [-79.851813, 40.40981], [-79.852891, 40.405605], [-79.852613, 40.405044], [-79.851015, 40.404004], [-79.850395, 40.403615], [-79.847561, 40.402846], [-79.84637, 40.401769], [-79.845504, 40.399054], [-79.846419, 40.393965], [-79.846633, 40.393702], [-79.852345, 40.39431], [-79.852875, 40.392733], [-79.852031, 40.390205], [-79.853443, 40.388406], [-79.854501, 40.38877], [-79.864108, 40.392268], [-79.858768, 40.398358], [-79.864495, 40.402435], [-79.865084, 40.403353], [-79.865316, 40.404232], [-79.865408, 40.404975], [-79.865447, 40.406872], [-79.86692, 40.408574], [-79.871335, 40.411718], [-79.872022, 40.412568]]]}, "properties": {"GEOID": "42003513000", "LILA": 0, "SCORE_1_10": 1, "NEAREST_GROCERY_MI": 0.6138706451933585, "LOW_INCOME_RAW": 0.0, "LOW_ACCESS_RAW": 0.0, "NO_VEHICLE_RAW": 0.0}}, {"type": "Feature", "geometry": {"type": "Polygon", "coordinates": [[[-80.148497, 40.673769], [-80.132538, 40.673625], [-80.127791, 40.673604], [-80.126111, 40.673645], [-80.116498, 40.673827], [-80.101623, 40.674003], [-80.101438, 40.673983], [-80.098575, 40.674094], [-80.095724, 40.674179], [-80.094427, 40.670992], [-80.09218, 40.661506], [-80.092107, 40.659598], [-80.092123, 40.659415], [-80.092527, 40.656876], [-80.094935, 40.649693], [-80.095009, 40.649483], [-80.097554, 40.64173], [-80.098122, 40.635427], [-80.096908, 40.625159], [-80.095701, 40.615772], [-80.098052, 40.615723], [-80.122342, 40.615224], [-80.135199, 40.61496], [-80.145188, 40.614749], [-80.145408, 40.618379], [-80.146708, 40.642093], [-80.147144, 40.649384], [-80.147786, 40.661158], [-80.148379, 40.670284], [-80.148497, 40.673769]]]}, "properties": {"GEOID": "42003411001", "LILA": 0, "SCORE_1_10": 2, "NEAREST_GROCERY_MI": 2.3801832064182142, "LOW_INCOME_RAW": 0.0, "LOW_ACCESS_RAW": 0.0, "NO_VEHICLE_RAW": 0.0}}, {"type": "Feature", "geometry": {"type": "Polygon", "coordinates": [[[-80.004693, 40.449657], [-80.001205, 40.450367], [-79.997116, 40.45154], [-79.993442, 40.453819], [-79.991762, 40.452403], [-79.990791, 40.451588], [-79.992395, 40.450413], [-79.996133, 40.448182], [-79.997924, 40.447273], [-79.99976, 40.446679], [-80.001437, 40.446192], [-80.003344, 40.445648], [-80.004693, 40.449657]]]}, "properties": {"GEOID": "42003563201", "LILA": 0, "SCORE_1_10": 1, "NEAREST_GROCERY_MI": 0.15462951599105848, "LOW_INCOME_RAW": 0.0, "LOW_ACCESS_RAW": 0.0, "NO_VEHICLE_RAW": 0.0}}, {"type": "Feature", "geometry": {"type": "Polygon", "coordinates": [[[-79.995435, 40.458331], [-79.995272, 40.458573], [-79.994687, 40.459643], [-79.993277, 40.461126], [-79.992302, 40.461727], [-79.992177, 40.461114], [-79.991619, 40.46147], [-79.991257, 40.461469], [-79.990363, 40.461757], [-79.990206, 40.461589], [-79.988847, 40.462177], [-79.989009, 40.462459], [-79.988339, 40.462102], [-79.98669, 40.466116], [-79.986682, 40.466428], [-79.988337, 40.47043], [-79.989844, 40.471087], [-79.990672, 40.472159], [-79.99186, 40.473134], [-79.993286, 40.474592], [-79.993414, 40.476661], [-79.995023, 40.477361], [-79.993609, 40.477408], [-79.988092, 40.476763], [-79.987879, 40.476303], [-79.987519, 40.475543], [-79.985881, 40.471901], [-79.983868, 40.466322], [-79.98296, 40.467263], [-79.981829, 40.469316], [-79.980313, 40.47039], [-79.978792, 40.47161], [-79.977193, 40.470848], [-79.974678, 40.469436], [-79.974575, 40.469458], [-79.972852, 40.470341], [-79.970767, 40.470658], [-79.97156, 40.468988], [-79.973908, 40.46587], [-79.976016, 40.463091], [-79.979634, 40.460081], [-79.980621, 40.45904], [-79.985568, 40.455413], [-79.990791, 40.451588], [-79.991762, 40.452403], [-79.993442, 40.453819], [-79.992281, 40.454771], [-79.994293, 40.454935], [-79.994669, 40.455404], [-79.993099, 40.455788], [-79.991304, 40.456734], [-79.99273, 40.457377], [-79.992892, 40.457448], [-79.9937, 40.457796], [-79.994441, 40.458114], [-79.994827, 40.458211], [-79.995477, 40.458101], [-79.995435, 40.458331]]]}, "properties": {"GEOID": "42003241300", "LILA": 0, "SCORE_1_10": 1, "NEAREST_GROCERY_MI": 0.7010596256838311, "LOW_INCOME_RAW": 0.0, "LOW_ACCESS_RAW": 0.0, "NO_VEHICLE_RAW": 0.0}}, {"type": "Feature", "geometry": {"type": "Polygon", "coordinates": [[[-80.01783, 40.497353], [-80.016984, 40.499834], [-80.013033, 40.498731], [-80.012258, 40.498879], [-80.01102, 40.50089], [-80.010681, 40.499096], [-80.00776, 40.497978], [-80.006985, 40.497715], [-80.004022, 40.497788], [-80.003932, 40.496285], [-80.00322, 40.482939], [-80.003206, 40.482548], [-80.001767, 40.482428], [-80.001707, 40.480666], [-80.001683, 40.480082], [-79.998901, 40.479808], [-79.998607, 40.479165], [-79.996517, 40.479186], [-79.995346, 40.477361], [-79.995833, 40.474536], [-79.997611, 40.474591], [-79.998755, 40.474396], [-80.0005, 40.474176], [-80.00055, 40.473292], [-80.002868, 40.473201], [-80.003564, 40.472864], [-80.004454, 40.472449], [-80.004997, 40.472209], [-80.007463, 40.47589], [-80.007658, 40.47636], [-80.007759, 40.476707], [-80.007785, 40.477634], [-80.007549, 40.479895], [-80.007509, 40.480859], [-80.007554, 40.481681], [-80.007846, 40.483127], [-80.00898, 40.483482], [-80.009536, 40.485332], [-80.009745, 40.486341], [-80.010698, 40.490547], [-80.012505, 40.496706], [-80.01408, 40.496493], [-80.017593, 40.497337], [-80.01783, 40.497353]]]}, "properties": {"GEOID": "42003261300", "LILA": 0, "SCORE_1_10": 1, "NEAREST_GROCERY_MI": 0.6070443634076872, "LOW_INCOME_RAW": 0.0, "LOW_ACCESS_RAW": 0.0, "NO_VEHICLE_RAW": 0.0}}, {"type": "Feature", "geometry": {"type": "Polygon", "coordinates": [[[-80.037863, 40.47286], [-80.036528, 40.474903], [-80.036495, 40.47262], [-80.034854, 40.474188], [-80.035117, 40.475091], [-80.034026, 40.475876], [-80.03288, 40.476338], [-80.031718, 40.476489], [-80.02994, 40.476994], [-80.025582, 40.480738], [-80.025632, 40.481742], [-80.025677, 40.482748], [-80.02498, 40.481761], [-80.023509, 40.479397], [-80.025012, 40.479383], [-80.026001, 40.479369], [-80.027297, 40.476728], [-80.025326, 40.476207], [-80.022932, 40.476569], [-80.022731, 40.476661], [-80.019715, 40.476589], [-80.017371, 40.477294], [-80.017251, 40.474133], [-80.017217, 40.473305], [-80.017176, 40.472311], [-80.020603, 40.472173], [-80.022622, 40.472168], [-80.025828, 40.470612], [-80.025613, 40.469943], [-80.025399, 40.469285], [-80.025147, 40.467804], [-80.025046, 40.467108], [-80.02468, 40.465456], [-80.022707, 40.463783], [-80.022862, 40.46374], [-80.026809, 40.462995], [-80.028889, 40.462759], [-80.029415, 40.463079], [-80.03052, 40.462289], [-80.030776, 40.462125], [-80.033619, 40.465449], [-80.035414, 40.467504], [-80.037709, 40.47177], [-80.037436, 40.471775], [-80.037863, 40.47286]]]}, "properties": {"GEOID": "42003271600", "LILA": 0, "SCORE_1_10": 1, "NEAREST_GROCERY_MI": 0.28610169355301523, "LOW_INCOME_RAW": 0.0, "LOW_ACCESS_RAW": 0.0, "NO_VEHICLE_RAW": 0.0}}, {"type": "Feature", "geometry": {"type": "Polygon", "coordinates": [[[-79.998803, 40.429749], [-79.992552, 40.427665], [-79.99097, 40.427279], [-79.988592, 40.426395], [-79.98749, 40.42604], [-79.986272, 40.425753], [-79.982379, 40.425463], [-79.976607, 40.425126], [-79.976653, 40.424923], [-79.97664, 40.423537], [-79.976759, 40.423564], [-79.977704, 40.423462], [-79.978372, 40.422256], [-79.97987, 40.421365], [-79.979161, 40.420216], [-79.979396, 40.419867], [-79.979368, 40.418031], [-79.978869, 40.417957], [-79.980602, 40.41772], [-79.982259, 40.417667], [-79.986362, 40.417556], [-79.988183, 40.41851], [-79.988159, 40.420084], [-79.988189, 40.421606], [-79.988247, 40.421889], [-79.988248, 40.422319], [-79.988312, 40.422875], [-79.988691, 40.422843], [-79.987728, 40.424866], [-79.990238, 40.424943], [-79.990609, 40.425417], [-79.993846, 40.426726], [-79.994823, 40.427456], [-79.996786, 40.428194], [-79.998361, 40.42899], [-79.999024, 40.429451], [-79.998803, 40.429749]]]}, "properties": {"GEOID": "42003170600", "LILA": 0, "SCORE_1_10": 1, "NEAREST_GROCERY_MI": 0.3377950394284787, "LOW_INCOME_RAW": 0.0, "LOW_ACCESS_RAW": 0.0, "NO_VEHICLE_RAW": 0.0}}, {"type": "Feature", "geometry": {"type": "Polygon", "coordinates": [[[-80.018862, 40.424212], [-80.016382, 40.422055], [-80.016307, 40.421965], [-80.012341, 40.422445], [-80.011679, 40.423053], [-80.010268, 40.42457], [-80.010018, 40.4245], [-80.009118, 40.42426], [-80.007807, 40.426201], [-80.00623, 40.42687], [-80.005611, 40.42701], [-80.005096, 40.425498], [-80.005021, 40.423845], [-80.004955, 40.422441], [-80.004945, 40.422199], [-80.002745, 40.422266], [-80.002467, 40.421774], [-80.002486, 40.421029], [-80.004903, 40.420781], [-80.00606, 40.420601], [-80.006111, 40.420591], [-80.007677, 40.420088], [-80.008632, 40.419517], [-80.0106, 40.417898], [-80.010863, 40.417478], [-80.011228, 40.417086], [-80.011025, 40.415879], [-80.011361, 40.415068], [-80.009676, 40.414087], [-80.009563, 40.414023], [-80.009605, 40.413924], [-80.00997, 40.413079], [-80.011045, 40.413569], [-80.014321, 40.414615], [-80.015147, 40.415335], [-80.015679, 40.416963], [-80.016142, 40.418053], [-80.016182, 40.420318], [-80.016397, 40.42085], [-80.017414, 40.421966], [-80.019594, 40.423984], [-80.018862, 40.424212]]]}, "properties": {"GEOID": "42003191500", "LILA": 0, "SCORE_1_10": 1, "NEAREST_GROCERY_MI": 0.6790532923252934, "LOW_INCOME_RAW": 0.0, "LOW_ACCESS_RAW": 0.0, "NO_VEHICLE_RAW": 0.0}}, {"type": "Feature", "geometry": {"type": "Polygon", "coordinates": [[[-80.031144, 40.396613], [-80.02939, 40.397205], [-80.026234, 40.39831], [-80.025044, 40.399175], [-80.023814, 40.400124], [-80.020274, 40.400031], [-80.021173, 40.399211], [-80.019588, 40.398062], [-80.0187, 40.397411], [-80.017966, 40.398], [-80.016062, 40.396623], [-80.015666, 40.396517], [-80.016385, 40.392661], [-80.01502, 40.392952], [-80.015267, 40.391899], [-80.01671, 40.391809], [-80.017738, 40.392116], [-80.01907, 40.393075], [-80.021546, 40.394849], [-80.023662, 40.39623], [-80.02431, 40.395315], [-80.026355, 40.394269], [-80.027164, 40.394189], [-80.030698, 40.395351], [-80.030718, 40.395355], [-80.030944, 40.396021], [-80.031144, 40.396613]]]}, "properties": {"GEOID": "42003191900", "LILA": 0, "SCORE_1_10": 1, "NEAREST_GROCERY_MI": 0.11848551188957429, "LOW_INCOME_RAW": 0.0, "LOW_ACCESS_RAW": 0.0, "NO_VEHICLE_RAW": 0.0}}, {"type": "Feature", "geometry": {"type": "Polygon", "coordinates": [[[-80.06284, 40.448545], [-80.060245, 40.450477], [-80.059958, 40.450677], [-80.057016, 40.451575], [-80.055146, 40.452506], [-80.054523, 40.452605], [-80.052648, 40.452134], [-80.051274, 40.451536], [-80.045281, 40.450422], [-80.044002, 40.447758], [-80.044106, 40.447259], [-80.043451, 40.445738], [-80.041611, 40.44497], [-80.042782, 40.443994], [-80.04357, 40.444054], [-80.045783, 40.442333], [-80.045306, 40.441949], [-80.046724, 40.441101], [-80.047411, 40.44119], [-80.04872, 40.441845], [-80.051375, 40.442561], [-80.052189, 40.44282], [-80.054343, 40.443639], [-80.054592, 40.443711], [-80.055371, 40.443936], [-80.056742, 40.444315], [-80.058497, 40.444588], [-80.060935, 40.446707], [-80.061901, 40.447807], [-80.06284, 40.448545]]]}, "properties": {"GEOID": "42003281400", "LILA": 0, "SCORE_1_10": 1, "NEAREST_GROCERY_MI": 1.1311111629534276, "LOW_INCOME_RAW": 0.0, "LOW_ACCESS_RAW": 0.0, "NO_VEHICLE_RAW": 0.0}}, {"type": "Feature", "geometry": {"type": "Polygon", "coordinates": [[[-79.92666, 40.377246], [-79.925507, 40.379607], [-79.923913, 40.379061], [-79.923491, 40.379139], [-79.919951, 40.378088], [-79.91759, 40.37961], [-79.916241, 40.380079], [-79.915668, 40.380277], [-79.913528, 40.380942], [-79.911689, 40.380541], [-79.911484, 40.379576], [-79.910679, 40.378715], [-79.910477, 40.378375], [-79.908347, 40.378153], [-79.909336, 40.376895], [-79.908844, 40.376692], [-79.910777, 40.374146], [-79.911818, 40.372805], [-79.908808, 40.370669], [-79.903438, 40.371889], [-79.900347, 40.36537], [-79.90083, 40.364996], [-79.907181, 40.361514], [-79.907438, 40.362028], [-79.908208, 40.363572], [-79.908669, 40.363505], [-79.910821, 40.362849], [-79.911898, 40.365008], [-79.91373, 40.365514], [-79.920665, 40.365361], [-79.922285, 40.368633], [-79.92235, 40.369707], [-79.92236, 40.370712], [-79.924394, 40.372478], [-79.924982, 40.375091], [-79.926577, 40.374999], [-79.92666, 40.377246]]]}, "properties": {"GEOID": "42003310200", "LILA": 0, "SCORE_1_10": 1, "NEAREST_GROCERY_MI": 0.7959085712699199, "LOW_INCOME_RAW": 0.0, "LOW_ACCESS_RAW": 510.329723387957, "NO_VEHICLE_RAW": 0.0}}, {"type": "Feature", "geometry": {"type": "Polygon", "coordinates": [[[-80.01502, 40.392952], [-80.013978, 40.396069], [-80.013389, 40.396684], [-80.008783, 40.399525], [-80.005073, 40.40075], [-80.00161, 40.401913], [-80.000732, 40.402057], [-80.000617, 40.402077], [-80.000473, 40.401561], [-80.000371, 40.400825], [-80.000131, 40.399021], [-79.999848, 40.398382], [-79.998147, 40.396279], [-79.99776, 40.395819], [-79.997398, 40.395378], [-79.99722, 40.394784], [-79.997306, 40.392991], [-79.997686, 40.392595], [-79.998148, 40.389767], [-79.998568, 40.389791], [-79.998446, 40.389098], [-79.999192, 40.388925], [-80.002164, 40.388193], [-80.00588, 40.388374], [-80.007424, 40.388836], [-80.008267, 40.389959], [-80.00847, 40.390104], [-80.009803, 40.390839], [-80.009175, 40.391069], [-80.00878, 40.392384], [-80.009358, 40.392361], [-80.013137, 40.392156], [-80.015267, 40.391899], [-80.01502, 40.392952]]]}, "properties": {"GEOID": "42003320600", "LILA": 0, "SCORE_1_10": 1, "NEAREST_GROCERY_MI": 0.4464429664593114, "LOW_INCOME_RAW": 0.0, "LOW_ACCESS_RAW": 0.0, "NO_VEHICLE_RAW": 0.0}}, {"type": "Feature", "geometry": {"type": "Polygon", "coordinates": [[[-80.007424, 40.388836], [-80.00588, 40.388374], [-80.002164, 40.388193], [-79.999192, 40.388925], [-79.998446, 40.389098], [-79.998568, 40.389791], [-79.998148, 40.389767], [-79.997686, 40.392595], [-79.997306, 40.392991], [-79.996759, 40.388608], [-79.996415, 40.387958], [-79.994893, 40.386119], [-79.995049, 40.384681], [-79.995784, 40.383601], [-79.995977, 40.38242], [-79.99594, 40.382233], [-79.995474, 40.381349], [-79.993985, 40.379733], [-79.993577, 40.379101], [-79.992796, 40.378609], [-79.993508, 40.378343], [-79.994132, 40.376728], [-79.993999, 40.375839], [-79.994064, 40.375819], [-79.998051, 40.376472], [-79.999123, 40.377344], [-80.001586, 40.374841], [-80.00457, 40.374218], [-80.005372, 40.374597], [-80.006708, 40.374861], [-80.005361, 40.377133], [-80.004181, 40.37817], [-80.00222, 40.379287], [-80.001728, 40.379699], [-80.003335, 40.38117], [-80.005244, 40.38384], [-80.006326, 40.383472], [-80.005966, 40.383612], [-80.007685, 40.387224], [-80.007424, 40.388836]]]}, "properties": {"GEOID": "42003320700", "LILA": 0, "SCORE_1_10": 1, "NEAREST_GROCERY_MI": 0.7298302851547278, "LOW_INCOME_RAW": 0.0, "LOW_ACCESS_RAW": 0.0, "NO_VEHICLE_RAW": 0.0}}, {"type": "Feature", "geometry": {"type": "Polygon", "coordinates": [[[-80.080511, 40.440495], [-80.080136, 40.440682], [-80.076352, 40.441808], [-80.074064, 40.440335], [-80.073172, 40.441084], [-80.068249, 40.441766], [-80.066092, 40.442016], [-80.062681, 40.441886], [-80.061216, 40.440632], [-80.061173, 40.440597], [-80.057596, 40.437534], [-80.059123, 40.437135], [-80.060144, 40.436377], [-80.060957, 40.436419], [-80.061191, 40.436804], [-80.061255, 40.436848], [-80.061541, 40.436844], [-80.06154, 40.43676], [-80.061609, 40.436569], [-80.061678, 40.436462], [-80.061235, 40.435619], [-80.06567, 40.433357], [-80.067632, 40.435366], [-80.06766, 40.436006], [-80.067372, 40.436853], [-80.066962, 40.437902], [-80.068681, 40.438197], [-80.069051, 40.437051], [-80.073682, 40.435259], [-80.075065, 40.435667], [-80.076453, 40.437601], [-80.079811, 40.440293], [-80.080612, 40.440118], [-80.080511, 40.440495]]]}, "properties": {"GEOID": "42003465600", "LILA": 0, "SCORE_1_10": 1, "NEAREST_GROCERY_MI": 0.2578181812717946, "LOW_INCOME_RAW": 0.0, "LOW_ACCESS_RAW": 0.0, "NO_VEHICLE_RAW": 0.0}}, {"type": "Feature", "geometry": {"type": "Polygon", "coordinates": [[[-79.794835, 40.540934], [-79.790626, 40.541137], [-79.78772, 40.541239], [-79.781222, 40.541135], [-79.779972, 40.541217], [-79.774257, 40.542065], [-79.771137, 40.544153], [-79.766378, 40.544215], [-79.764172, 40.544264], [-79.766091, 40.540713], [-79.768478, 40.538779], [-79.772762, 40.536327], [-79.779239, 40.534455], [-79.783753, 40.534108], [-79.794789, 40.535785], [-79.794724, 40.5372], [-79.794835, 40.540934]]]}, "properties": {"GEOID": "42003417200", "LILA": 0, "SCORE_1_10": 2, "NEAREST_GROCERY_MI": 2.024141337021528, "LOW_INCOME_RAW": 0.0, "LOW_ACCESS_RAW": 1260.00001473655, "NO_VEHICLE_RAW": 0.0}}, {"type": "Feature", "geometry": {"type": "Polygon", "coordinates": [[[-79.811297, 40.561932], [-79.806299, 40.562061], [-79.80017, 40.562261], [-79.798196, 40.56229], [-79.793981, 40.562389], [-79.783749, 40.562667], [-79.775699, 40.562828], [-79.774, 40.562863], [-79.772052, 40.562955], [-79.770807, 40.560257], [-79.769545, 40.557436], [-79.768543, 40.554996], [-79.766119, 40.55083], [-79.76509, 40.549238], [-79.763698, 40.546025], [-79.764172, 40.544264], [-79.766378, 40.544215], [-79.771137, 40.544153], [-79.774548, 40.544024], [-79.775163, 40.544739], [-79.779773, 40.546907], [-79.781195, 40.548224], [-79.781492, 40.548465], [-79.783985, 40.548415], [-79.788866, 40.548323], [-79.788757, 40.545565], [-79.795052, 40.545378], [-79.795248, 40.547225], [-79.798976, 40.549119], [-79.806227, 40.548935], [-79.807903, 40.548899], [-79.807907, 40.549532], [-79.808051, 40.553994], [-79.811163, 40.553967], [-79.81118, 40.555577], [-79.811297, 40.561932]]]}, "properties": {"GEOID": "42003416000", "LILA": 0, "SCORE_1_10": 1, "NEAREST_GROCERY_MI": 1.3144535223821825, "LOW_INCOME_RAW": 0.0, "LOW_ACCESS_RAW": 453.152474842966, "NO_VEHICLE_RAW": 0.0}}, {"type": "Feature", "geometry": {"type": "Polygon", "coordinates": [[[-79.93868, 40.554047], [-79.936049, 40.554114], [-79.918509, 40.554788], [-79.914643, 40.551533], [-79.914298, 40.549834], [-79.91412, 40.549591], [-79.913706, 40.550057], [-79.912514, 40.553184], [-79.909661, 40.554992], [-79.908069, 40.555105], [-79.907025, 40.559265], [-79.905022, 40.561173], [-79.905057, 40.563281], [-79.902796, 40.565111], [-79.902107, 40.567729], [-79.901178, 40.568698], [-79.896186, 40.569808], [-79.893286, 40.571841], [-79.892431, 40.571839], [-79.893791, 40.569366], [-79.892915, 40.568786], [-79.888517, 40.568348], [-79.886085, 40.570056], [-79.881767, 40.570955], [-79.878574, 40.57104], [-79.875255, 40.570885], [-79.872166, 40.568203], [-79.869241, 40.568161], [-79.867093, 40.565965], [-79.86486, 40.566432], [-79.862744, 40.567153], [-79.859428, 40.565943], [-79.859388, 40.565495], [-79.858649, 40.563709], [-79.856811, 40.561942], [-79.853758, 40.560695], [-79.858317, 40.560624], [-79.859046, 40.560609], [-79.868996, 40.560352], [-79.868351, 40.547269], [-79.868343, 40.546903], [-79.874529, 40.54678], [-79.874547, 40.552101], [-79.877392, 40.551758], [-79.884422, 40.550965], [-79.886888, 40.548653], [-79.889059, 40.549321], [-79.890809, 40.55102], [-79.892365, 40.550982], [-79.89232, 40.549515], [-79.8971, 40.549187], [-79.896066, 40.548684], [-79.895934, 40.546144], [-79.898477, 40.542623], [-79.900752, 40.543672], [-79.902994, 40.539581], [-79.902817, 40.538051], [-79.904028, 40.539515], [-79.904348, 40.546092], [-79.90749, 40.547245], [-79.908546, 40.547775], [-79.910194, 40.5483], [-79.910199, 40.546985], [-79.91296, 40.546863], [-79.912708, 40.540866], [-79.913654, 40.540848], [-79.911096, 40.537733], [-79.913097, 40.536165], [-79.917813, 40.536061], [-79.920367, 40.535977], [-79.927146, 40.535857], [-79.927121, 40.534271], [-79.937654, 40.534152], [-79.937714, 40.53461], [-79.937804, 40.537191], [-79.937937, 40.539596], [-79.938208, 40.54342], [-79.93853, 40.549855], [-79.938578, 40.55067], [-79.938613, 40.551325], [-79.938658, 40.552165], [-79.93868, 40.554047]]]}, "properties": {"GEOID": "42003415002", "LILA": 0, "SCORE_1_10": 4, "NEAREST_GROCERY_MI": 10.0, "LOW_INCOME_RAW": 0.0, "LOW_ACCESS_RAW": 2545.00001741905, "NO_VEHICLE_RAW": 0.0}}, {"type": "Feature", "geometry": {"type": "Polygon", "coordinates": [[[-79.989674, 40.570331], [-79.983246, 40.567581], [-79.979711, 40.56608], [-79.976171, 40.566065], [-79.968697, 40.563213], [-79.966387, 40.563061], [-79.965465, 40.564285], [-79.965735, 40.564461], [-79.964517, 40.565613], [-79.966918, 40.568131], [-79.964475, 40.567867], [-79.961914, 40.569107], [-79.961423, 40.570883], [-79.95798, 40.569431], [-79.95538, 40.567371], [-79.955705, 40.566828], [-79.954867, 40.566982], [-79.954542, 40.567646], [-79.954173, 40.569128], [-79.954167, 40.569589], [-79.954762, 40.57202], [-79.954692, 40.57551], [-79.953779, 40.578013], [-79.952663, 40.579116], [-79.949352, 40.58096], [-79.938346, 40.581305], [-79.932433, 40.581747], [-79.929578, 40.581464], [-79.921782, 40.581619], [-79.920545, 40.581739], [-79.919032, 40.583189], [-79.915526, 40.584894], [-79.915506, 40.583743], [-79.915383, 40.57793], [-79.915332, 40.573081], [-79.915228, 40.567494], [-79.915129, 40.558933], [-79.915083, 40.554947], [-79.917677, 40.554827], [-79.918509, 40.554788], [-79.936049, 40.554114], [-79.93868, 40.554047], [-79.939188, 40.554034], [-79.946226, 40.553886], [-79.950217, 40.554543], [-79.958231, 40.554264], [-79.958424, 40.554263], [-79.958619, 40.554261], [-79.967338, 40.55406], [-79.971224, 40.55414], [-79.979285, 40.553796], [-79.979927, 40.555086], [-79.982712, 40.555142], [-79.982685, 40.553955], [-79.988921, 40.553938], [-79.989057, 40.55868], [-79.989125, 40.558899], [-79.98934, 40.563558], [-79.98952, 40.567223], [-79.989674, 40.570331]]]}, "properties": {"GEOID": "42003414200", "LILA": 0, "SCORE_1_10": 2, "NEAREST_GROCERY_MI": 1.3818770088957992, "LOW_INCOME_RAW": 0.0, "LOW_ACCESS_RAW": 2779.62186720708, "NO_VEHICLE_RAW": 0.0}}, {"type": "Feature", "geometry": {"type": "Polygon", "coordinates": [[[-80.065605, 40.566567], [-80.061249, 40.564738], [-80.06054, 40.56307], [-80.05985, 40.563677], [-80.05989, 40.567459], [-80.056998, 40.568667], [-80.054791, 40.56642], [-80.05159, 40.566178], [-80.050579, 40.567464], [-80.049522, 40.567971], [-80.048572, 40.567227], [-80.044356, 40.566765], [-80.04364, 40.566496], [-80.039408, 40.561063], [-80.037599, 40.56851], [-80.037012, 40.571515], [-80.036953, 40.571939], [-80.023515, 40.572129], [-80.023383, 40.570362], [-80.024473, 40.566171], [-80.025227, 40.562377], [-80.023302, 40.558138], [-80.021231, 40.554542], [-80.020866, 40.553871], [-80.027467, 40.553874], [-80.034923, 40.55362], [-80.038216, 40.553495], [-80.043683, 40.553325], [-80.057187, 40.552922], [-80.064723, 40.552712], [-80.065605, 40.566567]]]}, "properties": {"GEOID": "42003413300", "LILA": 0, "SCORE_1_10": 2, "NEAREST_GROCERY_MI": 1.0819350450327447, "LOW_INCOME_RAW": 0.0, "LOW_ACCESS_RAW": 1408.70520539675, "NO_VEHICLE_RAW": 0.0}}, {"type": "Feature", "geometry": {"type": "Polygon", "coordinates": [[[-80.108617, 40.513213], [-80.107988, 40.514632], [-80.107481, 40.516823], [-80.101096, 40.515482], [-80.099069, 40.514623], [-80.097075, 40.514766], [-80.096306, 40.516402], [-80.093563, 40.516522], [-80.088584, 40.516611], [-80.087103, 40.517016], [-80.087678, 40.510722], [-80.088705, 40.509432], [-80.088081, 40.506486], [-80.087932, 40.505607], [-80.089504, 40.5032], [-80.092901, 40.50432], [-80.09775, 40.506617], [-80.108363, 40.510521], [-80.108617, 40.513213]]]}, "properties": {"GEOID": "42003435000", "LILA": 0, "SCORE_1_10": 2, "NEAREST_GROCERY_MI": 0.20229248372634148, "LOW_INCOME_RAW": 0.0, "LOW_ACCESS_RAW": 2449.00000733882, "NO_VEHICLE_RAW": 0.0}}, {"type": "Feature", "geometry": {"type": "Polygon", "coordinates": [[[-80.075357, 40.508832], [-80.069516, 40.508993], [-80.068495, 40.509], [-80.063433, 40.506717], [-80.061592, 40.505803], [-80.06145, 40.502909], [-80.061385, 40.50183], [-80.061378, 40.501576], [-80.061295, 40.500213], [-80.061124, 40.498304], [-80.063023, 40.499061], [-80.065608, 40.500078], [-80.065868, 40.500186], [-80.067963, 40.501382], [-80.069056, 40.501798], [-80.071331, 40.50265], [-80.072083, 40.503179], [-80.075024, 40.50357], [-80.075155, 40.505452], [-80.075357, 40.508832]]]}, "properties": {"GEOID": "42003432300", "LILA": 0, "SCORE_1_10": 1, "NEAREST_GROCERY_MI": 0.5592809296317601, "LOW_INCOME_RAW": 0.0, "LOW_ACCESS_RAW": 0.0, "NO_VEHICLE_RAW": 0.0}}, {"type": "Feature", "geometry": {"type": "Polygon", "coordinates": [[[-80.066235, 40.490968], [-80.062621, 40.49383], [-80.062093, 40.494442], [-80.060932, 40.495549], [-80.061124, 40.498304], [-80.061295, 40.500213], [-80.061378, 40.501576], [-80.057119, 40.500885], [-80.05665, 40.500806], [-80.056162, 40.500693], [-80.050573, 40.497742], [-80.051321, 40.496462], [-80.052681, 40.494145], [-80.052423, 40.494018], [-80.054983, 40.491957], [-80.057351, 40.489006], [-80.055787, 40.48628], [-80.0511, 40.483782], [-80.053179, 40.48217], [-80.054641, 40.48297], [-80.057236, 40.484738], [-80.063196, 40.488654], [-80.066235, 40.490968]]]}, "properties": {"GEOID": "42003431500", "LILA": 0, "SCORE_1_10": 1, "NEAREST_GROCERY_MI": 0.3794078585102183, "LOW_INCOME_RAW": 0.0, "LOW_ACCESS_RAW": 0.0, "NO_VEHICLE_RAW": 0.0}}, {"type": "Feature", "geometry": {"type": "Polygon", "coordinates": [[[-80.034923, 40.55362], [-80.027467, 40.553874], [-80.020866, 40.553871], [-80.019141, 40.550321], [-80.018829, 40.549616], [-80.017486, 40.546845], [-80.016929, 40.54592], [-80.014484, 40.543825], [-80.012451, 40.540863], [-80.010987, 40.536332], [-80.011038, 40.533096], [-80.010782, 40.532212], [-80.009939, 40.530571], [-80.006681, 40.527823], [-80.005739, 40.526366], [-80.005631, 40.526023], [-80.005483, 40.522821], [-80.004195, 40.514038], [-80.008305, 40.514951], [-80.012483, 40.517562], [-80.013592, 40.519081], [-80.015666, 40.524787], [-80.017698, 40.527881], [-80.018142, 40.531286], [-80.019126, 40.534017], [-80.019672, 40.534768], [-80.021984, 40.537056], [-80.025109, 40.540084], [-80.029455, 40.544072], [-80.031152, 40.545017], [-80.033005, 40.547129], [-80.034331, 40.549142], [-80.034923, 40.55362]]]}, "properties": {"GEOID": "42003429500", "LILA": 0, "SCORE_1_10": 1, "NEAREST_GROCERY_MI": 0.40199256087859725, "LOW_INCOME_RAW": 0.0, "LOW_ACCESS_RAW": 0.0, "NO_VEHICLE_RAW": 0.0}}, {"type": "Feature", "geometry": {"type": "Polygon", "coordinates": [[[-80.064723, 40.552712], [-80.057187, 40.552922], [-80.043683, 40.553325], [-80.038216, 40.553495], [-80.037099, 40.550068], [-80.036914, 40.548072], [-80.036481, 40.547055], [-80.035969, 40.545242], [-80.03591, 40.542743], [-80.036039, 40.540968], [-80.036341, 40.538997], [-80.035975, 40.53631], [-80.035967, 40.535078], [-80.03577, 40.531965], [-80.035069, 40.529853], [-80.035406, 40.528237], [-80.035597, 40.525748], [-80.036131, 40.525675], [-80.036684, 40.525653], [-80.036996, 40.527426], [-80.039644, 40.527433], [-80.040904, 40.52851], [-80.042243, 40.527051], [-80.040618, 40.523633], [-80.039969, 40.522256], [-80.041152, 40.522063], [-80.042395, 40.521705], [-80.04367, 40.521715], [-80.047433, 40.521818], [-80.048117, 40.521891], [-80.048085, 40.521136], [-80.051452, 40.520447], [-80.053088, 40.516605], [-80.053805, 40.517797], [-80.057092, 40.517068], [-80.058494, 40.517637], [-80.062322, 40.515864], [-80.062641, 40.519377], [-80.062639, 40.520041], [-80.063345, 40.531701], [-80.063394, 40.532711], [-80.064048, 40.542246], [-80.064723, 40.552712]]]}, "properties": {"GEOID": "42003429300", "LILA": 0, "SCORE_1_10": 1, "NEAREST_GROCERY_MI": 0.16388455305461797, "LOW_INCOME_RAW": 0.0, "LOW_ACCESS_RAW": 212.546418190002, "NO_VEHICLE_RAW": 0.0}}, {"type": "Feature", "geometry": {"type": "Polygon", "coordinates": [[[-80.007412, 40.52991], [-80.003853, 40.530328], [-80.003909, 40.531635], [-80.003766, 40.532293], [-80.002934, 40.531819], [-80.000464, 40.531751], [-79.999001, 40.535145], [-79.997956, 40.535898], [-79.997425, 40.536208], [-79.993543, 40.538691], [-79.993877, 40.539332], [-79.994052, 40.543414], [-79.994326, 40.543817], [-79.99292, 40.543387], [-79.988921, 40.543551], [-79.988456, 40.543637], [-79.988318, 40.539457], [-79.988264, 40.537446], [-79.988224, 40.535891], [-79.988242, 40.52696], [-79.988246, 40.52693], [-79.988236, 40.524443], [-79.988204, 40.524112], [-79.987619, 40.519572], [-79.987591, 40.51936], [-79.986975, 40.514115], [-79.986869, 40.510353], [-79.986629, 40.506272], [-79.99016, 40.505489], [-79.99017, 40.506216], [-79.989303, 40.506838], [-79.990068, 40.507998], [-79.991126, 40.509381], [-79.993986, 40.510927], [-79.999269, 40.513249], [-80.002848, 40.513806], [-80.004195, 40.514038], [-80.005483, 40.522821], [-80.005631, 40.526023], [-80.005739, 40.526366], [-80.006681, 40.527823], [-80.009939, 40.530571], [-80.007412, 40.52991]]]}, "properties": {"GEOID": "42003429202", "LILA": 0, "SCORE_1_10": 1, "NEAREST_GROCERY_MI": 0.4317329526132946, "LOW_INCOME_RAW": 0.0, "LOW_ACCESS_RAW": 29.9001653194427, "NO_VEHICLE_RAW": 0.0}}, {"type": "Feature", "geometry": {"type": "Polygon", "coordinates": [[[-80.030629, 40.511367], [-80.028193, 40.509465], [-80.026545, 40.50898], [-80.025098, 40.510089], [-80.023883, 40.509766], [-80.021481, 40.511569], [-80.017765, 40.514417], [-80.018239, 40.514959], [-80.02303, 40.520775], [-80.022014, 40.520758], [-80.017605, 40.520204], [-80.014981, 40.519745], [-80.013592, 40.519081], [-80.012483, 40.517562], [-80.008305, 40.514951], [-80.004195, 40.514038], [-80.002848, 40.513806], [-79.999269, 40.513249], [-79.993986, 40.510927], [-79.991126, 40.509381], [-79.990068, 40.507998], [-79.989303, 40.506838], [-79.99017, 40.506216], [-79.99016, 40.505489], [-79.986629, 40.506272], [-79.986513, 40.503988], [-79.985701, 40.503246], [-79.985678, 40.502435], [-79.985646, 40.501953], [-79.989709, 40.500658], [-79.989625, 40.497214], [-79.99098, 40.497174], [-79.994275, 40.497068], [-79.994142, 40.494043], [-79.995203, 40.494018], [-79.995392, 40.494284], [-79.997004, 40.495063], [-80.003932, 40.496285], [-80.004022, 40.497788], [-80.006985, 40.497715], [-80.00776, 40.497978], [-80.010681, 40.499096], [-80.01102, 40.50089], [-80.012258, 40.498879], [-80.013033, 40.498731], [-80.016984, 40.499834], [-80.01783, 40.497353], [-80.020079, 40.497709], [-80.020257, 40.498226], [-80.021237, 40.499643], [-80.021881, 40.500122], [-80.022694, 40.50067], [-80.025137, 40.503397], [-80.026441, 40.504303], [-80.028419, 40.505263], [-80.029382, 40.506071], [-80.029335, 40.509138], [-80.030629, 40.511367]]]}, "properties": {"GEOID": "42003429100", "LILA": 0, "SCORE_1_10": 1, "NEAREST_GROCERY_MI": 0.8372184032132864, "LOW_INCOME_RAW": 0.0, "LOW_ACCESS_RAW": 602.21538323909, "NO_VEHICLE_RAW": 0.0}}, {"type": "Feature", "geometry": {"type": "Polygon", "coordinates": [[[-79.985678, 40.502435], [-79.981296, 40.501368], [-79.980159, 40.499738], [-79.978075, 40.49875], [-79.977693, 40.499251], [-79.97647, 40.500517], [-79.975844, 40.501274], [-79.974037, 40.502425], [-79.972175, 40.502393], [-79.969367, 40.504806], [-79.967587, 40.504402], [-79.96611, 40.504504], [-79.963426, 40.507552], [-79.961587, 40.50758], [-79.957573, 40.507646], [-79.956465, 40.506054], [-79.9562, 40.505376], [-79.955388, 40.503968], [-79.958274, 40.503868], [-79.958202, 40.501407], [-79.95589, 40.501759], [-79.954247, 40.502], [-79.952169, 40.502411], [-79.950087, 40.501739], [-79.948121, 40.498264], [-79.950321, 40.496952], [-79.954714, 40.493946], [-79.956559, 40.493337], [-79.955713, 40.491748], [-79.953072, 40.489542], [-79.95127, 40.487586], [-79.955351, 40.485907], [-79.96069, 40.482055], [-79.963175, 40.479766], [-79.964756, 40.477917], [-79.967418, 40.478986], [-79.970655, 40.480751], [-79.972412, 40.481379], [-79.972831, 40.481808], [-79.971809, 40.483574], [-79.969854, 40.483642], [-79.969981, 40.486113], [-79.970127, 40.488234], [-79.970375, 40.491108], [-79.970464, 40.492889], [-79.971102, 40.495438], [-79.97108, 40.495511], [-79.976154, 40.495311], [-79.976006, 40.493691], [-79.983109, 40.493526], [-79.984077, 40.493458], [-79.98528, 40.493619], [-79.985646, 40.501953], [-79.985678, 40.502435]]]}, "properties": {"GEOID": "42003427200", "LILA": 0, "SCORE_1_10": 1, "NEAREST_GROCERY_MI": 0.2992959394102157, "LOW_INCOME_RAW": 0.0, "LOW_ACCESS_RAW": 54.6143045425415, "NO_VEHICLE_RAW": 0.0}}, {"type": "Feature", "geometry": {"type": "Polygon", "coordinates": [[[-79.973373, 40.530801], [-79.971625, 40.531562], [-79.96989, 40.532077], [-79.968022, 40.532519], [-79.968684, 40.533349], [-79.970548, 40.535682], [-79.968782, 40.535685], [-79.967752, 40.535065], [-79.966442, 40.533194], [-79.963308, 40.531841], [-79.96044, 40.53279], [-79.960196, 40.53187], [-79.959918, 40.532843], [-79.961389, 40.534254], [-79.963203, 40.535634], [-79.963873, 40.536365], [-79.963944, 40.536873], [-79.962682, 40.538353], [-79.962643, 40.536584], [-79.962226, 40.535839], [-79.958966, 40.532428], [-79.957591, 40.530936], [-79.953734, 40.530003], [-79.95187, 40.528958], [-79.950571, 40.527204], [-79.949887, 40.526258], [-79.949361, 40.525522], [-79.948908, 40.524224], [-79.949335, 40.523025], [-79.95293, 40.520786], [-79.953834, 40.519394], [-79.954681, 40.517709], [-79.955027, 40.516251], [-79.952726, 40.513118], [-79.948228, 40.510135], [-79.947496, 40.507477], [-79.948618, 40.508666], [-79.95212, 40.508525], [-79.951888, 40.508252], [-79.950757, 40.505525], [-79.955426, 40.505381], [-79.9562, 40.505376], [-79.956465, 40.506054], [-79.957573, 40.507646], [-79.958336, 40.508091], [-79.959912, 40.508437], [-79.960252, 40.5089], [-79.960056, 40.509348], [-79.959898, 40.509782], [-79.9602, 40.509941], [-79.960396, 40.510101], [-79.960733, 40.510293], [-79.960833, 40.510513], [-79.961244, 40.511308], [-79.961349, 40.511649], [-79.960411, 40.51287], [-79.961837, 40.513875], [-79.961833, 40.515654], [-79.962144, 40.51692], [-79.963285, 40.518565], [-79.963466, 40.51929], [-79.96376, 40.521255], [-79.965842, 40.520923], [-79.9668, 40.520052], [-79.968537, 40.522234], [-79.970588, 40.522778], [-79.970956, 40.52493], [-79.973087, 40.526533], [-79.972514, 40.528726], [-79.973373, 40.530801]]]}, "properties": {"GEOID": "42003426400", "LILA": 0, "SCORE_1_10": 1, "NEAREST_GROCERY_MI": 0.870940599131866, "LOW_INCOME_RAW": 0.0, "LOW_ACCESS_RAW": 0.0, "NO_VEHICLE_RAW": 0.0}}, {"type": "Feature", "geometry": {"type": "Polygon", "coordinates": [[[-79.988921, 40.553938], [-79.982685, 40.553955], [-79.982712, 40.555142], [-79.979927, 40.555086], [-79.979285, 40.553796], [-79.971224, 40.55414], [-79.967338, 40.55406], [-79.958619, 40.554261], [-79.958424, 40.554263], [-79.959541, 40.549759], [-79.960757, 40.547539], [-79.964395, 40.543823], [-79.964656, 40.54226], [-79.962682, 40.538353], [-79.963944, 40.536873], [-79.963873, 40.536365], [-79.963203, 40.535634], [-79.961389, 40.534254], [-79.959918, 40.532843], [-79.960196, 40.53187], [-79.96044, 40.53279], [-79.963308, 40.531841], [-79.966442, 40.533194], [-79.967752, 40.535065], [-79.968782, 40.535685], [-79.970548, 40.535682], [-79.968684, 40.533349], [-79.968022, 40.532519], [-79.96989, 40.532077], [-79.971625, 40.531562], [-79.973373, 40.530801], [-79.972514, 40.528726], [-79.974766, 40.530695], [-79.977314, 40.530678], [-79.978594, 40.53257], [-79.983758, 40.53514], [-79.984055, 40.536886], [-79.986251, 40.53711], [-79.987461, 40.538966], [-79.988318, 40.539457], [-79.988456, 40.543637], [-79.988921, 40.553938]]]}, "properties": {"GEOID": "42003426300", "LILA": 0, "SCORE_1_10": 1, "NEAREST_GROCERY_MI": 0.540292828112643, "LOW_INCOME_RAW": 0.0, "LOW_ACCESS_RAW": 890.845469370484, "NO_VEHICLE_RAW": 0.0}}, {"type": "Feature", "geometry": {"type": "Polygon", "coordinates": [[[-80.025828, 40.470612], [-80.022622, 40.472168], [-80.020603, 40.472173], [-80.017176, 40.472311], [-80.017217, 40.473305], [-80.017251, 40.474133], [-80.017371, 40.477294], [-80.014216, 40.477444], [-80.01587, 40.47672], [-80.01443, 40.47477], [-80.013521, 40.474867], [-80.011249, 40.47495], [-80.012109, 40.476163], [-80.010625, 40.476346], [-80.008332, 40.476635], [-80.007759, 40.476707], [-80.007658, 40.47636], [-80.007463, 40.47589], [-80.004997, 40.472209], [-80.007261, 40.471274], [-80.007904, 40.471139], [-80.008598, 40.471006], [-80.0127, 40.470214], [-80.013965, 40.469848], [-80.014578, 40.469197], [-80.015011, 40.468741], [-80.020335, 40.465962], [-80.020552, 40.464098], [-80.020566, 40.462972], [-80.022035, 40.46338], [-80.022707, 40.463783], [-80.02468, 40.465456], [-80.025046, 40.467108], [-80.025147, 40.467804], [-80.025399, 40.469285], [-80.025613, 40.469943], [-80.025828, 40.470612]]]}, "properties": {"GEOID": "42003261500", "LILA": 0, "SCORE_1_10": 1, "NEAREST_GROCERY_MI": 0.60530224263296, "LOW_INCOME_RAW": 0.0, "LOW_ACCESS_RAW": 65.2701197878341, "NO_VEHICLE_RAW": 0.0}}, {"type": "Feature", "geometry": {"type": "Polygon", "coordinates": [[[-80.020552, 40.464098], [-80.020335, 40.465962], [-80.015011, 40.468741], [-80.014578, 40.469197], [-80.013965, 40.469848], [-80.0127, 40.470214], [-80.008598, 40.471006], [-80.007904, 40.471139], [-80.007261, 40.471274], [-80.004997, 40.472209], [-80.002209, 40.468444], [-80.005778, 40.467135], [-80.003792, 40.466339], [-80.005088, 40.465426], [-80.005603, 40.465015], [-80.005785, 40.465379], [-80.006951, 40.465256], [-80.007073, 40.46565], [-80.009887, 40.465107], [-80.010043, 40.4651], [-80.009358, 40.463162], [-80.008835, 40.462328], [-80.008736, 40.461217], [-80.009969, 40.460037], [-80.012892, 40.460258], [-80.015359, 40.459466], [-80.01642, 40.459273], [-80.01707, 40.459656], [-80.017977, 40.460194], [-80.018962, 40.461512], [-80.020566, 40.462972], [-80.020552, 40.464098]]]}, "properties": {"GEOID": "42003261400", "LILA": 0, "SCORE_1_10": 1, "NEAREST_GROCERY_MI": 0.8230182243196951, "LOW_INCOME_RAW": 0.0, "LOW_ACCESS_RAW": 13.8235432058573, "NO_VEHICLE_RAW": 0.0}}, {"type": "Feature", "geometry": {"type": "Polygon", "coordinates": [[[-80.027795, 40.496124], [-80.026562, 40.496688], [-80.025426, 40.495332], [-80.022906, 40.495292], [-80.021983, 40.493839], [-80.019944, 40.496781], [-80.019966, 40.49723], [-80.020079, 40.497709], [-80.01783, 40.497353], [-80.017593, 40.497337], [-80.01408, 40.496493], [-80.012505, 40.496706], [-80.010698, 40.490547], [-80.009745, 40.486341], [-80.010925, 40.487597], [-80.014749, 40.488017], [-80.018348, 40.489509], [-80.016416, 40.488018], [-80.015269, 40.484605], [-80.013934, 40.4843], [-80.017757, 40.482337], [-80.016444, 40.486092], [-80.018875, 40.486726], [-80.020324, 40.488292], [-80.019214, 40.490002], [-80.021369, 40.490418], [-80.02036, 40.491238], [-80.021554, 40.491328], [-80.023144, 40.487179], [-80.02514, 40.486855], [-80.024785, 40.485825], [-80.025118, 40.485248], [-80.025048, 40.485739], [-80.026033, 40.487647], [-80.027035, 40.489844], [-80.027544, 40.490538], [-80.027784, 40.4911], [-80.027795, 40.496124]]]}, "properties": {"GEOID": "42003260200", "LILA": 1, "SCORE_1_10": 4, "NEAREST_GROCERY_MI": 0.6781968533178889, "LOW_INCOME_RAW": 0.0, "LOW_ACCESS_RAW": 1712.3243105337, "NO_VEHICLE_RAW": 0.0}}, {"type": "Feature", "geometry": {"type": "Polygon", "coordinates": [[[-79.991969, 40.631494], [-79.988404, 40.631488], [-79.985308, 40.630113], [-79.983689, 40.629851], [-79.980472, 40.630987], [-79.97781, 40.630694], [-79.97581, 40.631444], [-79.975226, 40.631381], [-79.97236, 40.630611], [-79.97171, 40.630273], [-79.968713, 40.629944], [-79.968056, 40.63005], [-79.966279, 40.631131], [-79.961685, 40.631068], [-79.956426, 40.633509], [-79.953454, 40.633169], [-79.952298, 40.63323], [-79.952124, 40.633234], [-79.950621, 40.634229], [-79.94894, 40.634878], [-79.941296, 40.63531], [-79.939786, 40.63477], [-79.937771, 40.63288], [-79.937276, 40.632599], [-79.935388, 40.633157], [-79.932697, 40.632293], [-79.931125, 40.63478], [-79.928034, 40.63601], [-79.922618, 40.63948], [-79.921733, 40.628218], [-79.921398, 40.623606], [-79.921346, 40.622365], [-79.9209, 40.618198], [-79.92061, 40.61607], [-79.933543, 40.615825], [-79.936499, 40.615738], [-79.946785, 40.615455], [-79.950741, 40.61534], [-79.967975, 40.614796], [-79.968222, 40.614786], [-79.974352, 40.614549], [-79.975984, 40.614474], [-79.98345, 40.614388], [-79.99114, 40.614313], [-79.991969, 40.631494]]]}, "properties": {"GEOID": "42003408002", "LILA": 0, "SCORE_1_10": 1, "NEAREST_GROCERY_MI": 0.7132448933081075, "LOW_INCOME_RAW": 0.0, "LOW_ACCESS_RAW": 864.733144305806, "NO_VEHICLE_RAW": 0.0}}, {"type": "Feature", "geometry": {"type": "Polygon", "coordinates": [[[-79.772871, 40.606176], [-79.771902, 40.606023], [-79.770949, 40.609185], [-79.766747, 40.609262], [-79.766883, 40.614217], [-79.764177, 40.614241], [-79.765914, 40.616491], [-79.764906, 40.616485], [-79.76226, 40.616134], [-79.761375, 40.614643], [-79.757937, 40.613095], [-79.756724, 40.611979], [-79.75657, 40.611835], [-79.75699, 40.611024], [-79.756498, 40.609878], [-79.753259, 40.608876], [-79.751053, 40.608855], [-79.749202, 40.607371], [-79.748752, 40.60701], [-79.746161, 40.604925], [-79.744769, 40.603786], [-79.743519, 40.602708], [-79.741275, 40.600758], [-79.749192, 40.598919], [-79.749437, 40.598867], [-79.756922, 40.596517], [-79.757578, 40.596254], [-79.758975, 40.59567], [-79.761487, 40.594572], [-79.76319, 40.593619], [-79.764043, 40.59287], [-79.765534, 40.596701], [-79.766145, 40.597233], [-79.767543, 40.598518], [-79.769009, 40.599291], [-79.769876, 40.599709], [-79.77992, 40.60607], [-79.772871, 40.606176]]]}, "properties": {"GEOID": "42003403500", "LILA": 1, "SCORE_1_10": 4, "NEAREST_GROCERY_MI": 1.0095749271735144, "LOW_INCOME_RAW": 0.0, "LOW_ACCESS_RAW": 2289.47619668569, "NO_VEHICLE_RAW": 0.0}}, {"type": "Feature", "geometry": {"type": "Polygon", "coordinates": [[[-79.749217, 40.609941], [-79.749592, 40.611304], [-79.747175, 40.611049], [-79.743542, 40.613439], [-79.743432, 40.613567], [-79.738711, 40.61558], [-79.736003, 40.61301], [-79.735783, 40.611885], [-79.735741, 40.611004], [-79.735625, 40.609046], [-79.735392, 40.608283], [-79.735312, 40.608053], [-79.733566, 40.608628], [-79.734495, 40.606354], [-79.733717, 40.604654], [-79.733169, 40.603135], [-79.736087, 40.602043], [-79.741275, 40.600758], [-79.743519, 40.602708], [-79.744769, 40.603786], [-79.746161, 40.604925], [-79.748752, 40.60701], [-79.749202, 40.607371], [-79.751053, 40.608855], [-79.749217, 40.609941]]]}, "properties": {"GEOID": "42003402000", "LILA": 1, "SCORE_1_10": 4, "NEAREST_GROCERY_MI": 1.140757115769397, "LOW_INCOME_RAW": 0.0, "LOW_ACCESS_RAW": 2612.94795412011, "NO_VEHICLE_RAW": 0.0}}, {"type": "Feature", "geometry": {"type": "Polygon", "coordinates": [[[-79.738711, 40.61558], [-79.732862, 40.617919], [-79.732177, 40.618303], [-79.730377, 40.619553], [-79.728534, 40.621061], [-79.728238, 40.621285], [-79.723833, 40.624276], [-79.721358, 40.626701], [-79.715166, 40.624249], [-79.714713, 40.623372], [-79.716437, 40.621374], [-79.715525, 40.621952], [-79.715041, 40.621668], [-79.714882, 40.621559], [-79.712477, 40.620076], [-79.712073, 40.619131], [-79.714576, 40.61701], [-79.717702, 40.613295], [-79.721339, 40.608157], [-79.722342, 40.607484], [-79.723154, 40.606989], [-79.733169, 40.603135], [-79.733717, 40.604654], [-79.734495, 40.606354], [-79.733566, 40.608628], [-79.735312, 40.608053], [-79.735392, 40.608283], [-79.735625, 40.609046], [-79.735741, 40.611004], [-79.735783, 40.611885], [-79.736003, 40.61301], [-79.738711, 40.61558]]]}, "properties": {"GEOID": "42003401200", "LILA": 0, "SCORE_1_10": 1, "NEAREST_GROCERY_MI": 0.5973357215167665, "LOW_INCOME_RAW": 0.0, "LOW_ACCESS_RAW": 26.0792163461447, "NO_VEHICLE_RAW": 0.0}}, {"type": "Feature", "geometry": {"type": "Polygon", "coordinates": [[[-80.028482, 40.357064], [-80.028146, 40.357086], [-80.022673, 40.35745], [-80.022841, 40.358614], [-80.022896, 40.359083], [-80.017084, 40.359027], [-80.011622, 40.351993], [-80.01152, 40.351743], [-80.010669, 40.350452], [-80.007731, 40.346118], [-80.006658, 40.344751], [-80.005624, 40.342983], [-80.001968, 40.340801], [-79.998826, 40.338736], [-79.998059, 40.338248], [-79.998486, 40.337599], [-80.001323, 40.333292], [-80.003034, 40.330695], [-80.009341, 40.32112], [-80.017259, 40.325961], [-80.022032, 40.330536], [-80.024083, 40.333595], [-80.02468, 40.336694], [-80.025691, 40.337737], [-80.026068, 40.338543], [-80.025781, 40.3405], [-80.025941, 40.341836], [-80.027384, 40.344693], [-80.027353, 40.345187], [-80.027308, 40.345993], [-80.026631, 40.347911], [-80.023703, 40.348839], [-80.023043, 40.350555], [-80.027127, 40.353474], [-80.027249, 40.353657], [-80.028218, 40.355858], [-80.028464, 40.356962], [-80.028482, 40.357064]]]}, "properties": {"GEOID": "42003475401", "LILA": 0, "SCORE_1_10": 1, "NEAREST_GROCERY_MI": 0.5578418791870184, "LOW_INCOME_RAW": 0.0, "LOW_ACCESS_RAW": 53.6632280349731, "NO_VEHICLE_RAW": 0.0}}, {"type": "Feature", "geometry": {"type": "Polygon", "coordinates": [[[-79.99634, 40.348662], [-79.994914, 40.350446], [-79.990771, 40.349862], [-79.98946, 40.349465], [-79.988258, 40.348757], [-79.98645, 40.346568], [-79.985071, 40.345372], [-79.977753, 40.344415], [-79.973103, 40.345575], [-79.972421, 40.344584], [-79.967032, 40.342384], [-79.966889, 40.3418], [-79.968278, 40.341808], [-79.969086, 40.340383], [-79.972039, 40.338767], [-79.972655, 40.338428], [-79.974742, 40.337308], [-79.97808, 40.337205], [-79.976951, 40.336331], [-79.979047, 40.336549], [-79.981429, 40.335755], [-79.984334, 40.333288], [-79.985355, 40.333426], [-79.985249, 40.332451], [-79.985536, 40.330026], [-79.985425, 40.329527], [-79.986659, 40.331191], [-79.988814, 40.332467], [-79.989763, 40.334163], [-79.991459, 40.335542], [-79.990871, 40.339555], [-79.992455, 40.344681], [-79.994655, 40.346663], [-79.99606, 40.347672], [-79.99634, 40.348662]]]}, "properties": {"GEOID": "42003480101", "LILA": 0, "SCORE_1_10": 1, "NEAREST_GROCERY_MI": 0.22912794718341944, "LOW_INCOME_RAW": 0.0, "LOW_ACCESS_RAW": 0.0, "NO_VEHICLE_RAW": 0.0}}, {"type": "Feature", "geometry": {"type": "Polygon", "coordinates": [[[-80.023023, 40.379506], [-80.022866, 40.380243], [-80.022327, 40.381256], [-80.021181, 40.382572], [-80.020529, 40.383319], [-80.020219, 40.386701], [-80.023131, 40.38711], [-80.021313, 40.388118], [-80.018159, 40.38645], [-80.017108, 40.386314], [-80.016874, 40.385969], [-80.013819, 40.386562], [-80.01339, 40.383481], [-80.012492, 40.383399], [-80.012579, 40.380889], [-80.009027, 40.381016], [-80.007632, 40.381122], [-80.007356, 40.380898], [-80.006326, 40.383472], [-80.005244, 40.38384], [-80.003335, 40.38117], [-80.001728, 40.379699], [-80.00222, 40.379287], [-80.004181, 40.37817], [-80.005361, 40.377133], [-80.006708, 40.374861], [-80.00786, 40.374996], [-80.007899, 40.378237], [-80.012738, 40.379517], [-80.014981, 40.378934], [-80.016823, 40.376845], [-80.013676, 40.376601], [-80.010758, 40.375365], [-80.011879, 40.374366], [-80.014037, 40.372323], [-80.017234, 40.374985], [-80.019113, 40.376021], [-80.019671, 40.376173], [-80.021214, 40.376594], [-80.023451, 40.377457], [-80.023023, 40.379506]]]}, "properties": {"GEOID": "42003479000", "LILA": 0, "SCORE_1_10": 1, "NEAREST_GROCERY_MI": 0.27888784644314174, "LOW_INCOME_RAW": 0.0, "LOW_ACCESS_RAW": 0.0, "NO_VEHICLE_RAW": 0.0}}, {"type": "Feature", "geometry": {"type": "Polygon", "coordinates": [[[-80.047053, 40.325111], [-80.041177, 40.326925], [-80.038485, 40.328274], [-80.038368, 40.328264], [-80.03783, 40.328595], [-80.035584, 40.32974], [-80.031003, 40.334376], [-80.028742, 40.337093], [-80.028658, 40.338743], [-80.028358, 40.340328], [-80.025941, 40.341836], [-80.025781, 40.3405], [-80.026068, 40.338543], [-80.025691, 40.337737], [-80.02468, 40.336694], [-80.024083, 40.333595], [-80.022032, 40.330536], [-80.022079, 40.329232], [-80.022379, 40.328823], [-80.023139, 40.328332], [-80.025285, 40.327422], [-80.025626, 40.327168], [-80.025944, 40.326683], [-80.02592, 40.325794], [-80.025755, 40.324773], [-80.026725, 40.322475], [-80.027111, 40.318746], [-80.028928, 40.315644], [-80.029409, 40.315194], [-80.03151, 40.313481], [-80.032997, 40.311113], [-80.034544, 40.311559], [-80.037255, 40.313265], [-80.03772, 40.314239], [-80.040798, 40.316516], [-80.041271, 40.316516], [-80.044178, 40.316243], [-80.047074, 40.317663], [-80.047105, 40.317672], [-80.047365, 40.317754], [-80.046898, 40.319144], [-80.047819, 40.323404], [-80.047053, 40.325111]]]}, "properties": {"GEOID": "42003475301", "LILA": 0, "SCORE_1_10": 2, "NEAREST_GROCERY_MI": 0.7514502404787113, "LOW_INCOME_RAW": 0.0, "LOW_ACCESS_RAW": 2061.79742748465, "NO_VEHICLE_RAW": 0.0}}, {"type": "Feature", "geometry": {"type": "Polygon", "coordinates": [[[-80.064289, 40.311937], [-80.05294, 40.313756], [-80.05166, 40.314203], [-80.0504, 40.315028], [-80.048355, 40.316532], [-80.047365, 40.317754], [-80.047105, 40.317672], [-80.047074, 40.317663], [-80.044178, 40.316243], [-80.041271, 40.316516], [-80.040798, 40.316516], [-80.03772, 40.314239], [-80.037255, 40.313265], [-80.034544, 40.311559], [-80.032997, 40.311113], [-80.033066, 40.308842], [-80.032769, 40.308106], [-80.033212, 40.307981], [-80.035087, 40.307438], [-80.035978, 40.305197], [-80.036685, 40.305109], [-80.039912, 40.305277], [-80.040317, 40.304376], [-80.040327, 40.304323], [-80.041531, 40.299428], [-80.04181, 40.296971], [-80.042413, 40.297324], [-80.046809, 40.298156], [-80.047398, 40.299323], [-80.048322, 40.299459], [-80.049838, 40.299939], [-80.053459, 40.301762], [-80.056905, 40.304207], [-80.05769, 40.304809], [-80.058154, 40.30535], [-80.059003, 40.309852], [-80.062314, 40.311385], [-80.064289, 40.311937]]]}, "properties": {"GEOID": "42003475303", "LILA": 0, "SCORE_1_10": 2, "NEAREST_GROCERY_MI": 1.0679053786700923, "LOW_INCOME_RAW": 0.0, "LOW_ACCESS_RAW": 4063.999997098, "NO_VEHICLE_RAW": 0.0}}, {"type": "Feature", "geometry": {"type": "Polygon", "coordinates": [[[-79.98886, 40.363945], [-79.985051, 40.368162], [-79.986171, 40.370241], [-79.984762, 40.372116], [-79.985997, 40.373801], [-79.98693, 40.375081], [-79.985419, 40.37673], [-79.986032, 40.377822], [-79.984828, 40.37955], [-79.983342, 40.381516], [-79.981947, 40.380642], [-79.980108, 40.381259], [-79.977645, 40.381743], [-79.976142, 40.381301], [-79.975745, 40.380257], [-79.975495, 40.379277], [-79.975464, 40.376555], [-79.975542, 40.375298], [-79.97546, 40.372979], [-79.975296, 40.371728], [-79.975166, 40.370462], [-79.975278, 40.369752], [-79.975566, 40.36928], [-79.980688, 40.366861], [-79.982879, 40.365088], [-79.983866, 40.364097], [-79.984877, 40.363014], [-79.987385, 40.362575], [-79.987958, 40.362379], [-79.988205, 40.36286], [-79.98886, 40.363945]]]}, "properties": {"GEOID": "42003478100", "LILA": 0, "SCORE_1_10": 1, "NEAREST_GROCERY_MI": 0.4428018744319749, "LOW_INCOME_RAW": 0.0, "LOW_ACCESS_RAW": 19.0936605650932, "NO_VEHICLE_RAW": 0.0}}, {"type": "Feature", "geometry": {"type": "Polygon", "coordinates": [[[-80.09883, 40.418162], [-80.096807, 40.418782], [-80.092073, 40.4202], [-80.089346, 40.418438], [-80.088463, 40.418885], [-80.085948, 40.41695], [-80.084422, 40.417505], [-80.079472, 40.41482], [-80.078954, 40.413855], [-80.080984, 40.412796], [-80.078901, 40.411303], [-80.080053, 40.41197], [-80.083645, 40.408815], [-80.083643, 40.408879], [-80.088029, 40.406735], [-80.088531, 40.406509], [-80.089539, 40.407631], [-80.090838, 40.408235], [-80.093192, 40.410585], [-80.094719, 40.413068], [-80.097883, 40.415111], [-80.098004, 40.417357], [-80.09883, 40.418162]]]}, "properties": {"GEOID": "42003468700", "LILA": 1, "SCORE_1_10": 4, "NEAREST_GROCERY_MI": 0.3907003187871128, "LOW_INCOME_RAW": 0.0, "LOW_ACCESS_RAW": 1315.84697836637, "NO_VEHICLE_RAW": 0.0}}, {"type": "Feature", "geometry": {"type": "Polygon", "coordinates": [[[-80.037368, 40.369152], [-80.033793, 40.370099], [-80.033129, 40.369742], [-80.031935, 40.370415], [-80.030216, 40.369276], [-80.027921, 40.367983], [-80.021714, 40.369568], [-80.018476, 40.371748], [-80.022143, 40.37495], [-80.021214, 40.376594], [-80.019671, 40.376173], [-80.019113, 40.376021], [-80.017234, 40.374985], [-80.014037, 40.372323], [-80.011879, 40.374366], [-80.010758, 40.375365], [-80.013676, 40.376601], [-80.016823, 40.376845], [-80.014981, 40.378934], [-80.012738, 40.379517], [-80.007899, 40.378237], [-80.00786, 40.374996], [-80.006708, 40.374861], [-80.005372, 40.374597], [-80.00457, 40.374218], [-80.005538, 40.374458], [-80.006362, 40.373772], [-80.010321, 40.37035], [-80.012715, 40.368067], [-80.0137, 40.367316], [-80.014366, 40.366749], [-80.01444, 40.366686], [-80.016242, 40.365772], [-80.022123, 40.364449], [-80.022808, 40.364498], [-80.023687, 40.364686], [-80.026322, 40.363698], [-80.02695, 40.363309], [-80.027989, 40.361906], [-80.028482, 40.361051], [-80.028545, 40.360942], [-80.028737, 40.360469], [-80.028482, 40.357064], [-80.028464, 40.356962], [-80.028218, 40.355858], [-80.030737, 40.355468], [-80.033428, 40.355139], [-80.036687, 40.354879], [-80.037086, 40.356366], [-80.035722, 40.3608], [-80.034179, 40.362143], [-80.033602, 40.362611], [-80.030997, 40.361162], [-80.030367, 40.362236], [-80.036361, 40.366949], [-80.03787, 40.368292], [-80.037368, 40.369152]]]}, "properties": {"GEOID": "42003476100", "LILA": 0, "SCORE_1_10": 1, "NEAREST_GROCERY_MI": 0.399396370754838, "LOW_INCOME_RAW": 0.0, "LOW_ACCESS_RAW": 0.0, "NO_VEHICLE_RAW": 0.0}}, {"type": "Feature", "geometry": {"type": "Polygon", "coordinates": [[[-79.899901, 40.291801], [-79.900026, 40.292853], [-79.900139, 40.293801], [-79.90037, 40.29563], [-79.898308, 40.296182], [-79.896882, 40.296957], [-79.89402, 40.296997], [-79.893286, 40.294638], [-79.888816, 40.29358], [-79.888962, 40.292808], [-79.889292, 40.292435], [-79.889774, 40.290797], [-79.888931, 40.290069], [-79.889199, 40.289862], [-79.888444, 40.287923], [-79.886239, 40.286826], [-79.885693, 40.287133], [-79.883042, 40.283122], [-79.887968, 40.283171], [-79.892702, 40.28091], [-79.897918, 40.281], [-79.900475, 40.283211], [-79.899901, 40.291801]]]}, "properties": {"GEOID": "42003492900", "LILA": 1, "SCORE_1_10": 4, "NEAREST_GROCERY_MI": 0.5188045418912965, "LOW_INCOME_RAW": 0.0, "LOW_ACCESS_RAW": 1349.6218422763, "NO_VEHICLE_RAW": 0.0}}, {"type": "Feature", "geometry": {"type": "Polygon", "coordinates": [[[-79.852031, 40.390205], [-79.852875, 40.392733], [-79.852345, 40.39431], [-79.846633, 40.393702], [-79.844839, 40.39293], [-79.838026, 40.390738], [-79.837054, 40.391037], [-79.836378, 40.39281], [-79.836259, 40.393362], [-79.833691, 40.395699], [-79.8301, 40.398347], [-79.830103, 40.399337], [-79.830774, 40.399549], [-79.827806, 40.402875], [-79.827748, 40.404289], [-79.826675, 40.404231], [-79.824294, 40.40293], [-79.818682, 40.400457], [-79.817345, 40.399808], [-79.816031, 40.398101], [-79.815774, 40.396763], [-79.813108, 40.395228], [-79.814404, 40.39292], [-79.814379, 40.38987], [-79.811517, 40.386687], [-79.811826, 40.38559], [-79.812142, 40.38429], [-79.814067, 40.383586], [-79.816, 40.381094], [-79.816123, 40.380944], [-79.815596, 40.380789], [-79.81662, 40.378558], [-79.813878, 40.377082], [-79.815438, 40.369468], [-79.816516, 40.368415], [-79.818616, 40.367407], [-79.82254, 40.365898], [-79.82474, 40.363823], [-79.826025, 40.362394], [-79.826515, 40.362056], [-79.828108, 40.361183], [-79.82918, 40.361184], [-79.830473, 40.3622], [-79.833204, 40.362674], [-79.834186, 40.361458], [-79.836374, 40.364988], [-79.836843, 40.370079], [-79.837189, 40.371649], [-79.838773, 40.375117], [-79.841155, 40.378408], [-79.842565, 40.379692], [-79.849793, 40.38516], [-79.853443, 40.388406], [-79.852031, 40.390205]]]}, "properties": {"GEOID": "42003504100", "LILA": 0, "SCORE_1_10": 1, "NEAREST_GROCERY_MI": 1.892354241487997, "LOW_INCOME_RAW": 0.0, "LOW_ACCESS_RAW": 248.203154935909, "NO_VEHICLE_RAW": 0.0}}, {"type": "Feature", "geometry": {"type": "Polygon", "coordinates": [[[-79.831811, 40.358255], [-79.82918, 40.361184], [-79.828108, 40.361183], [-79.825322, 40.361145], [-79.820054, 40.36101], [-79.813019, 40.36085], [-79.813423, 40.360455], [-79.812244, 40.360424], [-79.811923, 40.359826], [-79.80989, 40.357562], [-79.809476, 40.35735], [-79.808477, 40.357008], [-79.80792, 40.35525], [-79.805299, 40.352266], [-79.802636, 40.350885], [-79.799798, 40.350336], [-79.800403, 40.347843], [-79.798854, 40.343897], [-79.803012, 40.339976], [-79.805812, 40.338326], [-79.808704, 40.337451], [-79.809991, 40.336624], [-79.813403, 40.333095], [-79.815426, 40.330321], [-79.817146, 40.328632], [-79.818201, 40.327471], [-79.819337, 40.329606], [-79.8196, 40.330098], [-79.819998, 40.333378], [-79.82008, 40.334686], [-79.820121, 40.335352], [-79.82026, 40.33703], [-79.819337, 40.338151], [-79.818964, 40.340376], [-79.819121, 40.34378], [-79.821794, 40.344566], [-79.824572, 40.344854], [-79.826522, 40.344801], [-79.828611, 40.344703], [-79.830971, 40.347913], [-79.830285, 40.34921], [-79.83018, 40.349783], [-79.829836, 40.35126], [-79.829697, 40.351883], [-79.827988, 40.352244], [-79.826386, 40.352009], [-79.824398, 40.354168], [-79.82647, 40.355193], [-79.828094, 40.356279], [-79.831678, 40.357586], [-79.831976, 40.358039], [-79.831811, 40.358255]]]}, "properties": {"GEOID": "42003503002", "LILA": 0, "SCORE_1_10": 1, "NEAREST_GROCERY_MI": 0.34866242491933314, "LOW_INCOME_RAW": 0.0, "LOW_ACCESS_RAW": 803.472998393911, "NO_VEHICLE_RAW": 0.0}}, {"type": "Feature", "geometry": {"type": "Polygon", "coordinates": [[[-79.884714, 40.336966], [-79.883231, 40.339861], [-79.880966, 40.341771], [-79.880129, 40.342509], [-79.878579, 40.34365], [-79.877285, 40.344685], [-79.874375, 40.347009], [-79.87344, 40.347605], [-79.871628, 40.34774], [-79.871012, 40.348482], [-79.869958, 40.348765], [-79.86981, 40.348098], [-79.869132, 40.346383], [-79.868509, 40.344772], [-79.867311, 40.342767], [-79.866876, 40.342219], [-79.864946, 40.340671], [-79.861405, 40.338816], [-79.860849, 40.338398], [-79.859008, 40.337424], [-79.858269, 40.336766], [-79.858567, 40.336388], [-79.859573, 40.335071], [-79.860103, 40.33441], [-79.861091, 40.332818], [-79.861062, 40.330678], [-79.862377, 40.329573], [-79.8651, 40.328734], [-79.867376, 40.328985], [-79.869386, 40.329197], [-79.871476, 40.330023], [-79.873371, 40.329688], [-79.875076, 40.328734], [-79.882713, 40.332221], [-79.883676, 40.335876], [-79.884714, 40.336966]]]}, "properties": {"GEOID": "42003500300", "LILA": 0, "SCORE_1_10": 2, "NEAREST_GROCERY_MI": 1.8442126566134234, "LOW_INCOME_RAW": 0.0, "LOW_ACCESS_RAW": 2649.12299250579, "NO_VEHICLE_RAW": 0.0}}, {"type": "Feature", "geometry": {"type": "Polygon", "coordinates": [[[-79.855926, 40.278497], [-79.85187, 40.279356], [-79.849379, 40.281042], [-79.846277, 40.284213], [-79.842382, 40.28512], [-79.841552, 40.285113], [-79.83713, 40.283371], [-79.833102, 40.284237], [-79.829331, 40.285803], [-79.828123, 40.286177], [-79.82194, 40.284295], [-79.819572, 40.284408], [-79.816906, 40.285952], [-79.814961, 40.286447], [-79.812907, 40.285463], [-79.811089, 40.282408], [-79.808422, 40.280292], [-79.807744, 40.279768], [-79.807094, 40.278597], [-79.804753, 40.276546], [-79.801185, 40.275291], [-79.801072, 40.275281], [-79.799846, 40.275275], [-79.799637, 40.275238], [-79.799533, 40.27519], [-79.799184, 40.274783], [-79.79827, 40.27565], [-79.796738, 40.276109], [-79.796241, 40.276037], [-79.795058, 40.272189], [-79.788779, 40.265312], [-79.787502, 40.263242], [-79.787741, 40.261847], [-79.790304, 40.258713], [-79.790708, 40.259116], [-79.791391, 40.259336], [-79.791588, 40.262264], [-79.792192, 40.260654], [-79.794028, 40.260361], [-79.797426, 40.258922], [-79.79671, 40.257336], [-79.798062, 40.255032], [-79.801896, 40.253863], [-79.803659, 40.253655], [-79.808461, 40.254703], [-79.814459, 40.253666], [-79.817499, 40.253717], [-79.824956, 40.256861], [-79.825053, 40.257202], [-79.825001, 40.258884], [-79.825836, 40.260074], [-79.833462, 40.265453], [-79.834341, 40.266893], [-79.835708, 40.269537], [-79.837362, 40.272957], [-79.839481, 40.271994], [-79.843088, 40.271718], [-79.844132, 40.272699], [-79.845511, 40.272326], [-79.847643, 40.270028], [-79.850962, 40.273606], [-79.855009, 40.275961], [-79.855926, 40.278497]]]}, "properties": {"GEOID": "42003496101", "LILA": 0, "SCORE_1_10": 3, "NEAREST_GROCERY_MI": 2.9280311061922206, "LOW_INCOME_RAW": 0.0, "LOW_ACCESS_RAW": 2953.16423598572, "NO_VEHICLE_RAW": 0.0}}, {"type": "Feature", "geometry": {"type": "Polygon", "coordinates": [[[-79.939813, 40.423281], [-79.939788, 40.426187], [-79.939767, 40.427972], [-79.939722, 40.429304], [-79.937862, 40.428627], [-79.936031, 40.428565], [-79.933223, 40.428931], [-79.930494, 40.428912], [-79.92676, 40.428152], [-79.928158, 40.427518], [-79.927097, 40.426764], [-79.925732, 40.425423], [-79.925853, 40.424996], [-79.926263, 40.423085], [-79.926096, 40.419542], [-79.926774, 40.418911], [-79.928168, 40.419683], [-79.929215, 40.419753], [-79.929157, 40.418943], [-79.931486, 40.418994], [-79.932211, 40.418956], [-79.933107, 40.419798], [-79.93369, 40.419732], [-79.93383, 40.419788], [-79.93801, 40.419116], [-79.939835, 40.418952], [-79.939813, 40.423281]]]}, "properties": {"GEOID": "42003151700", "LILA": 0, "SCORE_1_10": 1, "NEAREST_GROCERY_MI": 0.2164816585916512, "LOW_INCOME_RAW": 0.0, "LOW_ACCESS_RAW": 0.0, "NO_VEHICLE_RAW": 0.0}}, {"type": "Feature", "geometry": {"type": "Polygon", "coordinates": [[[-79.928158, 40.427518], [-79.92676, 40.428152], [-79.923485, 40.429738], [-79.921199, 40.429171], [-79.918514, 40.428441], [-79.917537, 40.428152], [-79.916115, 40.427916], [-79.914853, 40.428018], [-79.91423, 40.427884], [-79.912489, 40.426473], [-79.911925, 40.426314], [-79.910384, 40.426147], [-79.909831, 40.426158], [-79.908804, 40.426405], [-79.907933, 40.426322], [-79.907464, 40.426485], [-79.906009, 40.427762], [-79.906117, 40.426076], [-79.907343, 40.423942], [-79.908507, 40.423926], [-79.910728, 40.421231], [-79.911907, 40.419913], [-79.914042, 40.419199], [-79.915574, 40.417531], [-79.916101, 40.416085], [-79.911652, 40.414972], [-79.911464, 40.414838], [-79.914322, 40.413762], [-79.915403, 40.413226], [-79.918572, 40.410757], [-79.92156, 40.41222], [-79.922774, 40.411804], [-79.922847, 40.41293], [-79.924971, 40.415048], [-79.926774, 40.418911], [-79.926096, 40.419542], [-79.926263, 40.423085], [-79.925853, 40.424996], [-79.925732, 40.425423], [-79.927097, 40.426764], [-79.928158, 40.427518]]]}, "properties": {"GEOID": "42003141400", "LILA": 0, "SCORE_1_10": 1, "NEAREST_GROCERY_MI": 0.6636693243742074, "LOW_INCOME_RAW": 0.0, "LOW_ACCESS_RAW": 0.0, "NO_VEHICLE_RAW": 0.0}}, {"type": "Feature", "geometry": {"type": "Polygon", "coordinates": [[[-79.928583, 40.475332], [-79.928123, 40.476601], [-79.927628, 40.477905], [-79.927493, 40.47866], [-79.92734, 40.480846], [-79.924608, 40.479805], [-79.922382, 40.479474], [-79.920295, 40.478718], [-79.918714, 40.47945], [-79.916175, 40.47848], [-79.917873, 40.475913], [-79.918786, 40.474502], [-79.919192, 40.473667], [-79.919305, 40.47342], [-79.919739, 40.472489], [-79.921025, 40.46969], [-79.924028, 40.470731], [-79.926277, 40.471522], [-79.928349, 40.472318], [-79.9283, 40.47418], [-79.928583, 40.475332]]]}, "properties": {"GEOID": "42003110200", "LILA": 0, "SCORE_1_10": 1, "NEAREST_GROCERY_MI": 0.9415157636329591, "LOW_INCOME_RAW": 0.0, "LOW_ACCESS_RAW": 499.252494767308, "NO_VEHICLE_RAW": 0.0}}, {"type": "Feature", "geometry": {"type": "Polygon", "coordinates": [[[-79.948867, 40.478346], [-79.946973, 40.478102], [-79.947693, 40.478639], [-79.94666, 40.47941], [-79.947546, 40.480077], [-79.945, 40.482941], [-79.94317, 40.48318], [-79.944519, 40.48359], [-79.945676, 40.484617], [-79.946298, 40.485158], [-79.937156, 40.488429], [-79.935087, 40.489142], [-79.933906, 40.489158], [-79.932151, 40.489025], [-79.931489, 40.489142], [-79.925532, 40.488308], [-79.927958, 40.486923], [-79.929257, 40.485872], [-79.929832, 40.485388], [-79.930684, 40.482795], [-79.931678, 40.479716], [-79.93202, 40.478584], [-79.931716, 40.476482], [-79.931799, 40.475391], [-79.931916, 40.475217], [-79.933208, 40.479855], [-79.934436, 40.48048], [-79.934777, 40.480588], [-79.937742, 40.48135], [-79.938984, 40.48165], [-79.940601, 40.482014], [-79.943079, 40.479954], [-79.944414, 40.478645], [-79.946254, 40.477696], [-79.947058, 40.477612], [-79.948944, 40.478173], [-79.948867, 40.478346]]]}, "properties": {"GEOID": "42003101800", "LILA": 0, "SCORE_1_10": 1, "NEAREST_GROCERY_MI": 0.5985035707749671, "LOW_INCOME_RAW": 0.0, "LOW_ACCESS_RAW": 25.0091331005096, "NO_VEHICLE_RAW": 0.0}}, {"type": "Feature", "geometry": {"type": "Polygon", "coordinates": [[[-79.949861, 40.462183], [-79.948068, 40.465698], [-79.946446, 40.465466], [-79.945231, 40.465297], [-79.942858, 40.464968], [-79.941135, 40.464745], [-79.939382, 40.464533], [-79.936441, 40.464676], [-79.935108, 40.464734], [-79.936074, 40.462976], [-79.937287, 40.463269], [-79.937224, 40.463373], [-79.938027, 40.463544], [-79.941271, 40.464153], [-79.941596, 40.462204], [-79.943218, 40.462342], [-79.943535, 40.460022], [-79.943729, 40.458812], [-79.945963, 40.460004], [-79.947093, 40.460615], [-79.94848, 40.461349], [-79.949866, 40.462087], [-79.949861, 40.462183]]]}, "properties": {"GEOID": "42003080900", "LILA": 0, "SCORE_1_10": 1, "NEAREST_GROCERY_MI": 0.22485978149076905, "LOW_INCOME_RAW": 0.0, "LOW_ACCESS_RAW": 0.0, "NO_VEHICLE_RAW": 0.0}}, {"type": "Feature", "geometry": {"type": "Polygon", "coordinates": [[[-79.949688, 40.452585], [-79.947346, 40.453291], [-79.94639, 40.453579], [-79.944449, 40.45416], [-79.943082, 40.454566], [-79.944272, 40.45525], [-79.941985, 40.455939], [-79.941493, 40.45504], [-79.938591, 40.45591], [-79.93649, 40.456565], [-79.934057, 40.457262], [-79.933407, 40.456162], [-79.932568, 40.454746], [-79.935964, 40.453107], [-79.936727, 40.452745], [-79.940948, 40.451316], [-79.938838, 40.447686], [-79.941749, 40.447471], [-79.942452, 40.447414], [-79.947361, 40.447106], [-79.947691, 40.447976], [-79.948751, 40.450392], [-79.949688, 40.452585]]]}, "properties": {"GEOID": "42003070900", "LILA": 0, "SCORE_1_10": 1, "NEAREST_GROCERY_MI": 0.18996966140304183, "LOW_INCOME_RAW": 0.0, "LOW_ACCESS_RAW": 0.0, "NO_VEHICLE_RAW": 0.0}}, {"type": "Feature", "geometry": {"type": "Polygon", "coordinates": [[[-79.925104, 40.458992], [-79.925043, 40.459954], [-79.922723, 40.460656], [-79.920783, 40.459742], [-79.919334, 40.458802], [-79.918069, 40.457929], [-79.917412, 40.457481], [-79.912424, 40.454037], [-79.913304, 40.453895], [-79.915354, 40.453614], [-79.920712, 40.452894], [-79.921024, 40.453398], [-79.922546, 40.455862], [-79.922454, 40.456791], [-79.925198, 40.457378], [-79.925104, 40.458992]]]}, "properties": {"GEOID": "42003070800", "LILA": 0, "SCORE_1_10": 1, "NEAREST_GROCERY_MI": 0.17117864507614067, "LOW_INCOME_RAW": 0.0, "LOW_ACCESS_RAW": 0.0, "NO_VEHICLE_RAW": 0.0}}, {"type": "Feature", "geometry": {"type": "Polygon", "coordinates": [[[-79.934057, 40.457262], [-79.92898, 40.458758], [-79.925043, 40.459954], [-79.925104, 40.458992], [-79.925198, 40.457378], [-79.925209, 40.457124], [-79.925325, 40.454991], [-79.925341, 40.454161], [-79.925653, 40.454015], [-79.927109, 40.453429], [-79.928821, 40.452752], [-79.930979, 40.452062], [-79.931372, 40.452741], [-79.931776, 40.453413], [-79.932568, 40.454746], [-79.933407, 40.456162], [-79.934057, 40.457262]]]}, "properties": {"GEOID": "42003070500", "LILA": 0, "SCORE_1_10": 1, "NEAREST_GROCERY_MI": 0.10841548187994363, "LOW_INCOME_RAW": 0.0, "LOW_ACCESS_RAW": 0.0, "NO_VEHICLE_RAW": 0.0}}, {"type": "Feature", "geometry": {"type": "Polygon", "coordinates": [[[-79.909547, 40.456691], [-79.907886, 40.456061], [-79.90531, 40.455482], [-79.903128, 40.454524], [-79.900853, 40.453617], [-79.898758, 40.452813], [-79.892784, 40.450302], [-79.892601, 40.450561], [-79.892423, 40.450266], [-79.893015, 40.447504], [-79.893225, 40.446494], [-79.895162, 40.447133], [-79.89662, 40.447617], [-79.901316, 40.449181], [-79.903761, 40.449998], [-79.908192, 40.451487], [-79.909447, 40.452039], [-79.912424, 40.454037], [-79.909547, 40.456691]]]}, "properties": {"GEOID": "42003140500", "LILA": 0, "SCORE_1_10": 1, "NEAREST_GROCERY_MI": 0.8142378198930943, "LOW_INCOME_RAW": 0.0, "LOW_ACCESS_RAW": 0.0, "NO_VEHICLE_RAW": 0.0}}, {"type": "Feature", "geometry": {"type": "Polygon", "coordinates": [[[-79.937291, 40.447792], [-79.935802, 40.447911], [-79.934205, 40.4484], [-79.930981, 40.449409], [-79.929646, 40.449827], [-79.928437, 40.450212], [-79.927508, 40.450514], [-79.925787, 40.451201], [-79.923971, 40.451932], [-79.922075, 40.452686], [-79.920712, 40.452894], [-79.92023, 40.451218], [-79.921503, 40.447904], [-79.921074, 40.445719], [-79.920513, 40.443851], [-79.921972, 40.443895], [-79.923867, 40.443956], [-79.924223, 40.443968], [-79.92539, 40.444005], [-79.927925, 40.444121], [-79.930237, 40.445197], [-79.931217, 40.445628], [-79.933401, 40.446595], [-79.934012, 40.44685], [-79.937207, 40.447768], [-79.937291, 40.447792]]]}, "properties": {"GEOID": "42003140200", "LILA": 0, "SCORE_1_10": 1, "NEAREST_GROCERY_MI": 0.635441896852847, "LOW_INCOME_RAW": 0.0, "LOW_ACCESS_RAW": 0.0, "NO_VEHICLE_RAW": 0.0}}, {"type": "Feature", "geometry": {"type": "Polygon", "coordinates": [[[-79.908819, 40.467896], [-79.908622, 40.470281], [-79.908347, 40.473474], [-79.908275, 40.474216], [-79.904437, 40.474023], [-79.899177, 40.476061], [-79.898424, 40.475723], [-79.898082, 40.473547], [-79.899249, 40.472722], [-79.897111, 40.470072], [-79.896346, 40.469122], [-79.896047, 40.468749], [-79.896602, 40.468385], [-79.898976, 40.464668], [-79.8996, 40.4645], [-79.90063, 40.464239], [-79.900881, 40.464175], [-79.903324, 40.463534], [-79.904188, 40.463314], [-79.905617, 40.462596], [-79.906194, 40.463729], [-79.908614, 40.467108], [-79.908741, 40.467391], [-79.908819, 40.467896]]]}, "properties": {"GEOID": "42003120300", "LILA": 1, "SCORE_1_10": 4, "NEAREST_GROCERY_MI": 1.1231570050975368, "LOW_INCOME_RAW": 0.0, "LOW_ACCESS_RAW": 875.159640452825, "NO_VEHICLE_RAW": 0.0}}, {"type": "Feature", "geometry": {"type": "Polygon", "coordinates": [[[-79.935482, 40.466261], [-79.934617, 40.467687], [-79.932991, 40.470336], [-79.932787, 40.470637], [-79.93181, 40.470271], [-79.927517, 40.46875], [-79.927867, 40.468149], [-79.928123, 40.467723], [-79.928797, 40.466611], [-79.929401, 40.465611], [-79.930074, 40.464505], [-79.930673, 40.463493], [-79.932489, 40.464125], [-79.934518, 40.464772], [-79.935108, 40.464734], [-79.936441, 40.464676], [-79.935482, 40.466261]]]}, "properties": {"GEOID": "42003111400", "LILA": 0, "SCORE_1_10": 1, "NEAREST_GROCERY_MI": 0.3533887680746042, "LOW_INCOME_RAW": 0.0, "LOW_ACCESS_RAW": 0.0, "NO_VEHICLE_RAW": 0.0}}, {"type": "Feature", "geometry": {"type": "Polygon", "coordinates": [[[-79.844834, 40.429304], [-79.843884, 40.428124], [-79.837541, 40.428476], [-79.835657, 40.428585], [-79.833724, 40.428726], [-79.831806, 40.430437], [-79.829921, 40.427494], [-79.831319, 40.422944], [-79.82969, 40.423168], [-79.828801, 40.42584], [-79.826374, 40.425719], [-79.827108, 40.422547], [-79.824446, 40.418061], [-79.82303, 40.417719], [-79.821615, 40.41779], [-79.822825, 40.417285], [-79.823345, 40.416916], [-79.822891, 40.416539], [-79.822612, 40.416541], [-79.820786, 40.417445], [-79.820865, 40.416793], [-79.821305, 40.416739], [-79.823233, 40.416193], [-79.824858, 40.412584], [-79.826704, 40.413892], [-79.827477, 40.410062], [-79.830929, 40.410634], [-79.831351, 40.41038], [-79.833352, 40.408839], [-79.833322, 40.405327], [-79.837153, 40.402464], [-79.838263, 40.405174], [-79.83897, 40.405792], [-79.833961, 40.409459], [-79.837012, 40.412945], [-79.838974, 40.414873], [-79.838625, 40.415297], [-79.839852, 40.41757], [-79.841521, 40.419014], [-79.841028, 40.419526], [-79.841424, 40.420133], [-79.841965, 40.420788], [-79.843042, 40.422163], [-79.843183, 40.422717], [-79.843346, 40.423492], [-79.843593, 40.424496], [-79.847161, 40.428566], [-79.844834, 40.429304]]]}, "properties": {"GEOID": "42003520002", "LILA": 0, "SCORE_1_10": 1, "NEAREST_GROCERY_MI": 0.6490725213682953, "LOW_INCOME_RAW": 0.0, "LOW_ACCESS_RAW": 337.316338269506, "NO_VEHICLE_RAW": 0.0}}, {"type": "Feature", "geometry": {"type": "Polygon", "coordinates": [[[-79.894053, 40.433744], [-79.892591, 40.434361], [-79.890643, 40.435176], [-79.889752, 40.435544], [-79.885782, 40.436843], [-79.885179, 40.433864], [-79.884995, 40.432951], [-79.884627, 40.430376], [-79.885212, 40.426901], [-79.886001, 40.424518], [-79.886185, 40.423963], [-79.886362, 40.424198], [-79.886645, 40.424645], [-79.88801, 40.424678], [-79.891252, 40.427723], [-79.892032, 40.428111], [-79.892386, 40.428475], [-79.892102, 40.429576], [-79.894563, 40.43353], [-79.894053, 40.433744]]]}, "properties": {"GEOID": "42003516100", "LILA": 0, "SCORE_1_10": 1, "NEAREST_GROCERY_MI": 0.22763159703722344, "LOW_INCOME_RAW": 0.0, "LOW_ACCESS_RAW": 0.0, "NO_VEHICLE_RAW": 0.0}}, {"type": "Feature", "geometry": {"type": "Polygon", "coordinates": [[[-79.886001, 40.424518], [-79.885212, 40.426901], [-79.882968, 40.426757], [-79.881494, 40.426073], [-79.879852, 40.428519], [-79.875826, 40.428079], [-79.873979, 40.423971], [-79.873733, 40.42354], [-79.873517, 40.422841], [-79.877285, 40.422351], [-79.877416, 40.421668], [-79.878934, 40.422], [-79.880262, 40.421736], [-79.88116, 40.422001], [-79.883693, 40.422741], [-79.883757, 40.422645], [-79.885573, 40.423012], [-79.886001, 40.424518]]]}, "properties": {"GEOID": "42003515200", "LILA": 0, "SCORE_1_10": 1, "NEAREST_GROCERY_MI": 0.36014945227988693, "LOW_INCOME_RAW": 0.0, "LOW_ACCESS_RAW": 0.0, "NO_VEHICLE_RAW": 0.0}}, {"type": "Feature", "geometry": {"type": "Polygon", "coordinates": [[[-79.833642, 40.400978], [-79.833322, 40.405327], [-79.833352, 40.408839], [-79.831351, 40.41038], [-79.830929, 40.410634], [-79.827477, 40.410062], [-79.826704, 40.413892], [-79.824858, 40.412584], [-79.823233, 40.416193], [-79.821305, 40.416739], [-79.821804, 40.416307], [-79.818951, 40.415918], [-79.818514, 40.415483], [-79.81378, 40.418119], [-79.811658, 40.417861], [-79.810652, 40.416389], [-79.812275, 40.413778], [-79.80962, 40.412304], [-79.81052, 40.411596], [-79.811037, 40.411262], [-79.81187, 40.409699], [-79.815433, 40.40563], [-79.813048, 40.405494], [-79.811775, 40.403355], [-79.814993, 40.401185], [-79.816976, 40.402347], [-79.818682, 40.400457], [-79.824294, 40.40293], [-79.826675, 40.404231], [-79.827748, 40.404289], [-79.827806, 40.402875], [-79.830774, 40.399549], [-79.833681, 40.400399], [-79.833642, 40.400978]]]}, "properties": {"GEOID": "42003509400", "LILA": 1, "SCORE_1_10": 5, "NEAREST_GROCERY_MI": 1.3537802860468577, "LOW_INCOME_RAW": 0.0, "LOW_ACCESS_RAW": 4701.92982130381, "NO_VEHICLE_RAW": 0.0}}, {"type": "Feature", "geometry": {"type": "Polygon", "coordinates": [[[-79.915015, 40.526998], [-79.911809, 40.527092], [-79.911643, 40.528768], [-79.914476, 40.531035], [-79.913097, 40.536165], [-79.911096, 40.537733], [-79.913654, 40.540848], [-79.912708, 40.540866], [-79.91296, 40.546863], [-79.910199, 40.546985], [-79.910194, 40.5483], [-79.908546, 40.547775], [-79.90749, 40.547245], [-79.904348, 40.546092], [-79.904028, 40.539515], [-79.902817, 40.538051], [-79.902994, 40.539581], [-79.900752, 40.543672], [-79.898477, 40.542623], [-79.895934, 40.546144], [-79.896066, 40.548684], [-79.8971, 40.549187], [-79.89232, 40.549515], [-79.892365, 40.550982], [-79.890809, 40.55102], [-79.889059, 40.549321], [-79.886888, 40.548653], [-79.884422, 40.550965], [-79.877392, 40.551758], [-79.874547, 40.552101], [-79.874529, 40.54678], [-79.868343, 40.546903], [-79.8677, 40.535942], [-79.855506, 40.536414], [-79.85527, 40.528789], [-79.867579, 40.528512], [-79.867259, 40.522247], [-79.871734, 40.526388], [-79.872237, 40.527164], [-79.871923, 40.517053], [-79.871642, 40.510333], [-79.87278, 40.50971], [-79.872672, 40.503888], [-79.878623, 40.503694], [-79.879762, 40.499419], [-79.883634, 40.499182], [-79.883633, 40.499245], [-79.887353, 40.498669], [-79.891153, 40.497034], [-79.890443, 40.494777], [-79.889832, 40.491527], [-79.896912, 40.492614], [-79.896813, 40.493005], [-79.897867, 40.495135], [-79.900016, 40.496101], [-79.899394, 40.497146], [-79.90105, 40.500391], [-79.902145, 40.499766], [-79.902229, 40.50024], [-79.902356, 40.503978], [-79.908318, 40.503806], [-79.908577, 40.508737], [-79.911289, 40.508672], [-79.912902, 40.507761], [-79.914079, 40.508597], [-79.914586, 40.517734], [-79.914676, 40.519693], [-79.914981, 40.526328], [-79.915015, 40.526998]]]}, "properties": {"GEOID": "42003422000", "LILA": 0, "SCORE_1_10": 3, "NEAREST_GROCERY_MI": 2.262840514811415, "LOW_INCOME_RAW": 0.0, "LOW_ACCESS_RAW": 4329.83261345193, "NO_VEHICLE_RAW": 0.0}}, {"type": "Feature", "geometry": {"type": "Polygon", "coordinates": [[[-80.001586, 40.374841], [-79.999123, 40.377344], [-79.998051, 40.376472], [-79.994064, 40.375819], [-79.993999, 40.375839], [-79.994132, 40.376728], [-79.993508, 40.378343], [-79.992796, 40.378609], [-79.989667, 40.378655], [-79.986032, 40.377822], [-79.985419, 40.37673], [-79.98693, 40.375081], [-79.985997, 40.373801], [-79.984762, 40.372116], [-79.986171, 40.370241], [-79.985051, 40.368162], [-79.98886, 40.363945], [-79.988205, 40.36286], [-79.987958, 40.362379], [-79.990038, 40.361577], [-79.990847, 40.361118], [-79.990626, 40.358298], [-79.991085, 40.356583], [-79.991098, 40.356305], [-79.987416, 40.349413], [-79.986358, 40.347437], [-79.98645, 40.346568], [-79.988258, 40.348757], [-79.98946, 40.349465], [-79.990771, 40.349862], [-79.994914, 40.350446], [-79.99417, 40.351199], [-79.996088, 40.351979], [-79.995511, 40.354767], [-79.999786, 40.357711], [-79.999663, 40.357748], [-80.00077, 40.359692], [-80.000013, 40.363926], [-79.999451, 40.364815], [-79.999421, 40.365885], [-79.999356, 40.366708], [-79.999008, 40.367846], [-79.99841, 40.369259], [-79.99767, 40.370289], [-79.999908, 40.370633], [-80.001547, 40.370599], [-80.001063, 40.370918], [-80.001586, 40.374841]]]}, "properties": {"GEOID": "42003477200", "LILA": 0, "SCORE_1_10": 1, "NEAREST_GROCERY_MI": 0.563981527996287, "LOW_INCOME_RAW": 0.0, "LOW_ACCESS_RAW": 0.0, "NO_VEHICLE_RAW": 0.0}}, {"type": "Feature", "geometry": {"type": "Polygon", "coordinates": [[[-80.009341, 40.32112], [-80.003034, 40.330695], [-80.001323, 40.333292], [-79.998486, 40.337599], [-79.998059, 40.338248], [-79.996631, 40.337199], [-79.988814, 40.332467], [-79.986659, 40.331191], [-79.985425, 40.329527], [-79.985071, 40.328396], [-79.983557, 40.326775], [-79.980291, 40.323278], [-79.979017, 40.316743], [-79.97901, 40.316649], [-79.978982, 40.312742], [-79.978301, 40.311002], [-79.976368, 40.309194], [-79.976372, 40.306044], [-79.973879, 40.301571], [-79.983013, 40.30213], [-79.98559, 40.300618], [-79.985072, 40.300013], [-79.98516, 40.299458], [-79.988801, 40.296058], [-79.989508, 40.294791], [-79.990754, 40.293621], [-79.994477, 40.296595], [-79.994471, 40.298447], [-79.995405, 40.302345], [-79.996451, 40.306678], [-79.999128, 40.307296], [-80.002299, 40.309976], [-80.004907, 40.313184], [-80.008395, 40.319744], [-80.009341, 40.32112]]]}, "properties": {"GEOID": "42003490003", "LILA": 0, "SCORE_1_10": 2, "NEAREST_GROCERY_MI": 1.885048259959382, "LOW_INCOME_RAW": 0.0, "LOW_ACCESS_RAW": 2853.16906453477, "NO_VEHICLE_RAW": 0.0}}, {"type": "Feature", "geometry": {"type": "Polygon", "coordinates": [[[-79.985071, 40.328396], [-79.982611, 40.329388], [-79.97916, 40.327471], [-79.976259, 40.327549], [-79.97521, 40.324698], [-79.973739, 40.324145], [-79.963967, 40.320624], [-79.961907, 40.319804], [-79.961348, 40.318694], [-79.95964, 40.317689], [-79.956919, 40.321181], [-79.95298, 40.320427], [-79.942554, 40.31645], [-79.940482, 40.317215], [-79.938697, 40.313235], [-79.936857, 40.308978], [-79.934844, 40.305908], [-79.930258, 40.301707], [-79.928423, 40.300913], [-79.928018, 40.300831], [-79.927424, 40.300763], [-79.926909, 40.300753], [-79.926377, 40.300762], [-79.92511, 40.300784], [-79.922875, 40.300437], [-79.92166, 40.299697], [-79.917247, 40.293826], [-79.916177, 40.292959], [-79.914283, 40.29142], [-79.921876, 40.289575], [-79.92389, 40.286171], [-79.925049, 40.285397], [-79.926546, 40.285149], [-79.934833, 40.284237], [-79.936471, 40.282613], [-79.936581, 40.27954], [-79.937997, 40.279029], [-79.94284, 40.279067], [-79.946968, 40.282294], [-79.952045, 40.279968], [-79.95463, 40.279554], [-79.955427, 40.279409], [-79.956922, 40.279185], [-79.959829, 40.279486], [-79.964966, 40.281093], [-79.963945, 40.282273], [-79.965208, 40.285262], [-79.965495, 40.288772], [-79.970153, 40.291794], [-79.971043, 40.292324], [-79.972961, 40.29762], [-79.972784, 40.299738], [-79.973879, 40.301571], [-79.976372, 40.306044], [-79.976368, 40.309194], [-79.978301, 40.311002], [-79.978982, 40.312742], [-79.97901, 40.316649], [-79.979017, 40.316743], [-79.980291, 40.323278], [-79.983557, 40.326775], [-79.985071, 40.328396]]]}, "properties": {"GEOID": "42003491101", "LILA": 0, "SCORE_1_10": 3, "NEAREST_GROCERY_MI": 1.8202292780938, "LOW_INCOME_RAW": 0.0, "LOW_ACCESS_RAW": 3830.92033220408, "NO_VEHICLE_RAW": 0.0}}, {"type": "Feature", "geometry": {"type": "Polygon", "coordinates": [[[-80.125909, 40.48997], [-80.117609, 40.501701], [-80.115923, 40.50396], [-80.103434, 40.500883], [-80.099135, 40.49943], [-80.099697, 40.498159], [-80.099707, 40.497305], [-80.099958, 40.495586], [-80.099882, 40.494841], [-80.096766, 40.493716], [-80.091415, 40.491742], [-80.090938, 40.491069], [-80.087605, 40.486357], [-80.087503, 40.485692], [-80.085557, 40.482815], [-80.083456, 40.479782], [-80.083976, 40.476507], [-80.084145, 40.475713], [-80.09116, 40.474867], [-80.093585, 40.474088], [-80.096674, 40.475276], [-80.09736, 40.475422], [-80.098945, 40.475707], [-80.101165, 40.476387], [-80.104085, 40.479559], [-80.104585, 40.480172], [-80.105305, 40.480704], [-80.107334, 40.481347], [-80.108857, 40.481736], [-80.111833, 40.482067], [-80.112878, 40.482152], [-80.114563, 40.482044], [-80.116552, 40.481832], [-80.120858, 40.480369], [-80.123453, 40.485646], [-80.125909, 40.48997]]]}, "properties": {"GEOID": "42003460001", "LILA": 0, "SCORE_1_10": 2, "NEAREST_GROCERY_MI": 1.026436056479612, "LOW_INCOME_RAW": 0.0, "LOW_ACCESS_RAW": 2300.53366200428, "NO_VEHICLE_RAW": 0.0}}, {"type": "Feature", "geometry": {"type": "Polygon", "coordinates": [[[-80.100167, 40.397838], [-80.09854, 40.399976], [-80.096882, 40.400433], [-80.090585, 40.401444], [-80.088615, 40.402195], [-80.086979, 40.403258], [-80.08668, 40.398683], [-80.082596, 40.398991], [-80.080442, 40.399179], [-80.080404, 40.399181], [-80.079881, 40.399872], [-80.074259, 40.399181], [-80.076014, 40.398686], [-80.077117, 40.39739], [-80.076026, 40.392803], [-80.074366, 40.391334], [-80.073805, 40.390784], [-80.074181, 40.390743], [-80.079027, 40.390899], [-80.08158, 40.388882], [-80.084172, 40.386267], [-80.087571, 40.386301], [-80.088929, 40.386567], [-80.090202, 40.387187], [-80.08836, 40.387582], [-80.086687, 40.389255], [-80.086059, 40.392036], [-80.087238, 40.394285], [-80.088035, 40.394919], [-80.089276, 40.395131], [-80.092571, 40.395104], [-80.099103, 40.393891], [-80.099647, 40.393934], [-80.10027, 40.394375], [-80.100167, 40.397838]]]}, "properties": {"GEOID": "42003470600", "LILA": 0, "SCORE_1_10": 1, "NEAREST_GROCERY_MI": 0.2173358222539178, "LOW_INCOME_RAW": 0.0, "LOW_ACCESS_RAW": 0.0, "NO_VEHICLE_RAW": 0.0}}, {"type": "Feature", "geometry": {"type": "Polygon", "coordinates": [[[-80.114889, 40.335229], [-80.112603, 40.338796], [-80.107996, 40.346867], [-80.108009, 40.348283], [-80.110101, 40.348924], [-80.110129, 40.351565], [-80.108027, 40.351418], [-80.105828, 40.348845], [-80.103558, 40.349248], [-80.103176, 40.349274], [-80.102513, 40.349318], [-80.099272, 40.349431], [-80.098071, 40.350006], [-80.095619, 40.353265], [-80.090229, 40.350431], [-80.087719, 40.352364], [-80.095248, 40.35539], [-80.095389, 40.356291], [-80.09107, 40.35582], [-80.088531, 40.354514], [-80.088189, 40.354226], [-80.087196, 40.352339], [-80.082991, 40.348308], [-80.082181, 40.345057], [-80.080836, 40.342834], [-80.078242, 40.341308], [-80.078036, 40.340281], [-80.079276, 40.340516], [-80.081126, 40.33962], [-80.08625, 40.339675], [-80.087862, 40.338742], [-80.091164, 40.338936], [-80.092173, 40.337921], [-80.093911, 40.337968], [-80.095657, 40.337297], [-80.097833, 40.337776], [-80.098528, 40.340016], [-80.097598, 40.341131], [-80.102694, 40.343775], [-80.103959, 40.343524], [-80.104761, 40.340413], [-80.106724, 40.339117], [-80.108565, 40.336939], [-80.111823, 40.335428], [-80.113471, 40.331546], [-80.114721, 40.332299], [-80.115415, 40.33372], [-80.114889, 40.335229]]]}, "properties": {"GEOID": "42003474201", "LILA": 0, "SCORE_1_10": 2, "NEAREST_GROCERY_MI": 1.1045993736818003, "LOW_INCOME_RAW": 0.0, "LOW_ACCESS_RAW": 1911.85902901914, "NO_VEHICLE_RAW": 0.0}}, {"type": "Feature", "geometry": {"type": "Polygon", "coordinates": [[[-80.118223, 40.317138], [-80.115855, 40.318859], [-80.115583, 40.322936], [-80.114212, 40.323064], [-80.112405, 40.324586], [-80.109722, 40.323969], [-80.10561, 40.324986], [-80.103399, 40.325221], [-80.101487, 40.326754], [-80.100697, 40.328154], [-80.10162, 40.331243], [-80.101034, 40.332489], [-80.104966, 40.332509], [-80.108704, 40.33147], [-80.113471, 40.331546], [-80.111823, 40.335428], [-80.108565, 40.336939], [-80.106724, 40.339117], [-80.104761, 40.340413], [-80.103959, 40.343524], [-80.102694, 40.343775], [-80.097598, 40.341131], [-80.098528, 40.340016], [-80.097833, 40.337776], [-80.095657, 40.337297], [-80.093911, 40.337968], [-80.092173, 40.337921], [-80.091164, 40.338936], [-80.087862, 40.338742], [-80.08625, 40.339675], [-80.081126, 40.33962], [-80.079276, 40.340516], [-80.078036, 40.340281], [-80.077932, 40.339208], [-80.071701, 40.334012], [-80.069889, 40.331877], [-80.066522, 40.32855], [-80.06618, 40.327759], [-80.067108, 40.327795], [-80.0694, 40.327642], [-80.071727, 40.327478], [-80.074104, 40.326908], [-80.075638, 40.327298], [-80.081642, 40.324875], [-80.084686, 40.323082], [-80.086996, 40.320636], [-80.087854, 40.319031], [-80.09181, 40.308716], [-80.092383, 40.308061], [-80.093786, 40.306856], [-80.094945, 40.305907], [-80.095612, 40.306184], [-80.109712, 40.310276], [-80.116278, 40.312659], [-80.116448, 40.315533], [-80.118223, 40.317138]]]}, "properties": {"GEOID": "42003474202", "LILA": 0, "SCORE_1_10": 2, "NEAREST_GROCERY_MI": 1.7687075426094525, "LOW_INCOME_RAW": 0.0, "LOW_ACCESS_RAW": 1934.88756105484, "NO_VEHICLE_RAW": 0.0}}, {"type": "Feature", "geometry": {"type": "Polygon", "coordinates": [[[-80.086335, 40.428388], [-80.085297, 40.429894], [-80.083765, 40.430866], [-80.080377, 40.432072], [-80.077191, 40.431665], [-80.076386, 40.431686], [-80.075374, 40.434219], [-80.078129, 40.43863], [-80.080375, 40.439637], [-80.080749, 40.439738], [-80.080612, 40.440118], [-80.079811, 40.440293], [-80.076453, 40.437601], [-80.075065, 40.435667], [-80.073682, 40.435259], [-80.069051, 40.437051], [-80.068681, 40.438197], [-80.066962, 40.437902], [-80.067372, 40.436853], [-80.06766, 40.436006], [-80.067632, 40.435366], [-80.06567, 40.433357], [-80.061235, 40.435619], [-80.061678, 40.436462], [-80.061609, 40.436569], [-80.06154, 40.43676], [-80.061541, 40.436844], [-80.061255, 40.436848], [-80.061191, 40.436804], [-80.060957, 40.436419], [-80.060144, 40.436377], [-80.059123, 40.437135], [-80.057963, 40.436473], [-80.058044, 40.435721], [-80.057565, 40.434515], [-80.057861, 40.431438], [-80.059154, 40.429331], [-80.059848, 40.42827], [-80.062166, 40.429049], [-80.063173, 40.427866], [-80.065546, 40.430349], [-80.065955, 40.430438], [-80.068022, 40.431191], [-80.06858, 40.431358], [-80.069504, 40.42993], [-80.070979, 40.42823], [-80.073207, 40.426039], [-80.073882, 40.425463], [-80.080519, 40.423723], [-80.085542, 40.423842], [-80.084993, 40.424585], [-80.086698, 40.425484], [-80.086335, 40.428388]]]}, "properties": {"GEOID": "42003465800", "LILA": 0, "SCORE_1_10": 1, "NEAREST_GROCERY_MI": 0.5955855475014777, "LOW_INCOME_RAW": 0.0, "LOW_ACCESS_RAW": 205.608783587813, "NO_VEHICLE_RAW": 0.0}}, {"type": "Feature", "geometry": {"type": "Polygon", "coordinates": [[[-79.894593, 40.389288], [-79.89427, 40.38996], [-79.893607, 40.391525], [-79.894273, 40.39398], [-79.893616, 40.394951], [-79.893679, 40.395393], [-79.891401, 40.396307], [-79.889789, 40.395232], [-79.888186, 40.394514], [-79.886199, 40.393064], [-79.884805, 40.391848], [-79.881658, 40.3898], [-79.880862, 40.387849], [-79.880663, 40.387149], [-79.878887, 40.384914], [-79.877933, 40.382922], [-79.881316, 40.382552], [-79.886209, 40.378734], [-79.888146, 40.37788], [-79.890053, 40.376694], [-79.891307, 40.376352], [-79.890952, 40.379381], [-79.889604, 40.380936], [-79.890819, 40.381681], [-79.890352, 40.383878], [-79.890914, 40.382961], [-79.894597, 40.384212], [-79.894538, 40.384842], [-79.894527, 40.385069], [-79.894391, 40.386414], [-79.894853, 40.387691], [-79.894593, 40.389288]]]}, "properties": {"GEOID": "42003488100", "LILA": 0, "SCORE_1_10": 1, "NEAREST_GROCERY_MI": 0.9579005519264397, "LOW_INCOME_RAW": 0.0, "LOW_ACCESS_RAW": 675.136816397309, "NO_VEHICLE_RAW": 0.0}}, {"type": "Feature", "geometry": {"type": "Polygon", "coordinates": [[[-79.965376, 40.345745], [-79.961291, 40.350167], [-79.960623, 40.351614], [-79.958977, 40.352306], [-79.956665, 40.355548], [-79.955965, 40.356941], [-79.954958, 40.358124], [-79.95154, 40.359673], [-79.950259, 40.3607], [-79.9488, 40.366012], [-79.948144, 40.368165], [-79.947868, 40.368861], [-79.945768, 40.369527], [-79.942391, 40.372784], [-79.940625, 40.374666], [-79.939439, 40.373941], [-79.926577, 40.374999], [-79.924982, 40.375091], [-79.924394, 40.372478], [-79.92236, 40.370712], [-79.92235, 40.369707], [-79.922285, 40.368633], [-79.920665, 40.365361], [-79.91373, 40.365514], [-79.911898, 40.365008], [-79.910821, 40.362849], [-79.908669, 40.363505], [-79.908208, 40.363572], [-79.907438, 40.362028], [-79.907663, 40.360414], [-79.907848, 40.359758], [-79.908656, 40.35856], [-79.903534, 40.359833], [-79.900589, 40.356345], [-79.899463, 40.356057], [-79.902519, 40.352496], [-79.905492, 40.35248], [-79.906232, 40.352448], [-79.908835, 40.352118], [-79.911992, 40.354165], [-79.914413, 40.354092], [-79.917256, 40.352995], [-79.92289, 40.350954], [-79.924644, 40.350626], [-79.92708, 40.350251], [-79.930533, 40.34984], [-79.938535, 40.348913], [-79.944152, 40.348383], [-79.947299, 40.348166], [-79.951819, 40.347616], [-79.95353, 40.3462], [-79.954942, 40.343539], [-79.955409, 40.340758], [-79.955938, 40.34043], [-79.964, 40.344991], [-79.965376, 40.345745]]]}, "properties": {"GEOID": "42003488500", "LILA": 0, "SCORE_1_10": 1, "NEAREST_GROCERY_MI": 1.1558720467275014, "LOW_INCOME_RAW": 0.0, "LOW_ACCESS_RAW": 299.797104969621, "NO_VEHICLE_RAW": 0.0}}, {"type": "Feature", "geometry": {"type": "Polygon", "coordinates": [[[-79.991085, 40.356583], [-79.990626, 40.358298], [-79.990847, 40.361118], [-79.990038, 40.361577], [-79.987958, 40.362379], [-79.983331, 40.362571], [-79.982662, 40.361527], [-79.982341, 40.360872], [-79.981857, 40.361126], [-79.974847, 40.364294], [-79.971406, 40.366555], [-79.968056, 40.368143], [-79.964883, 40.369537], [-79.964472, 40.369701], [-79.958908, 40.364305], [-79.96429, 40.363429], [-79.96583, 40.364863], [-79.968117, 40.363483], [-79.966764, 40.360854], [-79.966058, 40.358994], [-79.965312, 40.357764], [-79.968443, 40.35632], [-79.969455, 40.357692], [-79.969821, 40.357288], [-79.971326, 40.355444], [-79.972836, 40.353786], [-79.97142, 40.352067], [-79.97416, 40.350374], [-79.976711, 40.350503], [-79.973966, 40.347423], [-79.973493, 40.346452], [-79.973103, 40.345575], [-79.977753, 40.344415], [-79.985071, 40.345372], [-79.98645, 40.346568], [-79.986358, 40.347437], [-79.987416, 40.349413], [-79.991098, 40.356305], [-79.991085, 40.356583]]]}, "properties": {"GEOID": "42003477300", "LILA": 0, "SCORE_1_10": 1, "NEAREST_GROCERY_MI": 0.7402739298386273, "LOW_INCOME_RAW": 0.0, "LOW_ACCESS_RAW": 43.3426842689514, "NO_VEHICLE_RAW": 0.0}}, {"type": "Feature", "geometry": {"type": "Polygon", "coordinates": [[[-80.171511, 40.43659], [-80.171058, 40.439926], [-80.172251, 40.44371], [-80.172026, 40.444007], [-80.172054, 40.446047], [-80.172038, 40.44614], [-80.172166, 40.451954], [-80.172286, 40.458288], [-80.168695, 40.45895], [-80.167499, 40.460293], [-80.169068, 40.461567], [-80.16757, 40.462397], [-80.164504, 40.461386], [-80.161654, 40.461344], [-80.161104, 40.458547], [-80.159531, 40.460575], [-80.16234, 40.464004], [-80.161345, 40.465863], [-80.160048, 40.466585], [-80.155881, 40.466401], [-80.15424, 40.466041], [-80.15283, 40.465504], [-80.152063, 40.461698], [-80.149513, 40.460421], [-80.147634, 40.457408], [-80.144909, 40.457047], [-80.141125, 40.457557], [-80.138242, 40.456409], [-80.137009, 40.45607], [-80.136306, 40.455161], [-80.133727, 40.455922], [-80.129795, 40.455972], [-80.125722, 40.456789], [-80.122417, 40.460211], [-80.120459, 40.46014], [-80.113678, 40.458602], [-80.112287, 40.458078], [-80.112479, 40.454583], [-80.112291, 40.454001], [-80.11135, 40.453029], [-80.110029, 40.451451], [-80.108765, 40.451199], [-80.107638, 40.450168], [-80.106134, 40.448879], [-80.104476, 40.448177], [-80.099252, 40.449389], [-80.093375, 40.450754], [-80.09241, 40.450918], [-80.09112, 40.451424], [-80.089517, 40.450427], [-80.091024, 40.44905], [-80.090108, 40.446579], [-80.090165, 40.444162], [-80.089237, 40.443333], [-80.084068, 40.441929], [-80.082396, 40.440244], [-80.080749, 40.439738], [-80.080375, 40.439637], [-80.086361, 40.43957], [-80.085666, 40.438835], [-80.089565, 40.436278], [-80.091229, 40.437088], [-80.092724, 40.432345], [-80.090384, 40.430924], [-80.092338, 40.428465], [-80.095276, 40.429989], [-80.096434, 40.421666], [-80.09943, 40.421273], [-80.09883, 40.418162], [-80.098004, 40.417357], [-80.097883, 40.415111], [-80.099985, 40.411649], [-80.099895, 40.411031], [-80.105889, 40.413191], [-80.109551, 40.417696], [-80.108962, 40.420812], [-80.110768, 40.421285], [-80.111508, 40.42426], [-80.11491, 40.424905], [-80.114616, 40.426089], [-80.120294, 40.425687], [-80.124554, 40.426714], [-80.130804, 40.429629], [-80.13418, 40.430592], [-80.134898, 40.43016], [-80.136298, 40.430145], [-80.139139, 40.430434], [-80.139646, 40.430997], [-80.144957, 40.432001], [-80.146924, 40.432042], [-80.15123, 40.433449], [-80.155001, 40.432507], [-80.16375, 40.424651], [-80.168053, 40.421914], [-80.168276, 40.422979], [-80.168614, 40.427664], [-80.169945, 40.430726], [-80.17273, 40.435522], [-80.171511, 40.43659]], [[-80.101408, 40.42518], [-80.098924, 40.427377], [-80.097777, 40.428647], [-80.100849, 40.430899], [-80.104522, 40.428971], [-80.101408, 40.42518]]]}, "properties": {"GEOID": "42003459201", "LILA": 0, "SCORE_1_10": 2, "NEAREST_GROCERY_MI": 0.9927781450294283, "LOW_INCOME_RAW": 0.0, "LOW_ACCESS_RAW": 3010.44937542186, "NO_VEHICLE_RAW": 0.0}}, {"type": "Feature", "geometry": {"type": "Polygon", "coordinates": [[[-79.859333, 40.487142], [-79.856537, 40.488976], [-79.851926, 40.492884], [-79.851113, 40.493601], [-79.850339, 40.49594], [-79.845263, 40.495983], [-79.84388, 40.497997], [-79.842897, 40.503297], [-79.840798, 40.503674], [-79.837829, 40.502234], [-79.837002, 40.502091], [-79.837158, 40.501965], [-79.836366, 40.501552], [-79.835425, 40.498487], [-79.835261, 40.498263], [-79.835176, 40.498085], [-79.835041, 40.497436], [-79.834946, 40.497115], [-79.834814, 40.496778], [-79.833945, 40.49536], [-79.832398, 40.494859], [-79.829351, 40.495194], [-79.827356, 40.494406], [-79.827583, 40.492362], [-79.827457, 40.490954], [-79.826714, 40.490576], [-79.820133, 40.49005], [-79.819862, 40.489499], [-79.820134, 40.489281], [-79.820978, 40.48812], [-79.820529, 40.485636], [-79.819247, 40.484202], [-79.823207, 40.483331], [-79.825898, 40.482253], [-79.828716, 40.481772], [-79.832255, 40.480568], [-79.832879, 40.480304], [-79.834269, 40.479951], [-79.838258, 40.478031], [-79.839983, 40.478408], [-79.843803, 40.477548], [-79.845507, 40.477965], [-79.846295, 40.477836], [-79.848497, 40.47554], [-79.848085, 40.478205], [-79.84815, 40.47843], [-79.851543, 40.482799], [-79.854717, 40.484245], [-79.856899, 40.485171], [-79.857736, 40.48545], [-79.859541, 40.487052], [-79.859333, 40.487142]]]}, "properties": {"GEOID": "42003523800", "LILA": 0, "SCORE_1_10": 1, "NEAREST_GROCERY_MI": 0.7164150789052507, "LOW_INCOME_RAW": 0.0, "LOW_ACCESS_RAW": 670.464780092239, "NO_VEHICLE_RAW": 0.0}}, {"type": "Feature", "geometry": {"type": "Polygon", "coordinates": [[[-79.837002, 40.502091], [-79.833792, 40.500852], [-79.833456, 40.501382], [-79.833566, 40.504439], [-79.833624, 40.506306], [-79.833612, 40.506393], [-79.83393, 40.511948], [-79.83402, 40.512712], [-79.833797, 40.513162], [-79.8323, 40.513516], [-79.827854, 40.512044], [-79.826058, 40.512857], [-79.824531, 40.515576], [-79.822388, 40.514507], [-79.819707, 40.517397], [-79.818158, 40.518391], [-79.816653, 40.517711], [-79.816749, 40.51486], [-79.815186, 40.514361], [-79.813733, 40.516277], [-79.812823, 40.516492], [-79.810186, 40.51574], [-79.808745, 40.516116], [-79.808357, 40.517499], [-79.806979, 40.518148], [-79.80675, 40.513607], [-79.805062, 40.514085], [-79.801959, 40.512749], [-79.799387, 40.510093], [-79.795689, 40.509869], [-79.793502, 40.507433], [-79.794099, 40.506904], [-79.798831, 40.507322], [-79.802206, 40.506426], [-79.806739, 40.502789], [-79.806338, 40.50162], [-79.806002, 40.497817], [-79.808594, 40.494935], [-79.809744, 40.493747], [-79.811404, 40.492379], [-79.816437, 40.49021], [-79.819862, 40.489499], [-79.820133, 40.49005], [-79.826714, 40.490576], [-79.827457, 40.490954], [-79.827583, 40.492362], [-79.827356, 40.494406], [-79.829351, 40.495194], [-79.832398, 40.494859], [-79.833945, 40.49536], [-79.834814, 40.496778], [-79.834946, 40.497115], [-79.835041, 40.497436], [-79.835176, 40.498085], [-79.835261, 40.498263], [-79.835425, 40.498487], [-79.836366, 40.501552], [-79.837158, 40.501965], [-79.837002, 40.502091]]]}, "properties": {"GEOID": "42003523701", "LILA": 0, "SCORE_1_10": 2, "NEAREST_GROCERY_MI": 1.3470855123422296, "LOW_INCOME_RAW": 0.0, "LOW_ACCESS_RAW": 1659.79032974096, "NO_VEHICLE_RAW": 0.0}}, {"type": "Feature", "geometry": {"type": "Polygon", "coordinates": [[[-79.848497, 40.47554], [-79.846295, 40.477836], [-79.845507, 40.477965], [-79.843803, 40.477548], [-79.839983, 40.478408], [-79.838258, 40.478031], [-79.834269, 40.479951], [-79.832879, 40.480304], [-79.832255, 40.480568], [-79.828716, 40.481772], [-79.825898, 40.482253], [-79.823207, 40.483331], [-79.819247, 40.484202], [-79.81927, 40.483893], [-79.819998, 40.482894], [-79.822536, 40.480386], [-79.822103, 40.475168], [-79.821954, 40.474309], [-79.820288, 40.47299], [-79.819538, 40.472002], [-79.820208, 40.471192], [-79.823037, 40.469988], [-79.825049, 40.468005], [-79.826123, 40.466202], [-79.826942, 40.465643], [-79.828648, 40.464839], [-79.83034, 40.46471], [-79.832196, 40.465677], [-79.832848, 40.466622], [-79.834606, 40.467417], [-79.835902, 40.467307], [-79.837457, 40.466689], [-79.838826, 40.465713], [-79.839873, 40.463491], [-79.840733, 40.462483], [-79.841265, 40.461181], [-79.84239, 40.460391], [-79.84267, 40.460214], [-79.842402, 40.461454], [-79.84255, 40.462206], [-79.843186, 40.461555], [-79.846126, 40.463667], [-79.847231, 40.465065], [-79.846877, 40.466402], [-79.846908, 40.467635], [-79.847038, 40.468631], [-79.848212, 40.473228], [-79.848586, 40.474442], [-79.848497, 40.47554]]]}, "properties": {"GEOID": "42003523300", "LILA": 0, "SCORE_1_10": 1, "NEAREST_GROCERY_MI": 0.5587482089460701, "LOW_INCOME_RAW": 0.0, "LOW_ACCESS_RAW": 400.018005773891, "NO_VEHICLE_RAW": 0.0}}, {"type": "Feature", "geometry": {"type": "Polygon", "coordinates": [[[-79.889992, 40.461829], [-79.889587, 40.463886], [-79.889044, 40.466494], [-79.888749, 40.467892], [-79.888464, 40.469194], [-79.888137, 40.470843], [-79.887735, 40.473067], [-79.887081, 40.47592], [-79.886561, 40.478184], [-79.884983, 40.478813], [-79.884665, 40.479312], [-79.883807, 40.483212], [-79.877252, 40.48317], [-79.865498, 40.485069], [-79.861166, 40.486352], [-79.859541, 40.487052], [-79.857736, 40.48545], [-79.856899, 40.485171], [-79.854717, 40.484245], [-79.851543, 40.482799], [-79.84815, 40.47843], [-79.848085, 40.478205], [-79.848497, 40.47554], [-79.852388, 40.473562], [-79.856545, 40.473719], [-79.858929, 40.47218], [-79.859211, 40.470152], [-79.861031, 40.468121], [-79.864499, 40.466713], [-79.8654, 40.465746], [-79.865795, 40.462684], [-79.866347, 40.461065], [-79.866042, 40.459418], [-79.865381, 40.458561], [-79.867028, 40.458547], [-79.868278, 40.456351], [-79.871466, 40.457143], [-79.872608, 40.45753], [-79.871695, 40.460565], [-79.870256, 40.460692], [-79.870256, 40.46117], [-79.871739, 40.46103], [-79.872878, 40.460618], [-79.874504, 40.459263], [-79.87521, 40.459905], [-79.875607, 40.460686], [-79.875531, 40.461549], [-79.876295, 40.459701], [-79.879241, 40.459152], [-79.883017, 40.460079], [-79.884125, 40.460358], [-79.884229, 40.460383], [-79.884781, 40.460517], [-79.886203, 40.460859], [-79.888502, 40.46143], [-79.88969, 40.461751], [-79.889992, 40.461829]]]}, "properties": {"GEOID": "42003523100", "LILA": 1, "SCORE_1_10": 4, "NEAREST_GROCERY_MI": 0.6701144803649979, "LOW_INCOME_RAW": 0.0, "LOW_ACCESS_RAW": 575.134141919436, "NO_VEHICLE_RAW": 0.0}}, {"type": "Feature", "geometry": {"type": "Polygon", "coordinates": [[[-79.765959, 40.391133], [-79.765683, 40.391428], [-79.764369, 40.396], [-79.761895, 40.400202], [-79.759198, 40.401557], [-79.757327, 40.402346], [-79.756933, 40.403294], [-79.757278, 40.407529], [-79.755737, 40.410014], [-79.753296, 40.411215], [-79.752626, 40.412774], [-79.752185, 40.414876], [-79.752195, 40.416068], [-79.752227, 40.416726], [-79.752202, 40.417029], [-79.750576, 40.417998], [-79.749623, 40.419824], [-79.749474, 40.420269], [-79.749665, 40.422269], [-79.746322, 40.4195], [-79.742728, 40.418195], [-79.737717, 40.413426], [-79.735736, 40.412491], [-79.728817, 40.410685], [-79.727776, 40.408315], [-79.729193, 40.408827], [-79.730431, 40.408473], [-79.731981, 40.406646], [-79.73232, 40.400235], [-79.73426, 40.398055], [-79.734895, 40.397852], [-79.7364, 40.399528], [-79.738736, 40.397716], [-79.738648, 40.395545], [-79.739995, 40.395499], [-79.742521, 40.396926], [-79.744634, 40.396163], [-79.748024, 40.390757], [-79.750682, 40.390863], [-79.751004, 40.389076], [-79.751262, 40.388357], [-79.755175, 40.389133], [-79.759807, 40.392726], [-79.762068, 40.392768], [-79.764806, 40.390027], [-79.763898, 40.386454], [-79.764939, 40.38721], [-79.765342, 40.38798], [-79.765595, 40.388583], [-79.765865, 40.389422], [-79.765959, 40.391133]]]}, "properties": {"GEOID": "42003521402", "LILA": 0, "SCORE_1_10": 2, "NEAREST_GROCERY_MI": 1.4952831664945814, "LOW_INCOME_RAW": 0.0, "LOW_ACCESS_RAW": 3029.86129371822, "NO_VEHICLE_RAW": 0.0}}, {"type": "Feature", "geometry": {"type": "Polygon", "coordinates": [[[-79.758288, 40.438935], [-79.750741, 40.438792], [-79.744382, 40.438657], [-79.741788, 40.438384], [-79.739546, 40.437878], [-79.737754, 40.437269], [-79.734637, 40.435731], [-79.732471, 40.434155], [-79.727248, 40.428786], [-79.726154, 40.427931], [-79.724948, 40.427412], [-79.723402, 40.427157], [-79.721514, 40.427445], [-79.712998, 40.430416], [-79.709872, 40.430221], [-79.70473, 40.427562], [-79.704783, 40.426324], [-79.706978, 40.424016], [-79.706939, 40.422319], [-79.711833, 40.419684], [-79.712545, 40.418647], [-79.716028, 40.417413], [-79.716157, 40.415728], [-79.717231, 40.413789], [-79.720423, 40.413982], [-79.722338, 40.414919], [-79.726826, 40.414473], [-79.727646, 40.412887], [-79.727228, 40.412194], [-79.726018, 40.412156], [-79.722187, 40.409077], [-79.722186, 40.408836], [-79.723012, 40.408293], [-79.727776, 40.408315], [-79.728817, 40.410685], [-79.735736, 40.412491], [-79.737717, 40.413426], [-79.742728, 40.418195], [-79.746322, 40.4195], [-79.749665, 40.422269], [-79.750332, 40.42368], [-79.751235, 40.429771], [-79.751699, 40.432238], [-79.752382, 40.434072], [-79.754866, 40.437685], [-79.758288, 40.438935]]]}, "properties": {"GEOID": "42003521401", "LILA": 0, "SCORE_1_10": 2, "NEAREST_GROCERY_MI": 1.7471887997527893, "LOW_INCOME_RAW": 0.0, "LOW_ACCESS_RAW": 2661.05320005573, "NO_VEHICLE_RAW": 0.0}}, {"type": "Feature", "geometry": {"type": "Polygon", "coordinates": [[[-79.836598, 40.530207], [-79.834731, 40.531722], [-79.835272, 40.532634], [-79.83082, 40.534342], [-79.827562, 40.535202], [-79.82234, 40.536166], [-79.822086, 40.536206], [-79.820606, 40.536364], [-79.813647, 40.536624], [-79.808512, 40.537125], [-79.807566, 40.537284], [-79.805012, 40.537455], [-79.794789, 40.535785], [-79.783753, 40.534108], [-79.779239, 40.534455], [-79.772762, 40.536327], [-79.768478, 40.538779], [-79.766091, 40.540713], [-79.764172, 40.544264], [-79.763698, 40.546025], [-79.76509, 40.549238], [-79.762671, 40.550394], [-79.760069, 40.551064], [-79.758132, 40.550337], [-79.753353, 40.550894], [-79.752137, 40.551688], [-79.748493, 40.551264], [-79.742656, 40.548523], [-79.738916, 40.549475], [-79.735595, 40.548972], [-79.734044, 40.546836], [-79.730552, 40.544717], [-79.728666, 40.543435], [-79.724608, 40.542191], [-79.722367, 40.542198], [-79.721128, 40.541162], [-79.718707, 40.537399], [-79.714373, 40.532878], [-79.712848, 40.532934], [-79.712432, 40.530982], [-79.709658, 40.527232], [-79.710134, 40.524621], [-79.711713, 40.523546], [-79.716902, 40.523807], [-79.71973, 40.523382], [-79.720538, 40.520724], [-79.724049, 40.518048], [-79.726615, 40.517101], [-79.727961, 40.516855], [-79.72943, 40.516594], [-79.730597, 40.515448], [-79.731344, 40.513831], [-79.731548, 40.51299], [-79.732667, 40.51113], [-79.733194, 40.510736], [-79.735353, 40.50989], [-79.736191, 40.509495], [-79.738793, 40.508193], [-79.739958, 40.506066], [-79.744583, 40.504842], [-79.745931, 40.503239], [-79.747784, 40.497897], [-79.748749, 40.497], [-79.751638, 40.496472], [-79.752905, 40.496523], [-79.755713, 40.499071], [-79.759612, 40.501457], [-79.761736, 40.503793], [-79.762613, 40.504331], [-79.767713, 40.500283], [-79.768396, 40.49745], [-79.771972, 40.49655], [-79.775665, 40.493977], [-79.777617, 40.493689], [-79.783721, 40.49449], [-79.783995, 40.49455], [-79.784472, 40.495246], [-79.787131, 40.49528], [-79.789046, 40.496648], [-79.788134, 40.499195], [-79.789301, 40.500974], [-79.792396, 40.503147], [-79.791662, 40.507275], [-79.791794, 40.507943], [-79.793589, 40.511312], [-79.79845, 40.510194], [-79.802312, 40.514332], [-79.805062, 40.514085], [-79.80675, 40.513607], [-79.806979, 40.518148], [-79.808357, 40.517499], [-79.808745, 40.516116], [-79.810186, 40.51574], [-79.812823, 40.516492], [-79.813733, 40.516277], [-79.815186, 40.514361], [-79.816749, 40.51486], [-79.816653, 40.517711], [-79.818158, 40.518391], [-79.819707, 40.517397], [-79.819916, 40.517628], [-79.820344, 40.518101], [-79.819804, 40.520441], [-79.819218, 40.5233], [-79.820868, 40.526167], [-79.821474, 40.526015], [-79.827926, 40.524571], [-79.828061, 40.527952], [-79.832862, 40.529782], [-79.836056, 40.530026], [-79.836598, 40.530207]]]}, "properties": {"GEOID": "42003526101", "LILA": 0, "SCORE_1_10": 3, "NEAREST_GROCERY_MI": 1.8426451299097177, "LOW_INCOME_RAW": 0.0, "LOW_ACCESS_RAW": 6242.08392566281, "NO_VEHICLE_RAW": 0.0}}, {"type": "Feature", "geometry": {"type": "Polygon", "coordinates": [[[-80.059135, 40.390814], [-80.056734, 40.391453], [-80.056856, 40.391906], [-80.056983, 40.392372], [-80.054437, 40.392826], [-80.056237, 40.395597], [-80.054637, 40.396268], [-80.054119, 40.39649], [-80.05463, 40.399427], [-80.054892, 40.400954], [-80.051705, 40.400668], [-80.051202, 40.401943], [-80.048654, 40.400746], [-80.044882, 40.39906], [-80.046476, 40.395739], [-80.04625, 40.393789], [-80.044399, 40.391302], [-80.043702, 40.390377], [-80.042287, 40.389501], [-80.041598, 40.389548], [-80.04292, 40.388366], [-80.043713, 40.386908], [-80.044653, 40.386834], [-80.044763, 40.386821], [-80.045096, 40.386783], [-80.045208, 40.386771], [-80.046127, 40.386657], [-80.050132, 40.385748], [-80.051056, 40.385459], [-80.053438, 40.384934], [-80.053642, 40.385248], [-80.054809, 40.387189], [-80.055952, 40.388166], [-80.056091, 40.388199], [-80.0565, 40.388263], [-80.056646, 40.388298], [-80.057128, 40.388459], [-80.057682, 40.388835], [-80.059135, 40.390814]]]}, "properties": {"GEOID": "42003473100", "LILA": 0, "SCORE_1_10": 1, "NEAREST_GROCERY_MI": 0.5764684015845382, "LOW_INCOME_RAW": 0.0, "LOW_ACCESS_RAW": 0.0, "NO_VEHICLE_RAW": 0.0}}, {"type": "Feature", "geometry": {"type": "Polygon", "coordinates": [[[-80.04427, 40.381502], [-80.043886, 40.383194], [-80.043811, 40.384381], [-80.043992, 40.385443], [-80.043713, 40.386908], [-80.04292, 40.388366], [-80.040593, 40.38673], [-80.041245, 40.386305], [-80.040918, 40.385939], [-80.039448, 40.38465], [-80.039098, 40.38415], [-80.038864, 40.383017], [-80.036743, 40.383629], [-80.036271, 40.383774], [-80.036762, 40.384342], [-80.035971, 40.384611], [-80.03511, 40.386471], [-80.034524, 40.387196], [-80.034506, 40.388402], [-80.032792, 40.388242], [-80.033625, 40.389801], [-80.031711, 40.390374], [-80.031095, 40.390567], [-80.028696, 40.391296], [-80.028678, 40.391263], [-80.028291, 40.391415], [-80.027827, 40.391598], [-80.026478, 40.39085], [-80.023653, 40.38939], [-80.021313, 40.388118], [-80.023131, 40.38711], [-80.020219, 40.386701], [-80.020529, 40.383319], [-80.021181, 40.382572], [-80.022327, 40.381256], [-80.022866, 40.380243], [-80.023023, 40.379506], [-80.023451, 40.377457], [-80.021214, 40.376594], [-80.022143, 40.37495], [-80.018476, 40.371748], [-80.021714, 40.369568], [-80.027921, 40.367983], [-80.030216, 40.369276], [-80.031935, 40.370415], [-80.032501, 40.370878], [-80.032882, 40.371312], [-80.033933, 40.372728], [-80.034277, 40.373077], [-80.036377, 40.375112], [-80.036466, 40.375582], [-80.036502, 40.376041], [-80.037872, 40.376423], [-80.038148, 40.376524], [-80.040114, 40.377507], [-80.040724, 40.377713], [-80.041021, 40.37807], [-80.042931, 40.380305], [-80.044453, 40.380679], [-80.04427, 40.381502]]]}, "properties": {"GEOID": "42003473300", "LILA": 0, "SCORE_1_10": 1, "NEAREST_GROCERY_MI": 0.7714600928718776, "LOW_INCOME_RAW": 0.0, "LOW_ACCESS_RAW": 0.0, "NO_VEHICLE_RAW": 0.0}}, {"type": "Feature", "geometry": {"type": "Polygon", "coordinates": [[[-80.073985, 40.388176], [-80.0689, 40.38889], [-80.068758, 40.391658], [-80.06876, 40.39195], [-80.068069, 40.392112], [-80.066856, 40.392767], [-80.065692, 40.393257], [-80.064301, 40.393243], [-80.063486, 40.393059], [-80.062072, 40.39238], [-80.059304, 40.390947], [-80.059135, 40.390814], [-80.057682, 40.388835], [-80.057128, 40.388459], [-80.056646, 40.388298], [-80.0565, 40.388263], [-80.056091, 40.388199], [-80.055952, 40.388166], [-80.054809, 40.387189], [-80.053642, 40.385248], [-80.053438, 40.384934], [-80.052914, 40.384111], [-80.052447, 40.382875], [-80.052337, 40.382203], [-80.052558, 40.380269], [-80.055191, 40.3779], [-80.055535, 40.377436], [-80.056363, 40.375688], [-80.056686, 40.375121], [-80.057222, 40.375043], [-80.057893, 40.374919], [-80.064274, 40.377435], [-80.064747, 40.378203], [-80.067431, 40.381178], [-80.067608, 40.380702], [-80.0676, 40.38138], [-80.068875, 40.382785], [-80.06875, 40.382957], [-80.069414, 40.3833], [-80.069078, 40.386789], [-80.071555, 40.385451], [-80.073985, 40.388176]]]}, "properties": {"GEOID": "42003473601", "LILA": 0, "SCORE_1_10": 1, "NEAREST_GROCERY_MI": 0.5508646924352875, "LOW_INCOME_RAW": 0.0, "LOW_ACCESS_RAW": 0.0, "NO_VEHICLE_RAW": 0.0}}, {"type": "Feature", "geometry": {"type": "Polygon", "coordinates": [[[-80.159765, 40.523231], [-80.152511, 40.521677], [-80.145138, 40.519683], [-80.139181, 40.517089], [-80.13418, 40.515342], [-80.13067, 40.514954], [-80.128859, 40.514808], [-80.120288, 40.51314], [-80.112504, 40.511842], [-80.108363, 40.510521], [-80.09775, 40.506617], [-80.092901, 40.50432], [-80.089504, 40.5032], [-80.087668, 40.502611], [-80.084564, 40.502073], [-80.077795, 40.500184], [-80.075005, 40.498395], [-80.072085, 40.496197], [-80.068862, 40.493697], [-80.067526, 40.492271], [-80.07818, 40.4911], [-80.079888, 40.491317], [-80.081037, 40.491511], [-80.091615, 40.496614], [-80.099135, 40.49943], [-80.103434, 40.500883], [-80.115923, 40.50396], [-80.124889, 40.505694], [-80.132884, 40.508392], [-80.134976, 40.509309], [-80.13594, 40.509969], [-80.138102, 40.511297], [-80.143707, 40.513462], [-80.149008, 40.514706], [-80.149637, 40.514918], [-80.152402, 40.516161], [-80.153043, 40.516569], [-80.154309, 40.517278], [-80.159474, 40.521037], [-80.16148, 40.523803], [-80.159765, 40.523231]]]}, "properties": {"GEOID": "42003461000", "LILA": 1, "SCORE_1_10": 4, "NEAREST_GROCERY_MI": 0.7503544931794598, "LOW_INCOME_RAW": 0.0, "LOW_ACCESS_RAW": 805.627977407072, "NO_VEHICLE_RAW": 0.0}}, {"type": "Feature", "geometry": {"type": "Polygon", "coordinates": [[[-79.976344, 40.427589], [-79.976265, 40.428506], [-79.975817, 40.431756], [-79.974128, 40.431248], [-79.973823, 40.431539], [-79.973793, 40.432272], [-79.973502, 40.433877], [-79.964805, 40.430429], [-79.960197, 40.428542], [-79.958877, 40.427304], [-79.955973, 40.424569], [-79.954573, 40.420769], [-79.953974, 40.418242], [-79.952663, 40.4127], [-79.952317, 40.411237], [-79.952955, 40.410659], [-79.955098, 40.410546], [-79.955523, 40.411024], [-79.955836, 40.410947], [-79.955754, 40.414277], [-79.955901, 40.415388], [-79.956627, 40.417316], [-79.957899, 40.419006], [-79.961288, 40.421257], [-79.965974, 40.424134], [-79.968341, 40.424442], [-79.969729, 40.424608], [-79.972102, 40.42488], [-79.973381, 40.424944], [-79.976607, 40.425126], [-79.976344, 40.427589]]]}, "properties": {"GEOID": "42003160900", "LILA": 0, "SCORE_1_10": 1, "NEAREST_GROCERY_MI": 0.36445857710686985, "LOW_INCOME_RAW": 0.0, "LOW_ACCESS_RAW": 0.64230440557003, "NO_VEHICLE_RAW": 0.0}}, {"type": "Feature", "geometry": {"type": "Polygon", "coordinates": [[[-80.035622, 40.401698], [-80.035583, 40.40429], [-80.036343, 40.404261], [-80.036293, 40.405286], [-80.035513, 40.405235], [-80.033775, 40.406172], [-80.034207, 40.406965], [-80.033289, 40.407503], [-80.032603, 40.4082], [-80.03195, 40.409356], [-80.03097, 40.409388], [-80.029804, 40.409008], [-80.027338, 40.408575], [-80.026979, 40.407116], [-80.025342, 40.407989], [-80.024795, 40.408658], [-80.024673, 40.410568], [-80.02284, 40.410633], [-80.021844, 40.410663], [-80.019733, 40.409205], [-80.01778, 40.408449], [-80.018046, 40.407993], [-80.018484, 40.406419], [-80.0188, 40.405355], [-80.019353, 40.404048], [-80.020648, 40.40295], [-80.022171, 40.40174], [-80.023814, 40.400124], [-80.025044, 40.399175], [-80.026234, 40.39831], [-80.02939, 40.397205], [-80.031468, 40.400397], [-80.031851, 40.400883], [-80.031976, 40.401043], [-80.032482, 40.401729], [-80.036579, 40.400809], [-80.035622, 40.401698]]]}, "properties": {"GEOID": "42003192000", "LILA": 0, "SCORE_1_10": 1, "NEAREST_GROCERY_MI": 0.4545572970497664, "LOW_INCOME_RAW": 0.0, "LOW_ACCESS_RAW": 0.0, "NO_VEHICLE_RAW": 0.0}}, {"type": "Feature", "geometry": {"type": "Polygon", "coordinates": [[[-80.035398, 40.394258], [-80.034621, 40.394795], [-80.034274, 40.395033], [-80.032339, 40.396245], [-80.031144, 40.396613], [-80.030944, 40.396021], [-80.030718, 40.395355], [-80.030698, 40.395351], [-80.030431, 40.3944], [-80.028696, 40.391296], [-80.031095, 40.390567], [-80.031711, 40.390374], [-80.033625, 40.389801], [-80.032792, 40.388242], [-80.034506, 40.388402], [-80.034533, 40.389552], [-80.035227, 40.390489], [-80.037567, 40.392476], [-80.035398, 40.394258]]]}, "properties": {"GEOID": "42003472300", "LILA": 0, "SCORE_1_10": 1, "NEAREST_GROCERY_MI": 0.21430720870871567, "LOW_INCOME_RAW": 0.0, "LOW_ACCESS_RAW": 0.0, "NO_VEHICLE_RAW": 0.0}}, {"type": "Feature", "geometry": {"type": "Polygon", "coordinates": [[[-80.041598, 40.389548], [-80.040049, 40.390601], [-80.03868, 40.391548], [-80.038017, 40.392087], [-80.037567, 40.392476], [-80.035227, 40.390489], [-80.034533, 40.389552], [-80.034506, 40.388402], [-80.034524, 40.387196], [-80.03511, 40.386471], [-80.035971, 40.384611], [-80.036762, 40.384342], [-80.036271, 40.383774], [-80.036743, 40.383629], [-80.038864, 40.383017], [-80.039098, 40.38415], [-80.039448, 40.38465], [-80.040918, 40.385939], [-80.041245, 40.386305], [-80.040593, 40.38673], [-80.04292, 40.388366], [-80.041598, 40.389548]]]}, "properties": {"GEOID": "42003472400", "LILA": 0, "SCORE_1_10": 1, "NEAREST_GROCERY_MI": 0.8735689916385243, "LOW_INCOME_RAW": 0.0, "LOW_ACCESS_RAW": 0.0, "NO_VEHICLE_RAW": 0.0}}, {"type": "Feature", "geometry": {"type": "Polygon", "coordinates": [[[-80.360802, 40.477739], [-80.349014, 40.48614], [-80.342319, 40.490913], [-80.302882, 40.518948], [-80.278026, 40.536736], [-80.277715, 40.536943], [-80.275629, 40.538384], [-80.27433, 40.539307], [-80.273158, 40.537572], [-80.272403, 40.536082], [-80.270097, 40.531286], [-80.264575, 40.521145], [-80.264482, 40.520975], [-80.259369, 40.511619], [-80.254996, 40.509376], [-80.241044, 40.502158], [-80.228015, 40.495172], [-80.228062, 40.494699], [-80.225685, 40.491478], [-80.224651, 40.486339], [-80.224201, 40.484474], [-80.222055, 40.481714], [-80.220574, 40.480936], [-80.218585, 40.478258], [-80.214332, 40.476694], [-80.212246, 40.475238], [-80.211998, 40.475217], [-80.211034, 40.474106], [-80.209759, 40.472672], [-80.205152, 40.470048], [-80.201361, 40.46857], [-80.196445, 40.465306], [-80.192858, 40.461476], [-80.192872, 40.459959], [-80.188366, 40.457844], [-80.190483, 40.456459], [-80.192438, 40.455868], [-80.198506, 40.452287], [-80.198622, 40.451853], [-80.202544, 40.450849], [-80.204556, 40.451849], [-80.206475, 40.453289], [-80.208449, 40.453778], [-80.208183, 40.452978], [-80.211785, 40.453707], [-80.212826, 40.455049], [-80.213474, 40.457578], [-80.214374, 40.458103], [-80.215228, 40.456726], [-80.217065, 40.456269], [-80.217674, 40.4574], [-80.221031, 40.458311], [-80.221282, 40.455956], [-80.22239, 40.455116], [-80.224188, 40.455171], [-80.224638, 40.455571], [-80.224342, 40.458127], [-80.224844, 40.458465], [-80.226975, 40.458311], [-80.230745, 40.455192], [-80.232955, 40.455035], [-80.233093, 40.455133], [-80.23376, 40.455099], [-80.235027, 40.45259], [-80.240046, 40.452093], [-80.244707, 40.449809], [-80.250063, 40.449988], [-80.251852, 40.449317], [-80.257848, 40.44549], [-80.262961, 40.441886], [-80.26768, 40.440997], [-80.270643, 40.441767], [-80.275077, 40.442047], [-80.278432, 40.442848], [-80.282295, 40.442598], [-80.284237, 40.439874], [-80.285216, 40.433373], [-80.29406, 40.427038], [-80.296194, 40.425476], [-80.324351, 40.448452], [-80.332861, 40.455322], [-80.337622, 40.459327], [-80.348433, 40.467848], [-80.360801, 40.477591], [-80.360802, 40.477739]]]}, "properties": {"GEOID": "42003452000", "LILA": 0, "SCORE_1_10": 3, "NEAREST_GROCERY_MI": 3.083157555875482, "LOW_INCOME_RAW": 0.0, "LOW_ACCESS_RAW": 4279.09821957662, "NO_VEHICLE_RAW": 0.0}}, {"type": "Feature", "geometry": {"type": "Polygon", "coordinates": [[[-80.178648, 40.52994], [-80.175246, 40.534884], [-80.17225, 40.53762], [-80.169448, 40.537017], [-80.168686, 40.539553], [-80.163138, 40.541564], [-80.157349, 40.541611], [-80.154045, 40.541105], [-80.151084, 40.541247], [-80.14641, 40.541151], [-80.145918, 40.534402], [-80.140424, 40.534467], [-80.140301, 40.532731], [-80.133203, 40.532963], [-80.134595, 40.534749], [-80.132705, 40.535239], [-80.133958, 40.540193], [-80.125212, 40.537371], [-80.124735, 40.537228], [-80.124624, 40.537184], [-80.123946, 40.536974], [-80.121556, 40.536256], [-80.109127, 40.531505], [-80.095882, 40.526587], [-80.084125, 40.522574], [-80.077666, 40.520369], [-80.062292, 40.515437], [-80.061592, 40.505803], [-80.063433, 40.506717], [-80.068495, 40.509], [-80.069516, 40.508993], [-80.075357, 40.508832], [-80.078509, 40.510157], [-80.077959, 40.510987], [-80.080524, 40.51226], [-80.081409, 40.511408], [-80.08352, 40.510137], [-80.087678, 40.510722], [-80.087103, 40.517016], [-80.088584, 40.516611], [-80.093563, 40.516522], [-80.096306, 40.516402], [-80.097075, 40.514766], [-80.099069, 40.514623], [-80.101096, 40.515482], [-80.107481, 40.516823], [-80.107988, 40.514632], [-80.108617, 40.513213], [-80.108363, 40.510521], [-80.112504, 40.511842], [-80.120288, 40.51314], [-80.128859, 40.514808], [-80.13067, 40.514954], [-80.13418, 40.515342], [-80.139181, 40.517089], [-80.145138, 40.519683], [-80.152511, 40.521677], [-80.159765, 40.523231], [-80.16148, 40.523803], [-80.162393, 40.52418], [-80.162683, 40.524299], [-80.171257, 40.527397], [-80.176301, 40.528954], [-80.178648, 40.52994]]]}, "properties": {"GEOID": "42003563800", "LILA": 0, "SCORE_1_10": 1, "NEAREST_GROCERY_MI": 1.6295655406927059, "LOW_INCOME_RAW": 0.0, "LOW_ACCESS_RAW": 0.0, "NO_VEHICLE_RAW": 0.0}}, {"type": "Feature", "geometry": {"type": "Polygon", "coordinates": [[[-80.232955, 40.455035], [-80.230745, 40.455192], [-80.226975, 40.458311], [-80.224844, 40.458465], [-80.224342, 40.458127], [-80.224638, 40.455571], [-80.224188, 40.455171], [-80.22239, 40.455116], [-80.221282, 40.455956], [-80.221031, 40.458311], [-80.217674, 40.4574], [-80.217065, 40.456269], [-80.215228, 40.456726], [-80.214374, 40.458103], [-80.213474, 40.457578], [-80.212826, 40.455049], [-80.211785, 40.453707], [-80.208183, 40.452978], [-80.208449, 40.453778], [-80.206475, 40.453289], [-80.204556, 40.451849], [-80.202544, 40.450849], [-80.198622, 40.451853], [-80.198506, 40.452287], [-80.192438, 40.455868], [-80.190483, 40.456459], [-80.188366, 40.457844], [-80.188262, 40.457762], [-80.186403, 40.457815], [-80.183458, 40.45594], [-80.178648, 40.455585], [-80.177196, 40.456218], [-80.172855, 40.457558], [-80.172286, 40.458288], [-80.172166, 40.451954], [-80.172038, 40.44614], [-80.174294, 40.44562], [-80.178583, 40.444039], [-80.179437, 40.444092], [-80.183997, 40.443615], [-80.189121, 40.441859], [-80.193319, 40.441547], [-80.194986, 40.441339], [-80.202034, 40.441841], [-80.207412, 40.440926], [-80.208643, 40.440659], [-80.211788, 40.439163], [-80.215531, 40.439156], [-80.223556, 40.440022], [-80.223626, 40.440022], [-80.227351, 40.440081], [-80.227362, 40.44338], [-80.227662, 40.443799], [-80.229038, 40.444686], [-80.228532, 40.448587], [-80.228741, 40.45143], [-80.231336, 40.452763], [-80.231642, 40.454546], [-80.233599, 40.454662], [-80.232955, 40.455035]]]}, "properties": {"GEOID": "42003453004", "LILA": 0, "SCORE_1_10": 3, "NEAREST_GROCERY_MI": 1.0288312640603199, "LOW_INCOME_RAW": 0.0, "LOW_ACCESS_RAW": 5003.28854147403, "NO_VEHICLE_RAW": 0.0}}, {"type": "Feature", "geometry": {"type": "Polygon", "coordinates": [[[-80.296194, 40.425476], [-80.29406, 40.427038], [-80.285216, 40.433373], [-80.284237, 40.439874], [-80.282295, 40.442598], [-80.278432, 40.442848], [-80.275077, 40.442047], [-80.270643, 40.441767], [-80.26768, 40.440997], [-80.262961, 40.441886], [-80.257848, 40.44549], [-80.251852, 40.449317], [-80.250063, 40.449988], [-80.244707, 40.449809], [-80.240046, 40.452093], [-80.235027, 40.45259], [-80.23376, 40.455099], [-80.233093, 40.455133], [-80.232955, 40.455035], [-80.233599, 40.454662], [-80.231642, 40.454546], [-80.231336, 40.452763], [-80.228741, 40.45143], [-80.228532, 40.448587], [-80.229038, 40.444686], [-80.227662, 40.443799], [-80.227362, 40.44338], [-80.227351, 40.440081], [-80.233135, 40.441151], [-80.239097, 40.441743], [-80.23951, 40.441708], [-80.239319, 40.441557], [-80.239057, 40.441281], [-80.238823, 40.440992], [-80.238552, 40.440578], [-80.237722, 40.439427], [-80.236004, 40.43729], [-80.234194, 40.436259], [-80.229083, 40.434884], [-80.226502, 40.43373], [-80.223397, 40.431093], [-80.218073, 40.428441], [-80.215449, 40.426253], [-80.214668, 40.425091], [-80.213737, 40.424309], [-80.21315, 40.424187], [-80.212059, 40.421528], [-80.211166, 40.420865], [-80.210793, 40.420196], [-80.210362, 40.419066], [-80.203959, 40.418764], [-80.201686, 40.418798], [-80.200863, 40.417019], [-80.199066, 40.41664], [-80.195443, 40.411856], [-80.192483, 40.409324], [-80.192036, 40.406893], [-80.190388, 40.404387], [-80.193439, 40.406347], [-80.197749, 40.404729], [-80.195529, 40.403488], [-80.193754, 40.402042], [-80.192517, 40.399524], [-80.190333, 40.397913], [-80.18907, 40.397214], [-80.189535, 40.396048], [-80.193784, 40.39356], [-80.196016, 40.391097], [-80.198337, 40.38961], [-80.201836, 40.389152], [-80.204712, 40.387426], [-80.20465, 40.38692], [-80.207552, 40.385027], [-80.209781, 40.384718], [-80.210501, 40.383333], [-80.211297, 40.383565], [-80.213137, 40.381124], [-80.214832, 40.380641], [-80.215835, 40.377745], [-80.215317, 40.376244], [-80.217647, 40.37379], [-80.222948, 40.372761], [-80.222146, 40.371415], [-80.220434, 40.368511], [-80.22124, 40.366374], [-80.222956, 40.365897], [-80.223382, 40.366237], [-80.227986, 40.36999], [-80.234342, 40.375196], [-80.234673, 40.375468], [-80.23992, 40.379733], [-80.258943, 40.39522], [-80.28794, 40.418818], [-80.294588, 40.424186], [-80.296194, 40.425476]]]}, "properties": {"GEOID": "42003564000", "LILA": 0, "SCORE_1_10": 1, "NEAREST_GROCERY_MI": 2.0617212967099343, "LOW_INCOME_RAW": 0.0, "LOW_ACCESS_RAW": 0.0, "NO_VEHICLE_RAW": 0.0}}, {"type": "Feature", "geometry": {"type": "Polygon", "coordinates": [[[-80.011025, 40.415879], [-80.011228, 40.417086], [-80.010863, 40.417478], [-80.0106, 40.417898], [-80.008632, 40.419517], [-80.007677, 40.420088], [-80.006111, 40.420591], [-80.00606, 40.420601], [-80.004903, 40.420781], [-80.002486, 40.421029], [-80.002467, 40.421774], [-80.002009, 40.421775], [-79.998529, 40.421715], [-79.998027, 40.421517], [-79.997401, 40.421648], [-79.997342, 40.41992], [-79.997286, 40.418363], [-79.997281, 40.418261], [-79.997249, 40.41751], [-79.997188, 40.416037], [-79.997164, 40.41558], [-79.997081, 40.414541], [-79.997047, 40.413788], [-79.997058, 40.413718], [-79.996797, 40.411394], [-79.996829, 40.410138], [-79.996749, 40.408165], [-79.996486, 40.401705], [-79.997085, 40.401583], [-79.999419, 40.401654], [-80.000617, 40.402077], [-80.000732, 40.402057], [-80.00161, 40.401913], [-80.002291, 40.40356], [-80.005572, 40.406496], [-80.005655, 40.408718], [-80.00823, 40.411637], [-80.008954, 40.412498], [-80.00997, 40.413079], [-80.009605, 40.413924], [-80.009563, 40.414023], [-80.009676, 40.414087], [-80.011361, 40.415068], [-80.011025, 40.415879]]]}, "properties": {"GEOID": "42003562400", "LILA": 0, "SCORE_1_10": 1, "NEAREST_GROCERY_MI": 0.8750734138122309, "LOW_INCOME_RAW": 0.0, "LOW_ACCESS_RAW": 0.0, "NO_VEHICLE_RAW": 0.0}}, {"type": "Feature", "geometry": {"type": "Polygon", "coordinates": [[[-79.987385, 40.362575], [-79.984877, 40.363014], [-79.983866, 40.364097], [-79.982879, 40.365088], [-79.980688, 40.366861], [-79.975566, 40.36928], [-79.975278, 40.369752], [-79.975166, 40.370462], [-79.975296, 40.371728], [-79.97546, 40.372979], [-79.975542, 40.375298], [-79.975464, 40.376555], [-79.975495, 40.379277], [-79.975745, 40.380257], [-79.976142, 40.381301], [-79.976845, 40.382844], [-79.97765, 40.384143], [-79.976472, 40.385386], [-79.974081, 40.384792], [-79.971433, 40.385666], [-79.96982, 40.385788], [-79.969257, 40.385796], [-79.969241, 40.383376], [-79.968449, 40.381883], [-79.966577, 40.381216], [-79.966755, 40.380589], [-79.962774, 40.378856], [-79.965061, 40.375638], [-79.961621, 40.371529], [-79.962624, 40.37047], [-79.962727, 40.370428], [-79.964472, 40.369701], [-79.964883, 40.369537], [-79.968056, 40.368143], [-79.971406, 40.366555], [-79.974847, 40.364294], [-79.981857, 40.361126], [-79.982341, 40.360872], [-79.982662, 40.361527], [-79.983331, 40.362571], [-79.987958, 40.362379], [-79.987385, 40.362575]]]}, "properties": {"GEOID": "42003478200", "LILA": 0, "SCORE_1_10": 2, "NEAREST_GROCERY_MI": 0.6897615650871416, "LOW_INCOME_RAW": 0.0, "LOW_ACCESS_RAW": 2317.92617690307, "NO_VEHICLE_RAW": 0.0}}, {"type": "Feature", "geometry": {"type": "Polygon", "coordinates": [[[-79.883542, 40.312447], [-79.881828, 40.314958], [-79.877823, 40.313095], [-79.874683, 40.317126], [-79.873874, 40.31754], [-79.872191, 40.315951], [-79.870014, 40.316022], [-79.867076, 40.319518], [-79.863903, 40.317364], [-79.864514, 40.316331], [-79.860032, 40.314994], [-79.860195, 40.315678], [-79.860062, 40.318441], [-79.858481, 40.317746], [-79.85774, 40.318806], [-79.858163, 40.318991], [-79.858375, 40.318718], [-79.859542, 40.319234], [-79.85833, 40.320816], [-79.858162, 40.321132], [-79.855825, 40.319099], [-79.853576, 40.319282], [-79.852298, 40.317939], [-79.8475, 40.317289], [-79.841748, 40.319897], [-79.84117, 40.320149], [-79.840217, 40.318307], [-79.837772, 40.314648], [-79.838156, 40.314437], [-79.835635, 40.308954], [-79.836094, 40.307575], [-79.836909, 40.307357], [-79.839537, 40.302732], [-79.837886, 40.301655], [-79.832311, 40.299186], [-79.829229, 40.298307], [-79.830078, 40.295972], [-79.833964, 40.29158], [-79.835678, 40.29021], [-79.838394, 40.289613], [-79.841262, 40.285437], [-79.842382, 40.28512], [-79.846277, 40.284213], [-79.849379, 40.281042], [-79.85187, 40.279356], [-79.855926, 40.278497], [-79.862196, 40.277468], [-79.866437, 40.279218], [-79.869601, 40.276679], [-79.871776, 40.276371], [-79.875348, 40.278859], [-79.87451, 40.279645], [-79.877149, 40.282137], [-79.877761, 40.28263], [-79.876178, 40.283596], [-79.870686, 40.287896], [-79.86832, 40.291141], [-79.8671, 40.295992], [-79.867219, 40.297282], [-79.868453, 40.302003], [-79.869734, 40.303502], [-79.876217, 40.308706], [-79.878429, 40.30964], [-79.880572, 40.310178], [-79.884177, 40.311453], [-79.883542, 40.312447]]]}, "properties": {"GEOID": "42003497000", "LILA": 0, "SCORE_1_10": 1, "NEAREST_GROCERY_MI": 1.4594850472485745, "LOW_INCOME_RAW": 0.0, "LOW_ACCESS_RAW": 0.0, "NO_VEHICLE_RAW": 0.0}}, {"type": "Feature", "geometry": {"type": "Polygon", "coordinates": [[[-80.095139, 40.459269], [-80.094684, 40.45967], [-80.086782, 40.459856], [-80.083913, 40.459466], [-80.081453, 40.460619], [-80.079934, 40.463366], [-80.077697, 40.464736], [-80.076707, 40.464695], [-80.075364, 40.463981], [-80.074891, 40.463685], [-80.075194, 40.462491], [-80.073878, 40.461558], [-80.068986, 40.460446], [-80.066966, 40.459779], [-80.067217, 40.457757], [-80.066901, 40.457342], [-80.066913, 40.456323], [-80.072157, 40.453276], [-80.069439, 40.451569], [-80.065401, 40.450256], [-80.06284, 40.448545], [-80.061901, 40.447807], [-80.062611, 40.447233], [-80.064007, 40.447625], [-80.065347, 40.448544], [-80.066194, 40.449381], [-80.067221, 40.448832], [-80.068616, 40.447845], [-80.072945, 40.448325], [-80.076534, 40.448007], [-80.078505, 40.446527], [-80.077437, 40.444188], [-80.076352, 40.441808], [-80.080136, 40.440682], [-80.080511, 40.440495], [-80.080612, 40.440118], [-80.080749, 40.439738], [-80.082396, 40.440244], [-80.084068, 40.441929], [-80.089237, 40.443333], [-80.090165, 40.444162], [-80.090108, 40.446579], [-80.091024, 40.44905], [-80.089517, 40.450427], [-80.09112, 40.451424], [-80.09241, 40.450918], [-80.093375, 40.450754], [-80.0945, 40.451331], [-80.095328, 40.457495], [-80.095139, 40.459269]]]}, "properties": {"GEOID": "42003563000", "LILA": 0, "SCORE_1_10": 1, "NEAREST_GROCERY_MI": 0.8717598108335229, "LOW_INCOME_RAW": 0.0, "LOW_ACCESS_RAW": 347.803792655468, "NO_VEHICLE_RAW": 0.0}}, {"type": "Feature", "geometry": {"type": "Polygon", "coordinates": [[[-80.074891, 40.463685], [-80.074234, 40.463127], [-80.072334, 40.461374], [-80.06953, 40.460827], [-80.068708, 40.460784], [-80.066203, 40.461635], [-80.065417, 40.462014], [-80.065211, 40.462113], [-80.060835, 40.464184], [-80.057249, 40.463714], [-80.057139, 40.463753], [-80.055039, 40.464548], [-80.053359, 40.464964], [-80.051287, 40.465564], [-80.051178, 40.465599], [-80.050418, 40.464668], [-80.046003, 40.460657], [-80.041317, 40.456983], [-80.037568, 40.454049], [-80.039362, 40.452891], [-80.039898, 40.452616], [-80.040163, 40.452461], [-80.044629, 40.450469], [-80.045281, 40.450422], [-80.051274, 40.451536], [-80.052648, 40.452134], [-80.054523, 40.452605], [-80.054579, 40.453285], [-80.056308, 40.45395], [-80.05838, 40.454294], [-80.062073, 40.456351], [-80.061892, 40.457943], [-80.062821, 40.461189], [-80.066054, 40.459486], [-80.066966, 40.459779], [-80.068986, 40.460446], [-80.073878, 40.461558], [-80.075194, 40.462491], [-80.074891, 40.463685]]]}, "properties": {"GEOID": "42003562500", "LILA": 0, "SCORE_1_10": 1, "NEAREST_GROCERY_MI": 0.5362331749792931, "LOW_INCOME_RAW": 0.0, "LOW_ACCESS_RAW": 5.20602130889893, "NO_VEHICLE_RAW": 0.0}}, {"type": "Feature", "geometry": {"type": "Polygon", "coordinates": [[[-79.816189, 40.324422], [-79.815948, 40.327528], [-79.817146, 40.328632], [-79.815426, 40.330321], [-79.813403, 40.333095], [-79.809991, 40.336624], [-79.808704, 40.337451], [-79.805812, 40.338326], [-79.803012, 40.339976], [-79.798854, 40.343897], [-79.800403, 40.347843], [-79.799798, 40.350336], [-79.802636, 40.350885], [-79.805299, 40.352266], [-79.80792, 40.35525], [-79.808477, 40.357008], [-79.809476, 40.35735], [-79.80989, 40.357562], [-79.811923, 40.359826], [-79.812244, 40.360424], [-79.813423, 40.360455], [-79.813019, 40.36085], [-79.812207, 40.360969], [-79.798922, 40.360265], [-79.796711, 40.360202], [-79.79601, 40.360217], [-79.790249, 40.360034], [-79.785787, 40.359895], [-79.785348, 40.359886], [-79.774412, 40.359673], [-79.775431, 40.354746], [-79.778249, 40.341186], [-79.77953, 40.334979], [-79.781991, 40.323821], [-79.782149, 40.322462], [-79.782911, 40.319015], [-79.783152, 40.317999], [-79.783332, 40.317251], [-79.783619, 40.316147], [-79.783806, 40.315441], [-79.784208, 40.313894], [-79.785946, 40.307604], [-79.788218, 40.299326], [-79.788648, 40.297738], [-79.792896, 40.297993], [-79.798759, 40.292869], [-79.801054, 40.292576], [-79.803032, 40.293641], [-79.80645, 40.297022], [-79.806976, 40.301338], [-79.806767, 40.302241], [-79.804622, 40.304037], [-79.79483, 40.307099], [-79.792342, 40.308623], [-79.790226, 40.310979], [-79.790528, 40.314485], [-79.792467, 40.316576], [-79.796318, 40.318244], [-79.803281, 40.319804], [-79.810506, 40.320165], [-79.814419, 40.319875], [-79.816069, 40.319611], [-79.817696, 40.322001], [-79.816189, 40.324422]]]}, "properties": {"GEOID": "42003564200", "LILA": 0, "SCORE_1_10": 2, "NEAREST_GROCERY_MI": 0.8793291218981418, "LOW_INCOME_RAW": 0.0, "LOW_ACCESS_RAW": 1245.65252114646, "NO_VEHICLE_RAW": 0.0}}, {"type": "Feature", "geometry": {"type": "Polygon", "coordinates": [[[-79.97987, 40.421365], [-79.978372, 40.422256], [-79.977704, 40.423462], [-79.976759, 40.423564], [-79.97664, 40.423537], [-79.976653, 40.424923], [-79.976607, 40.425126], [-79.973381, 40.424944], [-79.972102, 40.42488], [-79.969729, 40.424608], [-79.968341, 40.424442], [-79.965974, 40.424134], [-79.961288, 40.421257], [-79.961989, 40.420928], [-79.962728, 40.420321], [-79.962724, 40.420099], [-79.96304, 40.419286], [-79.963596, 40.419024], [-79.964039, 40.418266], [-79.965105, 40.417431], [-79.965472, 40.417374], [-79.965676, 40.417339], [-79.970902, 40.417649], [-79.972908, 40.417424], [-79.97452, 40.417251], [-79.975699, 40.417128], [-79.978869, 40.417957], [-79.979368, 40.418031], [-79.979396, 40.419867], [-79.979161, 40.420216], [-79.97987, 40.421365]]]}, "properties": {"GEOID": "42003160800", "LILA": 0, "SCORE_1_10": 1, "NEAREST_GROCERY_MI": 0.4357067415646508, "LOW_INCOME_RAW": 0.0, "LOW_ACCESS_RAW": 0.0, "NO_VEHICLE_RAW": 0.0}}, {"type": "Feature", "geometry": {"type": "Polygon", "coordinates": [[[-80.037337, 40.461105], [-80.033115, 40.461824], [-80.032072, 40.462022], [-80.031345, 40.461532], [-80.030582, 40.460885], [-80.029453, 40.457344], [-80.028568, 40.454616], [-80.026642, 40.450565], [-80.024991, 40.450414], [-80.018897, 40.451518], [-80.018312, 40.449678], [-80.018068, 40.448883], [-80.017826, 40.448037], [-80.017715, 40.447582], [-80.017463, 40.4468], [-80.01629, 40.443207], [-80.023004, 40.444529], [-80.02709, 40.446199], [-80.027703, 40.446449], [-80.028228, 40.446664], [-80.029738, 40.447858], [-80.033234, 40.450623], [-80.034783, 40.451848], [-80.035853, 40.452696], [-80.036, 40.453519], [-80.036545, 40.456548], [-80.037337, 40.461105]]]}, "properties": {"GEOID": "42003980600", "LILA": 0, "SCORE_1_10": 1, "NEAREST_GROCERY_MI": 1.0870400956713877, "LOW_INCOME_RAW": 0.0, "LOW_ACCESS_RAW": 5.24067943636328, "NO_VEHICLE_RAW": 0.0}}, {"type": "Feature", "geometry": {"type": "Polygon", "coordinates": [[[-80.23951, 40.441708], [-80.239097, 40.441743], [-80.233135, 40.441151], [-80.227351, 40.440081], [-80.223626, 40.440022], [-80.223556, 40.440022], [-80.215531, 40.439156], [-80.211788, 40.439163], [-80.208643, 40.440659], [-80.207412, 40.440926], [-80.202034, 40.441841], [-80.194986, 40.441339], [-80.193319, 40.441547], [-80.189121, 40.441859], [-80.183997, 40.443615], [-80.179437, 40.444092], [-80.178583, 40.444039], [-80.174294, 40.44562], [-80.172038, 40.44614], [-80.172054, 40.446047], [-80.172026, 40.444007], [-80.172251, 40.44371], [-80.171058, 40.439926], [-80.171511, 40.43659], [-80.17273, 40.435522], [-80.169945, 40.430726], [-80.168614, 40.427664], [-80.168276, 40.422979], [-80.168053, 40.421914], [-80.16799, 40.420828], [-80.168084, 40.415974], [-80.168703, 40.401997], [-80.168723, 40.401803], [-80.16959, 40.398937], [-80.170964, 40.397818], [-80.172147, 40.398266], [-80.172507, 40.40092], [-80.175533, 40.400883], [-80.177673, 40.399572], [-80.179834, 40.401381], [-80.182085, 40.403155], [-80.181585, 40.403478], [-80.184636, 40.406435], [-80.188939, 40.403105], [-80.189839, 40.403572], [-80.190388, 40.404387], [-80.192036, 40.406893], [-80.192483, 40.409324], [-80.195443, 40.411856], [-80.199066, 40.41664], [-80.200863, 40.417019], [-80.201686, 40.418798], [-80.203959, 40.418764], [-80.210362, 40.419066], [-80.210793, 40.420196], [-80.211166, 40.420865], [-80.212059, 40.421528], [-80.21315, 40.424187], [-80.213737, 40.424309], [-80.214668, 40.425091], [-80.215449, 40.426253], [-80.218073, 40.428441], [-80.223397, 40.431093], [-80.226502, 40.43373], [-80.229083, 40.434884], [-80.234194, 40.436259], [-80.236004, 40.43729], [-80.237722, 40.439427], [-80.238552, 40.440578], [-80.238823, 40.440992], [-80.239057, 40.441281], [-80.239319, 40.441557], [-80.23951, 40.441708]]]}, "properties": {"GEOID": "42003453003", "LILA": 0, "SCORE_1_10": 1, "NEAREST_GROCERY_MI": 1.9974200556358463, "LOW_INCOME_RAW": 0.0, "LOW_ACCESS_RAW": 0.0, "NO_VEHICLE_RAW": 0.0}}, {"type": "Feature", "geometry": {"type": "Polygon", "coordinates": [[[-80.09943, 40.421273], [-80.096434, 40.421666], [-80.095276, 40.429989], [-80.092338, 40.428465], [-80.090384, 40.430924], [-80.092724, 40.432345], [-80.091229, 40.437088], [-80.089565, 40.436278], [-80.085666, 40.438835], [-80.086361, 40.43957], [-80.080375, 40.439637], [-80.078129, 40.43863], [-80.075374, 40.434219], [-80.076386, 40.431686], [-80.077191, 40.431665], [-80.080377, 40.432072], [-80.083765, 40.430866], [-80.085297, 40.429894], [-80.086335, 40.428388], [-80.086698, 40.425484], [-80.084993, 40.424585], [-80.085542, 40.423842], [-80.085412, 40.421243], [-80.084507, 40.420522], [-80.082684, 40.420101], [-80.080778, 40.420165], [-80.075473, 40.420834], [-80.07603, 40.417947], [-80.078659, 40.416462], [-80.079297, 40.416091], [-80.079472, 40.41482], [-80.084422, 40.417505], [-80.085948, 40.41695], [-80.088463, 40.418885], [-80.089346, 40.418438], [-80.092073, 40.4202], [-80.096807, 40.418782], [-80.09883, 40.418162], [-80.09943, 40.421273]]]}, "properties": {"GEOID": "42003564100", "LILA": 0, "SCORE_1_10": 1, "NEAREST_GROCERY_MI": 0.9577008277519943, "LOW_INCOME_RAW": 0.0, "LOW_ACCESS_RAW": 582.420861478895, "NO_VEHICLE_RAW": 0.0}}, {"type": "Feature", "geometry": {"type": "Polygon", "coordinates": [[[-79.982259, 40.417667], [-79.980602, 40.41772], [-79.978869, 40.417957], [-79.975699, 40.417128], [-79.97452, 40.417251], [-79.972908, 40.417424], [-79.970902, 40.417649], [-79.965676, 40.417339], [-79.965472, 40.417374], [-79.965105, 40.417431], [-79.964039, 40.418266], [-79.963596, 40.419024], [-79.96304, 40.419286], [-79.962724, 40.420099], [-79.962728, 40.420321], [-79.961989, 40.420928], [-79.961288, 40.421257], [-79.957899, 40.419006], [-79.956627, 40.417316], [-79.955901, 40.415388], [-79.955754, 40.414277], [-79.955836, 40.410947], [-79.955523, 40.411024], [-79.955098, 40.410546], [-79.956366, 40.410631], [-79.958292, 40.409969], [-79.963567, 40.409485], [-79.966455, 40.407015], [-79.969312, 40.405479], [-79.973135, 40.404869], [-79.974847, 40.404633], [-79.976555, 40.40392], [-79.975892, 40.404375], [-79.981091, 40.40784], [-79.980801, 40.409485], [-79.981618, 40.411322], [-79.981758, 40.413465], [-79.981795, 40.414111], [-79.982259, 40.417667]]]}, "properties": {"GEOID": "42003161000", "LILA": 0, "SCORE_1_10": 1, "NEAREST_GROCERY_MI": 0.9956105436766105, "LOW_INCOME_RAW": 0.0, "LOW_ACCESS_RAW": 0.0, "NO_VEHICLE_RAW": 0.0}}, {"type": "Feature", "geometry": {"type": "Polygon", "coordinates": [[[-79.947382, 40.468447], [-79.945669, 40.470753], [-79.942729, 40.472129], [-79.939082, 40.473081], [-79.935453, 40.472562], [-79.934571, 40.472166], [-79.932906, 40.470678], [-79.932787, 40.470637], [-79.932991, 40.470336], [-79.934617, 40.467687], [-79.935482, 40.466261], [-79.936441, 40.464676], [-79.939382, 40.464533], [-79.941135, 40.464745], [-79.942858, 40.464968], [-79.945231, 40.465297], [-79.946446, 40.465466], [-79.946116, 40.466964], [-79.946808, 40.46751], [-79.947382, 40.468447]]]}, "properties": {"GEOID": "42003101900", "LILA": 0, "SCORE_1_10": 1, "NEAREST_GROCERY_MI": 0.29813099501325024, "LOW_INCOME_RAW": 0.0, "LOW_ACCESS_RAW": 0.0, "NO_VEHICLE_RAW": 0.0}}, {"type": "Feature", "geometry": {"type": "Polygon", "coordinates": [[[-79.919229, 40.465988], [-79.917798, 40.466604], [-79.916161, 40.466991], [-79.914605, 40.46741], [-79.909546, 40.470181], [-79.908622, 40.470281], [-79.908819, 40.467896], [-79.908741, 40.467391], [-79.908614, 40.467108], [-79.906194, 40.463729], [-79.905617, 40.462596], [-79.9063, 40.461017], [-79.90804, 40.458674], [-79.909547, 40.456691], [-79.912424, 40.454037], [-79.917412, 40.457481], [-79.915771, 40.459858], [-79.915797, 40.460806], [-79.916376, 40.462265], [-79.917406, 40.463446], [-79.918938, 40.464719], [-79.919904, 40.46507], [-79.919229, 40.465988]]]}, "properties": {"GEOID": "42003120900", "LILA": 0, "SCORE_1_10": 1, "NEAREST_GROCERY_MI": 0.3933988089118474, "LOW_INCOME_RAW": 0.0, "LOW_ACCESS_RAW": 0.0, "NO_VEHICLE_RAW": 0.0}}, {"type": "Feature", "geometry": {"type": "Polygon", "coordinates": [[[-79.910802, 40.447851], [-79.910158, 40.448761], [-79.908192, 40.451487], [-79.903761, 40.449998], [-79.901316, 40.449181], [-79.89662, 40.447617], [-79.895162, 40.447133], [-79.893225, 40.446494], [-79.893751, 40.443837], [-79.894257, 40.441562], [-79.894363, 40.441175], [-79.894842, 40.438647], [-79.895038, 40.437668], [-79.895142, 40.437192], [-79.895568, 40.434962], [-79.895731, 40.434225], [-79.895808, 40.433858], [-79.897083, 40.427785], [-79.895096, 40.428166], [-79.893762, 40.426922], [-79.89218, 40.427888], [-79.893595, 40.426631], [-79.89922, 40.426935], [-79.901368, 40.42723], [-79.898672, 40.435568], [-79.89899, 40.436443], [-79.899013, 40.437626], [-79.900267, 40.439516], [-79.899485, 40.439557], [-79.899681, 40.440056], [-79.899329, 40.442368], [-79.898771, 40.443838], [-79.899877, 40.444715], [-79.899555, 40.445237], [-79.90136, 40.445835], [-79.903112, 40.446407], [-79.903365, 40.446373], [-79.905877, 40.44436], [-79.90873, 40.444495], [-79.908191, 40.44557], [-79.911435, 40.446978], [-79.910802, 40.447851]]]}, "properties": {"GEOID": "42003141200", "LILA": 0, "SCORE_1_10": 1, "NEAREST_GROCERY_MI": 0.796369080806319, "LOW_INCOME_RAW": 0.0, "LOW_ACCESS_RAW": 0.0, "NO_VEHICLE_RAW": 0.0}}, {"type": "Feature", "geometry": {"type": "Polygon", "coordinates": [[[-80.097554, 40.64173], [-80.095009, 40.649483], [-80.094935, 40.649693], [-80.092527, 40.656876], [-80.092123, 40.659415], [-80.092107, 40.659598], [-80.09218, 40.661506], [-80.094427, 40.670992], [-80.095724, 40.674179], [-80.071434, 40.674935], [-80.071393, 40.674174], [-80.071204, 40.670159], [-80.070397, 40.655154], [-80.070341, 40.654151], [-80.070249, 40.652236], [-80.069887, 40.645269], [-80.069839, 40.644724], [-80.069778, 40.642567], [-80.079584, 40.642378], [-80.079649, 40.645061], [-80.08057, 40.645662], [-80.081651, 40.645925], [-80.082614, 40.646007], [-80.083166, 40.646011], [-80.082349, 40.642157], [-80.08757, 40.642009], [-80.088889, 40.639973], [-80.08885, 40.638616], [-80.096528, 40.638296], [-80.096047, 40.635506], [-80.094657, 40.635561], [-80.09213, 40.635664], [-80.088694, 40.634986], [-80.088563, 40.632451], [-80.088416, 40.629397], [-80.088412, 40.629308], [-80.078735, 40.629645], [-80.07893, 40.632606], [-80.069356, 40.632872], [-80.068713, 40.622754], [-80.068301, 40.616286], [-80.093162, 40.615822], [-80.093921, 40.615809], [-80.09537, 40.615778], [-80.095701, 40.615772], [-80.096908, 40.625159], [-80.098122, 40.635427], [-80.097554, 40.64173]]]}, "properties": {"GEOID": "42003411002", "LILA": 0, "SCORE_1_10": 1, "NEAREST_GROCERY_MI": 1.7824028004867605, "LOW_INCOME_RAW": 0.0, "LOW_ACCESS_RAW": 0.0, "NO_VEHICLE_RAW": 0.0}}, {"type": "Feature", "geometry": {"type": "Polygon", "coordinates": [[[-80.030776, 40.462125], [-80.03052, 40.462289], [-80.029415, 40.463079], [-80.028889, 40.462759], [-80.026809, 40.462995], [-80.022862, 40.46374], [-80.022707, 40.463783], [-80.022035, 40.46338], [-80.020566, 40.462972], [-80.018962, 40.461512], [-80.017977, 40.460194], [-80.01707, 40.459656], [-80.01642, 40.459273], [-80.015921, 40.45785], [-80.015391, 40.456234], [-80.015348, 40.456096], [-80.017475, 40.455869], [-80.018075, 40.455769], [-80.020109, 40.4552], [-80.019429, 40.453102], [-80.018897, 40.451518], [-80.024991, 40.450414], [-80.026642, 40.450565], [-80.028568, 40.454616], [-80.029453, 40.457344], [-80.030582, 40.460885], [-80.031345, 40.461532], [-80.030776, 40.462125]]]}, "properties": {"GEOID": "42003565200", "LILA": 0, "SCORE_1_10": 1, "NEAREST_GROCERY_MI": 0.7965393949599852, "LOW_INCOME_RAW": 0.0, "LOW_ACCESS_RAW": 0.0, "NO_VEHICLE_RAW": 0.0}}, {"type": "Feature", "geometry": {"type": "Polygon", "coordinates": [[[-80.27433, 40.539307], [-80.272107, 40.541086], [-80.263654, 40.547218], [-80.262873, 40.547779], [-80.25142, 40.556023], [-80.248754, 40.554641], [-80.246042, 40.55303], [-80.244007, 40.550494], [-80.242139, 40.54673], [-80.243066, 40.544453], [-80.245381, 40.541866], [-80.246434, 40.541836], [-80.242663, 40.540015], [-80.239062, 40.539441], [-80.235291, 40.537972], [-80.231244, 40.535858], [-80.229025, 40.533917], [-80.230554, 40.531455], [-80.231579, 40.530623], [-80.232777, 40.530103], [-80.237787, 40.529278], [-80.239156, 40.528915], [-80.240908, 40.528524], [-80.243699, 40.528227], [-80.244416, 40.528003], [-80.24787, 40.526319], [-80.256402, 40.524518], [-80.260373, 40.524186], [-80.263139, 40.521527], [-80.264482, 40.520975], [-80.264575, 40.521145], [-80.270097, 40.531286], [-80.272403, 40.536082], [-80.273158, 40.537572], [-80.27433, 40.539307]]]}, "properties": {"GEOID": "42003451104", "LILA": 0, "SCORE_1_10": 2, "NEAREST_GROCERY_MI": 2.0197008927289204, "LOW_INCOME_RAW": 0.0, "LOW_ACCESS_RAW": 3589.99917372037, "NO_VEHICLE_RAW": 0.0}}, {"type": "Feature", "geometry": {"type": "Polygon", "coordinates": [[[-79.907835, 40.479647], [-79.907845, 40.480494], [-79.908067, 40.482511], [-79.907929, 40.48362], [-79.907571, 40.483933], [-79.906918, 40.483985], [-79.906375, 40.484565], [-79.905354, 40.486726], [-79.901424, 40.486189], [-79.8882, 40.483948], [-79.883807, 40.483212], [-79.884665, 40.479312], [-79.884983, 40.478813], [-79.886561, 40.478184], [-79.887081, 40.47592], [-79.888526, 40.475324], [-79.889086, 40.475473], [-79.891689, 40.474775], [-79.89364, 40.474925], [-79.898424, 40.475723], [-79.899177, 40.476061], [-79.904437, 40.474023], [-79.908275, 40.474216], [-79.907835, 40.479647]]]}, "properties": {"GEOID": "42003981800", "LILA": 0, "SCORE_1_10": 1, "NEAREST_GROCERY_MI": 0.9117463779864508, "LOW_INCOME_RAW": 0.0, "LOW_ACCESS_RAW": 0.0, "NO_VEHICLE_RAW": 0.0}}, {"type": "Feature", "geometry": {"type": "Polygon", "coordinates": [[[-79.945026, 40.411241], [-79.942053, 40.411797], [-79.940436, 40.412443], [-79.939473, 40.413479], [-79.939216, 40.41549], [-79.93826, 40.416368], [-79.937142, 40.417732], [-79.93383, 40.419788], [-79.93369, 40.419732], [-79.933107, 40.419798], [-79.932211, 40.418956], [-79.931486, 40.418994], [-79.929157, 40.418943], [-79.929215, 40.419753], [-79.928168, 40.419683], [-79.926774, 40.418911], [-79.924971, 40.415048], [-79.922847, 40.41293], [-79.922774, 40.411804], [-79.92156, 40.41222], [-79.918572, 40.410757], [-79.9196, 40.409766], [-79.921112, 40.408298], [-79.927225, 40.400926], [-79.929157, 40.399256], [-79.933008, 40.397631], [-79.932971, 40.397317], [-79.935397, 40.396903], [-79.935756, 40.399481], [-79.939594, 40.399915], [-79.942734, 40.402305], [-79.943143, 40.403109], [-79.944424, 40.408438], [-79.945026, 40.411241]]]}, "properties": {"GEOID": "42003562300", "LILA": 1, "SCORE_1_10": 4, "NEAREST_GROCERY_MI": 0.6071072510103498, "LOW_INCOME_RAW": 0.0, "LOW_ACCESS_RAW": 2419.34883804433, "NO_VEHICLE_RAW": 0.0}}, {"type": "Feature", "geometry": {"type": "Polygon", "coordinates": [[[-79.957619, 40.476127], [-79.955699, 40.478347], [-79.954861, 40.477795], [-79.954481, 40.477535], [-79.953981, 40.4773], [-79.951311, 40.477456], [-79.949207, 40.478161], [-79.948944, 40.478173], [-79.947058, 40.477612], [-79.946254, 40.477696], [-79.944414, 40.478645], [-79.942716, 40.477479], [-79.938207, 40.474095], [-79.936529, 40.474268], [-79.935453, 40.472562], [-79.939082, 40.473081], [-79.942729, 40.472129], [-79.945669, 40.470753], [-79.947382, 40.468447], [-79.946808, 40.46751], [-79.946116, 40.466964], [-79.946446, 40.465466], [-79.948068, 40.465698], [-79.948099, 40.465702], [-79.95193, 40.46617], [-79.951802, 40.467364], [-79.952678, 40.46777], [-79.953866, 40.468348], [-79.954786, 40.46888], [-79.954153, 40.471294], [-79.958046, 40.473859], [-79.957619, 40.476127]]]}, "properties": {"GEOID": "42003981000", "LILA": 0, "SCORE_1_10": 1, "NEAREST_GROCERY_MI": 0.6476478720872482, "LOW_INCOME_RAW": 0.0, "LOW_ACCESS_RAW": 0.0, "NO_VEHICLE_RAW": 0.0}}, {"type": "Feature", "geometry": {"type": "Polygon", "coordinates": [[[-80.018068, 40.448883], [-80.015041, 40.44833], [-80.010429, 40.448495], [-80.008948, 40.449953], [-80.00741, 40.449492], [-80.004693, 40.449657], [-80.003344, 40.445648], [-80.008254, 40.444571], [-80.009323, 40.444303], [-80.015379, 40.443083], [-80.01629, 40.443207], [-80.017463, 40.4468], [-80.017715, 40.447582], [-80.017826, 40.448037], [-80.018068, 40.448883]]]}, "properties": {"GEOID": "42003981200", "LILA": 0, "SCORE_1_10": 1, "NEAREST_GROCERY_MI": 0.6761140866083962, "LOW_INCOME_RAW": 0.0, "LOW_ACCESS_RAW": 0.0, "NO_VEHICLE_RAW": 0.0}}, {"type": "Feature", "geometry": {"type": "Polygon", "coordinates": [[[-79.857804, 40.369329], [-79.857288, 40.370852], [-79.855934, 40.371072], [-79.855113, 40.371268], [-79.852616, 40.371823], [-79.850055, 40.372433], [-79.848536, 40.372795], [-79.844885, 40.373676], [-79.844542, 40.373719], [-79.84441, 40.373734], [-79.84182, 40.374352], [-79.84152, 40.374373], [-79.83982, 40.374766], [-79.838773, 40.375117], [-79.837189, 40.371649], [-79.836843, 40.370079], [-79.836374, 40.364988], [-79.837186, 40.362117], [-79.840026, 40.359643], [-79.84408, 40.35774], [-79.845303, 40.360169], [-79.843239, 40.361917], [-79.841933, 40.364683], [-79.842495, 40.36932], [-79.842778, 40.369296], [-79.845284, 40.369124], [-79.84837, 40.368366], [-79.850303, 40.367937], [-79.85033, 40.367982], [-79.85119, 40.367554], [-79.852426, 40.367866], [-79.852813, 40.367202], [-79.853668, 40.365985], [-79.854534, 40.365884], [-79.854806, 40.366175], [-79.854905, 40.366229], [-79.855436, 40.366326], [-79.855644, 40.36629], [-79.856107, 40.366026], [-79.855933, 40.365793], [-79.856795, 40.365627], [-79.859515, 40.36702], [-79.857804, 40.369329]]]}, "properties": {"GEOID": "42003486800", "LILA": 0, "SCORE_1_10": 1, "NEAREST_GROCERY_MI": 1.3319864237152594, "LOW_INCOME_RAW": 0.0, "LOW_ACCESS_RAW": 0.0, "NO_VEHICLE_RAW": 0.0}}, {"type": "Feature", "geometry": {"type": "Polygon", "coordinates": [[[-79.838572, 40.512626], [-79.838491, 40.513658], [-79.838629, 40.514257], [-79.83785, 40.518681], [-79.83757, 40.52098], [-79.834808, 40.520789], [-79.833436, 40.520685], [-79.827772, 40.520295], [-79.822752, 40.520379], [-79.82283, 40.522928], [-79.821295, 40.522943], [-79.821474, 40.526015], [-79.820868, 40.526167], [-79.819218, 40.5233], [-79.819804, 40.520441], [-79.820344, 40.518101], [-79.819916, 40.517628], [-79.819707, 40.517397], [-79.822388, 40.514507], [-79.824531, 40.515576], [-79.826058, 40.512857], [-79.827854, 40.512044], [-79.8323, 40.513516], [-79.833797, 40.513162], [-79.83402, 40.512712], [-79.834222, 40.512302], [-79.835635, 40.511483], [-79.838652, 40.511824], [-79.838572, 40.512626]]]}, "properties": {"GEOID": "42003525100", "LILA": 0, "SCORE_1_10": 2, "NEAREST_GROCERY_MI": 1.584752322684225, "LOW_INCOME_RAW": 0.0, "LOW_ACCESS_RAW": 1993.47716896236, "NO_VEHICLE_RAW": 0.0}}, {"type": "Feature", "geometry": {"type": "Polygon", "coordinates": [[[-80.049496, 40.371139], [-80.049048, 40.372861], [-80.048885, 40.373344], [-80.047605, 40.375729], [-80.047312, 40.37623], [-80.045348, 40.37919], [-80.045003, 40.37974], [-80.044453, 40.380679], [-80.042931, 40.380305], [-80.041021, 40.37807], [-80.040724, 40.377713], [-80.040114, 40.377507], [-80.038148, 40.376524], [-80.037872, 40.376423], [-80.036502, 40.376041], [-80.036466, 40.375582], [-80.036377, 40.375112], [-80.034277, 40.373077], [-80.033933, 40.372728], [-80.032882, 40.371312], [-80.032501, 40.370878], [-80.031935, 40.370415], [-80.033129, 40.369742], [-80.033793, 40.370099], [-80.037368, 40.369152], [-80.03787, 40.368292], [-80.040053, 40.367576], [-80.040458, 40.367399], [-80.041183, 40.366932], [-80.043929, 40.364842], [-80.044565, 40.364042], [-80.045693, 40.363473], [-80.046217, 40.363374], [-80.046922, 40.363197], [-80.047453, 40.363515], [-80.047935, 40.364042], [-80.048822, 40.366631], [-80.049293, 40.368065], [-80.049463, 40.370499], [-80.049496, 40.371139]]]}, "properties": {"GEOID": "42003473401", "LILA": 0, "SCORE_1_10": 1, "NEAREST_GROCERY_MI": 0.6779571892170475, "LOW_INCOME_RAW": 0.0, "LOW_ACCESS_RAW": 0.0, "NO_VEHICLE_RAW": 0.0}}, {"type": "Feature", "geometry": {"type": "Polygon", "coordinates": [[[-80.104522, 40.428971], [-80.100849, 40.430899], [-80.097777, 40.428647], [-80.098924, 40.427377], [-80.101408, 40.42518], [-80.104522, 40.428971]]]}, "properties": {"GEOID": "42003459202", "LILA": 1, "SCORE_1_10": 4, "NEAREST_GROCERY_MI": 0.9548170487063155, "LOW_INCOME_RAW": 0.0, "LOW_ACCESS_RAW": 660.999997377396, "NO_VEHICLE_RAW": 0.0}}, {"type": "Feature", "geometry": {"type": "Polygon", "coordinates": [[[-80.072157, 40.453276], [-80.066913, 40.456323], [-80.066901, 40.457342], [-80.067217, 40.457757], [-80.066966, 40.459779], [-80.066054, 40.459486], [-80.062821, 40.461189], [-80.061892, 40.457943], [-80.062073, 40.456351], [-80.05838, 40.454294], [-80.056308, 40.45395], [-80.054579, 40.453285], [-80.054523, 40.452605], [-80.055146, 40.452506], [-80.057016, 40.451575], [-80.059958, 40.450677], [-80.060245, 40.450477], [-80.06284, 40.448545], [-80.065401, 40.450256], [-80.069439, 40.451569], [-80.072157, 40.453276]]]}, "properties": {"GEOID": "42003202200", "LILA": 0, "SCORE_1_10": 1, "NEAREST_GROCERY_MI": 0.8469560911099772, "LOW_INCOME_RAW": 0.0, "LOW_ACCESS_RAW": 0.0, "NO_VEHICLE_RAW": 0.0}}, {"type": "Feature", "geometry": {"type": "Polygon", "coordinates": [[[-79.997281, 40.418261], [-79.99522, 40.418321], [-79.993178, 40.418367], [-79.988183, 40.41851], [-79.988107, 40.415913], [-79.988039, 40.414434], [-79.988828, 40.413248], [-79.98922, 40.412691], [-79.989608, 40.412054], [-79.990762, 40.409508], [-79.991635, 40.407611], [-79.991908, 40.407172], [-79.992447, 40.407379], [-79.996749, 40.408165], [-79.996829, 40.410138], [-79.996797, 40.411394], [-79.997058, 40.413718], [-79.997047, 40.413788], [-79.997081, 40.414541], [-79.997164, 40.41558], [-79.997188, 40.416037], [-79.997249, 40.41751], [-79.997281, 40.418261]]]}, "properties": {"GEOID": "42003300100", "LILA": 0, "SCORE_1_10": 1, "NEAREST_GROCERY_MI": 0.5679389516930473, "LOW_INCOME_RAW": 0.0, "LOW_ACCESS_RAW": 0.0, "NO_VEHICLE_RAW": 0.0}}, {"type": "Feature", "geometry": {"type": "Polygon", "coordinates": [[[-80.155221, 40.496772], [-80.152708, 40.499422], [-80.148505, 40.500132], [-80.147034, 40.499479], [-80.144924, 40.5013], [-80.142288, 40.499145], [-80.141279, 40.499793], [-80.141603, 40.50285], [-80.144247, 40.503839], [-80.146286, 40.506889], [-80.148568, 40.508696], [-80.148463, 40.510602], [-80.149281, 40.511416], [-80.149053, 40.512962], [-80.149637, 40.514918], [-80.149008, 40.514706], [-80.143707, 40.513462], [-80.138102, 40.511297], [-80.13594, 40.509969], [-80.134976, 40.509309], [-80.132884, 40.508392], [-80.124889, 40.505694], [-80.115923, 40.50396], [-80.117609, 40.501701], [-80.125909, 40.48997], [-80.123453, 40.485646], [-80.120858, 40.480369], [-80.121442, 40.480196], [-80.122199, 40.480164], [-80.124945, 40.482303], [-80.132696, 40.481584], [-80.133219, 40.481755], [-80.137849, 40.48433], [-80.143368, 40.484247], [-80.144195, 40.487375], [-80.148157, 40.491658], [-80.149506, 40.490322], [-80.150298, 40.491155], [-80.149113, 40.491721], [-80.151234, 40.494411], [-80.152843, 40.495481], [-80.154633, 40.49544], [-80.155221, 40.496772]]]}, "properties": {"GEOID": "42003459101", "LILA": 0, "SCORE_1_10": 2, "NEAREST_GROCERY_MI": 1.8577170090636526, "LOW_INCOME_RAW": 0.0, "LOW_ACCESS_RAW": 1681.63802915152, "NO_VEHICLE_RAW": 0.0}}, {"type": "Feature", "geometry": {"type": "Polygon", "coordinates": [[[-79.95148, 40.457344], [-79.951119, 40.457298], [-79.950373, 40.457205], [-79.947515, 40.456873], [-79.947391, 40.458011], [-79.948236, 40.458457], [-79.947093, 40.460615], [-79.945963, 40.460004], [-79.943729, 40.458812], [-79.942177, 40.457983], [-79.93964, 40.456627], [-79.938591, 40.45591], [-79.941493, 40.45504], [-79.941985, 40.455939], [-79.944272, 40.45525], [-79.943082, 40.454566], [-79.944449, 40.45416], [-79.94639, 40.453579], [-79.947346, 40.453291], [-79.949688, 40.452585], [-79.949775, 40.453114], [-79.95121, 40.456457], [-79.95148, 40.457344]]]}, "properties": {"GEOID": "42003080400", "LILA": 0, "SCORE_1_10": 1, "NEAREST_GROCERY_MI": 0.18297789898647407, "LOW_INCOME_RAW": 0.0, "LOW_ACCESS_RAW": 0.0, "NO_VEHICLE_RAW": 0.0}}, {"type": "Feature", "geometry": {"type": "Polygon", "coordinates": [[[-79.97156, 40.468988], [-79.970767, 40.470658], [-79.970036, 40.471108], [-79.968685, 40.47275], [-79.963846, 40.469936], [-79.96229, 40.468707], [-79.960903, 40.467584], [-79.95922, 40.466235], [-79.957961, 40.465182], [-79.95717, 40.462383], [-79.956455, 40.462534], [-79.954572, 40.462807], [-79.953635, 40.462757], [-79.954185, 40.462184], [-79.955936, 40.460303], [-79.956933, 40.460727], [-79.957695, 40.460843], [-79.960349, 40.460466], [-79.966079, 40.459437], [-79.967155, 40.460552], [-79.968074, 40.461012], [-79.973908, 40.46587], [-79.97156, 40.468988]]]}, "properties": {"GEOID": "42003060300", "LILA": 0, "SCORE_1_10": 1, "NEAREST_GROCERY_MI": 0.41892115361824855, "LOW_INCOME_RAW": 0.0, "LOW_ACCESS_RAW": 0.0, "NO_VEHICLE_RAW": 0.0}}, {"type": "Feature", "geometry": {"type": "Polygon", "coordinates": [[[-79.871047, 40.427586], [-79.87046, 40.429936], [-79.871094, 40.432052], [-79.868845, 40.432211], [-79.86675, 40.431325], [-79.865552, 40.432888], [-79.861498, 40.438222], [-79.857369, 40.434874], [-79.856088, 40.43378], [-79.853646, 40.435616], [-79.852007, 40.43689], [-79.848306, 40.434285], [-79.847884, 40.433925], [-79.848451, 40.433598], [-79.851635, 40.431344], [-79.851838, 40.429929], [-79.851018, 40.42713], [-79.849529, 40.422901], [-79.850845, 40.420436], [-79.850414, 40.420128], [-79.850118, 40.419874], [-79.85003, 40.419786], [-79.85117, 40.418368], [-79.852382, 40.417125], [-79.851519, 40.418367], [-79.858203, 40.421105], [-79.859701, 40.420722], [-79.861456, 40.421608], [-79.864006, 40.422449], [-79.865089, 40.422642], [-79.867901, 40.423444], [-79.868571, 40.424592], [-79.872347, 40.426906], [-79.871047, 40.427586]]]}, "properties": {"GEOID": "42003518001", "LILA": 0, "SCORE_1_10": 2, "NEAREST_GROCERY_MI": 0.9358182685230273, "LOW_INCOME_RAW": 0.0, "LOW_ACCESS_RAW": 1311.86905288184, "NO_VEHICLE_RAW": 0.0}}, {"type": "Feature", "geometry": {"type": "Polygon", "coordinates": [[[-79.890624, 40.4104], [-79.888684, 40.415087], [-79.887258, 40.416874], [-79.887085, 40.41684], [-79.883193, 40.415994], [-79.882165, 40.415913], [-79.879615, 40.414803], [-79.876606, 40.414082], [-79.875245, 40.413918], [-79.874351, 40.413713], [-79.872022, 40.412568], [-79.871335, 40.411718], [-79.873004, 40.409683], [-79.873675, 40.408782], [-79.874608, 40.407535], [-79.875418, 40.406963], [-79.879436, 40.404232], [-79.881061, 40.40543], [-79.884511, 40.407191], [-79.889878, 40.409886], [-79.890624, 40.4104]]]}, "properties": {"GEOID": "42003514000", "LILA": 1, "SCORE_1_10": 4, "NEAREST_GROCERY_MI": 0.7429079675194776, "LOW_INCOME_RAW": 0.0, "LOW_ACCESS_RAW": 959.559214778245, "NO_VEHICLE_RAW": 0.0}}, {"type": "Feature", "geometry": {"type": "Polygon", "coordinates": [[[-79.940458, 40.496389], [-79.936068, 40.497203], [-79.935572, 40.497218], [-79.933436, 40.497287], [-79.927363, 40.497671], [-79.925491, 40.49905], [-79.925417, 40.497396], [-79.925416, 40.497292], [-79.925304, 40.497286], [-79.916836, 40.496506], [-79.908771, 40.495104], [-79.909324, 40.493376], [-79.907757, 40.492376], [-79.907698, 40.492292], [-79.907352, 40.4872], [-79.912483, 40.488273], [-79.915182, 40.488835], [-79.917249, 40.489258], [-79.923567, 40.490717], [-79.925044, 40.490999], [-79.927922, 40.491538], [-79.932961, 40.491647], [-79.934338, 40.49157], [-79.935572, 40.491491], [-79.938012, 40.491067], [-79.938355, 40.490983], [-79.938882, 40.492639], [-79.938635, 40.495179], [-79.940017, 40.495792], [-79.940458, 40.496389]]]}, "properties": {"GEOID": "42003424000", "LILA": 1, "SCORE_1_10": 4, "NEAREST_GROCERY_MI": 0.2724870204608895, "LOW_INCOME_RAW": 0.0, "LOW_ACCESS_RAW": 2641.05868483335, "NO_VEHICLE_RAW": 0.0}}, {"type": "Feature", "geometry": {"type": "Polygon", "coordinates": [[[-79.924182, 40.673021], [-79.914626, 40.673286], [-79.888727, 40.672773], [-79.884955, 40.672634], [-79.877128, 40.672435], [-79.866032, 40.672383], [-79.842248, 40.67199], [-79.829433, 40.671142], [-79.825372, 40.67129], [-79.818729, 40.671708], [-79.816996, 40.671699], [-79.816564, 40.650988], [-79.816444, 40.644096], [-79.81612, 40.635135], [-79.81459, 40.624158], [-79.813023, 40.612103], [-79.814632, 40.612], [-79.818763, 40.609743], [-79.820969, 40.609284], [-79.821979, 40.611215], [-79.827065, 40.613605], [-79.827765, 40.615714], [-79.830916, 40.617307], [-79.831354, 40.617321], [-79.832607, 40.617287], [-79.833749, 40.617333], [-79.833733, 40.617158], [-79.836643, 40.619526], [-79.837018, 40.620868], [-79.838595, 40.621854], [-79.838266, 40.622847], [-79.8396, 40.623503], [-79.840286, 40.624124], [-79.844656, 40.625869], [-79.853532, 40.631057], [-79.854087, 40.63195], [-79.853892, 40.632701], [-79.855962, 40.629919], [-79.857293, 40.626352], [-79.858895, 40.625688], [-79.860602, 40.625469], [-79.86082, 40.626117], [-79.866482, 40.631408], [-79.866689, 40.631657], [-79.867348, 40.632366], [-79.870774, 40.633737], [-79.872648, 40.633752], [-79.876078, 40.633523], [-79.881581, 40.630991], [-79.881672, 40.631213], [-79.885508, 40.630983], [-79.886384, 40.630639], [-79.890123, 40.629059], [-79.892479, 40.627463], [-79.897035, 40.626309], [-79.89811, 40.625], [-79.899776, 40.623978], [-79.903612, 40.618068], [-79.904098, 40.618205], [-79.908055, 40.618761], [-79.918551, 40.621078], [-79.917569, 40.620016], [-79.919179, 40.619718], [-79.9209, 40.618198], [-79.921346, 40.622365], [-79.921398, 40.623606], [-79.921733, 40.628218], [-79.922618, 40.63948], [-79.922637, 40.640188], [-79.922931, 40.64331], [-79.923315, 40.651968], [-79.923997, 40.667957], [-79.924182, 40.673021]]]}, "properties": {"GEOID": "42003407001", "LILA": 0, "SCORE_1_10": 1, "NEAREST_GROCERY_MI": 1.0666802480123347, "LOW_INCOME_RAW": 0.0, "LOW_ACCESS_RAW": 0.0, "NO_VEHICLE_RAW": 0.0}}, {"type": "Feature", "geometry": {"type": "Polygon", "coordinates": [[[-79.735185, 40.634517], [-79.734265, 40.635501], [-79.731776, 40.640089], [-79.725427, 40.653969], [-79.717994, 40.667838], [-79.717121, 40.669656], [-79.714599, 40.669704], [-79.707546, 40.669851], [-79.698705, 40.669726], [-79.692878, 40.669611], [-79.692904, 40.66825], [-79.695463, 40.665765], [-79.69582, 40.664794], [-79.695822, 40.661505], [-79.694192, 40.657506], [-79.691082, 40.652468], [-79.689208, 40.647852], [-79.689226, 40.643845], [-79.690278, 40.640873], [-79.694353, 40.635127], [-79.703334, 40.625695], [-79.712073, 40.619131], [-79.712477, 40.620076], [-79.714882, 40.621559], [-79.715041, 40.621668], [-79.715525, 40.621952], [-79.716437, 40.621374], [-79.714713, 40.623372], [-79.715166, 40.624249], [-79.721358, 40.626701], [-79.722027, 40.627204], [-79.722112, 40.629457], [-79.72492, 40.629388], [-79.726627, 40.629338], [-79.728243, 40.629516], [-79.730794, 40.630901], [-79.732281, 40.631637], [-79.734371, 40.632997], [-79.734668, 40.633529], [-79.735185, 40.634517]]]}, "properties": {"GEOID": "42003401100", "LILA": 0, "SCORE_1_10": 1, "NEAREST_GROCERY_MI": 1.5923569855119992, "LOW_INCOME_RAW": 0.0, "LOW_ACCESS_RAW": 291.680335666053, "NO_VEHICLE_RAW": 0.0}}, {"type": "Feature", "geometry": {"type": "Polygon", "coordinates": [[[-80.171595, 40.513352], [-80.170696, 40.514204], [-80.16895, 40.515427], [-80.168085, 40.516643], [-80.166994, 40.518126], [-80.166795, 40.518407], [-80.15667, 40.514603], [-80.155046, 40.51677], [-80.154309, 40.517278], [-80.153043, 40.516569], [-80.152402, 40.516161], [-80.149637, 40.514918], [-80.149053, 40.512962], [-80.149281, 40.511416], [-80.148463, 40.510602], [-80.148568, 40.508696], [-80.146286, 40.506889], [-80.147066, 40.506255], [-80.147904, 40.505663], [-80.150301, 40.503551], [-80.15453, 40.504588], [-80.161124, 40.506225], [-80.161615, 40.506461], [-80.170231, 40.510031], [-80.172226, 40.510792], [-80.171595, 40.513352]]]}, "properties": {"GEOID": "42003450700", "LILA": 0, "SCORE_1_10": 2, "NEAREST_GROCERY_MI": 2.403354862975823, "LOW_INCOME_RAW": 0.0, "LOW_ACCESS_RAW": 99.9547233581543, "NO_VEHICLE_RAW": 0.0}}, {"type": "Feature", "geometry": {"type": "Polygon", "coordinates": [[[-80.078505, 40.446527], [-80.076534, 40.448007], [-80.072945, 40.448325], [-80.068616, 40.447845], [-80.067221, 40.448832], [-80.066194, 40.449381], [-80.065347, 40.448544], [-80.064007, 40.447625], [-80.062611, 40.447233], [-80.061901, 40.447807], [-80.060935, 40.446707], [-80.058497, 40.444588], [-80.056742, 40.444315], [-80.055371, 40.443936], [-80.0579, 40.443141], [-80.060664, 40.442081], [-80.061216, 40.440632], [-80.062681, 40.441886], [-80.066092, 40.442016], [-80.068249, 40.441766], [-80.073172, 40.441084], [-80.074064, 40.440335], [-80.076352, 40.441808], [-80.077437, 40.444188], [-80.078505, 40.446527]]]}, "properties": {"GEOID": "42003464300", "LILA": 0, "SCORE_1_10": 1, "NEAREST_GROCERY_MI": 0.3996081744418086, "LOW_INCOME_RAW": 0.0, "LOW_ACCESS_RAW": 0.0, "NO_VEHICLE_RAW": 0.0}}, {"type": "Feature", "geometry": {"type": "Polygon", "coordinates": [[[-80.099958, 40.495586], [-80.099707, 40.497305], [-80.099697, 40.498159], [-80.099135, 40.49943], [-80.091615, 40.496614], [-80.081037, 40.491511], [-80.079888, 40.491317], [-80.07818, 40.4911], [-80.067526, 40.492271], [-80.066235, 40.490968], [-80.063196, 40.488654], [-80.057236, 40.484738], [-80.054641, 40.48297], [-80.053179, 40.48217], [-80.051722, 40.481287], [-80.048394, 40.477106], [-80.047862, 40.475814], [-80.050204, 40.475833], [-80.061144, 40.475757], [-80.061877, 40.475756], [-80.065205, 40.475723], [-80.065261, 40.475723], [-80.066164, 40.476555], [-80.068032, 40.476016], [-80.069547, 40.475062], [-80.070349, 40.474673], [-80.071193, 40.474677], [-80.073393, 40.476146], [-80.073602, 40.476339], [-80.076075, 40.478174], [-80.080225, 40.47869], [-80.082967, 40.479612], [-80.082896, 40.480081], [-80.083456, 40.479782], [-80.085557, 40.482815], [-80.087503, 40.485692], [-80.087605, 40.486357], [-80.090938, 40.491069], [-80.091415, 40.491742], [-80.096766, 40.493716], [-80.099882, 40.494841], [-80.099958, 40.495586]]]}, "properties": {"GEOID": "42003462100", "LILA": 1, "SCORE_1_10": 4, "NEAREST_GROCERY_MI": 0.7033573007284135, "LOW_INCOME_RAW": 0.0, "LOW_ACCESS_RAW": 2222.58829454129, "NO_VEHICLE_RAW": 0.0}}, {"type": "Feature", "geometry": {"type": "Polygon", "coordinates": [[[-79.820978, 40.48812], [-79.820134, 40.489281], [-79.819862, 40.489499], [-79.816437, 40.49021], [-79.811404, 40.492379], [-79.809744, 40.493747], [-79.808594, 40.494935], [-79.806002, 40.497817], [-79.806338, 40.50162], [-79.806739, 40.502789], [-79.802206, 40.506426], [-79.798831, 40.507322], [-79.794099, 40.506904], [-79.793502, 40.507433], [-79.795689, 40.509869], [-79.799387, 40.510093], [-79.801959, 40.512749], [-79.805062, 40.514085], [-79.802312, 40.514332], [-79.79845, 40.510194], [-79.793589, 40.511312], [-79.791794, 40.507943], [-79.791662, 40.507275], [-79.792396, 40.503147], [-79.789301, 40.500974], [-79.788134, 40.499195], [-79.789046, 40.496648], [-79.787131, 40.49528], [-79.784472, 40.495246], [-79.783995, 40.49455], [-79.784955, 40.491346], [-79.783127, 40.49044], [-79.784044, 40.487172], [-79.78377, 40.486748], [-79.781025, 40.483926], [-79.780488, 40.482013], [-79.77874, 40.480864], [-79.77992, 40.478466], [-79.778107, 40.478246], [-79.778866, 40.476175], [-79.782538, 40.476619], [-79.785197, 40.477562], [-79.786159, 40.477885], [-79.791557, 40.474881], [-79.795285, 40.47601], [-79.799619, 40.477538], [-79.800784, 40.480716], [-79.804662, 40.481369], [-79.807868, 40.481642], [-79.809679, 40.482901], [-79.811293, 40.483865], [-79.814541, 40.483849], [-79.816745, 40.48467], [-79.817792, 40.484975], [-79.819247, 40.484202], [-79.820529, 40.485636], [-79.820978, 40.48812]]]}, "properties": {"GEOID": "42003523702", "LILA": 0, "SCORE_1_10": 1, "NEAREST_GROCERY_MI": 0.5422528442744033, "LOW_INCOME_RAW": 0.0, "LOW_ACCESS_RAW": 54.568826675415, "NO_VEHICLE_RAW": 0.0}}, {"type": "Feature", "geometry": {"type": "Polygon", "coordinates": [[[-79.764834, 40.44584], [-79.764663, 40.446079], [-79.764164, 40.447307], [-79.762244, 40.449183], [-79.760111, 40.455799], [-79.757837, 40.457965], [-79.757793, 40.458552], [-79.758598, 40.459863], [-79.756386, 40.459675], [-79.753513, 40.460279], [-79.748201, 40.457248], [-79.744611, 40.456627], [-79.738863, 40.457761], [-79.73641, 40.456529], [-79.735356, 40.455374], [-79.731651, 40.453453], [-79.731411, 40.453344], [-79.718923, 40.447055], [-79.714626, 40.445906], [-79.713846, 40.445839], [-79.711351, 40.445884], [-79.709526, 40.448113], [-79.708142, 40.447673], [-79.707379, 40.446266], [-79.703973, 40.443652], [-79.703992, 40.441348], [-79.704405, 40.436099], [-79.704503, 40.434025], [-79.70473, 40.427562], [-79.709872, 40.430221], [-79.712998, 40.430416], [-79.721514, 40.427445], [-79.723402, 40.427157], [-79.724948, 40.427412], [-79.726154, 40.427931], [-79.727248, 40.428786], [-79.732471, 40.434155], [-79.734637, 40.435731], [-79.737754, 40.437269], [-79.739546, 40.437878], [-79.741788, 40.438384], [-79.744382, 40.438657], [-79.750741, 40.438792], [-79.758288, 40.438935], [-79.760602, 40.440611], [-79.763467, 40.442635], [-79.766691, 40.444004], [-79.764834, 40.44584]]]}, "properties": {"GEOID": "42003521500", "LILA": 0, "SCORE_1_10": 2, "NEAREST_GROCERY_MI": 1.1907961584012157, "LOW_INCOME_RAW": 0.0, "LOW_ACCESS_RAW": 2919.25115277409, "NO_VEHICLE_RAW": 0.0}}, {"type": "Feature", "geometry": {"type": "Polygon", "coordinates": [[[-79.872027, 40.4468], [-79.868994, 40.449061], [-79.867395, 40.449097], [-79.867561, 40.449389], [-79.866477, 40.452766], [-79.865843, 40.455745], [-79.868278, 40.456351], [-79.867028, 40.458547], [-79.865381, 40.458561], [-79.864822, 40.458564], [-79.860629, 40.458594], [-79.858016, 40.459408], [-79.857127, 40.45729], [-79.855537, 40.457386], [-79.855472, 40.453606], [-79.854238, 40.453613], [-79.854219, 40.452819], [-79.854194, 40.451203], [-79.854044, 40.445815], [-79.858501, 40.445163], [-79.860943, 40.444761], [-79.865312, 40.443772], [-79.871751, 40.440658], [-79.871643, 40.441414], [-79.871622, 40.441521], [-79.871175, 40.442397], [-79.870987, 40.442901], [-79.870863, 40.443427], [-79.870596, 40.443675], [-79.870326, 40.443705], [-79.868312, 40.444092], [-79.869291, 40.444488], [-79.871122, 40.446123], [-79.872027, 40.4468]]]}, "properties": {"GEOID": "42003561400", "LILA": 0, "SCORE_1_10": 1, "NEAREST_GROCERY_MI": 0.7827051322786561, "LOW_INCOME_RAW": 0.0, "LOW_ACCESS_RAW": 102.662361711264, "NO_VEHICLE_RAW": 0.0}}, {"type": "Feature", "geometry": {"type": "Polygon", "coordinates": [[[-79.860987, 40.348813], [-79.859515, 40.348829], [-79.859529, 40.349678], [-79.859548, 40.350162], [-79.856261, 40.350288], [-79.85567, 40.351726], [-79.852722, 40.351949], [-79.850942, 40.352075], [-79.845218, 40.353441], [-79.843842, 40.353014], [-79.845346, 40.351684], [-79.844366, 40.349191], [-79.844254, 40.348135], [-79.843393, 40.347136], [-79.843298, 40.34533], [-79.845992, 40.345509], [-79.846884, 40.345566], [-79.847636, 40.345617], [-79.84937, 40.345839], [-79.852578, 40.346267], [-79.854721, 40.346558], [-79.854628, 40.345247], [-79.855863, 40.342725], [-79.856112, 40.342217], [-79.857202, 40.342539], [-79.857374, 40.342582], [-79.858447, 40.343136], [-79.857922, 40.345609], [-79.860108, 40.346722], [-79.860965, 40.346746], [-79.860987, 40.348813]]]}, "properties": {"GEOID": "42003550900", "LILA": 0, "SCORE_1_10": 1, "NEAREST_GROCERY_MI": 1.1109713010313689, "LOW_INCOME_RAW": 0.0, "LOW_ACCESS_RAW": 0.0, "NO_VEHICLE_RAW": 0.0}}, {"type": "Feature", "geometry": {"type": "Polygon", "coordinates": [[[-79.784044, 40.487172], [-79.783127, 40.49044], [-79.781223, 40.490018], [-79.781105, 40.489992], [-79.779429, 40.489714], [-79.778255, 40.489353], [-79.774933, 40.488955], [-79.771237, 40.486192], [-79.76583, 40.483648], [-79.76389, 40.480357], [-79.762646, 40.478932], [-79.761162, 40.478213], [-79.759144, 40.477769], [-79.758024, 40.478239], [-79.753028, 40.478545], [-79.747993, 40.477396], [-79.74476, 40.477153], [-79.736034, 40.477845], [-79.73369, 40.474818], [-79.733271, 40.473095], [-79.73128, 40.470971], [-79.730364, 40.465557], [-79.724156, 40.460419], [-79.719026, 40.456078], [-79.717517, 40.455318], [-79.714606, 40.45376], [-79.715382, 40.451347], [-79.713571, 40.450827], [-79.714019, 40.448873], [-79.713846, 40.445839], [-79.714626, 40.445906], [-79.718923, 40.447055], [-79.731411, 40.453344], [-79.731651, 40.453453], [-79.735356, 40.455374], [-79.73641, 40.456529], [-79.738863, 40.457761], [-79.744611, 40.456627], [-79.748201, 40.457248], [-79.753513, 40.460279], [-79.756386, 40.459675], [-79.758598, 40.459863], [-79.759567, 40.460388], [-79.762074, 40.461814], [-79.76814, 40.461953], [-79.769403, 40.460865], [-79.771424, 40.460229], [-79.773906, 40.459653], [-79.779298, 40.460953], [-79.779202, 40.462767], [-79.777878, 40.463541], [-79.776853, 40.465746], [-79.778398, 40.475976], [-79.778866, 40.476175], [-79.778107, 40.478246], [-79.77992, 40.478466], [-79.77874, 40.480864], [-79.780488, 40.482013], [-79.781025, 40.483926], [-79.78377, 40.486748], [-79.784044, 40.487172]]]}, "properties": {"GEOID": "42003526202", "LILA": 0, "SCORE_1_10": 2, "NEAREST_GROCERY_MI": 2.0609938978339177, "LOW_INCOME_RAW": 0.0, "LOW_ACCESS_RAW": 2200.06740223803, "NO_VEHICLE_RAW": 0.0}}, {"type": "Feature", "geometry": {"type": "Polygon", "coordinates": [[[-80.081912, 40.470045], [-80.079659, 40.469179], [-80.079147, 40.471038], [-80.078328, 40.470022], [-80.076095, 40.470348], [-80.075028, 40.469977], [-80.073161, 40.468918], [-80.072945, 40.469182], [-80.070994, 40.469599], [-80.069966, 40.469871], [-80.068946, 40.470132], [-80.067979, 40.470376], [-80.067571, 40.470485], [-80.067146, 40.469637], [-80.066125, 40.469146], [-80.066287, 40.468864], [-80.06573, 40.468023], [-80.065618, 40.466628], [-80.065595, 40.465803], [-80.066347, 40.465496], [-80.066065, 40.464395], [-80.066029, 40.463422], [-80.066203, 40.461635], [-80.068708, 40.460784], [-80.06953, 40.460827], [-80.072334, 40.461374], [-80.074234, 40.463127], [-80.074891, 40.463685], [-80.075364, 40.463981], [-80.076707, 40.464695], [-80.077697, 40.464736], [-80.077649, 40.4658], [-80.079498, 40.465035], [-80.07981, 40.466689], [-80.083464, 40.467646], [-80.081912, 40.470045]]]}, "properties": {"GEOID": "42003463900", "LILA": 0, "SCORE_1_10": 1, "NEAREST_GROCERY_MI": 0.8005496231903675, "LOW_INCOME_RAW": 0.0, "LOW_ACCESS_RAW": 0.0, "NO_VEHICLE_RAW": 0.0}}, {"type": "Feature", "geometry": {"type": "Polygon", "coordinates": [[[-80.050809, 40.351114], [-80.050256, 40.353365], [-80.050251, 40.355192], [-80.050396, 40.357338], [-80.050046, 40.358142], [-80.046775, 40.361385], [-80.046922, 40.363197], [-80.046217, 40.363374], [-80.045693, 40.363473], [-80.044565, 40.364042], [-80.043929, 40.364842], [-80.041183, 40.366932], [-80.040458, 40.367399], [-80.040053, 40.367576], [-80.03787, 40.368292], [-80.036361, 40.366949], [-80.030367, 40.362236], [-80.030997, 40.361162], [-80.033602, 40.362611], [-80.034179, 40.362143], [-80.035722, 40.3608], [-80.037086, 40.356366], [-80.036687, 40.354879], [-80.033428, 40.355139], [-80.03377, 40.354447], [-80.035697, 40.354053], [-80.03638, 40.353916], [-80.037838, 40.353625], [-80.039688, 40.351783], [-80.042661, 40.352723], [-80.04796, 40.351665], [-80.049075, 40.351448], [-80.050352, 40.351201], [-80.050809, 40.351114]]]}, "properties": {"GEOID": "42003473402", "LILA": 0, "SCORE_1_10": 1, "NEAREST_GROCERY_MI": 0.579392464952005, "LOW_INCOME_RAW": 0.0, "LOW_ACCESS_RAW": 0.0, "NO_VEHICLE_RAW": 0.0}}, {"type": "Feature", "geometry": {"type": "Polygon", "coordinates": [[[-80.031654, 40.409884], [-80.030526, 40.413088], [-80.030107, 40.414286], [-80.029883, 40.415917], [-80.029669, 40.422721], [-80.02987, 40.423645], [-80.030916, 40.424915], [-80.030484, 40.427897], [-80.028034, 40.430076], [-80.024518, 40.426479], [-80.021122, 40.425184], [-80.021033, 40.423429], [-80.019594, 40.423984], [-80.017414, 40.421966], [-80.016397, 40.42085], [-80.016182, 40.420318], [-80.016142, 40.418053], [-80.015679, 40.416963], [-80.015147, 40.415335], [-80.014321, 40.414615], [-80.011045, 40.413569], [-80.00997, 40.413079], [-80.01057, 40.412245], [-80.011801, 40.411541], [-80.015537, 40.41043], [-80.01778, 40.408449], [-80.019733, 40.409205], [-80.021844, 40.410663], [-80.02284, 40.410633], [-80.024673, 40.410568], [-80.024795, 40.408658], [-80.025342, 40.407989], [-80.026979, 40.407116], [-80.027338, 40.408575], [-80.029804, 40.409008], [-80.03097, 40.409388], [-80.03195, 40.409356], [-80.031654, 40.409884]]]}, "properties": {"GEOID": "42003191600", "LILA": 0, "SCORE_1_10": 1, "NEAREST_GROCERY_MI": 0.5649403676810423, "LOW_INCOME_RAW": 0.0, "LOW_ACCESS_RAW": 0.0, "NO_VEHICLE_RAW": 0.0}}, {"type": "Feature", "geometry": {"type": "Polygon", "coordinates": [[[-80.098288, 40.387337], [-80.097455, 40.387861], [-80.092591, 40.38855], [-80.090202, 40.387187], [-80.088929, 40.386567], [-80.087571, 40.386301], [-80.084172, 40.386267], [-80.08158, 40.388882], [-80.079027, 40.390899], [-80.074181, 40.390743], [-80.073805, 40.390784], [-80.071545, 40.391535], [-80.06876, 40.39195], [-80.068758, 40.391658], [-80.0689, 40.38889], [-80.073985, 40.388176], [-80.071555, 40.385451], [-80.069078, 40.386789], [-80.069414, 40.3833], [-80.06875, 40.382957], [-80.068875, 40.382785], [-80.0676, 40.38138], [-80.067608, 40.380702], [-80.067215, 40.379826], [-80.069164, 40.378494], [-80.06848, 40.377451], [-80.067481, 40.37645], [-80.068123, 40.376058], [-80.069566, 40.378235], [-80.079034, 40.376392], [-80.083968, 40.37758], [-80.083346, 40.376392], [-80.079467, 40.372802], [-80.0792, 40.371632], [-80.082558, 40.371759], [-80.084137, 40.368318], [-80.085573, 40.369313], [-80.088106, 40.371083], [-80.089519, 40.372049], [-80.089699, 40.372174], [-80.091203, 40.373303], [-80.091579, 40.373651], [-80.092743, 40.37446], [-80.094378, 40.374788], [-80.093034, 40.378485], [-80.090801, 40.381877], [-80.090413, 40.381981], [-80.090162, 40.382028], [-80.090378, 40.382455], [-80.090783, 40.384134], [-80.091542, 40.382329], [-80.093241, 40.38255], [-80.092147, 40.384536], [-80.096229, 40.385136], [-80.099678, 40.384697], [-80.098288, 40.387337]]]}, "properties": {"GEOID": "42003470300", "LILA": 0, "SCORE_1_10": 1, "NEAREST_GROCERY_MI": 0.739424149479092, "LOW_INCOME_RAW": 0.0, "LOW_ACCESS_RAW": 102.734890401363, "NO_VEHICLE_RAW": 0.0}}, {"type": "Feature", "geometry": {"type": "Polygon", "coordinates": [[[-80.054273, 40.34741], [-80.052877, 40.350735], [-80.05117, 40.351043], [-80.050967, 40.351082], [-80.050809, 40.351114], [-80.050352, 40.351201], [-80.049075, 40.351448], [-80.04796, 40.351665], [-80.042661, 40.352723], [-80.039688, 40.351783], [-80.037838, 40.353625], [-80.03638, 40.353916], [-80.035697, 40.354053], [-80.03377, 40.354447], [-80.033428, 40.355139], [-80.030737, 40.355468], [-80.028218, 40.355858], [-80.027249, 40.353657], [-80.027127, 40.353474], [-80.023043, 40.350555], [-80.023703, 40.348839], [-80.026631, 40.347911], [-80.027308, 40.345993], [-80.029586, 40.345811], [-80.029686, 40.34511], [-80.031167, 40.344651], [-80.032204, 40.344198], [-80.038857, 40.342028], [-80.041796, 40.340576], [-80.045708, 40.338196], [-80.046268, 40.337294], [-80.046543, 40.337044], [-80.048796, 40.336254], [-80.050684, 40.33535], [-80.05118, 40.335201], [-80.051154, 40.336296], [-80.051154, 40.336436], [-80.051172, 40.337409], [-80.051907, 40.339567], [-80.053999, 40.345698], [-80.05463, 40.34665], [-80.054273, 40.34741]]]}, "properties": {"GEOID": "42003475101", "LILA": 0, "SCORE_1_10": 1, "NEAREST_GROCERY_MI": 0.42255025291582476, "LOW_INCOME_RAW": 0.0, "LOW_ACCESS_RAW": 0.0, "NO_VEHICLE_RAW": 0.0}}, {"type": "Feature", "geometry": {"type": "Polygon", "coordinates": [[[-79.815596, 40.380789], [-79.816123, 40.380944], [-79.816, 40.381094], [-79.814067, 40.383586], [-79.812142, 40.38429], [-79.811826, 40.38559], [-79.811517, 40.386687], [-79.802594, 40.391419], [-79.799244, 40.390769], [-79.798472, 40.390628], [-79.798438, 40.386451], [-79.800589, 40.385976], [-79.806111, 40.383058], [-79.805872, 40.382732], [-79.804978, 40.381874], [-79.807011, 40.379364], [-79.810561, 40.38066], [-79.811231, 40.37908], [-79.812738, 40.379491], [-79.813825, 40.377199], [-79.813878, 40.377082], [-79.81662, 40.378558], [-79.815596, 40.380789]]]}, "properties": {"GEOID": "42003507000", "LILA": 0, "SCORE_1_10": 1, "NEAREST_GROCERY_MI": 1.7991940802828492, "LOW_INCOME_RAW": 0.0, "LOW_ACCESS_RAW": 21.9845729061635, "NO_VEHICLE_RAW": 0.0}}, {"type": "Feature", "geometry": {"type": "Polygon", "coordinates": [[[-79.938012, 40.491067], [-79.935572, 40.491491], [-79.934338, 40.49157], [-79.932961, 40.491647], [-79.927922, 40.491538], [-79.925044, 40.490999], [-79.923567, 40.490717], [-79.917249, 40.489258], [-79.915182, 40.488835], [-79.912483, 40.488273], [-79.913254, 40.486614], [-79.918537, 40.48801], [-79.919368, 40.488201], [-79.919639, 40.487308], [-79.920248, 40.487412], [-79.920526, 40.487199], [-79.920511, 40.486675], [-79.922647, 40.48505], [-79.924208, 40.483066], [-79.924815, 40.481899], [-79.92734, 40.480846], [-79.927493, 40.47866], [-79.927628, 40.477905], [-79.928123, 40.476601], [-79.928583, 40.475332], [-79.9283, 40.47418], [-79.928349, 40.472318], [-79.931194, 40.473437], [-79.931463, 40.473909], [-79.931916, 40.475217], [-79.931799, 40.475391], [-79.931716, 40.476482], [-79.93202, 40.478584], [-79.931678, 40.479716], [-79.930684, 40.482795], [-79.929832, 40.485388], [-79.929257, 40.485872], [-79.927958, 40.486923], [-79.925532, 40.488308], [-79.931489, 40.489142], [-79.932151, 40.489025], [-79.933906, 40.489158], [-79.935087, 40.489142], [-79.937156, 40.488429], [-79.938012, 40.491067]]]}, "properties": {"GEOID": "42003101400", "LILA": 0, "SCORE_1_10": 2, "NEAREST_GROCERY_MI": 1.0137526734705855, "LOW_INCOME_RAW": 0.0, "LOW_ACCESS_RAW": 1191.64679025114, "NO_VEHICLE_RAW": 0.0}}, {"type": "Feature", "geometry": {"type": "Polygon", "coordinates": [[[-79.923142, 40.432354], [-79.923079, 40.43281], [-79.922833, 40.434754], [-79.922984, 40.438056], [-79.919359, 40.438041], [-79.916145, 40.438036], [-79.915814, 40.437587], [-79.913671, 40.43758], [-79.913083, 40.438028], [-79.911475, 40.438013], [-79.909082, 40.437051], [-79.909072, 40.433968], [-79.915105, 40.431393], [-79.915189, 40.430965], [-79.915334, 40.429887], [-79.914737, 40.42961], [-79.907464, 40.426485], [-79.907933, 40.426322], [-79.908804, 40.426405], [-79.909831, 40.426158], [-79.910384, 40.426147], [-79.911925, 40.426314], [-79.912489, 40.426473], [-79.91423, 40.427884], [-79.914853, 40.428018], [-79.916115, 40.427916], [-79.917537, 40.428152], [-79.918514, 40.428441], [-79.921199, 40.429171], [-79.923485, 40.429738], [-79.923142, 40.432354]]]}, "properties": {"GEOID": "42003140800", "LILA": 0, "SCORE_1_10": 1, "NEAREST_GROCERY_MI": 0.44044260552503267, "LOW_INCOME_RAW": 0.0, "LOW_ACCESS_RAW": 0.0, "NO_VEHICLE_RAW": 0.0}}, {"type": "Feature", "geometry": {"type": "Polygon", "coordinates": [[[-79.932787, 40.470637], [-79.931716, 40.472041], [-79.931702, 40.472271], [-79.931463, 40.473909], [-79.931194, 40.473437], [-79.928349, 40.472318], [-79.926277, 40.471522], [-79.924028, 40.470731], [-79.921025, 40.46969], [-79.918742, 40.469057], [-79.917832, 40.468814], [-79.917404, 40.4687], [-79.916948, 40.468581], [-79.916436, 40.467641], [-79.916161, 40.466991], [-79.917798, 40.466604], [-79.919229, 40.465988], [-79.919904, 40.46507], [-79.920931, 40.465445], [-79.922763, 40.465943], [-79.924257, 40.466297], [-79.925317, 40.466703], [-79.926286, 40.467033], [-79.928123, 40.467723], [-79.927867, 40.468149], [-79.927517, 40.46875], [-79.93181, 40.470271], [-79.932787, 40.470637]]]}, "properties": {"GEOID": "42003111300", "LILA": 0, "SCORE_1_10": 1, "NEAREST_GROCERY_MI": 0.5309267414533451, "LOW_INCOME_RAW": 0.0, "LOW_ACCESS_RAW": 0.0, "NO_VEHICLE_RAW": 0.0}}, {"type": "Feature", "geometry": {"type": "Polygon", "coordinates": [[[-79.908771, 40.495104], [-79.907835, 40.495377], [-79.908065, 40.500071], [-79.902229, 40.50024], [-79.902145, 40.499766], [-79.901787, 40.493673], [-79.901712, 40.493658], [-79.898959, 40.493147], [-79.896813, 40.493005], [-79.896912, 40.492614], [-79.896933, 40.492403], [-79.896959, 40.491908], [-79.897604, 40.487879], [-79.901626, 40.488985], [-79.901424, 40.486189], [-79.905354, 40.486726], [-79.906923, 40.487098], [-79.907352, 40.4872], [-79.907698, 40.492292], [-79.907757, 40.492376], [-79.909324, 40.493376], [-79.908771, 40.495104]]]}, "properties": {"GEOID": "42003423000", "LILA": 0, "SCORE_1_10": 1, "NEAREST_GROCERY_MI": 1.0906413422556311, "LOW_INCOME_RAW": 0.0, "LOW_ACCESS_RAW": 32.5930786132813, "NO_VEHICLE_RAW": 0.0}}, {"type": "Feature", "geometry": {"type": "Polygon", "coordinates": [[[-79.795052, 40.545378], [-79.788757, 40.545565], [-79.788866, 40.548323], [-79.783985, 40.548415], [-79.781492, 40.548465], [-79.781195, 40.548224], [-79.779773, 40.546907], [-79.775163, 40.544739], [-79.774548, 40.544024], [-79.771137, 40.544153], [-79.774257, 40.542065], [-79.779972, 40.541217], [-79.781222, 40.541135], [-79.78772, 40.541239], [-79.790626, 40.541137], [-79.794835, 40.540934], [-79.794935, 40.543035], [-79.794976, 40.543687], [-79.795052, 40.545378]]]}, "properties": {"GEOID": "42003417100", "LILA": 0, "SCORE_1_10": 2, "NEAREST_GROCERY_MI": 1.8514953491442367, "LOW_INCOME_RAW": 0.0, "LOW_ACCESS_RAW": 2145.00000687409, "NO_VEHICLE_RAW": 0.0}}, {"type": "Feature", "geometry": {"type": "Polygon", "coordinates": [[[-80.024473, 40.566171], [-80.023704, 40.56626], [-80.019151, 40.56414], [-80.016445, 40.566035], [-80.016488, 40.567167], [-80.012234, 40.567279], [-80.007844, 40.567405], [-80.006942, 40.567384], [-80.000291, 40.565775], [-79.999474, 40.565877], [-79.998843, 40.566143], [-79.998055, 40.567043], [-79.99548, 40.571239], [-79.993561, 40.571892], [-79.989674, 40.570331], [-79.98952, 40.567223], [-79.98934, 40.563558], [-79.989125, 40.558899], [-79.989057, 40.55868], [-79.988921, 40.553938], [-79.99351, 40.554002], [-79.993874, 40.554004], [-79.999588, 40.553986], [-80.001855, 40.553976], [-80.007453, 40.554036], [-80.020866, 40.553871], [-80.021231, 40.554542], [-80.023302, 40.558138], [-80.025227, 40.562377], [-80.024473, 40.566171]]]}, "properties": {"GEOID": "42003413400", "LILA": 0, "SCORE_1_10": 2, "NEAREST_GROCERY_MI": 0.8115674318925433, "LOW_INCOME_RAW": 0.0, "LOW_ACCESS_RAW": 2112.437912172, "NO_VEHICLE_RAW": 0.0}}, {"type": "Feature", "geometry": {"type": "Polygon", "coordinates": [[[-79.99298, 40.44036], [-79.992275, 40.441727], [-79.992141, 40.44202], [-79.990365, 40.444593], [-79.987036, 40.446593], [-79.983899, 40.44852], [-79.983652, 40.447642], [-79.982429, 40.446493], [-79.981841, 40.445685], [-79.98079, 40.444235], [-79.980342, 40.443632], [-79.979672, 40.442698], [-79.978997, 40.4416], [-79.978958, 40.441232], [-79.978655, 40.440843], [-79.978351, 40.440666], [-79.978669, 40.440312], [-79.977878, 40.439348], [-79.977636, 40.439383], [-79.975373, 40.439202], [-79.977545, 40.438229], [-79.977665, 40.438234], [-79.980775, 40.43836], [-79.985057, 40.438542], [-79.986462, 40.438607], [-79.988266, 40.438686], [-79.992467, 40.43887], [-79.993711, 40.438921], [-79.99298, 40.44036]]]}, "properties": {"GEOID": "42003030500", "LILA": 0, "SCORE_1_10": 1, "NEAREST_GROCERY_MI": 0.43485628020569295, "LOW_INCOME_RAW": 0.0, "LOW_ACCESS_RAW": 0.0, "NO_VEHICLE_RAW": 0.0}}, {"type": "Feature", "geometry": {"type": "Polygon", "coordinates": [[[-80.228579, 40.573072], [-80.223833, 40.575454], [-80.223787, 40.577486], [-80.222267, 40.577971], [-80.220796, 40.579617], [-80.219175, 40.579453], [-80.218706, 40.578337], [-80.21784, 40.576168], [-80.217394, 40.574707], [-80.213517, 40.572236], [-80.214624, 40.571353], [-80.208883, 40.567276], [-80.205283, 40.564564], [-80.204598, 40.565338], [-80.203304, 40.566211], [-80.197729, 40.561659], [-80.197977, 40.561482], [-80.201018, 40.559428], [-80.210117, 40.553327], [-80.213614, 40.555828], [-80.217592, 40.559879], [-80.219956, 40.561622], [-80.222735, 40.564847], [-80.226904, 40.57051], [-80.228953, 40.572799], [-80.228579, 40.573072]]]}, "properties": {"GEOID": "42003448000", "LILA": 0, "SCORE_1_10": 1, "NEAREST_GROCERY_MI": 0.7144436344511162, "LOW_INCOME_RAW": 0.0, "LOW_ACCESS_RAW": 217.358410276473, "NO_VEHICLE_RAW": 0.0}}, {"type": "Feature", "geometry": {"type": "Polygon", "coordinates": [[[-80.208002, 40.58806], [-80.206786, 40.588153], [-80.204163, 40.588568], [-80.20097, 40.591387], [-80.199256, 40.592156], [-80.194739, 40.59679], [-80.193281, 40.596933], [-80.190228, 40.596182], [-80.186519, 40.596126], [-80.18454, 40.596834], [-80.185188, 40.598118], [-80.188002, 40.599181], [-80.18848, 40.600046], [-80.184044, 40.601132], [-80.184753, 40.603585], [-80.183821, 40.604753], [-80.18186, 40.605831], [-80.180534, 40.60759], [-80.180755, 40.609107], [-80.177874, 40.609482], [-80.176025, 40.608113], [-80.173721, 40.607705], [-80.172018, 40.608152], [-80.169972, 40.607723], [-80.169376, 40.606618], [-80.166812, 40.606677], [-80.165784, 40.60603], [-80.160825, 40.609491], [-80.158691, 40.609232], [-80.158645, 40.605241], [-80.133763, 40.588242], [-80.134502, 40.588227], [-80.152203, 40.588017], [-80.15602, 40.587929], [-80.155392, 40.577826], [-80.156645, 40.57705], [-80.170521, 40.576211], [-80.181517, 40.576121], [-80.181012, 40.564613], [-80.181422, 40.564372], [-80.18651, 40.568902], [-80.197701, 40.578814], [-80.206406, 40.586577], [-80.207004, 40.587099], [-80.208002, 40.58806]]]}, "properties": {"GEOID": "42003439000", "LILA": 0, "SCORE_1_10": 2, "NEAREST_GROCERY_MI": 2.5600757718952085, "LOW_INCOME_RAW": 0.0, "LOW_ACCESS_RAW": 0.0, "NO_VEHICLE_RAW": 0.0}}, {"type": "Feature", "geometry": {"type": "Polygon", "coordinates": [[[-80.048117, 40.521891], [-80.047433, 40.521818], [-80.04367, 40.521715], [-80.042395, 40.521705], [-80.041152, 40.522063], [-80.039969, 40.522256], [-80.040618, 40.523633], [-80.042243, 40.527051], [-80.040904, 40.52851], [-80.039644, 40.527433], [-80.036996, 40.527426], [-80.036684, 40.525653], [-80.036131, 40.525675], [-80.035597, 40.525748], [-80.034956, 40.523906], [-80.032287, 40.524109], [-80.028951, 40.524265], [-80.02881, 40.522239], [-80.026878, 40.522224], [-80.025286, 40.520986], [-80.024898, 40.51941], [-80.025406, 40.518983], [-80.026765, 40.518225], [-80.02966, 40.516099], [-80.029777, 40.515626], [-80.029382, 40.514716], [-80.030176, 40.513789], [-80.030367, 40.513994], [-80.03272, 40.516701], [-80.035094, 40.515891], [-80.039946, 40.515294], [-80.04158, 40.514831], [-80.045538, 40.513552], [-80.047225, 40.513024], [-80.047366, 40.513962], [-80.047808, 40.518741], [-80.048085, 40.521136], [-80.048117, 40.521891]]]}, "properties": {"GEOID": "42003430200", "LILA": 0, "SCORE_1_10": 1, "NEAREST_GROCERY_MI": 0.29991973163410934, "LOW_INCOME_RAW": 0.0, "LOW_ACCESS_RAW": 0.0, "NO_VEHICLE_RAW": 0.0}}, {"type": "Feature", "geometry": {"type": "Polygon", "coordinates": [[[-79.958274, 40.503868], [-79.955388, 40.503968], [-79.9562, 40.505376], [-79.955426, 40.505381], [-79.950757, 40.505525], [-79.951888, 40.508252], [-79.95212, 40.508525], [-79.948618, 40.508666], [-79.947496, 40.507477], [-79.946139, 40.507604], [-79.945079, 40.507506], [-79.943228, 40.507316], [-79.94346, 40.507083], [-79.94434, 40.506269], [-79.944624, 40.505729], [-79.94457, 40.505124], [-79.944726, 40.504307], [-79.944788, 40.504172], [-79.943532, 40.503951], [-79.943657, 40.503328], [-79.944151, 40.503333], [-79.942488, 40.501479], [-79.940547, 40.501483], [-79.940458, 40.496389], [-79.940017, 40.495792], [-79.938635, 40.495179], [-79.938882, 40.492639], [-79.938355, 40.490983], [-79.940911, 40.490486], [-79.94978, 40.488095], [-79.95127, 40.487586], [-79.953072, 40.489542], [-79.955713, 40.491748], [-79.956559, 40.493337], [-79.954714, 40.493946], [-79.950321, 40.496952], [-79.948121, 40.498264], [-79.950087, 40.501739], [-79.952169, 40.502411], [-79.954247, 40.502], [-79.95589, 40.501759], [-79.958202, 40.501407], [-79.958274, 40.503868]]]}, "properties": {"GEOID": "42003425000", "LILA": 0, "SCORE_1_10": 1, "NEAREST_GROCERY_MI": 0.9643145254245866, "LOW_INCOME_RAW": 0.0, "LOW_ACCESS_RAW": 0.0, "NO_VEHICLE_RAW": 0.0}}, {"type": "Feature", "geometry": {"type": "Polygon", "coordinates": [[[-80.043251, 40.489569], [-80.040712, 40.491455], [-80.036617, 40.490508], [-80.035447, 40.490931], [-80.0325, 40.490981], [-80.028207, 40.491082], [-80.027784, 40.4911], [-80.027544, 40.490538], [-80.027035, 40.489844], [-80.026033, 40.487647], [-80.025048, 40.485739], [-80.025118, 40.485248], [-80.025677, 40.482748], [-80.025632, 40.481742], [-80.025582, 40.480738], [-80.02994, 40.476994], [-80.031718, 40.476489], [-80.030846, 40.479039], [-80.032861, 40.481084], [-80.033961, 40.481707], [-80.035421, 40.483053], [-80.03582, 40.484311], [-80.036731, 40.486403], [-80.037769, 40.487049], [-80.040949, 40.487647], [-80.043251, 40.489569]]]}, "properties": {"GEOID": "42003270800", "LILA": 0, "SCORE_1_10": 1, "NEAREST_GROCERY_MI": 0.6410679108533831, "LOW_INCOME_RAW": 0.0, "LOW_ACCESS_RAW": 0.0, "NO_VEHICLE_RAW": 0.0}}, {"type": "Feature", "geometry": {"type": "Polygon", "coordinates": [[[-80.18177, 40.556719], [-80.180655, 40.557234], [-80.181519, 40.561768], [-80.181012, 40.564613], [-80.181517, 40.576121], [-80.170521, 40.576211], [-80.156645, 40.57705], [-80.155392, 40.577826], [-80.15602, 40.587929], [-80.152203, 40.588017], [-80.134502, 40.588227], [-80.13, 40.585824], [-80.117744, 40.578002], [-80.117416, 40.577786], [-80.117157, 40.577616], [-80.113907, 40.57546], [-80.113884, 40.570515], [-80.116675, 40.570457], [-80.113951, 40.566789], [-80.113522, 40.562274], [-80.113852, 40.558766], [-80.115474, 40.554203], [-80.115671, 40.552859], [-80.120029, 40.551074], [-80.121289, 40.550065], [-80.122445, 40.548917], [-80.121797, 40.541399], [-80.121556, 40.536256], [-80.123946, 40.536974], [-80.124624, 40.537184], [-80.124735, 40.537228], [-80.125212, 40.537371], [-80.133958, 40.540193], [-80.132705, 40.535239], [-80.134595, 40.534749], [-80.133203, 40.532963], [-80.140301, 40.532731], [-80.140424, 40.534467], [-80.145918, 40.534402], [-80.14641, 40.541151], [-80.151084, 40.541247], [-80.154045, 40.541105], [-80.157349, 40.541611], [-80.163138, 40.541564], [-80.161271, 40.542719], [-80.156527, 40.542588], [-80.154379, 40.544712], [-80.157238, 40.544588], [-80.156291, 40.545613], [-80.156267, 40.547519], [-80.158893, 40.548288], [-80.158992, 40.546135], [-80.160806, 40.545252], [-80.161695, 40.547445], [-80.163902, 40.546709], [-80.162761, 40.544071], [-80.166129, 40.541146], [-80.168527, 40.540576], [-80.171561, 40.541274], [-80.172858, 40.540532], [-80.174639, 40.541615], [-80.17724, 40.544262], [-80.174953, 40.545642], [-80.173253, 40.547188], [-80.173144, 40.548828], [-80.171658, 40.548389], [-80.171755, 40.550696], [-80.17298, 40.55075], [-80.174606, 40.549736], [-80.174232, 40.548133], [-80.175189, 40.548066], [-80.175976, 40.546608], [-80.178305, 40.545311], [-80.181513, 40.548595], [-80.18075, 40.556187], [-80.18177, 40.556719]]]}, "properties": {"GEOID": "42003563300", "LILA": 0, "SCORE_1_10": 1, "NEAREST_GROCERY_MI": 2.2599499596959363, "LOW_INCOME_RAW": 0.0, "LOW_ACCESS_RAW": 0.0, "NO_VEHICLE_RAW": 0.0}}, {"type": "Feature", "geometry": {"type": "Polygon", "coordinates": [[[-79.898872, 40.41885], [-79.897203, 40.42606], [-79.896712, 40.42646], [-79.89507, 40.42592], [-79.891006, 40.427197], [-79.89218, 40.427888], [-79.893762, 40.426922], [-79.895096, 40.428166], [-79.897083, 40.427785], [-79.895808, 40.433858], [-79.895731, 40.434225], [-79.895568, 40.434962], [-79.89503, 40.434179], [-79.894563, 40.43353], [-79.892102, 40.429576], [-79.892386, 40.428475], [-79.892032, 40.428111], [-79.891252, 40.427723], [-79.88801, 40.424678], [-79.887623, 40.424239], [-79.891032, 40.422908], [-79.893873, 40.421674], [-79.895129, 40.421133], [-79.897473, 40.42007], [-79.898872, 40.41885]]]}, "properties": {"GEOID": "42003515401", "LILA": 0, "SCORE_1_10": 1, "NEAREST_GROCERY_MI": 0.1283196382814265, "LOW_INCOME_RAW": 0.0, "LOW_ACCESS_RAW": 0.0, "NO_VEHICLE_RAW": 0.0}}, {"type": "Feature", "geometry": {"type": "Polygon", "coordinates": [[[-79.905492, 40.35248], [-79.902519, 40.352496], [-79.899463, 40.356057], [-79.898218, 40.356016], [-79.894362, 40.357617], [-79.885887, 40.359296], [-79.885709, 40.358994], [-79.884817, 40.357396], [-79.8812, 40.357189], [-79.87724, 40.357706], [-79.87694, 40.355891], [-79.876676, 40.354337], [-79.878293, 40.353641], [-79.880846, 40.351649], [-79.881408, 40.351046], [-79.885612, 40.345168], [-79.888859, 40.341594], [-79.891884, 40.33899], [-79.893858, 40.339983], [-79.895911, 40.341451], [-79.895009, 40.344338], [-79.897288, 40.346241], [-79.906232, 40.352448], [-79.905492, 40.35248]]]}, "properties": {"GEOID": "42003487000", "LILA": 0, "SCORE_1_10": 2, "NEAREST_GROCERY_MI": 1.105099628548636, "LOW_INCOME_RAW": 0.0, "LOW_ACCESS_RAW": 1293.27410449163, "NO_VEHICLE_RAW": 0.0}}, {"type": "Feature", "geometry": {"type": "Polygon", "coordinates": [[[-80.093786, 40.306856], [-80.092383, 40.308061], [-80.09181, 40.308716], [-80.087854, 40.319031], [-80.086996, 40.320636], [-80.084686, 40.323082], [-80.081642, 40.324875], [-80.075638, 40.327298], [-80.074104, 40.326908], [-80.071727, 40.327478], [-80.0694, 40.327642], [-80.067108, 40.327795], [-80.06618, 40.327759], [-80.065489, 40.324744], [-80.067763, 40.323643], [-80.070999, 40.320975], [-80.072174, 40.318514], [-80.070602, 40.314936], [-80.067693, 40.314137], [-80.069395, 40.309802], [-80.07396, 40.299837], [-80.077004, 40.300756], [-80.080255, 40.301628], [-80.08291, 40.302513], [-80.089076, 40.304269], [-80.094945, 40.305907], [-80.093786, 40.306856]]]}, "properties": {"GEOID": "42003474203", "LILA": 0, "SCORE_1_10": 2, "NEAREST_GROCERY_MI": 1.3284213540847194, "LOW_INCOME_RAW": 0.0, "LOW_ACCESS_RAW": 3054.88509376661, "NO_VEHICLE_RAW": 0.0}}, {"type": "Feature", "geometry": {"type": "Polygon", "coordinates": [[[-79.866347, 40.461065], [-79.865795, 40.462684], [-79.8654, 40.465746], [-79.864499, 40.466713], [-79.861031, 40.468121], [-79.859211, 40.470152], [-79.858929, 40.47218], [-79.856545, 40.473719], [-79.852388, 40.473562], [-79.848497, 40.47554], [-79.848586, 40.474442], [-79.848212, 40.473228], [-79.847038, 40.468631], [-79.846908, 40.467635], [-79.846877, 40.466402], [-79.847231, 40.465065], [-79.846126, 40.463667], [-79.843186, 40.461555], [-79.84255, 40.462206], [-79.842402, 40.461454], [-79.84267, 40.460214], [-79.842982, 40.458673], [-79.843009, 40.458077], [-79.844453, 40.455592], [-79.844783, 40.453201], [-79.843798, 40.451937], [-79.84374, 40.45074], [-79.844323, 40.449646], [-79.854219, 40.452819], [-79.854238, 40.453613], [-79.855472, 40.453606], [-79.855537, 40.457386], [-79.857127, 40.45729], [-79.858016, 40.459408], [-79.860629, 40.458594], [-79.864822, 40.458564], [-79.865381, 40.458561], [-79.866042, 40.459418], [-79.866347, 40.461065]]]}, "properties": {"GEOID": "42003523200", "LILA": 0, "SCORE_1_10": 1, "NEAREST_GROCERY_MI": 0.5778639261912466, "LOW_INCOME_RAW": 0.0, "LOW_ACCESS_RAW": 61.3420667640676, "NO_VEHICLE_RAW": 0.0}}, {"type": "Feature", "geometry": {"type": "Polygon", "coordinates": [[[-79.736034, 40.477845], [-79.733627, 40.478799], [-79.72683, 40.480081], [-79.724814, 40.481905], [-79.721583, 40.482664], [-79.718355, 40.483566], [-79.716127, 40.483851], [-79.715456, 40.484181], [-79.712585, 40.487218], [-79.709054, 40.489265], [-79.707562, 40.489444], [-79.705392, 40.489339], [-79.702142, 40.489523], [-79.70233, 40.482942], [-79.702431, 40.479314], [-79.702485, 40.477326], [-79.70486, 40.475434], [-79.70738, 40.475371], [-79.708478, 40.475441], [-79.709507, 40.475858], [-79.711282, 40.473834], [-79.713342, 40.474265], [-79.714479, 40.474522], [-79.716547, 40.474013], [-79.718529, 40.472258], [-79.719612, 40.471595], [-79.720902, 40.467369], [-79.720484, 40.465762], [-79.721132, 40.465278], [-79.721443, 40.46489], [-79.720111, 40.462842], [-79.717517, 40.455318], [-79.719026, 40.456078], [-79.724156, 40.460419], [-79.730364, 40.465557], [-79.73128, 40.470971], [-79.733271, 40.473095], [-79.73369, 40.474818], [-79.736034, 40.477845]]]}, "properties": {"GEOID": "42003526301", "LILA": 0, "SCORE_1_10": 2, "NEAREST_GROCERY_MI": 1.0196623302280963, "LOW_INCOME_RAW": 0.0, "LOW_ACCESS_RAW": 3319.13752427697, "NO_VEHICLE_RAW": 0.0}}, {"type": "Feature", "geometry": {"type": "Polygon", "coordinates": [[[-80.097562, 40.35791], [-80.095333, 40.36217], [-80.095184, 40.363368], [-80.094936, 40.362902], [-80.093033, 40.362073], [-80.0891, 40.361812], [-80.087513, 40.362244], [-80.086937, 40.363981], [-80.085322, 40.363129], [-80.083499, 40.36306], [-80.082146, 40.363043], [-80.081414, 40.36428], [-80.077247, 40.363865], [-80.072816, 40.363434], [-80.072664, 40.363778], [-80.070512, 40.3635], [-80.069226, 40.363134], [-80.06708, 40.362524], [-80.064799, 40.361877], [-80.064343, 40.361749], [-80.060701, 40.359305], [-80.059874, 40.358751], [-80.055459, 40.355896], [-80.050924, 40.353007], [-80.05117, 40.351043], [-80.052877, 40.350735], [-80.054273, 40.34741], [-80.05463, 40.34665], [-80.055055, 40.347018], [-80.058613, 40.349108], [-80.061125, 40.34977], [-80.061229, 40.349813], [-80.064562, 40.355475], [-80.064675, 40.355589], [-80.065626, 40.357356], [-80.065523, 40.358096], [-80.069644, 40.357654], [-80.071854, 40.358307], [-80.071426, 40.356595], [-80.073571, 40.35461], [-80.073742, 40.35325], [-80.073819, 40.352468], [-80.073961, 40.349028], [-80.07399, 40.34885], [-80.0803, 40.345596], [-80.082181, 40.345057], [-80.082991, 40.348308], [-80.087196, 40.352339], [-80.088189, 40.354226], [-80.088531, 40.354514], [-80.09107, 40.35582], [-80.095389, 40.356291], [-80.099032, 40.357583], [-80.097562, 40.35791]]]}, "properties": {"GEOID": "42003474101", "LILA": 0, "SCORE_1_10": 2, "NEAREST_GROCERY_MI": 1.0748965361981904, "LOW_INCOME_RAW": 0.0, "LOW_ACCESS_RAW": 1789.80953565985, "NO_VEHICLE_RAW": 0.0}}, {"type": "Feature", "geometry": {"type": "Polygon", "coordinates": [[[-80.050837, 40.402532], [-80.048643, 40.406089], [-80.047599, 40.40778], [-80.047333, 40.408205], [-80.043725, 40.414052], [-80.039617, 40.42067], [-80.03397, 40.42005], [-80.031124, 40.421494], [-80.030598, 40.423663], [-80.030916, 40.424915], [-80.02987, 40.423645], [-80.029669, 40.422721], [-80.029883, 40.415917], [-80.030107, 40.414286], [-80.030526, 40.413088], [-80.031654, 40.409884], [-80.03195, 40.409356], [-80.032603, 40.4082], [-80.033289, 40.407503], [-80.034207, 40.406965], [-80.033775, 40.406172], [-80.035513, 40.405235], [-80.036293, 40.405286], [-80.036343, 40.404261], [-80.039818, 40.401279], [-80.041853, 40.399433], [-80.044625, 40.399088], [-80.044882, 40.39906], [-80.048654, 40.400746], [-80.051202, 40.401943], [-80.050837, 40.402532]]]}, "properties": {"GEOID": "42003202300", "LILA": 0, "SCORE_1_10": 1, "NEAREST_GROCERY_MI": 0.3982221157439759, "LOW_INCOME_RAW": 0.0, "LOW_ACCESS_RAW": 0.0, "NO_VEHICLE_RAW": 0.0}}, {"type": "Feature", "geometry": {"type": "Polygon", "coordinates": [[[-80.07396, 40.299837], [-80.069395, 40.309802], [-80.067693, 40.314137], [-80.065816, 40.318756], [-80.065768, 40.318866], [-80.065119, 40.320363], [-80.063623, 40.324018], [-80.063327, 40.324796], [-80.063025, 40.325585], [-80.061865, 40.328378], [-80.061584, 40.328961], [-80.05835, 40.33708], [-80.056514, 40.34282], [-80.05463, 40.34665], [-80.053999, 40.345698], [-80.051907, 40.339567], [-80.051172, 40.337409], [-80.051154, 40.336436], [-80.051154, 40.336296], [-80.05118, 40.335201], [-80.050684, 40.33535], [-80.048796, 40.336254], [-80.046543, 40.337044], [-80.046268, 40.337294], [-80.04389, 40.335189], [-80.04298, 40.331182], [-80.042593, 40.32943], [-80.040969, 40.327732], [-80.040431, 40.327961], [-80.038485, 40.328274], [-80.041177, 40.326925], [-80.047053, 40.325111], [-80.047819, 40.323404], [-80.046898, 40.319144], [-80.047365, 40.317754], [-80.048355, 40.316532], [-80.0504, 40.315028], [-80.05166, 40.314203], [-80.05294, 40.313756], [-80.064289, 40.311937], [-80.065256, 40.311808], [-80.066721, 40.311215], [-80.068056, 40.309576], [-80.067995, 40.307792], [-80.067915, 40.307432], [-80.067431, 40.304766], [-80.069276, 40.300236], [-80.069202, 40.298298], [-80.072381, 40.299236], [-80.07396, 40.299837]]]}, "properties": {"GEOID": "42003475200", "LILA": 0, "SCORE_1_10": 2, "NEAREST_GROCERY_MI": 0.08639530755048651, "LOW_INCOME_RAW": 0.0, "LOW_ACCESS_RAW": 3466.83696953813, "NO_VEHICLE_RAW": 0.0}}, {"type": "Feature", "geometry": {"type": "Polygon", "coordinates": [[[-79.930979, 40.452062], [-79.928821, 40.452752], [-79.927109, 40.453429], [-79.925653, 40.454015], [-79.925341, 40.454161], [-79.925325, 40.454991], [-79.925209, 40.457124], [-79.925198, 40.457378], [-79.922454, 40.456791], [-79.922546, 40.455862], [-79.921024, 40.453398], [-79.920712, 40.452894], [-79.922075, 40.452686], [-79.923971, 40.451932], [-79.925787, 40.451201], [-79.927508, 40.450514], [-79.928437, 40.450212], [-79.929646, 40.449827], [-79.930979, 40.452062]]]}, "properties": {"GEOID": "42003070600", "LILA": 0, "SCORE_1_10": 1, "NEAREST_GROCERY_MI": 0.3271786151777055, "LOW_INCOME_RAW": 0.0, "LOW_ACCESS_RAW": 0.0, "NO_VEHICLE_RAW": 0.0}}, {"type": "Feature", "geometry": {"type": "Polygon", "coordinates": [[[-79.830047, 40.430812], [-79.827027, 40.432015], [-79.823373, 40.430865], [-79.820924, 40.433225], [-79.820982, 40.433789], [-79.826146, 40.439067], [-79.824713, 40.440901], [-79.82774, 40.441585], [-79.827447, 40.444484], [-79.82732, 40.444994], [-79.819733, 40.443109], [-79.813933, 40.441568], [-79.812865, 40.441285], [-79.805045, 40.439208], [-79.802667, 40.43858], [-79.802935, 40.436672], [-79.804535, 40.434152], [-79.802552, 40.432313], [-79.802067, 40.431957], [-79.803448, 40.4269], [-79.808009, 40.425088], [-79.809617, 40.423501], [-79.81081, 40.422825], [-79.811432, 40.422743], [-79.813114, 40.42172], [-79.816057, 40.41981], [-79.818164, 40.417647], [-79.820865, 40.416793], [-79.820786, 40.417445], [-79.822612, 40.416541], [-79.822891, 40.416539], [-79.823345, 40.416916], [-79.822825, 40.417285], [-79.821615, 40.41779], [-79.82303, 40.417719], [-79.824446, 40.418061], [-79.827108, 40.422547], [-79.826374, 40.425719], [-79.826435, 40.425943], [-79.827661, 40.429645], [-79.830047, 40.430812]]]}, "properties": {"GEOID": "42003520001", "LILA": 0, "SCORE_1_10": 1, "NEAREST_GROCERY_MI": 0.16999347040073115, "LOW_INCOME_RAW": 0.0, "LOW_ACCESS_RAW": 34.1708831787109, "NO_VEHICLE_RAW": 0.0}}, {"type": "Feature", "geometry": {"type": "Polygon", "coordinates": [[[-79.917677, 40.554827], [-79.915083, 40.554947], [-79.915129, 40.558933], [-79.915228, 40.567494], [-79.915332, 40.573081], [-79.915383, 40.57793], [-79.915506, 40.583743], [-79.915526, 40.584894], [-79.915946, 40.596367], [-79.889089, 40.597133], [-79.877997, 40.597478], [-79.871628, 40.597687], [-79.869275, 40.597759], [-79.848692, 40.59823], [-79.848141, 40.598253], [-79.826493, 40.598898], [-79.81325, 40.599113], [-79.812579, 40.599113], [-79.812517, 40.598272], [-79.812112, 40.586227], [-79.811443, 40.566534], [-79.82075, 40.566364], [-79.822175, 40.566339], [-79.823584, 40.561673], [-79.826466, 40.561558], [-79.831494, 40.561376], [-79.835721, 40.56119], [-79.842201, 40.561061], [-79.850137, 40.560761], [-79.853758, 40.560695], [-79.856811, 40.561942], [-79.858649, 40.563709], [-79.859388, 40.565495], [-79.859428, 40.565943], [-79.862744, 40.567153], [-79.86486, 40.566432], [-79.867093, 40.565965], [-79.869241, 40.568161], [-79.872166, 40.568203], [-79.875255, 40.570885], [-79.878574, 40.57104], [-79.881767, 40.570955], [-79.886085, 40.570056], [-79.888517, 40.568348], [-79.892915, 40.568786], [-79.893791, 40.569366], [-79.892431, 40.571839], [-79.893286, 40.571841], [-79.896186, 40.569808], [-79.901178, 40.568698], [-79.902107, 40.567729], [-79.902796, 40.565111], [-79.905057, 40.563281], [-79.905022, 40.561173], [-79.907025, 40.559265], [-79.908069, 40.555105], [-79.909661, 40.554992], [-79.912514, 40.553184], [-79.913706, 40.550057], [-79.91412, 40.549591], [-79.914298, 40.549834], [-79.914643, 40.551533], [-79.918509, 40.554788], [-79.917677, 40.554827]]]}, "properties": {"GEOID": "42003415001", "LILA": 0, "SCORE_1_10": 2, "NEAREST_GROCERY_MI": 2.8908751856579027, "LOW_INCOME_RAW": 0.0, "LOW_ACCESS_RAW": 0.0, "NO_VEHICLE_RAW": 0.0}}, {"type": "Feature", "geometry": {"type": "Polygon", "coordinates": [[[-80.210117, 40.553327], [-80.201018, 40.559428], [-80.197977, 40.561482], [-80.197729, 40.561659], [-80.193159, 40.564917], [-80.18651, 40.568902], [-80.181422, 40.564372], [-80.181012, 40.564613], [-80.181519, 40.561768], [-80.180655, 40.557234], [-80.18177, 40.556719], [-80.18075, 40.556187], [-80.181513, 40.548595], [-80.188713, 40.544246], [-80.191594, 40.54246], [-80.193304, 40.541445], [-80.195247, 40.540459], [-80.195681, 40.541206], [-80.200312, 40.546864], [-80.205039, 40.550998], [-80.208755, 40.552632], [-80.210117, 40.553327]]]}, "properties": {"GEOID": "42003446000", "LILA": 0, "SCORE_1_10": 1, "NEAREST_GROCERY_MI": 0.5331451283166603, "LOW_INCOME_RAW": 0.0, "LOW_ACCESS_RAW": 56.0610496997833, "NO_VEHICLE_RAW": 0.0}}, {"type": "Feature", "geometry": {"type": "Polygon", "coordinates": [[[-79.796437, 40.590122], [-79.790431, 40.590193], [-79.788472, 40.59014], [-79.788943, 40.601378], [-79.789116, 40.605965], [-79.77992, 40.60607], [-79.769876, 40.599709], [-79.769009, 40.599291], [-79.767543, 40.598518], [-79.766145, 40.597233], [-79.765534, 40.596701], [-79.764043, 40.59287], [-79.76807, 40.589544], [-79.77079, 40.586698], [-79.771623, 40.585629], [-79.773689, 40.580839], [-79.774612, 40.575734], [-79.774693, 40.570746], [-79.774455, 40.569742], [-79.774131, 40.568376], [-79.772566, 40.564117], [-79.772052, 40.562955], [-79.774, 40.562863], [-79.775699, 40.562828], [-79.779331, 40.570194], [-79.78018, 40.571933], [-79.784659, 40.571877], [-79.787611, 40.571831], [-79.787793, 40.573828], [-79.788122, 40.583363], [-79.793469, 40.582937], [-79.796102, 40.583532], [-79.796437, 40.590122]]]}, "properties": {"GEOID": "42003404000", "LILA": 0, "SCORE_1_10": 2, "NEAREST_GROCERY_MI": 1.2150850580792223, "LOW_INCOME_RAW": 0.0, "LOW_ACCESS_RAW": 846.056555597124, "NO_VEHICLE_RAW": 0.0}}, {"type": "Feature", "geometry": {"type": "Polygon", "coordinates": [[[-80.169812, 40.39505], [-80.169471, 40.397167], [-80.168723, 40.401803], [-80.168703, 40.401997], [-80.166633, 40.404953], [-80.16656, 40.405399], [-80.165135, 40.407335], [-80.165029, 40.409964], [-80.161494, 40.410448], [-80.16135, 40.408956], [-80.155149, 40.410049], [-80.152192, 40.408089], [-80.153485, 40.404835], [-80.153162, 40.404521], [-80.151974, 40.40298], [-80.144951, 40.394793], [-80.136195, 40.393794], [-80.131428, 40.396118], [-80.130595, 40.396501], [-80.128701, 40.396984], [-80.121357, 40.397916], [-80.116911, 40.395212], [-80.113528, 40.394463], [-80.111021, 40.395146], [-80.107418, 40.398447], [-80.105814, 40.399424], [-80.101116, 40.393336], [-80.099347, 40.389711], [-80.098288, 40.387337], [-80.099678, 40.384697], [-80.096229, 40.385136], [-80.092147, 40.384536], [-80.093241, 40.38255], [-80.093386, 40.381183], [-80.094372, 40.37808], [-80.097147, 40.375523], [-80.098122, 40.374255], [-80.096554, 40.370998], [-80.094576, 40.368606], [-80.094685, 40.364319], [-80.096581, 40.36376], [-80.103973, 40.363287], [-80.104282, 40.363685], [-80.106994, 40.36329], [-80.108594, 40.363653], [-80.109903, 40.363781], [-80.113411, 40.365355], [-80.11721, 40.367445], [-80.119042, 40.362981], [-80.119943, 40.362245], [-80.119978, 40.367935], [-80.122134, 40.370604], [-80.119675, 40.372286], [-80.120583, 40.372303], [-80.122975, 40.372656], [-80.12429, 40.37305], [-80.129903, 40.372058], [-80.130701, 40.372507], [-80.132112, 40.37285], [-80.135824, 40.375222], [-80.137835, 40.376427], [-80.140013, 40.377063], [-80.143467, 40.377708], [-80.147843, 40.378896], [-80.150652, 40.379619], [-80.152394, 40.379792], [-80.157222, 40.380271], [-80.160066, 40.38117], [-80.168675, 40.383763], [-80.170105, 40.390726], [-80.169812, 40.39505]]]}, "properties": {"GEOID": "42003458001", "LILA": 0, "SCORE_1_10": 1, "NEAREST_GROCERY_MI": 1.7442832571654232, "LOW_INCOME_RAW": 0.0, "LOW_ACCESS_RAW": 0.0, "NO_VEHICLE_RAW": 0.0}}, {"type": "Feature", "geometry": {"type": "Polygon", "coordinates": [[[-79.960197, 40.428542], [-79.957739, 40.42995], [-79.956625, 40.428868], [-79.956272, 40.429113], [-79.954571, 40.42791], [-79.952371, 40.427393], [-79.950431, 40.427598], [-79.951234, 40.426785], [-79.952109, 40.425763], [-79.952288, 40.424898], [-79.952036, 40.424917], [-79.950794, 40.425488], [-79.949835, 40.425665], [-79.950873, 40.425179], [-79.951037, 40.424912], [-79.949506, 40.425095], [-79.947627, 40.422058], [-79.944267, 40.420412], [-79.94175, 40.419195], [-79.941039, 40.418871], [-79.939835, 40.418952], [-79.93801, 40.419116], [-79.93383, 40.419788], [-79.937142, 40.417732], [-79.93826, 40.416368], [-79.939216, 40.41549], [-79.939473, 40.413479], [-79.940436, 40.412443], [-79.942053, 40.411797], [-79.945026, 40.411241], [-79.944424, 40.408438], [-79.943143, 40.403109], [-79.942734, 40.402305], [-79.939594, 40.399915], [-79.935756, 40.399481], [-79.935397, 40.396903], [-79.937729, 40.396786], [-79.94259, 40.397328], [-79.947234, 40.399695], [-79.949021, 40.401306], [-79.950849, 40.403751], [-79.951621, 40.405367], [-79.952955, 40.410659], [-79.952317, 40.411237], [-79.952663, 40.4127], [-79.953974, 40.418242], [-79.954573, 40.420769], [-79.955973, 40.424569], [-79.958877, 40.427304], [-79.960197, 40.428542]]]}, "properties": {"GEOID": "42003562901", "LILA": 0, "SCORE_1_10": 1, "NEAREST_GROCERY_MI": 0.40278840862715903, "LOW_INCOME_RAW": 0.0, "LOW_ACCESS_RAW": 0.0, "NO_VEHICLE_RAW": 0.0}}, {"type": "Feature", "geometry": {"type": "Polygon", "coordinates": [[[-80.071393, 40.674174], [-80.068355, 40.674167], [-80.067531, 40.674165], [-80.060124, 40.674143], [-80.039556, 40.674098], [-80.03623, 40.67409], [-80.012153, 40.673901], [-80.00982, 40.673857], [-80.006399, 40.673794], [-80.005235, 40.673772], [-79.996979, 40.673624], [-79.996879, 40.673622], [-79.995523, 40.673597], [-79.994174, 40.673571], [-79.994139, 40.672988], [-79.994021, 40.67077], [-79.99225, 40.637064], [-79.995226, 40.639512], [-79.996861, 40.640222], [-79.999338, 40.640476], [-80.007674, 40.640002], [-80.009017, 40.640284], [-80.015322, 40.643475], [-80.017555, 40.644227], [-80.019029, 40.644373], [-80.027295, 40.643026], [-80.028434, 40.643091], [-80.02928, 40.643252], [-80.030913, 40.643883], [-80.039001, 40.650319], [-80.040708, 40.651235], [-80.04301, 40.652002], [-80.045437, 40.652377], [-80.054412, 40.652469], [-80.060992, 40.652698], [-80.068113, 40.654719], [-80.070397, 40.655154], [-80.071204, 40.670159], [-80.071393, 40.674174]]]}, "properties": {"GEOID": "42003409002", "LILA": 0, "SCORE_1_10": 1, "NEAREST_GROCERY_MI": 2.154131020718928, "LOW_INCOME_RAW": 0.0, "LOW_ACCESS_RAW": 0.0, "NO_VEHICLE_RAW": 0.0}}, {"type": "Feature", "geometry": {"type": "Polygon", "coordinates": [[[-80.020109, 40.4552], [-80.018075, 40.455769], [-80.017475, 40.455869], [-80.015348, 40.456096], [-80.015391, 40.456234], [-80.015921, 40.45785], [-80.01642, 40.459273], [-80.015359, 40.459466], [-80.012892, 40.460258], [-80.009969, 40.460037], [-80.008736, 40.461217], [-80.008575, 40.460035], [-80.00845, 40.459494], [-80.007944, 40.459128], [-80.002915, 40.458556], [-80.002238, 40.458682], [-80.002123, 40.458133], [-80.001667, 40.456406], [-80.002621, 40.456219], [-80.006632, 40.455449], [-80.009593, 40.454901], [-80.013621, 40.454144], [-80.014568, 40.453966], [-80.015472, 40.453834], [-80.019429, 40.453102], [-80.020109, 40.4552]]]}, "properties": {"GEOID": "42003565100", "LILA": 0, "SCORE_1_10": 1, "NEAREST_GROCERY_MI": 0.7117308534148277, "LOW_INCOME_RAW": 0.0, "LOW_ACCESS_RAW": 0.0, "NO_VEHICLE_RAW": 0.0}}, {"type": "Feature", "geometry": {"type": "Polygon", "coordinates": [[[-80.057861, 40.431438], [-80.057565, 40.434515], [-80.058044, 40.435721], [-80.057963, 40.436473], [-80.059123, 40.437135], [-80.057596, 40.437534], [-80.055858, 40.437767], [-80.054955, 40.437855], [-80.053709, 40.437948], [-80.052357, 40.437572], [-80.050944, 40.437504], [-80.049465, 40.438075], [-80.047295, 40.438153], [-80.046015, 40.438295], [-80.045088, 40.43828], [-80.039603, 40.437026], [-80.039248, 40.436714], [-80.038953, 40.436542], [-80.038625, 40.436407], [-80.038843, 40.436002], [-80.036681, 40.435394], [-80.03754, 40.433734], [-80.035234, 40.433894], [-80.028034, 40.430076], [-80.030484, 40.427897], [-80.030916, 40.424915], [-80.030598, 40.423663], [-80.031124, 40.421494], [-80.03397, 40.42005], [-80.039617, 40.42067], [-80.035546, 40.427201], [-80.034827, 40.428358], [-80.038371, 40.427846], [-80.041256, 40.428447], [-80.042491, 40.428618], [-80.04315, 40.428044], [-80.046643, 40.42942], [-80.046592, 40.427031], [-80.047381, 40.425957], [-80.053773, 40.427938], [-80.056073, 40.428112], [-80.059154, 40.429331], [-80.057861, 40.431438]]]}, "properties": {"GEOID": "42003563100", "LILA": 0, "SCORE_1_10": 1, "NEAREST_GROCERY_MI": 0.8803997832835156, "LOW_INCOME_RAW": 0.0, "LOW_ACCESS_RAW": 0.0, "NO_VEHICLE_RAW": 0.0}}, {"type": "Feature", "geometry": {"type": "Polygon", "coordinates": [[[-79.85117, 40.418368], [-79.85003, 40.419786], [-79.850118, 40.419874], [-79.850414, 40.420128], [-79.850845, 40.420436], [-79.849529, 40.422901], [-79.851018, 40.42713], [-79.851838, 40.429929], [-79.851635, 40.431344], [-79.848451, 40.433598], [-79.848868, 40.430708], [-79.847161, 40.428566], [-79.843593, 40.424496], [-79.843346, 40.423492], [-79.843183, 40.422717], [-79.843042, 40.422163], [-79.841965, 40.420788], [-79.841424, 40.420133], [-79.841028, 40.419526], [-79.841521, 40.419014], [-79.839852, 40.41757], [-79.838625, 40.415297], [-79.838974, 40.414873], [-79.837012, 40.412945], [-79.833961, 40.409459], [-79.83897, 40.405792], [-79.841578, 40.407962], [-79.843126, 40.409233], [-79.843941, 40.410369], [-79.844219, 40.412245], [-79.849042, 40.411725], [-79.850681, 40.414324], [-79.849896, 40.415543], [-79.852382, 40.417125], [-79.85117, 40.418368]]]}, "properties": {"GEOID": "42003563900", "LILA": 0, "SCORE_1_10": 1, "NEAREST_GROCERY_MI": 0.38462869823322343, "LOW_INCOME_RAW": 0.0, "LOW_ACCESS_RAW": 9.68970197439194, "NO_VEHICLE_RAW": 0.0}}, {"type": "Feature", "geometry": {"type": "Polygon", "coordinates": [[[-79.903148, 40.454981], [-79.902842, 40.454879], [-79.902271, 40.455599], [-79.9013, 40.458015], [-79.901115, 40.45849], [-79.898528, 40.457906], [-79.896298, 40.457397], [-79.894145, 40.4569], [-79.891902, 40.456393], [-79.888093, 40.455527], [-79.886437, 40.455151], [-79.885944, 40.455074], [-79.885648, 40.454027], [-79.885468, 40.453436], [-79.885258, 40.452696], [-79.884563, 40.451014], [-79.884087, 40.449144], [-79.884828, 40.448849], [-79.88593, 40.446907], [-79.888184, 40.447659], [-79.888406, 40.447773], [-79.889816, 40.449051], [-79.891073, 40.449779], [-79.892423, 40.450266], [-79.892601, 40.450561], [-79.892784, 40.450302], [-79.898758, 40.452813], [-79.900853, 40.453617], [-79.903128, 40.454524], [-79.90531, 40.455482], [-79.903148, 40.454981]]]}, "properties": {"GEOID": "42003130800", "LILA": 0, "SCORE_1_10": 1, "NEAREST_GROCERY_MI": 0.578001211320488, "LOW_INCOME_RAW": 0.0, "LOW_ACCESS_RAW": 0.0, "NO_VEHICLE_RAW": 0.0}}, {"type": "Feature", "geometry": {"type": "Polygon", "coordinates": [[[-80.186458, 40.384673], [-80.185891, 40.385881], [-80.183146, 40.391467], [-80.183699, 40.393554], [-80.184229, 40.394937], [-80.181105, 40.396353], [-80.181495, 40.396798], [-80.182102, 40.397661], [-80.177673, 40.399572], [-80.175533, 40.400883], [-80.172507, 40.40092], [-80.172147, 40.398266], [-80.170964, 40.397818], [-80.16959, 40.398937], [-80.168723, 40.401803], [-80.169471, 40.397167], [-80.169812, 40.39505], [-80.170105, 40.390726], [-80.168675, 40.383763], [-80.160066, 40.38117], [-80.157222, 40.380271], [-80.152394, 40.379792], [-80.150652, 40.379619], [-80.147843, 40.378896], [-80.143467, 40.377708], [-80.140013, 40.377063], [-80.137835, 40.376427], [-80.135824, 40.375222], [-80.132112, 40.37285], [-80.130701, 40.372507], [-80.129903, 40.372058], [-80.12429, 40.37305], [-80.122975, 40.372656], [-80.120583, 40.372303], [-80.119675, 40.372286], [-80.122134, 40.370604], [-80.119978, 40.367935], [-80.119943, 40.362245], [-80.120554, 40.360026], [-80.120603, 40.359183], [-80.118919, 40.358157], [-80.118031, 40.358134], [-80.114328, 40.35521], [-80.114446, 40.355035], [-80.11526, 40.354787], [-80.118607, 40.3563], [-80.120329, 40.356981], [-80.121153, 40.356129], [-80.12352, 40.355702], [-80.125289, 40.356878], [-80.129278, 40.353739], [-80.128216, 40.352285], [-80.129079, 40.350367], [-80.130891, 40.350391], [-80.133112, 40.351236], [-80.13681, 40.350775], [-80.140862, 40.350775], [-80.142704, 40.350324], [-80.143885, 40.34769], [-80.147545, 40.345988], [-80.150032, 40.346225], [-80.150805, 40.346366], [-80.154701, 40.345412], [-80.154719, 40.345515], [-80.154858, 40.347436], [-80.155629, 40.348521], [-80.156724, 40.348706], [-80.160933, 40.348096], [-80.161301, 40.349957], [-80.16015, 40.351954], [-80.159957, 40.352821], [-80.159265, 40.354624], [-80.164896, 40.360103], [-80.169187, 40.366037], [-80.169674, 40.367801], [-80.17172, 40.372226], [-80.171552, 40.376179], [-80.17223, 40.379533], [-80.172942, 40.381224], [-80.17686, 40.381022], [-80.177601, 40.381054], [-80.178052, 40.38115], [-80.178635, 40.381364], [-80.179788, 40.382207], [-80.182297, 40.383875], [-80.18508, 40.384272], [-80.187194, 40.384417], [-80.186458, 40.384673]]]}, "properties": {"GEOID": "42003456001", "LILA": 0, "SCORE_1_10": 2, "NEAREST_GROCERY_MI": 2.2215296162177323, "LOW_INCOME_RAW": 0.0, "LOW_ACCESS_RAW": 3161.9840887594, "NO_VEHICLE_RAW": 0.0}}, {"type": "Feature", "geometry": {"type": "Polygon", "coordinates": [[[-80.032997, 40.311113], [-80.03151, 40.313481], [-80.029409, 40.315194], [-80.028928, 40.315644], [-80.027111, 40.318746], [-80.026725, 40.322475], [-80.025755, 40.324773], [-80.02592, 40.325794], [-80.025944, 40.326683], [-80.025626, 40.327168], [-80.025285, 40.327422], [-80.023139, 40.328332], [-80.022379, 40.328823], [-80.022079, 40.329232], [-80.022032, 40.330536], [-80.017259, 40.325961], [-80.009341, 40.32112], [-80.015485, 40.311791], [-80.016248, 40.310653], [-80.016388, 40.310444], [-80.017341, 40.309023], [-80.017532, 40.308794], [-80.020011, 40.305279], [-80.021085, 40.30352], [-80.021147, 40.302342], [-80.02136, 40.301954], [-80.023297, 40.300515], [-80.023822, 40.298437], [-80.025048, 40.297786], [-80.026176, 40.29604], [-80.026827, 40.294834], [-80.028199, 40.29378], [-80.029302, 40.29293], [-80.03041, 40.292006], [-80.030506, 40.292065], [-80.030841, 40.293027], [-80.029342, 40.296322], [-80.030356, 40.301202], [-80.030557, 40.302151], [-80.03051, 40.303171], [-80.030533, 40.304283], [-80.032769, 40.308106], [-80.033066, 40.308842], [-80.032997, 40.311113]]]}, "properties": {"GEOID": "42003475402", "LILA": 0, "SCORE_1_10": 2, "NEAREST_GROCERY_MI": 1.3872890010089542, "LOW_INCOME_RAW": 0.0, "LOW_ACCESS_RAW": 2772.45838088077, "NO_VEHICLE_RAW": 0.0}}, {"type": "Feature", "geometry": {"type": "Polygon", "coordinates": [[[-79.971115, 40.230731], [-79.970042, 40.233304], [-79.966839, 40.236544], [-79.962593, 40.238768], [-79.956834, 40.240198], [-79.951849, 40.240745], [-79.93759, 40.241519], [-79.930754, 40.242973], [-79.927817, 40.24409], [-79.921944, 40.246706], [-79.917498, 40.249446], [-79.914461, 40.252443], [-79.911444, 40.256757], [-79.909652, 40.25846], [-79.902754, 40.262914], [-79.897369, 40.267161], [-79.896313, 40.267921], [-79.895296, 40.267351], [-79.894985, 40.26559], [-79.894638, 40.264288], [-79.893979, 40.263564], [-79.891581, 40.264385], [-79.892235, 40.265061], [-79.890759, 40.265571], [-79.890305, 40.265194], [-79.887384, 40.267483], [-79.88653, 40.266887], [-79.885897, 40.267418], [-79.884249, 40.268894], [-79.882506, 40.267156], [-79.878811, 40.26478], [-79.87835, 40.26368], [-79.879135, 40.256129], [-79.878963, 40.25489], [-79.876931, 40.248668], [-79.872431, 40.244969], [-79.869614, 40.239659], [-79.865008, 40.23925], [-79.86014, 40.240928], [-79.856086, 40.235877], [-79.855808, 40.232437], [-79.855132, 40.231116], [-79.854334, 40.228694], [-79.853619, 40.227283], [-79.852342, 40.225921], [-79.849145, 40.222641], [-79.842275, 40.218353], [-79.842026, 40.217228], [-79.841755, 40.214896], [-79.840717, 40.211199], [-79.83925, 40.208755], [-79.840246, 40.20838], [-79.840402, 40.20832], [-79.850066, 40.204684], [-79.867067, 40.198837], [-79.871425, 40.197391], [-79.877877, 40.197034], [-79.881115, 40.196647], [-79.888739, 40.194733], [-79.895036, 40.194301], [-79.900334, 40.194841], [-79.910783, 40.196977], [-79.916416, 40.198973], [-79.918712, 40.200279], [-79.920872, 40.202022], [-79.922748, 40.203655], [-79.924011, 40.204553], [-79.924598, 40.204954], [-79.928141, 40.206604], [-79.929289, 40.207081], [-79.93879, 40.20946], [-79.944331, 40.210656], [-79.950382, 40.211559], [-79.954889, 40.212767], [-79.95794, 40.214259], [-79.95984, 40.215936], [-79.966849, 40.222088], [-79.969316, 40.22467], [-79.970916, 40.226893], [-79.971115, 40.230731]]]}, "properties": {"GEOID": "42003495000", "LILA": 0, "SCORE_1_10": 2, "NEAREST_GROCERY_MI": 2.4190776453288887, "LOW_INCOME_RAW": 0.0, "LOW_ACCESS_RAW": 0.0, "NO_VEHICLE_RAW": 0.0}}, {"type": "Feature", "geometry": {"type": "Polygon", "coordinates": [[[-79.884217, 40.269042], [-79.882009, 40.271633], [-79.879023, 40.273609], [-79.880981, 40.274364], [-79.879214, 40.275961], [-79.881984, 40.278675], [-79.88272, 40.279409], [-79.880538, 40.280631], [-79.877761, 40.28263], [-79.877149, 40.282137], [-79.87451, 40.279645], [-79.875348, 40.278859], [-79.871776, 40.276371], [-79.869601, 40.276679], [-79.866437, 40.279218], [-79.862196, 40.277468], [-79.855926, 40.278497], [-79.855009, 40.275961], [-79.850962, 40.273606], [-79.847643, 40.270028], [-79.845511, 40.272326], [-79.844132, 40.272699], [-79.843088, 40.271718], [-79.839481, 40.271994], [-79.837362, 40.272957], [-79.835708, 40.269537], [-79.834341, 40.266893], [-79.833462, 40.265453], [-79.825836, 40.260074], [-79.825001, 40.258884], [-79.825053, 40.257202], [-79.824956, 40.256861], [-79.817499, 40.253717], [-79.814459, 40.253666], [-79.808461, 40.254703], [-79.803659, 40.253655], [-79.801896, 40.253863], [-79.798062, 40.255032], [-79.79671, 40.257336], [-79.797426, 40.258922], [-79.794028, 40.260361], [-79.792192, 40.260654], [-79.791588, 40.262264], [-79.791391, 40.259336], [-79.790708, 40.259116], [-79.790304, 40.258713], [-79.793955, 40.255761], [-79.796653, 40.252833], [-79.799109, 40.246966], [-79.803364, 40.241803], [-79.805126, 40.241194], [-79.806898, 40.238618], [-79.807431, 40.236894], [-79.807112, 40.23452], [-79.80629, 40.233222], [-79.804386, 40.231949], [-79.795338, 40.229926], [-79.78917, 40.228883], [-79.787352, 40.228069], [-79.782588, 40.227626], [-79.783321, 40.227387], [-79.784117, 40.227129], [-79.788176, 40.225801], [-79.79523, 40.223499], [-79.800608, 40.221738], [-79.817199, 40.21581], [-79.83925, 40.208755], [-79.840717, 40.211199], [-79.841755, 40.214896], [-79.842026, 40.217228], [-79.842275, 40.218353], [-79.849145, 40.222641], [-79.852342, 40.225921], [-79.853619, 40.227283], [-79.854334, 40.228694], [-79.855132, 40.231116], [-79.855808, 40.232437], [-79.856086, 40.235877], [-79.86014, 40.240928], [-79.865008, 40.23925], [-79.869614, 40.239659], [-79.872431, 40.244969], [-79.876931, 40.248668], [-79.878963, 40.25489], [-79.879135, 40.256129], [-79.87835, 40.26368], [-79.878811, 40.26478], [-79.882506, 40.267156], [-79.884249, 40.268894], [-79.884217, 40.269042]]]}, "properties": {"GEOID": "42003496102", "LILA": 0, "SCORE_1_10": 2, "NEAREST_GROCERY_MI": 2.7588013395363835, "LOW_INCOME_RAW": 0.0, "LOW_ACCESS_RAW": 0.0, "NO_VEHICLE_RAW": 0.0}}, {"type": "Feature", "geometry": {"type": "Polygon", "coordinates": [[[-79.974541, 40.443868], [-79.973393, 40.444364], [-79.971864, 40.444993], [-79.970873, 40.445405], [-79.970363, 40.445577], [-79.969054, 40.446039], [-79.96531, 40.448613], [-79.96487, 40.448777], [-79.96235, 40.448882], [-79.961569, 40.448736], [-79.95925, 40.448314], [-79.958474, 40.448449], [-79.959817, 40.447396], [-79.960888, 40.445473], [-79.963252, 40.444663], [-79.964179, 40.443985], [-79.965179, 40.443255], [-79.965757, 40.442819], [-79.966063, 40.443377], [-79.967004, 40.443136], [-79.968016, 40.442903], [-79.968333, 40.441826], [-79.968174, 40.441517], [-79.967946, 40.441147], [-79.967618, 40.440023], [-79.968623, 40.438907], [-79.968713, 40.438771], [-79.971904, 40.439752], [-79.972433, 40.44037], [-79.973209, 40.44012], [-79.973948, 40.440854], [-79.974498, 40.442898], [-79.975045, 40.44366], [-79.974541, 40.443868]]]}, "properties": {"GEOID": "42003051000", "LILA": 0, "SCORE_1_10": 1, "NEAREST_GROCERY_MI": 0.7533316165315823, "LOW_INCOME_RAW": 0.0, "LOW_ACCESS_RAW": 0.0, "NO_VEHICLE_RAW": 0.0}}, {"type": "Feature", "geometry": {"type": "Polygon", "coordinates": [[[-79.821305, 40.416739], [-79.820865, 40.416793], [-79.818164, 40.417647], [-79.816057, 40.41981], [-79.813114, 40.42172], [-79.811432, 40.422743], [-79.81081, 40.422825], [-79.809617, 40.423501], [-79.808009, 40.425088], [-79.803448, 40.4269], [-79.802067, 40.431957], [-79.802552, 40.432313], [-79.804535, 40.434152], [-79.802935, 40.436672], [-79.802667, 40.43858], [-79.80035, 40.439509], [-79.801973, 40.440187], [-79.79789, 40.441933], [-79.78899, 40.442214], [-79.778194, 40.443855], [-79.777818, 40.443915], [-79.771026, 40.444676], [-79.766691, 40.444004], [-79.766712, 40.441527], [-79.768993, 40.438701], [-79.76946, 40.438022], [-79.7724, 40.436184], [-79.772994, 40.436466], [-79.776472, 40.437484], [-79.779144, 40.437076], [-79.783102, 40.434625], [-79.783341, 40.433462], [-79.78582, 40.430304], [-79.788142, 40.427298], [-79.788694, 40.426592], [-79.789661, 40.425658], [-79.791194, 40.423893], [-79.792639, 40.420515], [-79.796954, 40.41676], [-79.799733, 40.415976], [-79.800684, 40.414264], [-79.801009, 40.413138], [-79.801825, 40.411378], [-79.801599, 40.409052], [-79.80433, 40.40533], [-79.804687, 40.401988], [-79.80404, 40.400724], [-79.804139, 40.39968], [-79.804364, 40.398431], [-79.804846, 40.398524], [-79.805433, 40.398631], [-79.806452, 40.396805], [-79.80917, 40.397036], [-79.813606, 40.401038], [-79.814993, 40.401185], [-79.811775, 40.403355], [-79.813048, 40.405494], [-79.815433, 40.40563], [-79.81187, 40.409699], [-79.811037, 40.411262], [-79.81052, 40.411596], [-79.80962, 40.412304], [-79.812275, 40.413778], [-79.810652, 40.416389], [-79.811658, 40.417861], [-79.81378, 40.418119], [-79.818514, 40.415483], [-79.818951, 40.415918], [-79.821804, 40.416307], [-79.821305, 40.416739]]]}, "properties": {"GEOID": "42003521200", "LILA": 1, "SCORE_1_10": 4, "NEAREST_GROCERY_MI": 1.0581704769206086, "LOW_INCOME_RAW": 0.0, "LOW_ACCESS_RAW": 964.034777291585, "NO_VEHICLE_RAW": 0.0}}, {"type": "Feature", "geometry": {"type": "Polygon", "coordinates": [[[-80.067424, 40.59585], [-80.066599, 40.595263], [-80.061648, 40.594257], [-80.058033, 40.593379], [-80.055094, 40.593587], [-80.051694, 40.590929], [-80.050571, 40.590951], [-80.048713, 40.588732], [-80.045648, 40.586799], [-80.04448, 40.585878], [-80.043221, 40.584881], [-80.040076, 40.583709], [-80.039416, 40.583382], [-80.038136, 40.582053], [-80.043634, 40.583196], [-80.050167, 40.582216], [-80.054365, 40.581614], [-80.056551, 40.581506], [-80.056108, 40.578384], [-80.054574, 40.575585], [-80.052214, 40.574046], [-80.049577, 40.571121], [-80.049522, 40.567971], [-80.050579, 40.567464], [-80.05159, 40.566178], [-80.054791, 40.56642], [-80.056998, 40.568667], [-80.05989, 40.567459], [-80.05985, 40.563677], [-80.06054, 40.56307], [-80.061249, 40.564738], [-80.065605, 40.566567], [-80.065905, 40.571231], [-80.066346, 40.578216], [-80.06655, 40.581427], [-80.066701, 40.584012], [-80.067238, 40.592304], [-80.067364, 40.594218], [-80.067395, 40.595126], [-80.067424, 40.59585]]]}, "properties": {"GEOID": "42003413202", "LILA": 0, "SCORE_1_10": 1, "NEAREST_GROCERY_MI": 0.19673471173224366, "LOW_INCOME_RAW": 0.0, "LOW_ACCESS_RAW": 83.4075616598129, "NO_VEHICLE_RAW": 0.0}}, {"type": "Feature", "geometry": {"type": "Polygon", "coordinates": [[[-80.045926, 40.48813], [-80.045127, 40.489047], [-80.045545, 40.490165], [-80.044623, 40.49166], [-80.045179, 40.493307], [-80.046014, 40.494865], [-80.045406, 40.494911], [-80.046027, 40.496812], [-80.045987, 40.499527], [-80.043373, 40.501027], [-80.039781, 40.500957], [-80.038346, 40.504928], [-80.036965, 40.506097], [-80.037057, 40.507], [-80.036884, 40.508152], [-80.036271, 40.510526], [-80.035252, 40.511795], [-80.033072, 40.513134], [-80.030367, 40.513994], [-80.030176, 40.513789], [-80.031353, 40.511567], [-80.030629, 40.511367], [-80.029335, 40.509138], [-80.029382, 40.506071], [-80.028419, 40.505263], [-80.026441, 40.504303], [-80.025137, 40.503397], [-80.022694, 40.50067], [-80.021881, 40.500122], [-80.021237, 40.499643], [-80.020257, 40.498226], [-80.020079, 40.497709], [-80.019966, 40.49723], [-80.019944, 40.496781], [-80.021983, 40.493839], [-80.022906, 40.495292], [-80.025426, 40.495332], [-80.026562, 40.496688], [-80.027795, 40.496124], [-80.027784, 40.4911], [-80.028207, 40.491082], [-80.0325, 40.490981], [-80.035447, 40.490931], [-80.036617, 40.490508], [-80.040712, 40.491455], [-80.043251, 40.489569], [-80.045594, 40.487804], [-80.046444, 40.487163], [-80.045926, 40.48813]]]}, "properties": {"GEOID": "42003429700", "LILA": 0, "SCORE_1_10": 1, "NEAREST_GROCERY_MI": 0.9750104326669622, "LOW_INCOME_RAW": 0.0, "LOW_ACCESS_RAW": 274.946468118113, "NO_VEHICLE_RAW": 0.0}}, {"type": "Feature", "geometry": {"type": "Polygon", "coordinates": [[[-80.096528, 40.638296], [-80.08885, 40.638616], [-80.088889, 40.639973], [-80.08757, 40.642009], [-80.082349, 40.642157], [-80.083166, 40.646011], [-80.082614, 40.646007], [-80.081651, 40.645925], [-80.08057, 40.645662], [-80.079649, 40.645061], [-80.079584, 40.642378], [-80.069778, 40.642567], [-80.069356, 40.632872], [-80.07893, 40.632606], [-80.078735, 40.629645], [-80.088412, 40.629308], [-80.088416, 40.629397], [-80.088563, 40.632451], [-80.088694, 40.634986], [-80.09213, 40.635664], [-80.094657, 40.635561], [-80.096047, 40.635506], [-80.096528, 40.638296]]]}, "properties": {"GEOID": "42003410000", "LILA": 0, "SCORE_1_10": 1, "NEAREST_GROCERY_MI": 1.5193022650052455, "LOW_INCOME_RAW": 0.0, "LOW_ACCESS_RAW": 350.981415251154, "NO_VEHICLE_RAW": 0.0}}, {"type": "Feature", "geometry": {"type": "Polygon", "coordinates": [[[-80.04282, 40.47967], [-80.041079, 40.480067], [-80.040359, 40.480239], [-80.03931, 40.48049], [-80.036016, 40.481279], [-80.033961, 40.481707], [-80.032861, 40.481084], [-80.030846, 40.479039], [-80.031718, 40.476489], [-80.03288, 40.476338], [-80.034026, 40.475876], [-80.035117, 40.475091], [-80.034854, 40.474188], [-80.036495, 40.47262], [-80.036528, 40.474903], [-80.037863, 40.47286], [-80.037436, 40.471775], [-80.037709, 40.47177], [-80.038192, 40.472698], [-80.040081, 40.475192], [-80.040153, 40.475275], [-80.043033, 40.47893], [-80.04282, 40.47967]]]}, "properties": {"GEOID": "42003270300", "LILA": 0, "SCORE_1_10": 1, "NEAREST_GROCERY_MI": 0.7923246431500037, "LOW_INCOME_RAW": 0.0, "LOW_ACCESS_RAW": 0.0, "NO_VEHICLE_RAW": 0.0}}, {"type": "Feature", "geometry": {"type": "Polygon", "coordinates": [[[-80.158691, 40.609232], [-80.155013, 40.608013], [-80.152062, 40.609399], [-80.150872, 40.611615], [-80.14511, 40.613447], [-80.145144, 40.614028], [-80.145188, 40.614749], [-80.135199, 40.61496], [-80.122342, 40.615224], [-80.098052, 40.615723], [-80.095701, 40.615772], [-80.095643, 40.615322], [-80.0937, 40.600293], [-80.093692, 40.598314], [-80.094539, 40.59555], [-80.094938, 40.594834], [-80.098839, 40.589189], [-80.099678, 40.587706], [-80.09997, 40.586587], [-80.09978, 40.584743], [-80.093534, 40.575389], [-80.090763, 40.571219], [-80.089581, 40.564952], [-80.086137, 40.561397], [-80.084706, 40.558395], [-80.084993, 40.556124], [-80.086184, 40.556911], [-80.103517, 40.56856], [-80.113907, 40.57546], [-80.117157, 40.577616], [-80.117416, 40.577786], [-80.117744, 40.578002], [-80.13, 40.585824], [-80.134502, 40.588227], [-80.133763, 40.588242], [-80.158645, 40.605241], [-80.158691, 40.609232]]]}, "properties": {"GEOID": "42003412004", "LILA": 0, "SCORE_1_10": 2, "NEAREST_GROCERY_MI": 2.469201091238224, "LOW_INCOME_RAW": 0.0, "LOW_ACCESS_RAW": 0.0, "NO_VEHICLE_RAW": 0.0}}, {"type": "Feature", "geometry": {"type": "Polygon", "coordinates": [[[-80.098839, 40.589189], [-80.094938, 40.594834], [-80.094539, 40.59555], [-80.093692, 40.598314], [-80.0937, 40.600293], [-80.095643, 40.615322], [-80.095701, 40.615772], [-80.09537, 40.615778], [-80.093921, 40.615809], [-80.093162, 40.615822], [-80.068301, 40.616286], [-80.068057, 40.612536], [-80.067875, 40.608462], [-80.067424, 40.59585], [-80.067395, 40.595126], [-80.067364, 40.594218], [-80.067238, 40.592304], [-80.066701, 40.584012], [-80.068717, 40.585104], [-80.069041, 40.585578], [-80.078559, 40.584847], [-80.079428, 40.584041], [-80.07937, 40.580311], [-80.081499, 40.58144], [-80.082274, 40.581509], [-80.082646, 40.581475], [-80.082947, 40.581448], [-80.085131, 40.581395], [-80.086363, 40.582015], [-80.088889, 40.584357], [-80.090195, 40.586007], [-80.094715, 40.586406], [-80.098317, 40.589025], [-80.098839, 40.589189]]]}, "properties": {"GEOID": "42003412003", "LILA": 0, "SCORE_1_10": 1, "NEAREST_GROCERY_MI": 1.194172076147967, "LOW_INCOME_RAW": 0.0, "LOW_ACCESS_RAW": 0.0, "NO_VEHICLE_RAW": 0.0}}, {"type": "Feature", "geometry": {"type": "Polygon", "coordinates": [[[-79.826515, 40.362056], [-79.826025, 40.362394], [-79.82474, 40.363823], [-79.82254, 40.365898], [-79.818616, 40.367407], [-79.816516, 40.368415], [-79.815438, 40.369468], [-79.813878, 40.377082], [-79.813825, 40.377199], [-79.812738, 40.379491], [-79.811231, 40.37908], [-79.810561, 40.38066], [-79.807011, 40.379364], [-79.804978, 40.381874], [-79.805872, 40.382732], [-79.806111, 40.383058], [-79.800589, 40.385976], [-79.798438, 40.386451], [-79.798472, 40.390628], [-79.799244, 40.390769], [-79.802594, 40.391419], [-79.803643, 40.392604], [-79.804752, 40.393572], [-79.804967, 40.393741], [-79.804549, 40.394223], [-79.801448, 40.394117], [-79.798011, 40.393992], [-79.793515, 40.395801], [-79.792032, 40.397859], [-79.788517, 40.397816], [-79.788285, 40.39634], [-79.781527, 40.396865], [-79.778871, 40.398946], [-79.777091, 40.398873], [-79.773672, 40.394888], [-79.769178, 40.388281], [-79.768172, 40.386566], [-79.765426, 40.385311], [-79.764939, 40.38721], [-79.763898, 40.386454], [-79.764841, 40.38377], [-79.76561, 40.384471], [-79.767296, 40.382129], [-79.768148, 40.380392], [-79.771082, 40.375419], [-79.773599, 40.36362], [-79.773756, 40.362833], [-79.773851, 40.362318], [-79.773893, 40.36217], [-79.773995, 40.361683], [-79.774412, 40.359673], [-79.785348, 40.359886], [-79.785787, 40.359895], [-79.790249, 40.360034], [-79.79601, 40.360217], [-79.796711, 40.360202], [-79.798922, 40.360265], [-79.812207, 40.360969], [-79.813019, 40.36085], [-79.820054, 40.36101], [-79.825322, 40.361145], [-79.828108, 40.361183], [-79.826515, 40.362056]]]}, "properties": {"GEOID": "42003564400", "LILA": 1, "SCORE_1_10": 4, "NEAREST_GROCERY_MI": 1.1065658864953547, "LOW_INCOME_RAW": 0.0, "LOW_ACCESS_RAW": 1159.62319190125, "NO_VEHICLE_RAW": 0.0}}, {"type": "Feature", "geometry": {"type": "Polygon", "coordinates": [[[-80.083976, 40.476507], [-80.083456, 40.479782], [-80.082896, 40.480081], [-80.082967, 40.479612], [-80.080225, 40.47869], [-80.076075, 40.478174], [-80.073602, 40.476339], [-80.073393, 40.476146], [-80.071193, 40.474677], [-80.070349, 40.474673], [-80.069547, 40.475062], [-80.068032, 40.476016], [-80.066164, 40.476555], [-80.065261, 40.475723], [-80.065692, 40.470956], [-80.067571, 40.470485], [-80.067979, 40.470376], [-80.068946, 40.470132], [-80.069966, 40.469871], [-80.070994, 40.469599], [-80.072945, 40.469182], [-80.073161, 40.468918], [-80.075028, 40.469977], [-80.076095, 40.470348], [-80.078328, 40.470022], [-80.079147, 40.471038], [-80.080278, 40.471863], [-80.080499, 40.472038], [-80.082121, 40.474645], [-80.084145, 40.475713], [-80.083976, 40.476507]]]}, "properties": {"GEOID": "42003462600", "LILA": 1, "SCORE_1_10": 4, "NEAREST_GROCERY_MI": 0.6022110498280919, "LOW_INCOME_RAW": 0.0, "LOW_ACCESS_RAW": 1502.83495816588, "NO_VEHICLE_RAW": 0.0}}, {"type": "Feature", "geometry": {"type": "Polygon", "coordinates": [[[-79.895898, 40.398123], [-79.89179, 40.400196], [-79.890525, 40.401065], [-79.884246, 40.403017], [-79.884363, 40.403941], [-79.887509, 40.4064], [-79.887053, 40.407037], [-79.884511, 40.407191], [-79.881061, 40.40543], [-79.879436, 40.404232], [-79.87674, 40.402196], [-79.880192, 40.400807], [-79.884386, 40.39915], [-79.884827, 40.398951], [-79.885402, 40.398718], [-79.88455, 40.397481], [-79.889789, 40.395232], [-79.891401, 40.396307], [-79.893679, 40.395393], [-79.895898, 40.398123]]]}, "properties": {"GEOID": "42003485000", "LILA": 0, "SCORE_1_10": 1, "NEAREST_GROCERY_MI": 0.8841091213492791, "LOW_INCOME_RAW": 0.0, "LOW_ACCESS_RAW": 289.831203307956, "NO_VEHICLE_RAW": 0.0}}, {"type": "Feature", "geometry": {"type": "Polygon", "coordinates": [[[-79.826123, 40.466202], [-79.825049, 40.468005], [-79.823037, 40.469988], [-79.820208, 40.471192], [-79.819538, 40.472002], [-79.820288, 40.47299], [-79.821954, 40.474309], [-79.822103, 40.475168], [-79.822536, 40.480386], [-79.819998, 40.482894], [-79.81927, 40.483893], [-79.819247, 40.484202], [-79.817792, 40.484975], [-79.816745, 40.48467], [-79.814541, 40.483849], [-79.811293, 40.483865], [-79.809679, 40.482901], [-79.807868, 40.481642], [-79.804662, 40.481369], [-79.800784, 40.480716], [-79.799619, 40.477538], [-79.799693, 40.476838], [-79.796997, 40.474243], [-79.796401, 40.470684], [-79.795687, 40.469384], [-79.796049, 40.468151], [-79.79832, 40.467812], [-79.799489, 40.464886], [-79.801076, 40.463883], [-79.804215, 40.46231], [-79.804718, 40.460697], [-79.805571, 40.460397], [-79.811238, 40.460463], [-79.813729, 40.461598], [-79.814613, 40.462178], [-79.814739, 40.462263], [-79.816722, 40.463617], [-79.819204, 40.464026], [-79.823061, 40.466295], [-79.824728, 40.465703], [-79.824431, 40.464701], [-79.825158, 40.465566], [-79.826123, 40.466202]]]}, "properties": {"GEOID": "42003523501", "LILA": 0, "SCORE_1_10": 1, "NEAREST_GROCERY_MI": 0.7561693764351052, "LOW_INCOME_RAW": 0.0, "LOW_ACCESS_RAW": 881.854029957205, "NO_VEHICLE_RAW": 0.0}}, {"type": "Feature", "geometry": {"type": "Polygon", "coordinates": [[[-79.917866, 40.388033], [-79.913464, 40.390137], [-79.912016, 40.389779], [-79.91059, 40.389592], [-79.909604, 40.388483], [-79.908808, 40.387596], [-79.907867, 40.38809], [-79.907821, 40.387918], [-79.906387, 40.388469], [-79.9023, 40.387237], [-79.897433, 40.386006], [-79.897507, 40.38528], [-79.896446, 40.385481], [-79.894527, 40.385069], [-79.894538, 40.384842], [-79.894597, 40.384212], [-79.890914, 40.382961], [-79.890352, 40.383878], [-79.890819, 40.381681], [-79.889604, 40.380936], [-79.890952, 40.379381], [-79.891307, 40.376352], [-79.891566, 40.376319], [-79.892475, 40.376337], [-79.894283, 40.376678], [-79.896031, 40.3764], [-79.898048, 40.375181], [-79.905715, 40.375486], [-79.908844, 40.376692], [-79.909336, 40.376895], [-79.908347, 40.378153], [-79.910477, 40.378375], [-79.910679, 40.378715], [-79.911484, 40.379576], [-79.911689, 40.380541], [-79.913528, 40.380942], [-79.915668, 40.380277], [-79.916241, 40.380079], [-79.917314, 40.381597], [-79.916084, 40.382113], [-79.9174, 40.38451], [-79.917651, 40.387341], [-79.917866, 40.388033]]]}, "properties": {"GEOID": "42003484500", "LILA": 0, "SCORE_1_10": 3, "NEAREST_GROCERY_MI": 1.504090716435015, "LOW_INCOME_RAW": 0.0, "LOW_ACCESS_RAW": 4396.0810074851, "NO_VEHICLE_RAW": 0.0}}, {"type": "Feature", "geometry": {"type": "Polygon", "coordinates": [[[-80.022171, 40.40174], [-80.020648, 40.40295], [-80.019353, 40.404048], [-80.0188, 40.405355], [-80.018484, 40.406419], [-80.018046, 40.407993], [-80.01778, 40.408449], [-80.015537, 40.41043], [-80.011801, 40.411541], [-80.01057, 40.412245], [-80.00997, 40.413079], [-80.008954, 40.412498], [-80.00823, 40.411637], [-80.005655, 40.408718], [-80.005572, 40.406496], [-80.002291, 40.40356], [-80.00161, 40.401913], [-80.005073, 40.40075], [-80.008783, 40.399525], [-80.013389, 40.396684], [-80.013978, 40.396069], [-80.01502, 40.392952], [-80.016385, 40.392661], [-80.015666, 40.396517], [-80.016062, 40.396623], [-80.017966, 40.398], [-80.0187, 40.397411], [-80.019588, 40.398062], [-80.021173, 40.399211], [-80.020274, 40.400031], [-80.023814, 40.400124], [-80.022171, 40.40174]]]}, "properties": {"GEOID": "42003191700", "LILA": 0, "SCORE_1_10": 1, "NEAREST_GROCERY_MI": 0.3736295251768665, "LOW_INCOME_RAW": 0.0, "LOW_ACCESS_RAW": 0.0, "NO_VEHICLE_RAW": 0.0}}, {"type": "Feature", "geometry": {"type": "Polygon", "coordinates": [[[-80.248754, 40.554641], [-80.245835, 40.556426], [-80.24216, 40.55316], [-80.240275, 40.553255], [-80.240339, 40.550185], [-80.240341, 40.546403], [-80.236119, 40.545699], [-80.234469, 40.545923], [-80.232073, 40.547919], [-80.225544, 40.544623], [-80.218882, 40.545488], [-80.213496, 40.544297], [-80.208128, 40.552287], [-80.208755, 40.552632], [-80.205039, 40.550998], [-80.200312, 40.546864], [-80.195681, 40.541206], [-80.195247, 40.540459], [-80.19271, 40.536464], [-80.191036, 40.534477], [-80.189976, 40.533785], [-80.187964, 40.53292], [-80.189957, 40.53102], [-80.190889, 40.531701], [-80.193556, 40.5345], [-80.194313, 40.535504], [-80.196491, 40.537349], [-80.200075, 40.537964], [-80.20129, 40.537173], [-80.203017, 40.533808], [-80.204372, 40.532653], [-80.205695, 40.528413], [-80.207741, 40.52688], [-80.216038, 40.523683], [-80.217685, 40.520071], [-80.218048, 40.519524], [-80.219252, 40.518174], [-80.221435, 40.516977], [-80.223052, 40.518832], [-80.224044, 40.519608], [-80.224378, 40.520133], [-80.224486, 40.525534], [-80.226594, 40.526477], [-80.229172, 40.526002], [-80.229026, 40.527965], [-80.230857, 40.529544], [-80.228603, 40.53284], [-80.229025, 40.533917], [-80.231244, 40.535858], [-80.235291, 40.537972], [-80.239062, 40.539441], [-80.242663, 40.540015], [-80.246434, 40.541836], [-80.245381, 40.541866], [-80.243066, 40.544453], [-80.242139, 40.54673], [-80.244007, 40.550494], [-80.246042, 40.55303], [-80.248754, 40.554641]]]}, "properties": {"GEOID": "42003451101", "LILA": 0, "SCORE_1_10": 2, "NEAREST_GROCERY_MI": 1.02849437700443, "LOW_INCOME_RAW": 0.0, "LOW_ACCESS_RAW": 1944.4112667907, "NO_VEHICLE_RAW": 0.0}}, {"type": "Feature", "geometry": {"type": "Polygon", "coordinates": [[[-79.979489, 40.401734], [-79.976765, 40.40377], [-79.976555, 40.40392], [-79.974847, 40.404633], [-79.973135, 40.404869], [-79.969312, 40.405479], [-79.966455, 40.407015], [-79.963567, 40.409485], [-79.958292, 40.409969], [-79.956366, 40.410631], [-79.955098, 40.410546], [-79.952955, 40.410659], [-79.951621, 40.405367], [-79.950849, 40.403751], [-79.949021, 40.401306], [-79.947234, 40.399695], [-79.94259, 40.397328], [-79.937729, 40.396786], [-79.937112, 40.395267], [-79.938793, 40.395026], [-79.938185, 40.393079], [-79.94387, 40.394168], [-79.950608, 40.399618], [-79.951517, 40.400029], [-79.95284, 40.401705], [-79.95492, 40.406845], [-79.956032, 40.406617], [-79.956644, 40.408229], [-79.956131, 40.410309], [-79.959048, 40.40974], [-79.960393, 40.407761], [-79.96303, 40.407881], [-79.963563, 40.408795], [-79.970106, 40.404756], [-79.970926, 40.403357], [-79.969054, 40.400468], [-79.963904, 40.399715], [-79.963476, 40.398325], [-79.962989, 40.398068], [-79.959512, 40.397556], [-79.959924, 40.395598], [-79.958046, 40.39539], [-79.957735, 40.389914], [-79.957195, 40.389895], [-79.957317, 40.389712], [-79.960416, 40.390801], [-79.961964, 40.390581], [-79.96246, 40.390313], [-79.963694, 40.38888], [-79.965127, 40.387821], [-79.965765, 40.387534], [-79.96686, 40.386769], [-79.967131, 40.385827], [-79.969257, 40.385796], [-79.96982, 40.385788], [-79.971433, 40.385666], [-79.974081, 40.384792], [-79.975756, 40.387212], [-79.975262, 40.388325], [-79.973554, 40.388635], [-79.973226, 40.392778], [-79.973903, 40.393433], [-79.975788, 40.393122], [-79.976657, 40.394565], [-79.978109, 40.39697], [-79.979029, 40.398455], [-79.979995, 40.400214], [-79.979489, 40.401734]]]}, "properties": {"GEOID": "42003480300", "LILA": 0, "SCORE_1_10": 2, "NEAREST_GROCERY_MI": 1.0817128906253402, "LOW_INCOME_RAW": 0.0, "LOW_ACCESS_RAW": 2704.68569813484, "NO_VEHICLE_RAW": 0.0}}, {"type": "Feature", "geometry": {"type": "Polygon", "coordinates": [[[-80.088029, 40.406735], [-80.083643, 40.408879], [-80.083645, 40.408815], [-80.080053, 40.41197], [-80.078901, 40.411303], [-80.075246, 40.408983], [-80.073282, 40.407789], [-80.072328, 40.407324], [-80.070257, 40.406397], [-80.069635, 40.405504], [-80.069057, 40.404612], [-80.068241, 40.402673], [-80.067772, 40.401858], [-80.067424, 40.400977], [-80.069667, 40.398562], [-80.074259, 40.399181], [-80.079881, 40.399872], [-80.080404, 40.399181], [-80.080442, 40.399179], [-80.082596, 40.398991], [-80.08668, 40.398683], [-80.086979, 40.403258], [-80.087416, 40.40511], [-80.088029, 40.406735]]]}, "properties": {"GEOID": "42003468900", "LILA": 0, "SCORE_1_10": 1, "NEAREST_GROCERY_MI": 0.4200925390383525, "LOW_INCOME_RAW": 0.0, "LOW_ACCESS_RAW": 0.0, "NO_VEHICLE_RAW": 0.0}}, {"type": "Feature", "geometry": {"type": "Polygon", "coordinates": [[[-79.84605, 40.342159], [-79.84599, 40.342874], [-79.845992, 40.345509], [-79.843298, 40.34533], [-79.842075, 40.345245], [-79.840952, 40.345164], [-79.836394, 40.344796], [-79.836654, 40.342282], [-79.836732, 40.341554], [-79.836772, 40.341147], [-79.836836, 40.340218], [-79.833587, 40.338651], [-79.835707, 40.337741], [-79.836069, 40.338537], [-79.838413, 40.338183], [-79.83942, 40.337907], [-79.840143, 40.337528], [-79.84251, 40.337733], [-79.842746, 40.338273], [-79.844167, 40.338171], [-79.844419, 40.340264], [-79.846035, 40.34006], [-79.846046, 40.341096], [-79.84605, 40.342159]]]}, "properties": {"GEOID": "42003552000", "LILA": 0, "SCORE_1_10": 1, "NEAREST_GROCERY_MI": 0.6167365821583252, "LOW_INCOME_RAW": 0.0, "LOW_ACCESS_RAW": 0.0, "NO_VEHICLE_RAW": 0.0}}, {"type": "Feature", "geometry": {"type": "Polygon", "coordinates": [[[-79.994381, 40.392533], [-79.993059, 40.393206], [-79.991254, 40.393453], [-79.990031, 40.391241], [-79.987825, 40.391293], [-79.986606, 40.391331], [-79.98631, 40.390773], [-79.985397, 40.38927], [-79.983798, 40.387325], [-79.98185, 40.391054], [-79.981043, 40.391924], [-79.980045, 40.393337], [-79.979423, 40.394321], [-79.978865, 40.395624], [-79.978681, 40.396727], [-79.978109, 40.39697], [-79.976657, 40.394565], [-79.975788, 40.393122], [-79.973903, 40.393433], [-79.973226, 40.392778], [-79.973554, 40.388635], [-79.975262, 40.388325], [-79.975756, 40.387212], [-79.974081, 40.384792], [-79.976472, 40.385386], [-79.97765, 40.384143], [-79.976845, 40.382844], [-79.976142, 40.381301], [-79.977645, 40.381743], [-79.980108, 40.381259], [-79.981947, 40.380642], [-79.983342, 40.381516], [-79.984828, 40.37955], [-79.985565, 40.380714], [-79.984226, 40.38157], [-79.986084, 40.381729], [-79.987059, 40.384091], [-79.988334, 40.384307], [-79.992883, 40.383789], [-79.993549, 40.383909], [-79.990348, 40.384456], [-79.990544, 40.384982], [-79.990823, 40.385602], [-79.992015, 40.385367], [-79.992235, 40.387441], [-79.991835, 40.387534], [-79.991135, 40.387777], [-79.99126, 40.38835], [-79.991144, 40.389111], [-79.991289, 40.389383], [-79.99218, 40.390347], [-79.992289, 40.390284], [-79.992484, 40.390196], [-79.992912, 40.390208], [-79.993145, 40.391146], [-79.994381, 40.392533]]]}, "properties": {"GEOID": "42003290400", "LILA": 1, "SCORE_1_10": 4, "NEAREST_GROCERY_MI": 0.5234170877781356, "LOW_INCOME_RAW": 0.0, "LOW_ACCESS_RAW": 3143.13458610605, "NO_VEHICLE_RAW": 0.0}}, {"type": "Feature", "geometry": {"type": "Polygon", "coordinates": [[[-79.924815, 40.481899], [-79.924208, 40.483066], [-79.922647, 40.48505], [-79.920511, 40.486675], [-79.920526, 40.487199], [-79.920248, 40.487412], [-79.919639, 40.487308], [-79.919368, 40.488201], [-79.918537, 40.48801], [-79.913254, 40.486614], [-79.912483, 40.488273], [-79.907352, 40.4872], [-79.906923, 40.487098], [-79.905354, 40.486726], [-79.906375, 40.484565], [-79.906918, 40.483985], [-79.907571, 40.483933], [-79.907929, 40.48362], [-79.908067, 40.482511], [-79.907845, 40.480494], [-79.907835, 40.479647], [-79.908275, 40.474216], [-79.908347, 40.473474], [-79.908622, 40.470281], [-79.909546, 40.470181], [-79.914605, 40.46741], [-79.914682, 40.468299], [-79.914839, 40.468832], [-79.912744, 40.469226], [-79.912468, 40.469323], [-79.91165, 40.470092], [-79.911011, 40.473884], [-79.910815, 40.475132], [-79.914305, 40.475281], [-79.913341, 40.478718], [-79.916175, 40.47848], [-79.918714, 40.47945], [-79.920295, 40.478718], [-79.922382, 40.479474], [-79.924608, 40.479805], [-79.92734, 40.480846], [-79.924815, 40.481899]]]}, "properties": {"GEOID": "42003980100", "LILA": 0, "SCORE_1_10": 1, "NEAREST_GROCERY_MI": 1.1976119475743177, "LOW_INCOME_RAW": 0.0, "LOW_ACCESS_RAW": 0.0, "NO_VEHICLE_RAW": 0.0}}, {"type": "Feature", "geometry": {"type": "Polygon", "coordinates": [[[-80.078954, 40.413855], [-80.079472, 40.41482], [-80.079297, 40.416091], [-80.078659, 40.416462], [-80.075831, 40.41472], [-80.073862, 40.413399], [-80.074441, 40.413078], [-80.072663, 40.411891], [-80.070329, 40.410827], [-80.067273, 40.409356], [-80.060725, 40.406366], [-80.056021, 40.404201], [-80.058188, 40.403471], [-80.061482, 40.402504], [-80.061675, 40.402398], [-80.063197, 40.401304], [-80.064587, 40.400167], [-80.064982, 40.399699], [-80.066339, 40.395354], [-80.066222, 40.394549], [-80.066099, 40.394283], [-80.065692, 40.393257], [-80.066856, 40.392767], [-80.068069, 40.392112], [-80.06876, 40.39195], [-80.071545, 40.391535], [-80.073805, 40.390784], [-80.074366, 40.391334], [-80.076026, 40.392803], [-80.077117, 40.39739], [-80.076014, 40.398686], [-80.074259, 40.399181], [-80.069667, 40.398562], [-80.067424, 40.400977], [-80.067772, 40.401858], [-80.068241, 40.402673], [-80.069057, 40.404612], [-80.069635, 40.405504], [-80.070257, 40.406397], [-80.072328, 40.407324], [-80.073282, 40.407789], [-80.075246, 40.408983], [-80.078901, 40.411303], [-80.080984, 40.412796], [-80.078954, 40.413855]]]}, "properties": {"GEOID": "42003470502", "LILA": 0, "SCORE_1_10": 1, "NEAREST_GROCERY_MI": 0.7788257141582784, "LOW_INCOME_RAW": 0.0, "LOW_ACCESS_RAW": 151.249726366252, "NO_VEHICLE_RAW": 0.0}}, {"type": "Feature", "geometry": {"type": "Polygon", "coordinates": [[[-79.956176, 40.43595], [-79.955497, 40.436586], [-79.954969, 40.4371], [-79.954532, 40.437525], [-79.953929, 40.438118], [-79.952335, 40.439672], [-79.950563, 40.439279], [-79.950144, 40.440408], [-79.949244, 40.441345], [-79.948953, 40.44118], [-79.949788, 40.440008], [-79.949587, 40.436342], [-79.94986, 40.43443], [-79.952213, 40.434245], [-79.953191, 40.434383], [-79.954729, 40.434612], [-79.955578, 40.434863], [-79.955938, 40.434967], [-79.956408, 40.435124], [-79.956176, 40.43595]]]}, "properties": {"GEOID": "42003040600", "LILA": 0, "SCORE_1_10": 1, "NEAREST_GROCERY_MI": 0.9912623458536562, "LOW_INCOME_RAW": 0.0, "LOW_ACCESS_RAW": 52.7845325469971, "NO_VEHICLE_RAW": 0.0}}, {"type": "Feature", "geometry": {"type": "Polygon", "coordinates": [[[-79.994174, 40.673571], [-79.987842, 40.673587], [-79.987174, 40.673538], [-79.977251, 40.673116], [-79.964595, 40.672514], [-79.962703, 40.67241], [-79.96077, 40.672306], [-79.959939, 40.67228], [-79.932403, 40.672876], [-79.924182, 40.673021], [-79.923997, 40.667957], [-79.923315, 40.651968], [-79.922931, 40.64331], [-79.922637, 40.640188], [-79.922618, 40.63948], [-79.928034, 40.63601], [-79.931125, 40.63478], [-79.932697, 40.632293], [-79.935388, 40.633157], [-79.937276, 40.632599], [-79.937771, 40.63288], [-79.939786, 40.63477], [-79.941296, 40.63531], [-79.94894, 40.634878], [-79.950621, 40.634229], [-79.952124, 40.633234], [-79.952298, 40.63323], [-79.953454, 40.633169], [-79.956426, 40.633509], [-79.961685, 40.631068], [-79.966279, 40.631131], [-79.968056, 40.63005], [-79.968713, 40.629944], [-79.97171, 40.630273], [-79.97236, 40.630611], [-79.975226, 40.631381], [-79.97581, 40.631444], [-79.97781, 40.630694], [-79.980472, 40.630987], [-79.983689, 40.629851], [-79.985308, 40.630113], [-79.988404, 40.631488], [-79.991969, 40.631494], [-79.992122, 40.634784], [-79.99225, 40.637064], [-79.994021, 40.67077], [-79.994139, 40.672988], [-79.994174, 40.673571]]]}, "properties": {"GEOID": "42003408001", "LILA": 0, "SCORE_1_10": 2, "NEAREST_GROCERY_MI": 1.3396817612828853, "LOW_INCOME_RAW": 0.0, "LOW_ACCESS_RAW": 2760.95789951284, "NO_VEHICLE_RAW": 0.0}}, {"type": "Feature", "geometry": {"type": "Polygon", "coordinates": [[[-79.995914, 40.43389], [-79.995721, 40.434103], [-79.994623, 40.435796], [-79.99177, 40.43495], [-79.99004, 40.434851], [-79.988473, 40.434861], [-79.986771, 40.434982], [-79.982739, 40.435556], [-79.976005, 40.436368], [-79.97366, 40.436575], [-79.972874, 40.436527], [-79.972916, 40.436322], [-79.973502, 40.433877], [-79.975827, 40.434315], [-79.97915, 40.433811], [-79.981459, 40.433546], [-79.982926, 40.433365], [-79.98811, 40.432601], [-79.989141, 40.432598], [-79.993405, 40.432613], [-79.996738, 40.432801], [-79.995914, 40.43389]]]}, "properties": {"GEOID": "42003010301", "LILA": 0, "SCORE_1_10": 1, "NEAREST_GROCERY_MI": 0.39814794987854407, "LOW_INCOME_RAW": 0.0, "LOW_ACCESS_RAW": 0.0, "NO_VEHICLE_RAW": 0.0}}, {"type": "Feature", "geometry": {"type": "Polygon", "coordinates": [[[-79.96069, 40.482055], [-79.955351, 40.485907], [-79.95127, 40.487586], [-79.94978, 40.488095], [-79.940911, 40.490486], [-79.938355, 40.490983], [-79.938012, 40.491067], [-79.937156, 40.488429], [-79.946298, 40.485158], [-79.945676, 40.484617], [-79.944519, 40.48359], [-79.94317, 40.48318], [-79.945, 40.482941], [-79.947546, 40.480077], [-79.94666, 40.47941], [-79.947693, 40.478639], [-79.946973, 40.478102], [-79.948867, 40.478346], [-79.948944, 40.478173], [-79.949207, 40.478161], [-79.951311, 40.477456], [-79.953981, 40.4773], [-79.954481, 40.477535], [-79.954861, 40.477795], [-79.955699, 40.478347], [-79.96069, 40.482055]]]}, "properties": {"GEOID": "42003101100", "LILA": 0, "SCORE_1_10": 1, "NEAREST_GROCERY_MI": 0.0624703045844005, "LOW_INCOME_RAW": 0.0, "LOW_ACCESS_RAW": 0.0, "NO_VEHICLE_RAW": 0.0}}, {"type": "Feature", "geometry": {"type": "Polygon", "coordinates": [[[-79.983899, 40.44852], [-79.980942, 40.449915], [-79.979146, 40.450402], [-79.977676, 40.45021], [-79.97685, 40.450965], [-79.973946, 40.452705], [-79.973667, 40.452843], [-79.968302, 40.454997], [-79.96601, 40.45566], [-79.966005, 40.455191], [-79.965946, 40.454818], [-79.965676, 40.453665], [-79.964925, 40.452883], [-79.966665, 40.453175], [-79.969457, 40.451997], [-79.968921, 40.451149], [-79.972523, 40.44962], [-79.972998, 40.450493], [-79.973822, 40.450143], [-79.97555, 40.449409], [-79.976662, 40.448936], [-79.979106, 40.447898], [-79.980514, 40.4473], [-79.982429, 40.446493], [-79.983652, 40.447642], [-79.983899, 40.44852]]]}, "properties": {"GEOID": "42003050900", "LILA": 0, "SCORE_1_10": 1, "NEAREST_GROCERY_MI": 0.3483695876721764, "LOW_INCOME_RAW": 0.0, "LOW_ACCESS_RAW": 0.0, "NO_VEHICLE_RAW": 0.0}}, {"type": "Feature", "geometry": {"type": "Polygon", "coordinates": [[[-79.865108, 40.437452], [-79.861605, 40.439392], [-79.862095, 40.44153], [-79.857886, 40.442868], [-79.858501, 40.445163], [-79.854044, 40.445815], [-79.854194, 40.451203], [-79.854219, 40.452819], [-79.844323, 40.449646], [-79.84374, 40.45074], [-79.840448, 40.449854], [-79.835346, 40.44507], [-79.82952, 40.444314], [-79.828364, 40.444355], [-79.82732, 40.444994], [-79.827447, 40.444484], [-79.82774, 40.441585], [-79.824713, 40.440901], [-79.826146, 40.439067], [-79.820982, 40.433789], [-79.820924, 40.433225], [-79.823373, 40.430865], [-79.827027, 40.432015], [-79.830047, 40.430812], [-79.827661, 40.429645], [-79.826435, 40.425943], [-79.826374, 40.425719], [-79.828801, 40.42584], [-79.82969, 40.423168], [-79.831319, 40.422944], [-79.829921, 40.427494], [-79.831806, 40.430437], [-79.833724, 40.428726], [-79.835657, 40.428585], [-79.837541, 40.428476], [-79.843884, 40.428124], [-79.844834, 40.429304], [-79.847161, 40.428566], [-79.848868, 40.430708], [-79.848451, 40.433598], [-79.847884, 40.433925], [-79.848306, 40.434285], [-79.852007, 40.43689], [-79.853646, 40.435616], [-79.856088, 40.43378], [-79.857369, 40.434874], [-79.861498, 40.438222], [-79.863438, 40.43782], [-79.864604, 40.437561], [-79.865108, 40.437452]]]}, "properties": {"GEOID": "42003519000", "LILA": 0, "SCORE_1_10": 1, "NEAREST_GROCERY_MI": 0.8570051581244355, "LOW_INCOME_RAW": 0.0, "LOW_ACCESS_RAW": 837.864862992428, "NO_VEHICLE_RAW": 0.0}}, {"type": "Feature", "geometry": {"type": "MultiPolygon", "coordinates": [[[[-79.902145, 40.499766], [-79.90105, 40.500391], [-79.899394, 40.497146], [-79.900016, 40.496101], [-79.897867, 40.495135], [-79.896813, 40.493005], [-79.898959, 40.493147], [-79.901712, 40.493658], [-79.901787, 40.493673], [-79.902145, 40.499766]]], [[[-79.937654, 40.534152], [-79.927121, 40.534271], [-79.927146, 40.535857], [-79.920367, 40.535977], [-79.917813, 40.536061], [-79.913097, 40.536165], [-79.914476, 40.531035], [-79.911643, 40.528768], [-79.911809, 40.527092], [-79.915015, 40.526998], [-79.914981, 40.526328], [-79.914676, 40.519693], [-79.914586, 40.517734], [-79.914079, 40.508597], [-79.912902, 40.507761], [-79.911289, 40.508672], [-79.908577, 40.508737], [-79.908318, 40.503806], [-79.902356, 40.503978], [-79.902229, 40.50024], [-79.908065, 40.500071], [-79.907835, 40.495377], [-79.908771, 40.495104], [-79.916836, 40.496506], [-79.925304, 40.497286], [-79.925416, 40.497292], [-79.925417, 40.497396], [-79.925491, 40.49905], [-79.927363, 40.497671], [-79.933436, 40.497287], [-79.935572, 40.497218], [-79.936068, 40.497203], [-79.93627, 40.502679], [-79.93664, 40.512128], [-79.936963, 40.518859], [-79.937654, 40.534152]]]]}, "properties": {"GEOID": "42003421200", "LILA": 0, "SCORE_1_10": 2, "NEAREST_GROCERY_MI": 1.3280820197630763, "LOW_INCOME_RAW": 0.0, "LOW_ACCESS_RAW": 3402.0343965456, "NO_VEHICLE_RAW": 0.0}}, {"type": "Feature", "geometry": {"type": "Polygon", "coordinates": [[[-80.037411, 40.585941], [-80.036625, 40.586089], [-80.035887, 40.585948], [-80.030872, 40.585], [-80.027638, 40.584895], [-80.025268, 40.585192], [-80.022487, 40.587161], [-80.021426, 40.589478], [-80.017953, 40.591096], [-80.017845, 40.591578], [-80.015936, 40.592166], [-80.014556, 40.592426], [-80.012073, 40.594372], [-80.005912, 40.595874], [-80.005705, 40.594117], [-80.003197, 40.592957], [-79.998466, 40.594959], [-79.997001, 40.597015], [-79.994879, 40.596155], [-79.992862, 40.596694], [-79.99106, 40.594722], [-79.990579, 40.594705], [-79.990525, 40.593483], [-79.990189, 40.583341], [-79.989889, 40.574863], [-79.989674, 40.570331], [-79.993561, 40.571892], [-79.99548, 40.571239], [-79.998055, 40.567043], [-79.998843, 40.566143], [-79.999474, 40.565877], [-80.000291, 40.565775], [-80.006942, 40.567384], [-80.007844, 40.567405], [-80.012234, 40.567279], [-80.016488, 40.567167], [-80.016445, 40.566035], [-80.019151, 40.56414], [-80.023704, 40.56626], [-80.024473, 40.566171], [-80.023383, 40.570362], [-80.023515, 40.572129], [-80.024179, 40.573955], [-80.025817, 40.576451], [-80.030169, 40.582809], [-80.030681, 40.58337], [-80.032221, 40.584446], [-80.036042, 40.58551], [-80.036612, 40.58563], [-80.037479, 40.585838], [-80.037411, 40.585941]]]}, "properties": {"GEOID": "42003413500", "LILA": 0, "SCORE_1_10": 2, "NEAREST_GROCERY_MI": 0.8389783800334378, "LOW_INCOME_RAW": 0.0, "LOW_ACCESS_RAW": 2215.53776593467, "NO_VEHICLE_RAW": 0.0}}, {"type": "Feature", "geometry": {"type": "Polygon", "coordinates": [[[-80.031353, 40.511567], [-80.030176, 40.513789], [-80.029382, 40.514716], [-80.029777, 40.515626], [-80.02966, 40.516099], [-80.026765, 40.518225], [-80.025406, 40.518983], [-80.024898, 40.51941], [-80.025286, 40.520986], [-80.02303, 40.520775], [-80.018239, 40.514959], [-80.017765, 40.514417], [-80.021481, 40.511569], [-80.023883, 40.509766], [-80.025098, 40.510089], [-80.026545, 40.50898], [-80.028193, 40.509465], [-80.030629, 40.511367], [-80.031353, 40.511567]]]}, "properties": {"GEOID": "42003430100", "LILA": 0, "SCORE_1_10": 1, "NEAREST_GROCERY_MI": 0.48986566257968484, "LOW_INCOME_RAW": 0.0, "LOW_ACCESS_RAW": 0.0, "NO_VEHICLE_RAW": 0.0}}, {"type": "Feature", "geometry": {"type": "Polygon", "coordinates": [[[-79.982652, 40.483063], [-79.977498, 40.483242], [-79.975164, 40.483371], [-79.976006, 40.493691], [-79.976154, 40.495311], [-79.97108, 40.495511], [-79.971102, 40.495438], [-79.970464, 40.492889], [-79.970375, 40.491108], [-79.970127, 40.488234], [-79.969981, 40.486113], [-79.969854, 40.483642], [-79.971809, 40.483574], [-79.972831, 40.481808], [-79.972412, 40.481379], [-79.970655, 40.480751], [-79.967418, 40.478986], [-79.964756, 40.477917], [-79.965716, 40.476502], [-79.966768, 40.475164], [-79.967371, 40.474553], [-79.968685, 40.47275], [-79.970036, 40.471108], [-79.970767, 40.470658], [-79.972852, 40.470341], [-79.974575, 40.469458], [-79.974678, 40.469436], [-79.977193, 40.470848], [-79.97457, 40.472203], [-79.972163, 40.475506], [-79.973615, 40.475759], [-79.973596, 40.475913], [-79.97354, 40.476209], [-79.974092, 40.476336], [-79.975789, 40.477476], [-79.978608, 40.478817], [-79.979407, 40.477378], [-79.982531, 40.477281], [-79.98251, 40.478312], [-79.982563, 40.481569], [-79.982652, 40.483063]]]}, "properties": {"GEOID": "42003427000", "LILA": 1, "SCORE_1_10": 4, "NEAREST_GROCERY_MI": 0.5610948003223657, "LOW_INCOME_RAW": 0.0, "LOW_ACCESS_RAW": 2182.39918839419, "NO_VEHICLE_RAW": 0.0}}, {"type": "Feature", "geometry": {"type": "Polygon", "coordinates": [[[-79.919739, 40.472489], [-79.919305, 40.47342], [-79.919192, 40.473667], [-79.918786, 40.474502], [-79.917873, 40.475913], [-79.916175, 40.47848], [-79.913341, 40.478718], [-79.914305, 40.475281], [-79.910815, 40.475132], [-79.911011, 40.473884], [-79.91165, 40.470092], [-79.912468, 40.469323], [-79.912744, 40.469226], [-79.914839, 40.468832], [-79.914682, 40.468299], [-79.914605, 40.46741], [-79.916161, 40.466991], [-79.916436, 40.467641], [-79.916948, 40.468581], [-79.917404, 40.4687], [-79.917832, 40.468814], [-79.918742, 40.469057], [-79.921025, 40.46969], [-79.919739, 40.472489]]]}, "properties": {"GEOID": "42003110600", "LILA": 0, "SCORE_1_10": 1, "NEAREST_GROCERY_MI": 0.8710182265842242, "LOW_INCOME_RAW": 0.0, "LOW_ACCESS_RAW": 0.0, "NO_VEHICLE_RAW": 0.0}}, {"type": "Feature", "geometry": {"type": "Polygon", "coordinates": [[[-80.120858, 40.480369], [-80.116552, 40.481832], [-80.114563, 40.482044], [-80.112878, 40.482152], [-80.111833, 40.482067], [-80.108857, 40.481736], [-80.107334, 40.481347], [-80.105305, 40.480704], [-80.104585, 40.480172], [-80.104085, 40.479559], [-80.101165, 40.476387], [-80.098945, 40.475707], [-80.09736, 40.475422], [-80.096674, 40.475276], [-80.093585, 40.474088], [-80.09116, 40.474867], [-80.084145, 40.475713], [-80.082121, 40.474645], [-80.080499, 40.472038], [-80.080278, 40.471863], [-80.079147, 40.471038], [-80.079659, 40.469179], [-80.081912, 40.470045], [-80.083464, 40.467646], [-80.07981, 40.466689], [-80.079498, 40.465035], [-80.077649, 40.4658], [-80.077697, 40.464736], [-80.079934, 40.463366], [-80.081453, 40.460619], [-80.083913, 40.459466], [-80.086782, 40.459856], [-80.094684, 40.45967], [-80.095139, 40.459269], [-80.095328, 40.457495], [-80.0945, 40.451331], [-80.093375, 40.450754], [-80.099252, 40.449389], [-80.104476, 40.448177], [-80.106134, 40.448879], [-80.107638, 40.450168], [-80.108765, 40.451199], [-80.110029, 40.451451], [-80.11135, 40.453029], [-80.112291, 40.454001], [-80.112479, 40.454583], [-80.112287, 40.458078], [-80.113618, 40.460245], [-80.112071, 40.46347], [-80.113015, 40.465808], [-80.113216, 40.466566], [-80.115515, 40.469172], [-80.117484, 40.473695], [-80.120343, 40.479499], [-80.120858, 40.480369]]]}, "properties": {"GEOID": "42003460002", "LILA": 0, "SCORE_1_10": 1, "NEAREST_GROCERY_MI": 0.21038565557296254, "LOW_INCOME_RAW": 0.0, "LOW_ACCESS_RAW": 353.376540041994, "NO_VEHICLE_RAW": 0.0}}, {"type": "Feature", "geometry": {"type": "Polygon", "coordinates": [[[-79.885887, 40.359296], [-79.881079, 40.359964], [-79.879297, 40.362176], [-79.87981, 40.365288], [-79.875509, 40.368542], [-79.874581, 40.369676], [-79.873691, 40.371347], [-79.873243, 40.372189], [-79.869131, 40.374644], [-79.867329, 40.374782], [-79.862189, 40.37401], [-79.860723, 40.374634], [-79.857288, 40.370852], [-79.857804, 40.369329], [-79.859515, 40.36702], [-79.856795, 40.365627], [-79.855674, 40.36397], [-79.854877, 40.362215], [-79.854323, 40.361126], [-79.853266, 40.361404], [-79.849611, 40.360827], [-79.849049, 40.360718], [-79.846969, 40.360337], [-79.847944, 40.356932], [-79.850476, 40.356599], [-79.851129, 40.356561], [-79.855864, 40.356405], [-79.857473, 40.356415], [-79.863389, 40.356311], [-79.864723, 40.356179], [-79.866141, 40.35604], [-79.870638, 40.355436], [-79.876676, 40.354337], [-79.87694, 40.355891], [-79.87724, 40.357706], [-79.8812, 40.357189], [-79.884817, 40.357396], [-79.885709, 40.358994], [-79.885887, 40.359296]]]}, "properties": {"GEOID": "42003488400", "LILA": 0, "SCORE_1_10": 1, "NEAREST_GROCERY_MI": 0.36187400180245466, "LOW_INCOME_RAW": 0.0, "LOW_ACCESS_RAW": 0.0, "NO_VEHICLE_RAW": 0.0}}, {"type": "Feature", "geometry": {"type": "Polygon", "coordinates": [[[-80.221435, 40.516977], [-80.219252, 40.518174], [-80.218048, 40.519524], [-80.217685, 40.520071], [-80.216038, 40.523683], [-80.207741, 40.52688], [-80.205695, 40.528413], [-80.204372, 40.532653], [-80.203017, 40.533808], [-80.20129, 40.537173], [-80.200075, 40.537964], [-80.196491, 40.537349], [-80.194313, 40.535504], [-80.193556, 40.5345], [-80.190889, 40.531701], [-80.189957, 40.53102], [-80.187964, 40.53292], [-80.186812, 40.532356], [-80.178648, 40.52994], [-80.176301, 40.528954], [-80.171257, 40.527397], [-80.17522, 40.521856], [-80.177545, 40.523074], [-80.178853, 40.522561], [-80.18025, 40.522537], [-80.184693, 40.521946], [-80.188446, 40.519052], [-80.189986, 40.519547], [-80.190892, 40.52131], [-80.192247, 40.520849], [-80.196745, 40.518479], [-80.197044, 40.518091], [-80.197839, 40.516924], [-80.197344, 40.516329], [-80.197847, 40.515787], [-80.198432, 40.514629], [-80.202389, 40.509236], [-80.202954, 40.508806], [-80.207534, 40.505476], [-80.207557, 40.505457], [-80.217686, 40.514577], [-80.219771, 40.515962], [-80.2208, 40.516428], [-80.221435, 40.516977]]]}, "properties": {"GEOID": "42003451102", "LILA": 0, "SCORE_1_10": 2, "NEAREST_GROCERY_MI": 1.12518381134466, "LOW_INCOME_RAW": 0.0, "LOW_ACCESS_RAW": 1452.3817243576, "NO_VEHICLE_RAW": 0.0}}, {"type": "Feature", "geometry": {"type": "Polygon", "coordinates": [[[-80.002214, 40.428554], [-80.001344, 40.428927], [-79.99956, 40.428114], [-79.996786, 40.428194], [-79.994823, 40.427456], [-79.993846, 40.426726], [-79.990609, 40.425417], [-79.990238, 40.424943], [-79.987728, 40.424866], [-79.988691, 40.422843], [-79.988312, 40.422875], [-79.988248, 40.422319], [-79.988247, 40.421889], [-79.988189, 40.421606], [-79.988159, 40.420084], [-79.988183, 40.41851], [-79.993178, 40.418367], [-79.99522, 40.418321], [-79.997281, 40.418261], [-79.997286, 40.418363], [-79.997342, 40.41992], [-79.997401, 40.421648], [-79.997419, 40.422406], [-79.997482, 40.423719], [-79.997494, 40.424629], [-79.997527, 40.425723], [-79.997548, 40.425992], [-79.99762, 40.426749], [-80.000498, 40.427485], [-80.003838, 40.42783], [-80.002214, 40.428554]]]}, "properties": {"GEOID": "42003180300", "LILA": 0, "SCORE_1_10": 1, "NEAREST_GROCERY_MI": 0.522578043175265, "LOW_INCOME_RAW": 0.0, "LOW_ACCESS_RAW": 0.0, "NO_VEHICLE_RAW": 0.0}}, {"type": "Feature", "geometry": {"type": "Polygon", "coordinates": [[[-80.000617, 40.402077], [-79.999419, 40.401654], [-79.997085, 40.401583], [-79.996486, 40.401705], [-79.996749, 40.408165], [-79.992447, 40.407379], [-79.991908, 40.407172], [-79.991942, 40.407126], [-79.992332, 40.406587], [-79.990113, 40.403837], [-79.989746, 40.403033], [-79.989397, 40.402248], [-79.989245, 40.401105], [-79.989121, 40.400153], [-79.988985, 40.399178], [-79.987666, 40.39669], [-79.987383, 40.396224], [-79.986487, 40.394622], [-79.986378, 40.394255], [-79.986505, 40.393219], [-79.986596, 40.392475], [-79.986606, 40.391331], [-79.987825, 40.391293], [-79.990031, 40.391241], [-79.991254, 40.393453], [-79.993059, 40.393206], [-79.994381, 40.392533], [-79.99533, 40.393151], [-79.995765, 40.394514], [-79.996328, 40.394569], [-79.997398, 40.395378], [-79.99776, 40.395819], [-79.998147, 40.396279], [-79.999848, 40.398382], [-80.000131, 40.399021], [-80.000371, 40.400825], [-80.000473, 40.401561], [-80.000617, 40.402077]]]}, "properties": {"GEOID": "42003290100", "LILA": 0, "SCORE_1_10": 1, "NEAREST_GROCERY_MI": 0.3503316986527427, "LOW_INCOME_RAW": 0.0, "LOW_ACCESS_RAW": 0.0, "NO_VEHICLE_RAW": 0.0}}, {"type": "Feature", "geometry": {"type": "Polygon", "coordinates": [[[-79.9209, 40.618198], [-79.919179, 40.619718], [-79.917569, 40.620016], [-79.918551, 40.621078], [-79.908055, 40.618761], [-79.904098, 40.618205], [-79.903612, 40.618068], [-79.899776, 40.623978], [-79.89811, 40.625], [-79.897035, 40.626309], [-79.892479, 40.627463], [-79.890123, 40.629059], [-79.886384, 40.630639], [-79.885508, 40.630983], [-79.881672, 40.631213], [-79.881581, 40.630991], [-79.876078, 40.633523], [-79.872648, 40.633752], [-79.870774, 40.633737], [-79.867348, 40.632366], [-79.866689, 40.631657], [-79.866482, 40.631408], [-79.86082, 40.626117], [-79.860602, 40.625469], [-79.858895, 40.625688], [-79.857293, 40.626352], [-79.855962, 40.629919], [-79.853892, 40.632701], [-79.854087, 40.63195], [-79.853532, 40.631057], [-79.844656, 40.625869], [-79.840286, 40.624124], [-79.8396, 40.623503], [-79.838266, 40.622847], [-79.838595, 40.621854], [-79.837018, 40.620868], [-79.836643, 40.619526], [-79.833733, 40.617158], [-79.833749, 40.617333], [-79.832607, 40.617287], [-79.831354, 40.617321], [-79.830916, 40.617307], [-79.827765, 40.615714], [-79.827065, 40.613605], [-79.821979, 40.611215], [-79.820969, 40.609284], [-79.818763, 40.609743], [-79.814632, 40.612], [-79.813023, 40.612103], [-79.812945, 40.603595], [-79.812579, 40.599113], [-79.81325, 40.599113], [-79.826493, 40.598898], [-79.848141, 40.598253], [-79.848692, 40.59823], [-79.869275, 40.597759], [-79.871628, 40.597687], [-79.877997, 40.597478], [-79.889089, 40.597133], [-79.915946, 40.596367], [-79.916524, 40.596356], [-79.91961, 40.59632], [-79.919788, 40.597933], [-79.91979, 40.598054], [-79.920091, 40.604776], [-79.920199, 40.607753], [-79.920321, 40.609449], [-79.92061, 40.61607], [-79.9209, 40.618198]]]}, "properties": {"GEOID": "42003407002", "LILA": 0, "SCORE_1_10": 2, "NEAREST_GROCERY_MI": 1.1326918707195461, "LOW_INCOME_RAW": 0.0, "LOW_ACCESS_RAW": 3310.56077801105, "NO_VEHICLE_RAW": 0.0}}, {"type": "Feature", "geometry": {"type": "Polygon", "coordinates": [[[-79.993873, 40.438509], [-79.993711, 40.438921], [-79.992467, 40.43887], [-79.988266, 40.438686], [-79.986462, 40.438607], [-79.985057, 40.438542], [-79.980775, 40.43836], [-79.977665, 40.438234], [-79.977545, 40.438229], [-79.975887, 40.438147], [-79.974428, 40.438026], [-79.972825, 40.437753], [-79.972643, 40.437695], [-79.972755, 40.437122], [-79.972874, 40.436527], [-79.97366, 40.436575], [-79.976005, 40.436368], [-79.982739, 40.435556], [-79.986771, 40.434982], [-79.988473, 40.434861], [-79.99004, 40.434851], [-79.99177, 40.43495], [-79.994623, 40.435796], [-79.993873, 40.438509]]]}, "properties": {"GEOID": "42003010302", "LILA": 0, "SCORE_1_10": 1, "NEAREST_GROCERY_MI": 0.2555050930873875, "LOW_INCOME_RAW": 0.0, "LOW_ACCESS_RAW": 0.0, "NO_VEHICLE_RAW": 0.0}}, {"type": "Feature", "geometry": {"type": "Polygon", "coordinates": [[[-80.070397, 40.655154], [-80.068113, 40.654719], [-80.060992, 40.652698], [-80.054412, 40.652469], [-80.045437, 40.652377], [-80.04301, 40.652002], [-80.040708, 40.651235], [-80.039001, 40.650319], [-80.030913, 40.643883], [-80.02928, 40.643252], [-80.028434, 40.643091], [-80.027295, 40.643026], [-80.019029, 40.644373], [-80.017555, 40.644227], [-80.015322, 40.643475], [-80.009017, 40.640284], [-80.007674, 40.640002], [-79.999338, 40.640476], [-79.996861, 40.640222], [-79.995226, 40.639512], [-79.99225, 40.637064], [-79.992122, 40.634784], [-79.991969, 40.631494], [-79.99114, 40.614313], [-79.99629, 40.614186], [-80.002531, 40.614035], [-80.01978, 40.613611], [-80.027539, 40.613419], [-80.029448, 40.613372], [-80.036309, 40.613215], [-80.054521, 40.612826], [-80.068057, 40.612536], [-80.068301, 40.616286], [-80.068713, 40.622754], [-80.069356, 40.632872], [-80.069778, 40.642567], [-80.069839, 40.644724], [-80.069887, 40.645269], [-80.070249, 40.652236], [-80.070341, 40.654151], [-80.070397, 40.655154]]]}, "properties": {"GEOID": "42003409001", "LILA": 0, "SCORE_1_10": 1, "NEAREST_GROCERY_MI": 1.3071651916919773, "LOW_INCOME_RAW": 0.0, "LOW_ACCESS_RAW": 0.0, "NO_VEHICLE_RAW": 0.0}}, {"type": "Feature", "geometry": {"type": "Polygon", "coordinates": [[[-80.155795, 40.477915], [-80.154682, 40.479053], [-80.152537, 40.486566], [-80.153092, 40.490039], [-80.152718, 40.490718], [-80.150298, 40.491155], [-80.149506, 40.490322], [-80.148157, 40.491658], [-80.144195, 40.487375], [-80.143368, 40.484247], [-80.137849, 40.48433], [-80.133219, 40.481755], [-80.132696, 40.481584], [-80.124945, 40.482303], [-80.122199, 40.480164], [-80.121442, 40.480196], [-80.120858, 40.480369], [-80.120343, 40.479499], [-80.117484, 40.473695], [-80.115515, 40.469172], [-80.113216, 40.466566], [-80.113015, 40.465808], [-80.112071, 40.46347], [-80.113618, 40.460245], [-80.112287, 40.458078], [-80.113678, 40.458602], [-80.120459, 40.46014], [-80.122417, 40.460211], [-80.125722, 40.456789], [-80.129795, 40.455972], [-80.133727, 40.455922], [-80.136306, 40.455161], [-80.137009, 40.45607], [-80.138242, 40.456409], [-80.141125, 40.457557], [-80.144909, 40.457047], [-80.147634, 40.457408], [-80.149513, 40.460421], [-80.152063, 40.461698], [-80.15283, 40.465504], [-80.15424, 40.466041], [-80.155881, 40.466401], [-80.155625, 40.467405], [-80.156673, 40.470783], [-80.15396, 40.472655], [-80.151777, 40.472725], [-80.152267, 40.473611], [-80.155623, 40.474221], [-80.156685, 40.475573], [-80.155795, 40.477915]]]}, "properties": {"GEOID": "42003459102", "LILA": 0, "SCORE_1_10": 3, "NEAREST_GROCERY_MI": 1.4753710574763115, "LOW_INCOME_RAW": 0.0, "LOW_ACCESS_RAW": 5421.29752875865, "NO_VEHICLE_RAW": 0.0}}, {"type": "Feature", "geometry": {"type": "Polygon", "coordinates": [[[-80.016409, 40.358997], [-80.015425, 40.360296], [-80.014813, 40.360694], [-80.012733, 40.361987], [-80.011219, 40.362034], [-80.009643, 40.360267], [-80.009254, 40.360635], [-80.008826, 40.361046], [-80.004877, 40.36479], [-80.005268, 40.365026], [-80.007897, 40.366614], [-80.001547, 40.370599], [-79.999908, 40.370633], [-79.99767, 40.370289], [-79.99841, 40.369259], [-79.999008, 40.367846], [-79.999356, 40.366708], [-79.999421, 40.365885], [-79.999451, 40.364815], [-80.000013, 40.363926], [-80.00077, 40.359692], [-79.999663, 40.357748], [-79.999786, 40.357711], [-79.995511, 40.354767], [-79.996088, 40.351979], [-79.99417, 40.351199], [-79.994914, 40.350446], [-79.998234, 40.350632], [-80.003922, 40.34826], [-80.003962, 40.350416], [-80.003103, 40.35079], [-80.005369, 40.352851], [-80.009326, 40.352293], [-80.010923, 40.351343], [-80.010669, 40.350452], [-80.01152, 40.351743], [-80.011622, 40.351993], [-80.017084, 40.359027], [-80.016409, 40.358997]]]}, "properties": {"GEOID": "42003477100", "LILA": 0, "SCORE_1_10": 1, "NEAREST_GROCERY_MI": 0.23249924245397358, "LOW_INCOME_RAW": 0.0, "LOW_ACCESS_RAW": 0.0, "NO_VEHICLE_RAW": 0.0}}, {"type": "Feature", "geometry": {"type": "Polygon", "coordinates": [[[-79.86133, 40.3429], [-79.856342, 40.338409], [-79.855984, 40.338806], [-79.855741, 40.33908], [-79.853265, 40.338501], [-79.8502, 40.337773], [-79.846236, 40.338023], [-79.844167, 40.338171], [-79.842746, 40.338273], [-79.84251, 40.337733], [-79.840143, 40.337528], [-79.83942, 40.337907], [-79.838413, 40.338183], [-79.836069, 40.338537], [-79.835707, 40.337741], [-79.833587, 40.338651], [-79.832624, 40.338169], [-79.832267, 40.337992], [-79.831699, 40.33773], [-79.831072, 40.33622], [-79.831788, 40.334069], [-79.835043, 40.334238], [-79.83518, 40.332943], [-79.835866, 40.332053], [-79.835403, 40.329029], [-79.836743, 40.328119], [-79.837813, 40.32806], [-79.840241, 40.327366], [-79.838387, 40.322859], [-79.836993, 40.321586], [-79.840466, 40.3203], [-79.84117, 40.320149], [-79.844543, 40.326536], [-79.846466, 40.328325], [-79.846979, 40.328721], [-79.849384, 40.330043], [-79.85502, 40.333487], [-79.858269, 40.336766], [-79.859008, 40.337424], [-79.860849, 40.338398], [-79.861405, 40.338816], [-79.859899, 40.340044], [-79.862119, 40.342414], [-79.86133, 40.3429]]]}, "properties": {"GEOID": "42003552400", "LILA": 0, "SCORE_1_10": 1, "NEAREST_GROCERY_MI": 0.4877038504488321, "LOW_INCOME_RAW": 0.0, "LOW_ACCESS_RAW": 0.0, "NO_VEHICLE_RAW": 0.0}}, {"type": "Feature", "geometry": {"type": "Polygon", "coordinates": [[[-79.751638, 40.496472], [-79.748749, 40.497], [-79.747784, 40.497897], [-79.745931, 40.503239], [-79.744583, 40.504842], [-79.739958, 40.506066], [-79.738793, 40.508193], [-79.736191, 40.509495], [-79.735353, 40.50989], [-79.733194, 40.510736], [-79.732667, 40.51113], [-79.731548, 40.51299], [-79.731344, 40.513831], [-79.730597, 40.515448], [-79.72943, 40.516594], [-79.727961, 40.516855], [-79.726615, 40.517101], [-79.724049, 40.518048], [-79.720538, 40.520724], [-79.71973, 40.523382], [-79.716902, 40.523807], [-79.711713, 40.523546], [-79.710134, 40.524621], [-79.709658, 40.527232], [-79.712432, 40.530982], [-79.712848, 40.532934], [-79.710234, 40.532299], [-79.707902, 40.530663], [-79.705101, 40.527111], [-79.701624, 40.525449], [-79.701881, 40.524525], [-79.701996, 40.522843], [-79.702087, 40.521763], [-79.7022, 40.503331], [-79.702142, 40.489523], [-79.705392, 40.489339], [-79.707562, 40.489444], [-79.709054, 40.489265], [-79.712585, 40.487218], [-79.715456, 40.484181], [-79.716127, 40.483851], [-79.718355, 40.483566], [-79.721583, 40.482664], [-79.724814, 40.481905], [-79.72683, 40.480081], [-79.733627, 40.478799], [-79.736034, 40.477845], [-79.737189, 40.478744], [-79.737928, 40.479786], [-79.737799, 40.484868], [-79.741206, 40.49034], [-79.744739, 40.493074], [-79.747568, 40.494375], [-79.749228, 40.494647], [-79.75002, 40.49493], [-79.750543, 40.495272], [-79.751638, 40.496472]]]}, "properties": {"GEOID": "42003526102", "LILA": 0, "SCORE_1_10": 2, "NEAREST_GROCERY_MI": 2.6763657509506635, "LOW_INCOME_RAW": 0.0, "LOW_ACCESS_RAW": 0.0, "NO_VEHICLE_RAW": 0.0}}, {"type": "Feature", "geometry": {"type": "Polygon", "coordinates": [[[-80.145849, 40.321385], [-80.134977, 40.336181], [-80.134528, 40.336655], [-80.132532, 40.335822], [-80.132666, 40.335555], [-80.133408, 40.333541], [-80.1297, 40.332263], [-80.12838, 40.332002], [-80.128322, 40.333836], [-80.12457, 40.33306], [-80.12224, 40.335407], [-80.12393, 40.336929], [-80.122696, 40.337691], [-80.121909, 40.338314], [-80.121795, 40.338383], [-80.121936, 40.34019], [-80.118239, 40.342469], [-80.115235, 40.344355], [-80.112397, 40.348685], [-80.112504, 40.350087], [-80.115001, 40.353708], [-80.114446, 40.355035], [-80.114328, 40.35521], [-80.112503, 40.35423], [-80.109878, 40.351889], [-80.110129, 40.351565], [-80.110101, 40.348924], [-80.108009, 40.348283], [-80.107996, 40.346867], [-80.112603, 40.338796], [-80.114889, 40.335229], [-80.115415, 40.33372], [-80.114721, 40.332299], [-80.113471, 40.331546], [-80.108704, 40.33147], [-80.104966, 40.332509], [-80.101034, 40.332489], [-80.10162, 40.331243], [-80.100697, 40.328154], [-80.101487, 40.326754], [-80.103399, 40.325221], [-80.10561, 40.324986], [-80.109722, 40.323969], [-80.112405, 40.324586], [-80.114212, 40.323064], [-80.115583, 40.322936], [-80.115855, 40.318859], [-80.118223, 40.317138], [-80.116448, 40.315533], [-80.116278, 40.312659], [-80.123085, 40.314597], [-80.143475, 40.320654], [-80.144579, 40.320991], [-80.145849, 40.321385]]]}, "properties": {"GEOID": "42003456004", "LILA": 0, "SCORE_1_10": 2, "NEAREST_GROCERY_MI": 0.5438778356188855, "LOW_INCOME_RAW": 0.0, "LOW_ACCESS_RAW": 2153.6588934809, "NO_VEHICLE_RAW": 0.0}}, {"type": "Feature", "geometry": {"type": "Polygon", "coordinates": [[[-79.940948, 40.451316], [-79.936727, 40.452745], [-79.935964, 40.453107], [-79.932568, 40.454746], [-79.931776, 40.453413], [-79.931372, 40.452741], [-79.930979, 40.452062], [-79.929646, 40.449827], [-79.930981, 40.449409], [-79.934205, 40.4484], [-79.935802, 40.447911], [-79.937291, 40.447792], [-79.938838, 40.447686], [-79.940948, 40.451316]]]}, "properties": {"GEOID": "42003070300", "LILA": 0, "SCORE_1_10": 1, "NEAREST_GROCERY_MI": 0.36702406863030107, "LOW_INCOME_RAW": 0.0, "LOW_ACCESS_RAW": 0.0, "NO_VEHICLE_RAW": 0.0}}, {"type": "Feature", "geometry": {"type": "Polygon", "coordinates": [[[-79.874764, 40.429374], [-79.873685, 40.430849], [-79.872194, 40.43375], [-79.868845, 40.432211], [-79.871094, 40.432052], [-79.87046, 40.429936], [-79.871047, 40.427586], [-79.872347, 40.426906], [-79.868571, 40.424592], [-79.867901, 40.423444], [-79.865089, 40.422642], [-79.864006, 40.422449], [-79.861456, 40.421608], [-79.859701, 40.420722], [-79.858203, 40.421105], [-79.851519, 40.418367], [-79.852382, 40.417125], [-79.849896, 40.415543], [-79.850681, 40.414324], [-79.849042, 40.411725], [-79.850951, 40.410447], [-79.851813, 40.40981], [-79.852959, 40.408972], [-79.856857, 40.409018], [-79.858801, 40.409021], [-79.86055, 40.409023], [-79.86094, 40.411745], [-79.864517, 40.411392], [-79.869512, 40.414043], [-79.86769, 40.415125], [-79.869512, 40.416183], [-79.871983, 40.416683], [-79.872794, 40.418578], [-79.87387, 40.420482], [-79.87382, 40.422213], [-79.873517, 40.422841], [-79.873733, 40.42354], [-79.873979, 40.423971], [-79.875826, 40.428079], [-79.874764, 40.429374]]]}, "properties": {"GEOID": "42003517000", "LILA": 0, "SCORE_1_10": 1, "NEAREST_GROCERY_MI": 0.58947528314616, "LOW_INCOME_RAW": 0.0, "LOW_ACCESS_RAW": 0.0, "NO_VEHICLE_RAW": 0.0}}, {"type": "Feature", "geometry": {"type": "Polygon", "coordinates": [[[-80.068057, 40.612536], [-80.054521, 40.612826], [-80.036309, 40.613215], [-80.029448, 40.613372], [-80.027539, 40.613419], [-80.01978, 40.613611], [-80.002531, 40.614035], [-79.99629, 40.614186], [-79.99114, 40.614313], [-79.990579, 40.594705], [-79.99106, 40.594722], [-79.992862, 40.596694], [-79.994879, 40.596155], [-79.997001, 40.597015], [-79.998466, 40.594959], [-80.003197, 40.592957], [-80.005705, 40.594117], [-80.005912, 40.595874], [-80.012073, 40.594372], [-80.014556, 40.592426], [-80.015936, 40.592166], [-80.017845, 40.591578], [-80.017953, 40.591096], [-80.021426, 40.589478], [-80.022487, 40.587161], [-80.025268, 40.585192], [-80.027638, 40.584895], [-80.030872, 40.585], [-80.035887, 40.585948], [-80.036625, 40.586089], [-80.037411, 40.585941], [-80.037479, 40.585838], [-80.041093, 40.586381], [-80.04448, 40.585878], [-80.045648, 40.586799], [-80.048713, 40.588732], [-80.050571, 40.590951], [-80.051694, 40.590929], [-80.055094, 40.593587], [-80.058033, 40.593379], [-80.061648, 40.594257], [-80.066599, 40.595263], [-80.067424, 40.59585], [-80.067875, 40.608462], [-80.068057, 40.612536]]]}, "properties": {"GEOID": "42003413100", "LILA": 0, "SCORE_1_10": 2, "NEAREST_GROCERY_MI": 1.1514774276227078, "LOW_INCOME_RAW": 0.0, "LOW_ACCESS_RAW": 1032.81753558666, "NO_VEHICLE_RAW": 0.0}}, {"type": "Feature", "geometry": {"type": "Polygon", "coordinates": [[[-80.038216, 40.553495], [-80.034923, 40.55362], [-80.034331, 40.549142], [-80.033005, 40.547129], [-80.031152, 40.545017], [-80.029455, 40.544072], [-80.025109, 40.540084], [-80.021984, 40.537056], [-80.019672, 40.534768], [-80.019126, 40.534017], [-80.018142, 40.531286], [-80.017698, 40.527881], [-80.015666, 40.524787], [-80.013592, 40.519081], [-80.014981, 40.519745], [-80.017605, 40.520204], [-80.022014, 40.520758], [-80.02303, 40.520775], [-80.025286, 40.520986], [-80.026878, 40.522224], [-80.02881, 40.522239], [-80.028951, 40.524265], [-80.032287, 40.524109], [-80.034956, 40.523906], [-80.035597, 40.525748], [-80.035406, 40.528237], [-80.035069, 40.529853], [-80.03577, 40.531965], [-80.035967, 40.535078], [-80.035975, 40.53631], [-80.036341, 40.538997], [-80.036039, 40.540968], [-80.03591, 40.542743], [-80.035969, 40.545242], [-80.036481, 40.547055], [-80.036914, 40.548072], [-80.037099, 40.550068], [-80.038216, 40.553495]]]}, "properties": {"GEOID": "42003429400", "LILA": 0, "SCORE_1_10": 1, "NEAREST_GROCERY_MI": 0.6853028361652489, "LOW_INCOME_RAW": 0.0, "LOW_ACCESS_RAW": 0.0, "NO_VEHICLE_RAW": 0.0}}, {"type": "Feature", "geometry": {"type": "Polygon", "coordinates": [[[-79.75657, 40.611835], [-79.742398, 40.626813], [-79.735185, 40.634517], [-79.734668, 40.633529], [-79.734371, 40.632997], [-79.732281, 40.631637], [-79.730794, 40.630901], [-79.728243, 40.629516], [-79.726627, 40.629338], [-79.72492, 40.629388], [-79.722112, 40.629457], [-79.722027, 40.627204], [-79.721358, 40.626701], [-79.723833, 40.624276], [-79.728238, 40.621285], [-79.728534, 40.621061], [-79.730377, 40.619553], [-79.732177, 40.618303], [-79.732862, 40.617919], [-79.738711, 40.61558], [-79.743432, 40.613567], [-79.743542, 40.613439], [-79.747175, 40.611049], [-79.749592, 40.611304], [-79.749217, 40.609941], [-79.751053, 40.608855], [-79.753259, 40.608876], [-79.756498, 40.609878], [-79.75699, 40.611024], [-79.75657, 40.611835]]]}, "properties": {"GEOID": "42003401300", "LILA": 0, "SCORE_1_10": 1, "NEAREST_GROCERY_MI": 0.7600402305180703, "LOW_INCOME_RAW": 0.0, "LOW_ACCESS_RAW": 371.451793690678, "NO_VEHICLE_RAW": 0.0}}, {"type": "Feature", "geometry": {"type": "Polygon", "coordinates": [[[-79.721132, 40.465278], [-79.720484, 40.465762], [-79.720902, 40.467369], [-79.719612, 40.471595], [-79.718529, 40.472258], [-79.716547, 40.474013], [-79.714479, 40.474522], [-79.713342, 40.474265], [-79.711282, 40.473834], [-79.709507, 40.475858], [-79.708478, 40.475441], [-79.70738, 40.475371], [-79.70486, 40.475434], [-79.702485, 40.477326], [-79.703038, 40.463592], [-79.703237, 40.456068], [-79.703331, 40.453331], [-79.703491, 40.452984], [-79.703358, 40.452512], [-79.703973, 40.443652], [-79.707379, 40.446266], [-79.708142, 40.447673], [-79.709526, 40.448113], [-79.711351, 40.445884], [-79.713846, 40.445839], [-79.714019, 40.448873], [-79.713571, 40.450827], [-79.715382, 40.451347], [-79.714606, 40.45376], [-79.717517, 40.455318], [-79.720111, 40.462842], [-79.721443, 40.46489], [-79.721132, 40.465278]]]}, "properties": {"GEOID": "42003526302", "LILA": 0, "SCORE_1_10": 1, "NEAREST_GROCERY_MI": 0.38975431492607154, "LOW_INCOME_RAW": 0.0, "LOW_ACCESS_RAW": 17.4808346752543, "NO_VEHICLE_RAW": 0.0}}, {"type": "Feature", "geometry": {"type": "Polygon", "coordinates": [[[-79.901626, 40.488985], [-79.897604, 40.487879], [-79.896959, 40.491908], [-79.896933, 40.492403], [-79.896912, 40.492614], [-79.889832, 40.491527], [-79.884604, 40.490922], [-79.884666, 40.490461], [-79.884592, 40.487329], [-79.888175, 40.48644], [-79.8882, 40.483948], [-79.901424, 40.486189], [-79.901626, 40.488985]]]}, "properties": {"GEOID": "42003980000", "LILA": 0, "SCORE_1_10": 1, "NEAREST_GROCERY_MI": 0.532719047377338, "LOW_INCOME_RAW": 0.0, "LOW_ACCESS_RAW": 0.0, "NO_VEHICLE_RAW": 0.0}}, {"type": "Feature", "geometry": {"type": "Polygon", "coordinates": [[[-79.96091, 40.469796], [-79.960339, 40.470633], [-79.959795, 40.471461], [-79.959291, 40.472148], [-79.958808, 40.472818], [-79.958322, 40.47348], [-79.958046, 40.473859], [-79.954153, 40.471294], [-79.954786, 40.46888], [-79.953866, 40.468348], [-79.952678, 40.46777], [-79.951802, 40.467364], [-79.95193, 40.46617], [-79.952307, 40.466142], [-79.954351, 40.465798], [-79.955184, 40.465652], [-79.957961, 40.465182], [-79.95922, 40.466235], [-79.960903, 40.467584], [-79.96229, 40.468707], [-79.96091, 40.469796]]]}, "properties": {"GEOID": "42003090200", "LILA": 0, "SCORE_1_10": 1, "NEAREST_GROCERY_MI": 0.45943856897062096, "LOW_INCOME_RAW": 0.0, "LOW_ACCESS_RAW": 0.0, "NO_VEHICLE_RAW": 0.0}}]}