placeId,name,address,lat,lng,types,category,businessStatus,rating,userRatingsTotal
ChIJ0TlcK4uzNYgRjNf6ZQh3naw,Dollar General,"1969 Jefferson Avenue, Washington",40.19119549999999,-80.28231219999999,"drugstore,convenience_store,grocery_or_supermarket,health,store,food,point_of_interest,establishment",convenience,OPERATIONAL,4.0,45.0
ChIJpW0AqY-yNYgRUTByIe9ixVg,AL'an Ruben's Bar & Grill,"2390 Jefferson Avenue, Washington",40.1938889,-80.28999999999999,"bar,restaurant,food,point_of_interest,establishment",restaurant,OPERATIONAL,4.8,751.0
ChIJM1WGfI-yNYgRUZURnfiKidU,Shorty's Lunch,"Wolfdale Plaza, 2301 Jefferson Avenue, Washington",40.19279139999999,-80.28849,"restaurant,food,point_of_interest,establishment",restaurant,OPERATIONAL,4.6,688.0
ChIJsQ9iqY-yNYgRHdC3a4jhlJE,Tonya's Tavern,"2398 Jefferson Avenue, Washington",40.1941452,-80.2904205,"bar,restaurant,food,point_of_interest,establishment",restaurant,OPERATIONAL,4.5,286.0
ChIJHfyATnitNYgRSoNv7JDBddU,Amoco,"1300 Jefferson Avenue, Washington",40.18624999999999,-80.26741,"gas_station,supermarket,grocery_or_supermarket,store,food,point_of_interest,establishment",grocery,OPERATIONAL,3.9,13.0
ChIJ6QGhBGStNYgREaYEc1Kwkjs,Dollar General,"935 Henderson Avenue #103, Washington",40.1995757,-80.2716023,"convenience_store,drugstore,grocery_or_supermarket,food,health,store,point_of_interest,establishment",convenience,OPERATIONAL,4.0,245.0
ChIJFZxuTXitNYgRgnqxO8pLcCQ,Coen Markets,"1300 Jefferson Avenue, Washington",40.1865049,-80.267647,"convenience_store,gas_station,cafe,food,store,point_of_interest,establishment","convenience,food_bank",OPERATIONAL,1.8,5.0
ChIJDzXCEOOtNYgRMC9-6C6LpWw,MAPCO,"860 Henderson Avenue, Washington",40.1979972,-80.268824,"gas_station,convenience_store,food,store,point_of_interest,establishment",convenience,OPERATIONAL,4.0,4.0
ChIJ6aI7VmGtNYgR0-TEPzC4IW4,Countryside Deli,"935 Henderson Avenue, Washington",40.199728,-80.271622,"restaurant,food,point_of_interest,establishment",restaurant,OPERATIONAL,4.5,424.0
ChIJn3hFtHmtNYgRqYTe-ODsEOU,Osso's Original Pizza,"90 Henderson Avenue, Washington",40.1869716,-80.26681599999999,"meal_takeaway,restaurant,food,point_of_interest,establishment","fast_food,restaurant",OPERATIONAL,4.5,1044.0
ChIJU4MiP3itNYgRvD7U_U7t76U,Dog House Diner,"1145 Jefferson Avenue, Washington",40.184826,-80.266645,"restaurant,food,point_of_interest,establishment",restaurant,OPERATIONAL,4.3,977.0
ChIJG7oRA0GtNYgRWhy5CWjwGn4,Washington County Fair,"Washington County Fairgrounds, 2151 N Main St, Washington",40.20867,-80.2574236,"point_of_interest,establishment",food_bank,OPERATIONAL,4.2,956.0
ChIJL_2Dm-GtNYgRYH4nJY-MmXc,GG,"140 East Wylie Avenue, Washington",40.183408,-80.2616209,"convenience_store,store,food,point_of_interest,establishment",convenience,OPERATIONAL,4.8,4.0
ChIJJY5Ufy-tNYgRAaxVCmENBUc,Washington Country Club,"599 Country Club Road, Washington",40.2087746,-80.2369487,"restaurant,food,point_of_interest,establishment",restaurant,OPERATIONAL,4.5,119.0
ChIJb5X1Kd-tNYgR9voNrbjT8LM,Boga Taco,"1054 Jefferson Avenue, Washington",40.1836638,-80.2649307,"restaurant,food,point_of_interest,establishment",restaurant,OPERATIONAL,4.9,438.0
ChIJVWOPIQCtNYgRaKzLKmL83Eg,Popeyes Louisiana Kitchen,"301 Oak Spring Rd, Washington",40.1826207,-80.23252690000001,"restaurant,food,point_of_interest,establishment","food_bank,restaurant",OPERATIONAL,3.6,1391.0
ChIJA_vZoqCtNYgRVnWfqONRYgk,Thomas Campbell Apartments-Senior living,"850 Beech St Ext apt 411, Washington",40.1842975,-80.25043029999999,"point_of_interest,establishment",food_bank,OPERATIONAL,3.8,42.0
ChIJ-d7XJPysNYgRw9fbVtoF9bg,Giant Eagle Supermarket,"331 Washington Road, Washington",40.1865951,-80.22841989999999,"grocery_or_supermarket,supermarket,store,food,point_of_interest,establishment","food_bank,grocery",OPERATIONAL,4.1,1575.0
ChIJtwOrG_KsNYgRDaKKW4zE0MA,Amoco,"481 Washington Road, Washington",40.18958,-80.21372,"gas_station,supermarket,grocery_or_supermarket,store,food,point_of_interest,establishment",grocery,OPERATIONAL,3.8,32.0
ChIJLVpkjO2sNYgROPMD3aMXvQY,Coen Markets,"481 Washington Road, Washington",40.1900451,-80.2136864,"convenience_store,cafe,gas_station,liquor_store,store,food,point_of_interest,establishment",convenience,OPERATIONAL,5.0,3.0
ChIJ_cNfNPqsNYgRjk3ra40vFdE,GetGo Gas Station,"333 Washington Road, Washington",40.1873699,-80.2289291,"gas_station,cafe,convenience_store,store,food,point_of_interest,establishment",convenience,OPERATIONAL,3.8,30.0
ChIJf0uDxietNYgRtDpBxLUK4-Q,Sheetz,"650 Pike Street, Meadowlands",40.21281859999999,-80.226145,"convenience_store,cafe,gas_station,store,restaurant,food,point_of_interest,establishment","convenience,restaurant",OPERATIONAL,3.1,38.0
ChIJz-_6UZNSNIgRadbjRBWckzU,Texas Roadhouse,"311 Washington Road, Washington",40.1879934,-80.2246782,"restaurant,food,point_of_interest,establishment",restaurant,OPERATIONAL,4.4,3011.0
ChIJ09VMIfqsNYgRbDYQhZ0iCXQ,Cracker Barrel Old Country Store,"1008 Trinity Circle, Washington",40.1849812,-80.22527529999999,"meal_takeaway,restaurant,food,store,point_of_interest,establishment","fast_food,restaurant",OPERATIONAL,4.3,3535.0
ChIJw8nBZfCsNYgRo5LAl0-_Vus,Olive Garden Italian Restaurant,"371 Washington Road, Washington",40.1883473,-80.22005089999999,"meal_takeaway,bar,restaurant,food,point_of_interest,establishment","fast_food,restaurant",OPERATIONAL,4.3,2123.0
ChIJPd48g-2sNYgRh-SGwJiglQ8,Subway,"502 Washington Road, Washington",40.1904918,-80.2125217,"meal_takeaway,restaurant,food,point_of_interest,establishment","fast_food,restaurant",CLOSED_TEMPORARILY,3.6,188.0
ChIJL5TJlH5NNIgRZX8f11AVcrk,Outback Steakhouse,"460 Washington Road, Washington",40.1876325,-80.2172844,"meal_takeaway,bar,restaurant,food,point_of_interest,establishment","fast_food,restaurant",OPERATIONAL,4.2,1618.0
ChIJA2lPY-6sNYgR6NXoG71r974,Jimmy John's,"996 Manifold Road, Washington",40.190334,-80.2136929,"restaurant,food,point_of_interest,establishment",restaurant,OPERATIONAL,4.1,360.0
ChIJxTZ-Le6sNYgRfvvKzpZrnL8,Buffalo Wild Wings,"50 Old Mill Boulevard, Washington",40.1901733,-80.2202733,"meal_takeaway,bar,restaurant,food,point_of_interest,establishment","fast_food,restaurant",OPERATIONAL,4.0,1360.0
ChIJx1iTLu6sNYgRxMmZ3Hn_7Bk,Five Guys,"30 Old Mill Boulevard, Washington",40.1896049,-80.2207447,"meal_takeaway,restaurant,food,point_of_interest,establishment","fast_food,restaurant",OPERATIONAL,4.4,751.0
ChIJSxbsn_qsNYgR8vPZZoHn0VQ,Asahi All You Can Eat,"16 Old Mill Boulevard, Washington",40.1890543,-80.2212249,"restaurant,food,point_of_interest,establishment",restaurant,OPERATIONAL,4.1,1540.0
ChIJB37W5vCsNYgRs8f_0sOlPx4,Red Robin Gourmet Burgers and Brews,"20 Trinity Place, Washington",40.186408,-80.218555,"restaurant,meal_takeaway,bar,food,point_of_interest,establishment","fast_food,restaurant",OPERATIONAL,4.4,2236.0
ChIJp6_ryvGsNYgRZNv3GZEQpbg,Chick-fil-A,"375 Washington Road, Washington",40.1889209,-80.21805789999999,"restaurant,food,point_of_interest,establishment",restaurant,OPERATIONAL,4.7,2917.0
ChIJ2x50f5NSNIgRq9rQqFKE6rY,LongHorn Steakhouse,"377 Washington Road, Washington",40.189211,-80.2173658,"meal_takeaway,bar,restaurant,food,point_of_interest,establishment","fast_food,restaurant",OPERATIONAL,4.4,2057.0
ChIJrWmL1wCtNYgRqi6IQoLF4og,Eat'n Park,"320 Oak Spring Road, Washington",40.1825464,-80.2353117,"meal_takeaway,restaurant,food,point_of_interest,establishment","fast_food,restaurant",OPERATIONAL,3.9,1676.0
ChIJl2tbDPqsNYgRuhAMeo0d2a0,Firehouse Subs Washington Rd.,"378 Washington Road, Washington",40.18585999999999,-80.2209,"restaurant,food,point_of_interest,establishment",restaurant,OPERATIONAL,4.3,418.0
ChIJC41FIvqsNYgR0xW9B_d2hXc,Applebee's Grill + Bar,"1004 Trinity Circle, Washington",40.18554799999999,-80.22424099999999,"restaurant,bar,food,point_of_interest,establishment",restaurant,OPERATIONAL,4.2,1599.0
ChIJlxCeifGsNYgR8g0a1Qpe93g,Taco Bell,"460 Washington Road, Washington",40.1881504,-80.2154944,"meal_takeaway,restaurant,food,point_of_interest,establishment","fast_food,restaurant",OPERATIONAL,3.8,659.0
ChIJCbanVfisNYgRggcDfCrkDu0,Krispy Kreme,"14 Trinity Point Drive, Washington",40.183417,-80.22413949999999,"bakery,cafe,restaurant,food,store,point_of_interest,establishment",restaurant,OPERATIONAL,4.3,1502.0
ChIJ6yaIuQGtNYgRrGnX6Gxsikc,Grand China Buffet Sushi & Grill,"301 Oak Spring Road, Washington",40.1841681,-80.23343679999999,"bar,restaurant,food,point_of_interest,establishment",restaurant,OPERATIONAL,4.0,2078.0
ChIJDfpumPmsNYgR48FuX4662js,Red Lobster,"1005 Trinity Circle, Washington",40.184853,-80.223556,"restaurant,food,point_of_interest,establishment",restaurant,OPERATIONAL,4.5,2223.0
ChIJcYXg-vmsNYgRb1mFVd56IkA,Fusion Japanese Steak House,"5 Trinity Point Drive, Washington",40.184725,-80.221578,"restaurant,food,point_of_interest,establishment",restaurant,OPERATIONAL,4.5,1200.0
ChIJ48XwqEGtNYgRX0HZLvl5Gks,Italian Village Trattoria,"28 Old Mill Boulevard, Washington",40.1893844,-80.2209625,"restaurant,food,point_of_interest,establishment",restaurant,OPERATIONAL,3.8,215.0
ChIJjcsvGfqsNYgR5hgLSpQjYkw,McDonald's,"1001 Trinity Circle, Washington",40.18540459999999,-80.2219897,"cafe,store,restaurant,food,point_of_interest,establishment",restaurant,OPERATIONAL,3.3,1473.0
ChIJe6qIWOutNYgRI4ZiV_UtZS0,Panda Express,"191 Old Mill Boulevard, Washington",40.1893361,-80.2195414,"restaurant,food,point_of_interest,establishment",restaurant,OPERATIONAL,3.6,23.0
ChIJ_WJTZ_CsNYgRON7J5X5P3_I,Chipotle Mexican Grill,"187 Old Mill Boulevard, Washington",40.1895272,-80.21865509999999,"restaurant,food,point_of_interest,establishment",restaurant,OPERATIONAL,3.8,748.0
ChIJtwrbQ3etNYgR6vJNQ2Bn3Rs,MacLove,"181 Old Mill Boulevard, Washington",40.189585,-80.2184094,"restaurant,meal_takeaway,food,point_of_interest,establishment","fast_food,restaurant",CLOSED_TEMPORARILY,4.0,1.0
ChIJCXqg_4mtNYgRJoviKoshdow,Walnut Grill Washington,"373 Washington Road, Washington",40.18866349999999,-80.2187551,"restaurant,bar,food,point_of_interest,establishment",restaurant,OPERATIONAL,4.2,1373.0
ChIJX30X4v-sNYgRLYTa_w6Mzys,Waffle House,"255 Murtland Avenue, Washington",40.1824063,-80.231741,"meal_takeaway,restaurant,food,point_of_interest,establishment","fast_food,restaurant",OPERATIONAL,4.2,1102.0
ChIJ65CkaACtNYgRnIDfKFOD8cs,Bob Evans,"490 Oak Spring Road, Washington",40.1824027,-80.2343388,"meal_takeaway,restaurant,food,point_of_interest,establishment","fast_food,restaurant",OPERATIONAL,4.2,1007.0
ChIJF-mAa_msNYgRbH7_F1D270k,Plaza Azteca Méxican Restaurant · Washington,"1010 Trinity Circle, Washington",40.184193,-80.2248553,"restaurant,food,point_of_interest,establishment",restaurant,OPERATIONAL,4.6,2128.0
ChIJPbWP_PmsNYgRdG9l8yZluUo,Arby's,"3 Trinity Point Drive, Washington",40.1847633,-80.220694,"meal_takeaway,store,restaurant,food,point_of_interest,establishment","fast_food,restaurant",OPERATIONAL,4.2,961.0
ChIJyT40Yc2sNYgRD0fVedFqLcc,Meadow Lands Food Pantry - Food Distribution Center,"300 Pike St, Washington",40.2192246,-80.2207047,"food,point_of_interest,establishment",food_bank,OPERATIONAL,5.0,2.0
ChIJ4XAE-L6sNYgRka7X00sEDus,Speedway,"78 Landings Drive, Washington",40.2017601,-80.20637780000001,"gas_station,convenience_store,store,food,point_of_interest,establishment",convenience,OPERATIONAL,4.2,264.0
ChIJ4Y1V_RStNYgRXUOpcLF2zvs,Sheetz,"300 Racetrack Road, Washington",40.2169423,-80.2021621,"convenience_store,car_wash,liquor_store,store,food,point_of_interest,establishment",convenience,OPERATIONAL,4.1,299.0
ChIJvc9LjzRTNIgRb7DttY7yN6o,Subway,"2200 Tanger Boulevard Unit # 335, Washington",40.2157928,-80.2116866,"meal_takeaway,restaurant,food,point_of_interest,establishment","fast_food,restaurant",CLOSED_TEMPORARILY,3.4,51.0
ChIJg9qH8a6sNYgRv3xf2FUDBEE,Little Caesars Pizza,"1 Burkett Lane, Washington",40.211716,-80.194745,"meal_takeaway,meal_delivery,restaurant,food,point_of_interest,establishment","fast_food,restaurant",OPERATIONAL,3.6,65.0
ChIJb7BsxbmtNYgR_d2fH5-YXLU,Dairy Queen Grill & Chill,"Park Place at the Meadows, 1 Burkett Lane, Washington",40.21175259999999,-80.19477909999999,"store,restaurant,food,point_of_interest,establishment",restaurant,OPERATIONAL,2.9,318.0
ChIJLdLOV7KsNYgRJfIZWDZEiPU,Dunkin',"600 Adios Drive, Washington",40.2149173,-80.1996553,"meal_takeaway,bakery,cafe,store,restaurant,food,point_of_interest,establishment","fast_food,restaurant",OPERATIONAL,3.7,273.0
ChIJ6Qdc1LutNYgRAnlEW1VvWYE,Liberty Pole Spirits,"800 Adios Drive, Washington",40.2150809,-80.1988184,"bar,restaurant,food,point_of_interest,establishment",restaurant,OPERATIONAL,5.0,163.0
ChIJ89kbRbKsNYgR5hUqaeCqZgE,Primanti Bros. Restaurant and Bar,"400 Adios Drive, Washington",40.2157495,-80.20017899999999,"bar,restaurant,food,point_of_interest,establishment",restaurant,OPERATIONAL,4.4,2699.0
ChIJbwB8TKmsNYgRHYhveTwgDH8,Napoli Restaurant,"2112 Park Place Drive, Washington",40.212334,-80.19287589999999,"restaurant,food,point_of_interest,establishment",restaurant,OPERATIONAL,4.3,828.0
ChIJS-e4W7KsNYgRnEW2-9PjmAo,The Street at the Meadows,"100 Adios Drive, Washington",40.21596999999999,-80.1996238,"restaurant,hair_care,beauty_salon,bar,food,point_of_interest,establishment",restaurant,OPERATIONAL,4.4,8.0
ChIJE4WvVKmsNYgRJE7lX2weu1w,El Paso Mexican Grill,"2000 Park Place Drive, Washington",40.21288570000001,-80.1931066,"restaurant,food,point_of_interest,establishment",restaurant,OPERATIONAL,4.4,671.0
ChIJhzltDGH3NIgRw-cGDFT7jMY,Oya Sushi and Korean Grill,"2000 Park Place Drive Suite 105, Washington",40.2126281,-80.19266429999999,"restaurant,food,point_of_interest,establishment",restaurant,OPERATIONAL,4.6,508.0
ChIJvZcoz_msNYgRotl-91gOjRo,Panera Bread,"108 Trinity Point Drive, Washington",40.1844833,-80.2195646,"cafe,meal_takeaway,bakery,store,restaurant,food,point_of_interest,establishment","fast_food,restaurant",OPERATIONAL,4.1,787.0
ChIJnxlOcHmtNYgRo4hjiF3wV5c,Speedy Cafe,"78 Landings Drive, Washington",40.2017613,-80.2063573,"restaurant,food,point_of_interest,establishment",restaurant,OPERATIONAL,4.0,1.0
ChIJj1X2MfGsNYgR6v7Zkz-JjI8,Wong's Wok,"2200 Tanger Boulevard Suite 320, Washington",40.2159306,-80.2115977,"restaurant,food,point_of_interest,establishment",restaurant,OPERATIONAL,4.1,187.0
ChIJhYuEfNWtNYgRjO4sqsN9ft8,Desire to be Well Juicery at Quail Acres,"The Shoppes at Quail Acres, 1445 Washington Road Bldg. #5, Washington",40.21351589999999,-80.1966289,"restaurant,food,point_of_interest,establishment",restaurant,OPERATIONAL,5.0,23.0
ChIJRXRh4x6tNYgRSwHn2HpZNJw,"""Don Taco"" Mexican Taqueria & Birria House","600 Adios Drive, Washington",40.2150067,-80.1996036,"restaurant,food,point_of_interest,establishment",restaurant,OPERATIONAL,4.7,169.0
ChIJ2WDyTBatNYgRfcexYMlQ9c8,Sbarro,"2200 Tanger Boulevard #325, Washington",40.2164121,-80.2113504,"meal_delivery,meal_takeaway,store,restaurant,food,point_of_interest,establishment","fast_food,restaurant",OPERATIONAL,4.1,50.0
ChIJvWaZweytNYgR2KdyiqLQyFI,Jersey Mike's Subs,"92 Trinity Point Drive, Washington",40.1848839,-80.21888729999999,"meal_takeaway,store,restaurant,food,point_of_interest,establishment","fast_food,restaurant",OPERATIONAL,4.1,45.0
ChIJgarY1U-tNYgR-MU6RB9p9-Q,Sam's Club Cafe,"80 Trinity Point Drive, Washington",40.184566,-80.2180612,"cafe,meal_takeaway,restaurant,food,point_of_interest,establishment","fast_food,restaurant",OPERATIONAL,2.3,3.0
ChIJI4IlV9mtNYgRRTQwp_acI9g,Pig and Fire House of Barbeque,"1445 Washington Road, Washington",40.2138658,-80.1952767,"restaurant,bar,food,point_of_interest,establishment",restaurant,OPERATIONAL,4.5,517.0
ChIJqfNE4vmsNYgRCEKmGrRzn6M,Dickey's Barbecue Pit,"96 Trinity Point Drive, Washington",40.1847597,-80.2190423,"restaurant,meal_delivery,meal_takeaway,food,point_of_interest,establishment","fast_food,restaurant",OPERATIONAL,4.1,576.0
ChIJT-I6T-mtNYgRvb-esmaY8_0,Sweet Hut Chinese Restaurant,"1000 Park Place Drive #101, Washington",40.2132756,-80.1938409,"restaurant,food,point_of_interest,establishment",restaurant,OPERATIONAL,4.3,235.0
ChIJ12NNUqmsNYgRJurltY8WVeI,"Bacon, Bourbon & Beer","1000 Park Place Drive #209, Washington",40.21303749999999,-80.1933838,"bar,restaurant,food,point_of_interest,establishment",restaurant,OPERATIONAL,4.2,1008.0
ChIJx9eEUbKsNYgR4TC2FLeQ4ZQ,Markook Authentic Mediterranean Eats,"100 Adios Drive, Washington",40.216246,-80.199995,"restaurant,food,point_of_interest,establishment",restaurant,OPERATIONAL,4.6,822.0
ChIJr1eG9lWtNYgRkWut_NSPDKo,Dee Jay's BBQ Ribs & Grille - Racetrack Rd,"100 Adios Drive, Washington",40.2164132,-80.2002962,"meal_takeaway,bar,restaurant,food,point_of_interest,establishment","fast_food,restaurant",OPERATIONAL,4.2,207.0
ChIJEzZEZlytNYgR4lE-EaB6_Rs,Seafood Tango,"800 Wildflower Circle Suite 806, Washington",40.2139268,-80.1937298,"restaurant,food,point_of_interest,establishment",restaurant,OPERATIONAL,4.3,377.0
ChIJ4SVNeYGsNYgRbLz2BckLC-U,The SpringHouse Country Market and Restaurant,"1531 Pennsylvania 136, Washington",40.18658569999999,-80.1534162,"bakery,store,restaurant,food,point_of_interest,establishment","farmers_market,restaurant",OPERATIONAL,4.5,1937.0
ChIJUUaJuvCrNYgRgVpbfCCfaCk,Amoco,"1795 Pennsylvania 136, Eighty Four",40.182713,-80.132347,"gas_station,supermarket,grocery_or_supermarket,food,store,point_of_interest,establishment",grocery,OPERATIONAL,4.1,16.0
ChIJoWxbtPqqNYgRJZVIBj52-jQ,Coen Markets,"1795 Pennsylvania 136, Eighty Four",40.1827163,-80.1324539,"convenience_store,gas_station,meal_takeaway,cafe,restaurant,food,store,point_of_interest,establishment","convenience,fast_food,restaurant",OPERATIONAL,3.7,11.0
ChIJS_JkNZhUNIgRtLp7DfiLkCw,Danny Jr's Pizza & Hoagies,"1045 Pennsylvania 519, Eighty Four",40.194501,-80.134107,"meal_delivery,restaurant,food,point_of_interest,establishment",restaurant,OPERATIONAL,4.5,358.0
ChIJ53d297qtNYgRcCVXXYtO7NA,Washington County Community Foundation,"1253 PA-519, Eighty Four",40.2065585,-80.12795249999999,"point_of_interest,establishment",food_bank,OPERATIONAL,4.5,8.0
ChIJAQAAAHAANYgRfyuLdTeazlI,Eighty Four Auction Sales Inc,"PA-136, Eighty Four",40.1856275,-80.15486600000001,"point_of_interest,establishment",farmers_market,OPERATIONAL,4.5,96.0
ChIJV2kmyFgBNYgR1JXoGD6aAfY,Mingo Creek Tavern,"2698 Pennsylvania 136, Eighty Four",40.1866254,-80.0552605,"bar,restaurant,food,point_of_interest,establishment",restaurant,OPERATIONAL,4.3,187.0
ChIJ9b1TWrUBNYgRY7G8YbuQtWA,Mingo Twist & Shake,"2728 Pennsylvania 136, Eighty Four",40.18594299999999,-80.05394,"meal_takeaway,store,restaurant,food,point_of_interest,establishment","fast_food,restaurant",OPERATIONAL,4.4,634.0
ChIJP34jj9j9NIgRYUZGnWlwPZE,bp,"468 Main Street, New Eagle",40.211271,-79.95865599999999,"gas_station,supermarket,grocery_or_supermarket,food,store,point_of_interest,establishment",grocery,OPERATIONAL,3.8,14.0
ChIJL1KU-HD9NIgRNXdoy02Y3XA,7-Eleven,"468 Main Street, New Eagle",40.211543,-79.95970710000002,"convenience_store,cafe,liquor_store,store,restaurant,food,point_of_interest,establishment","convenience,restaurant",OPERATIONAL,3.3,24.0
ChIJNyseNF39NIgRABRxBV-mvpM,bp,"200 Dry Run Road, Monongahela",40.2068,-79.93974,"gas_station,supermarket,grocery_or_supermarket,store,food,point_of_interest,establishment",grocery,OPERATIONAL,4.3,4.0
ChIJ5zpKzVz9NIgRcsXe2kbMsWk,Foodland,"1223 West Main Street, Monongahela",40.2064169,-79.93704029999999,"grocery_or_supermarket,supermarket,store,food,point_of_interest,establishment",grocery,OPERATIONAL,3.9,514.0
ChIJF_ZQK0P9NIgRtXtsaG4hjlg,Dollar General,"1237 West Main Street, Monongahela",40.20687839999999,-79.9383866,"convenience_store,drugstore,grocery_or_supermarket,health,store,food,point_of_interest,establishment",convenience,OPERATIONAL,3.8,249.0
ChIJn22uNV39NIgRCA2KhnvuWcg,7-Eleven,"200 Dry Run Road, Monongahela",40.20659879999999,-79.9402973,"convenience_store,cafe,liquor_store,store,restaurant,food,point_of_interest,establishment","convenience,restaurant",OPERATIONAL,3.5,22.0
ChIJLZynOd_9NIgRQRcawILHtUw,Monongahela Mininmart,"310 West Main Street, Monongahela",40.202713,-79.9258593,"convenience_store,store,food,point_of_interest,establishment",convenience,OPERATIONAL,5.0,9.0
ChIJ_wd500L9NIgRiL5zDx652uw,Eat'n Park,"1250 West Main Street, Monongahela",40.2065206,-79.9393374,"meal_takeaway,restaurant,food,point_of_interest,establishment","fast_food,restaurant",OPERATIONAL,4.1,1001.0
ChIJITtRqUL9NIgRYSlWlYYt5Y8,Hills Restaurant,"107 Main Street, New Eagle",40.207121,-79.940788,"restaurant,food,point_of_interest,establishment",restaurant,OPERATIONAL,4.4,388.0
ChIJAS6tqkT9NIgRU8OhYGRJG9c,Two And A Fry,"1115 West Main Street, Monongahela",40.2063978,-79.935526,"restaurant,food,point_of_interest,establishment",restaurant,OPERATIONAL,4.6,641.0
ChIJLTD5Llv9NIgRfk_kxbH-qBE,Dettore's Pizza,"915 West Main Street, Monongahela",40.20605289999999,-79.9342751,"restaurant,food,point_of_interest,establishment",restaurant,OPERATIONAL,4.5,329.0
ChIJk61CaW_9NIgR8qyOSjQX7i0,Pizza Station,"187 Chess Street, New Eagle",40.2083707,-79.9490691,"restaurant,food,point_of_interest,establishment",restaurant,OPERATIONAL,4.3,253.0
ChIJuZGwm9P9NIgRd58Y5s_4gGI,"Fox's Pizza Den (Monongahela, PA)","1235 West Main Street, Monongahela",40.20678520000001,-79.9382481,"restaurant,food,point_of_interest,establishment",restaurant,OPERATIONAL,3.4,90.0
ChIJ_4tEi6UCNYgR-QPxUIhb2sg,Ponce's Place,"715 Route 481, Monongahela",40.1893686,-79.9305091,"bar,restaurant,food,point_of_interest,establishment",restaurant,OPERATIONAL,4.6,106.0
ChIJtf08xlr9NIgRl2AN_2L-QNM,St. Andrew the Apostle Parish - St. Damien of Molokai Church,"722 W Main St, Monongahela",40.2052525,-79.93230849999999,"church,place_of_worship,point_of_interest,establishment",food_bank,OPERATIONAL,4.8,32.0
ChIJqxuI0l_9NIgRZgMZaNCNAEw,Finleyville Food Pantry,"406 Chess St, Monongahela",40.2029022,-79.9271471,"point_of_interest,establishment",food_bank,OPERATIONAL,3.7,3.0
ChIJg5P_MTP9NIgRYpig7nVI1KI,Monongahela Farmers Market,"7th St, Monongahela",40.2048979,-79.9317093,"point_of_interest,establishment",farmers_market,OPERATIONAL,5.0,6.0
ChIJrRdco1r9NIgRBXwB3AVk4dw,Chess Park,"Chess St, Monongahela",40.20467319999999,-79.9313796,"park,tourist_attraction,point_of_interest,establishment",farmers_market,OPERATIONAL,4.6,295.0
ChIJFcp_gFP9NIgRRSynHLiBDg8,Sheetz,"111 East Main Street, Monongahela",40.20012639999999,-79.9218937,"convenience_store,car_wash,gas_station,cafe,liquor_store,restaurant,food,store,point_of_interest,establishment","convenience,restaurant",OPERATIONAL,3.5,137.0
ChIJDxx8gFH9NIgRl_StRhoKRXE,Angelo's II Monongahela,"111 3rd Street, Monongahela",40.2025634,-79.9252024,"restaurant,night_club,bar,food,point_of_interest,establishment",restaurant,OPERATIONAL,4.4,565.0
ChIJ71Xz6FP9NIgRI6gUofdbZ44,Italian Village Pizza,"169 West Main Street, Monongahela",40.201427,-79.9239,"meal_delivery,restaurant,food,point_of_interest,establishment",restaurant,OPERATIONAL,4.2,279.0
ChIJ7V7jeVH9NIgRdoNH_sG49Ug,McDonald's,"301 West Main Street, Monongahela",40.2029637,-79.9254224,"cafe,store,restaurant,food,point_of_interest,establishment",restaurant,OPERATIONAL,3.4,931.0
ChIJGw5_3VP9NIgRdG2A_iIvk8A,Great Wall,"201 West Main Street A, Monongahela",40.20169049999999,-79.92418359999999,"restaurant,food,point_of_interest,establishment",restaurant,OPERATIONAL,4.1,185.0
ChIJy5eKw1T9NIgRzAS3O6coGtM,Lenzi's Restaurant,"228 Gee Street, Monongahela",40.198331,-79.920443,"restaurant,food,point_of_interest,establishment",restaurant,OPERATIONAL,4.7,573.0
ChIJe5vOcB39NIgRBi53WlQGvbw,Domino's Pizza,"243 West Main Street, Monongahela",40.2023981,-79.9250199,"meal_takeaway,meal_delivery,restaurant,food,point_of_interest,establishment","fast_food,restaurant",OPERATIONAL,3.6,37.0
ChIJh4pZTqHiNIgR-3Cs-tBgGU0,Rib Cage,"87 Boat Club Road, Monongahela",40.1976083,-79.90202339999999,"restaurant,food,point_of_interest,establishment",restaurant,OPERATIONAL,4.4,207.0
ChIJPaS1ggUdNYgRjoJtvGCJXBw,Salvation Army Mon Valley,"800 Thompson Ave, Donora",40.1809241,-79.856786,"church,place_of_worship,point_of_interest,establishment",food_bank,OPERATIONAL,4.7,35.0
ChIJBYODctTjNIgRhzm_rLaOHYE,bp,"5100 Pennsylvania 51, Belle Vernon",40.202812,-79.836894,"gas_station,supermarket,grocery_or_supermarket,food,store,point_of_interest,establishment",grocery,OPERATIONAL,,
ChIJkZFtYRniNIgRp0JOiE8Kn2g,Amoco,"5100 Pennsylvania 51, Belle Vernon",40.202812,-79.836894,"gas_station,supermarket,grocery_or_supermarket,food,store,point_of_interest,establishment",grocery,OPERATIONAL,3.8,5.0
ChIJn37LZxziNIgRmLBxsVcjfJQ,BFS Foods,"4975 Pennsylvania 51, Belle Vernon",40.2005156,-79.8340838,"convenience_store,store,food,point_of_interest,establishment",convenience,OPERATIONAL,3.6,22.0
ChIJH9CPTOzjNIgRx2sIo2D-Lkg,Dollar General,"110 Georges Lane, N BELLE VRN",40.19959539999999,-79.8332937,"drugstore,convenience_store,grocery_or_supermarket,health,store,food,point_of_interest,establishment",convenience,OPERATIONAL,3.7,12.0
ChIJO8nsYR3iNIgRtLwrzD8Wg2s,Little Caesars Pizza,"4975 Pennsylvania 51, Belle Vernon",40.20041299999999,-79.834015,"meal_delivery,meal_takeaway,restaurant,food,point_of_interest,establishment","fast_food,restaurant",OPERATIONAL,3.7,291.0
ChIJ6YSnXxniNIgRLriLFISmTjc,Dunkin',"5120 Pennsylvania 51, Belle Vernon",40.2026572,-79.836557,"cafe,meal_takeaway,bakery,store,restaurant,food,point_of_interest,establishment","fast_food,restaurant",OPERATIONAL,3.7,494.0
ChIJjX_PQhniNIgRM8SCAd7SjwE,Dairy Queen Grill & Chill,"5110 Pennsylvania 51, Belle Vernon",40.2026302,-79.83664940000001,"store,restaurant,food,point_of_interest,establishment",restaurant,OPERATIONAL,4.3,258.0
ChIJL3uMujziNIgRbIKiFuMigog,The Red Caboose,"5146 Hayden Boulevard, Elizabeth",40.2123593,-79.841824,"restaurant,food,point_of_interest,establishment",restaurant,CLOSED_TEMPORARILY,4.7,778.0
ChIJY9Z4OBziNIgRjMhVmjCBY0E,Roadside Restaurant,"4995 Pennsylvania 51, Belle Vernon",40.20104309999999,-79.8333275,"restaurant,food,point_of_interest,establishment",restaurant,OPERATIONAL,4.3,136.0
ChIJpSEvPQDjNIgR6bMT47mLJes,Blaine Hill Barbeque - Eagle's Landing,"503 Airport Road, Belle Vernon",40.20747159999999,-79.8332253,"restaurant,food,point_of_interest,establishment",restaurant,OPERATIONAL,5.0,5.0
ChIJEf4KhOLhNIgRsdah9AkMjvc,Sheetz,"N, 4692 Pennsylvania 51 S, Belle Vernon",40.1861083,-79.8179868,"convenience_store,car_wash,cafe,gas_station,liquor_store,store,restaurant,food,point_of_interest,establishment","convenience,restaurant",OPERATIONAL,3.3,122.0
ChIJ7wx94PfhNIgRawGvZAvcF_Y,cfsbank Event Center,"111 Gallitin Road, Belle Vernon",40.1993217,-79.8255767,"restaurant,food,point_of_interest,establishment","food_bank,restaurant",OPERATIONAL,4.0,379.0
ChIJZZt6uAUfNYgRqLRQJ3pWvn4,AMF Belle Vernon Lanes,"4742 Pennsylvania 51 N, Belle Vernon",40.1899431,-79.8215326,"bowling_alley,bar,store,restaurant,food,point_of_interest,establishment",restaurant,OPERATIONAL,4.2,554.0
ChIJJfMloPvhNIgRjTqlKRTz4Zg,The Pizza Company,"4697 Pennsylvania 51, Belle Vernon",40.18685909999999,-79.8173522,"restaurant,food,point_of_interest,establishment",restaurant,OPERATIONAL,3.9,165.0
ChIJ31VKrEThNIgRuXmNIbkxt7g,Bubba's Kitchen + Bar,"111 Gallitin Road, Belle Vernon",40.1989627,-79.8251095,"restaurant,food,point_of_interest,establishment",restaurant,OPERATIONAL,4.2,141.0
ChIJCYP5RWAcNYgR-mSbflJ8sUE,Murph's Pub At the Garden,"111 Gallitin Road, Belle Vernon",40.19891409999999,-79.8250422,"bar,restaurant,food,point_of_interest,establishment",restaurant,CLOSED_TEMPORARILY,3.2,19.0
ChIJzUoAKzEfNYgRUpYI86J22fI,Willowbrook Plaza,"600 Willowbrook Plaza, Belle Vernon",40.1860913,-79.8097769,"shopping_mall,point_of_interest,establishment",food_bank,OPERATIONAL,4.4,371.0
ChIJ_bwGM9HhNIgRTTr7DPu8mME,Rostraver Shop 'n Save,"600 Willowbrook Plaza, Belle Vernon",40.18568779999999,-79.8098354,"grocery_or_supermarket,supermarket,store,food,point_of_interest,establishment",grocery,OPERATIONAL,4.3,825.0
ChIJbUGGM9HhNIgRJfVi0KtYZuo,Fox's Pizza Den,"430 Willowbrook Plaza, Belle Vernon",40.18526680000001,-79.8092901,"meal_delivery,restaurant,food,point_of_interest,establishment",restaurant,OPERATIONAL,3.6,78.0
ChIJl9fSp8LhNIgRjgucS-CuMcQ,Corleones' Bar & Grill,"4627 Pennsylvania 51 Suite 450, N BELL VERNON",40.18530639999999,-79.8093877,"bar,restaurant,food,point_of_interest,establishment",restaurant,OPERATIONAL,4.4,417.0
ChIJsdVEDR4eNYgRE1dK4RT0WBc,Bill's Restaurant,"210 Bills Lane, Belle Vernon",40.184056,-79.81222199999999,"restaurant,food,store,point_of_interest,establishment",restaurant,OPERATIONAL,4.4,798.0
ChIJoTS8W3UfNYgR3i9Mj3q_Hok,Salvatore’s Pizza & Pasta,"117 Scholl Lane, Belle Vernon",40.1836928,-79.80491599999999,"restaurant,food,point_of_interest,establishment",restaurant,OPERATIONAL,4.8,146.0
ChIJBz1uONfhNIgRQ8cDHSaF0ok,St. Anne Church,"1870 Rostraver Rd, Belle VRN BR",40.187968,-79.7958,"church,place_of_worship,point_of_interest,establishment",food_bank,OPERATIONAL,4.7,27.0
ChIJsbsjn0TgNIgRbE-HwoD5YEQ,Subway,"101 South Water Street, West Newton",40.2103335,-79.7683099,"meal_takeaway,restaurant,food,point_of_interest,establishment","fast_food,restaurant",OPERATIONAL,4.2,219.0
ChIJa31cuUTgNIgR9U_vzl6uItQ,Mama Pepino's,"110 West Main Street, West Newton",40.2113392,-79.77093699999999,"meal_delivery,restaurant,food,point_of_interest,establishment",restaurant,OPERATIONAL,4.5,312.0
ChIJD00r2ETgNIgRoqx3CwDDaxI,The Trailside,"108 West Main Street, West Newton",40.21137419999999,-79.770618,"bar,restaurant,food,point_of_interest,establishment",restaurant,OPERATIONAL,4.3,982.0
ChIJfVKISQDhNIgR_cvpAx0L3Qo,Fortune Garden Chinese,"206 Vine Street, West Newton",40.20820759999999,-79.7677396,"restaurant,food,point_of_interest,establishment",restaurant,OPERATIONAL,4.6,54.0
ChIJ4RgMeEPgNIgRv48NIYM_uBo,West Newton Pizza House,"116 South 2nd Street, West Newton",40.20918710000001,-79.7673447,"restaurant,food,point_of_interest,establishment",restaurant,OPERATIONAL,4.5,158.0
ChIJmQz4ekPgNIgRxtWkRT2P1OY,Gary's Chuckwagon,"109 South 2nd Street, West Newton",40.2096265,-79.76749339999999,"restaurant,food,point_of_interest,establishment",restaurant,OPERATIONAL,4.5,419.0
ChIJV3BTsVzgNIgR7pqAzqdzg4U,Fox's Pizza Den,"106 Collinsburg Road, West Newton",40.2117998,-79.7694479,"meal_delivery,restaurant,food,point_of_interest,establishment",restaurant,OPERATIONAL,4.4,165.0
ChIJa54Q_SbhNIgRO-Sliw3LYe4,The Outpost River's Edge Eatery,"110 Collinsburg Road, West Newton",40.2125293,-79.7690403,"store,restaurant,food,point_of_interest,establishment",restaurant,OPERATIONAL,4.7,158.0
ChIJ8dM6UvzhNIgRV-X6ijh9kps,Bloom Brew Draft Wagon,"137 Collinsburg Road, West Newton",40.2126092,-79.76896649999999,"bar,restaurant,food,point_of_interest,establishment",restaurant,OPERATIONAL,4.6,7.0
ChIJKWCtrz_hNIgRTzgt5Zy4r0g,Bloom Brew Tap Room & Blooms Slice,"123 North Water Street, West Newton",40.2124081,-79.7669765,"meal_takeaway,bar,restaurant,food,point_of_interest,establishment","fast_food,restaurant",OPERATIONAL,4.4,44.0
ChIJGfl062vgNIgRoLawjOwIbBg,Sunoco,"150 Mount Pleasant Road, West Newton",40.2045053,-79.75775480000001,"gas_station,convenience_store,store,food,point_of_interest,establishment",convenience,OPERATIONAL,4.1,11.0
ChIJrdPJ82vgNIgRc1g2jbFpXC8,Dollar General,"160 Mount Pleasant Road, West Newton",40.2040852,-79.75679749999999,"convenience_store,drugstore,grocery_or_supermarket,health,store,food,point_of_interest,establishment",convenience,OPERATIONAL,4.0,226.0
ChIJb9VV81zgNIgRUoRmiNA2ozU,Bloom Brew,"100 Riverside Drive, West Newton",40.21326009999999,-79.76659640000001,"bar,restaurant,food,point_of_interest,establishment",restaurant,OPERATIONAL,4.7,183.0
ChIJQfzKZR3fNIgRLK-VCEmhLjg,Yukon Market,"120 Highway Street, Yukon",40.2137167,-79.682068,"convenience_store,store,food,point_of_interest,establishment",convenience,OPERATIONAL,4.0,13.0
ChIJ3UlXWVTfNIgRfufS1oPCo2c,Dollar General,"2215 Mount Pleasant Road, West Newton",40.1853386,-79.6945623,"drugstore,convenience_store,grocery_or_supermarket,store,health,food,point_of_interest,establishment",convenience,OPERATIONAL,3.0,4.0
ChIJ-5ts4NvfNIgRHzy0R5EoUBU,Millie’s,"116 Highway Street, Yukon",40.2133282,-79.68243799999999,"meal_takeaway,restaurant,food,point_of_interest,establishment","fast_food,restaurant",OPERATIONAL,4.8,107.0
ChIJ0-b_fADfNIgR7ieyUmUyqvw,Rutter's #111,"641 Waltz Mill Road, Ruffs Dale",40.2133471,-79.666821,"convenience_store,food,store,point_of_interest,establishment",convenience,OPERATIONAL,4.4,29.0
ChIJvc9LjzRTNIgRbUkuvclK524,bp,"505 Racetrack Road, Washington",40.22265,-80.21444,"gas_station,supermarket,grocery_or_supermarket,store,food,point_of_interest,establishment",grocery,OPERATIONAL,2.2,29.0
ChIJd5v_zTNTNIgR3JedVbUnOLM,In 'n Out Food Mart,"2440 Pike Street, Houston",40.2248762,-80.218262,"convenience_store,store,food,point_of_interest,establishment",convenience,OPERATIONAL,2.8,5.0
ChIJVaXWyZOtNYgRzj-Gv01-Ons,Elly’s at the Meadowlands,"400 West Pike Street, Meadowlands",40.2181192,-80.2216309,"bar,restaurant,food,point_of_interest,establishment",restaurant,OPERATIONAL,4.2,112.0
ChIJe5uk4CdTNIgRCf6dFXYso3s,Big Guys Pizza,"596 Racetrack Road, Washington",40.22306810000001,-80.2175948,"meal_delivery,restaurant,food,point_of_interest,establishment",restaurant,OPERATIONAL,4.7,236.0
ChIJCWpLhzVTNIgR2OlFj2yaU-c,Wendy's,"461 Racetrack Road, Washington",40.2225065,-80.21010489999999,"restaurant,food,point_of_interest,establishment",restaurant,OPERATIONAL,3.9,1119.0
ChIJF8WbkjVTNIgRs3RA-KuRo8A,McDonald's,"235 Meadowlands Boulevard, Washington",40.2236429,-80.2104641,"cafe,store,restaurant,food,point_of_interest,establishment",restaurant,OPERATIONAL,3.5,1641.0
ChIJZ0TLtpitNYgRSQTd2RP3Xvs,PITWC The Bistro - Eat. Drink. Connect.,"1800 Tanger Boulevard, Washington",40.21862309999999,-80.20906339999999,"restaurant,food,point_of_interest,establishment",restaurant,OPERATIONAL,4.0,1.0
ChIJx7DxZrOsNYgRN_BSedAjgjM,Bistecca Steakhouse & Wine Bar,"210 Racetrack Road, Washington",40.2202021,-80.2018223,"restaurant,food,point_of_interest,establishment",restaurant,OPERATIONAL,4.5,421.0
ChIJr5XBUEpTNIgR8j8p2jC7d2E,Waffle House,"430 Racetrack Road, Washington",40.2224982,-80.2076494,"meal_takeaway,restaurant,food,point_of_interest,establishment","fast_food,restaurant",OPERATIONAL,4.2,2148.0
ChIJETumC7OsNYgRYKE3Qhe6HNs,Parlay Lounge,"212 Racetrack Road, Washington",40.21797499999999,-80.20213700000001,"bar,casino,lodging,night_club,restaurant,food,point_of_interest,establishment",restaurant,OPERATIONAL,4.2,321.0
ChIJkxGG6UxTNIgRFxeMfGz9GFI,Delvin's Trackside,"210 Racetrack Road, Washington",40.22053009999999,-80.2024816,"meal_takeaway,restaurant,food,point_of_interest,establishment","fast_food,restaurant",OPERATIONAL,4.4,5.0
ChIJvwszobSsNYgRo-Mn1cPW_-s,Maxwell's,"340 Racetrack Road, Washington",40.2187846,-80.2039855,"restaurant,food,point_of_interest,establishment",restaurant,OPERATIONAL,4.0,54.0
ChIJtXcX1DdTNIgRN5XpBknXM2A,Burger King,"402 Meadowlands Boulevard, Washington",40.2233654,-80.2079174,"restaurant,food,point_of_interest,establishment",restaurant,OPERATIONAL,3.3,920.0
ChIJ7UzqAyOtNYgRxXTGNqijaY0,Starbucks Coffee Company,"320 Racetrack Road, Washington",40.21793,-80.20309,"cafe,store,restaurant,food,point_of_interest,establishment",restaurant,OPERATIONAL,3.9,90.0
ChIJeXBfQDBTNIgRvK_-w2NgqV8,The Eatery,"210 Racetrack Road, Washington",40.22053009999999,-80.2024816,"restaurant,food,point_of_interest,establishment",restaurant,OPERATIONAL,3.3,15.0
ChIJlcQgiaNTNIgRH7SGgIdGVwU,Miller Lite Brewhouse,"210 Racetrack Road, Washington",40.22053009999999,-80.2024816,"bar,restaurant,food,point_of_interest,establishment",restaurant,OPERATIONAL,,
ChIJ7RWErJtTNIgRZV_MXI7B6gs,Zen,"210 Racetrack Road, Washington",40.22053009999999,-80.2024816,"restaurant,food,point_of_interest,establishment",restaurant,OPERATIONAL,2.3,6.0
ChIJkxGG6UxTNIgR_fEmA7mBhYo,The Band Wagon,"210 Racetrack Road, Washington",40.22053009999999,-80.2024816,"meal_takeaway,restaurant,food,point_of_interest,establishment","fast_food,restaurant",OPERATIONAL,5.0,1.0
ChIJ3zj566lUNIgR3PRRtyr13ec,Santello's,"1180 Mapleview Drive, Washington",40.2237179,-80.1865049,"restaurant,bar,food,point_of_interest,establishment",restaurant,OPERATIONAL,4.2,973.0
ChIJ-y23znBVNIgRa4c7lLLywb0,Washington Fat Angelo's,"1825 Washington Road, Washington",40.2245672,-80.18558220000001,"restaurant,food,point_of_interest,establishment",restaurant,OPERATIONAL,4.7,759.0
ChIJgZitbQBTNIgRCKG7I_m5mwI,Amish Kitchen,"145 Meadowridge Drive, Washington",40.22811889999999,-80.1883679,"restaurant,food,point_of_interest,establishment",restaurant,OPERATIONAL,,
ChIJX5_QVd9VNIgRpLYFkIiBm60,Kindred Flower Farm,"525 Linden Rd, Canonsburg",40.2277102,-80.1362943,"point_of_interest,establishment",farmers_market,OPERATIONAL,5.0,8.0
ChIJDfFqo4n_NIgRJR1YqUI4KTw,Thomas Presbyterian Church,"1068 Linden Rd, Eighty Four",40.2368889,-80.09463579999999,"church,place_of_worship,point_of_interest,establishment",food_bank,OPERATIONAL,5.0,8.0
ChIJd_B3Nl7gNIgRcghlw5ZKm2c,Giant Eagle Supermarket,"105 Robertson Street, West Newton",40.21875670000001,-79.7636864,"grocery_or_supermarket,supermarket,food,store,point_of_interest,establishment",grocery,OPERATIONAL,4.1,355.0
ChIJo65wNV7gNIgRhx6cjEMWvXY,Giant Eagle Prepared Foods,"105 Robertson Street, West Newton",40.21886879999999,-79.7638442,"meal_takeaway,restaurant,food,point_of_interest,establishment","fast_food,restaurant",OPERATIONAL,,
ChIJiWD6O2HeNIgRitcUi_-BEok,Greenawalt farms,"1731 Greensburg Pike, West Newton",40.2373772,-79.7008365,"point_of_interest,establishment",farmers_market,OPERATIONAL,4.4,7.0
ChIJj1bUMr1MNIgRGSfI8Goz_M0,Swope's Berries & Bees,"366 Willow Rd, Avella",40.249984,-80.35519269999999,"point_of_interest,establishment",farmers_market,OPERATIONAL,5.0,23.0
ChIJl0OY3EZTNIgRaoOIvK_wHGU,Siwiak's Homestyle Cooking,"737 West Pike Street, Houston",40.2415621,-80.2129889,"restaurant,food,point_of_interest,establishment",restaurant,OPERATIONAL,4.4,40.0
ChIJHeBzsHJTNIgRXn4Dklg_MKc,bp,"29 East Pike Street, Houston",40.25112000000001,-80.20895,"gas_station,supermarket,grocery_or_supermarket,store,food,point_of_interest,establishment",grocery,OPERATIONAL,4.4,24.0
ChIJZxnDxRJTNIgRDzekulgg0mg,Dollar General,"124 West Pike Street, Houston",40.248555,-80.2110634,"convenience_store,drugstore,grocery_or_supermarket,health,store,food,point_of_interest,establishment",convenience,OPERATIONAL,4.0,229.0
ChIJD30u725TNIgRxVk_wsJ02MA,Sunoco,"2300 Hill Church Houston Road, Houston",40.2460468,-80.2022795,"gas_station,convenience_store,store,food,point_of_interest,establishment",convenience,OPERATIONAL,3.6,119.0
ChIJsS7Q5GVTNIgRzRH5v3IxsZk,Coen Markets,"2229 Hill Church Houston Road, Canonsburg",40.24463539999999,-80.1977692,"convenience_store,gas_station,meal_takeaway,cafe,store,restaurant,food,point_of_interest,establishment","convenience,fast_food,restaurant",OPERATIONAL,3.3,8.0
ChIJ1ZjcDwBTNIgR7eInU0MLPG4,Express,"2300 Hill Church Houston Road, Strabane",40.2460642,-80.2022452,"convenience_store,store,food,point_of_interest,establishment",convenience,OPERATIONAL,,
ChIJK2Egj2ZTNIgR23SQr6sak_8,bp,"2229 Hill Church Houston Road, Canonsburg",40.24454129999999,-80.1979537,"gas_station,convenience_store,atm,finance,store,food,point_of_interest,establishment",convenience,OPERATIONAL,2.7,17.0
ChIJJ20BFwBTNIgRSj2jWSled2Y,Sheetz,"11 East Pike Street, Houston",40.2504301,-80.20965559999999,"convenience_store,gas_station,cafe,store,restaurant,food,point_of_interest,establishment","convenience,restaurant",OPERATIONAL,3.0,29.0
ChIJt4BYrBJTNIgRsRRpv8rPGwc,Jimmy Z's Pizza,"12 West Pike Street, Houston",40.24979,-80.2100389,"meal_takeaway,restaurant,food,point_of_interest,establishment","fast_food,restaurant",OPERATIONAL,4.5,442.0
ChIJB3yT3RJTNIgRyxDu5g5jMrY,Pitt Stop,"144 West Pike Street, Houston",40.247921,-80.2113189,"restaurant,food,point_of_interest,establishment",restaurant,OPERATIONAL,4.3,925.0
ChIJKV0Nb_hTNIgRZlWHpI1gTeI,Domino's Pizza,"108 South Main Street, Houston",40.2491237,-80.2082422,"meal_delivery,meal_takeaway,restaurant,food,point_of_interest,establishment","fast_food,restaurant",OPERATIONAL,3.4,177.0
ChIJm81xEKxVNIgRmnYxl2Kn8B4,"Hawaiian's Bait, Tackle, and More","906 South Central Avenue, Canonsburg",40.24519189999999,-80.1839102,"convenience_store,food,store,point_of_interest,establishment",convenience,OPERATIONAL,5.0,5.0
ChIJ59pl14NUNIgRlwkhDIaR3Gc,Mm Mm Pizza of Canonsburg,"407 South Central Avenue, Canonsburg",40.252583,-80.18393900000001,"meal_delivery,restaurant,food,point_of_interest,establishment",restaurant,OPERATIONAL,4.2,201.0
ChIJXTW0xGZVNIgRDQUaWFV7iIY,Jimmy G's Bar & Grill,"341 South Central Avenue, Canonsburg",40.2529888,-80.1839176,"bar,restaurant,food,point_of_interest,establishment",restaurant,OPERATIONAL,4.6,163.0
ChIJWy_b8EH_NIgR4gcL0NwXamA,The Country Store,"698 Venetia Road, Venetia",40.24567890000001,-80.0382324,"convenience_store,store,restaurant,food,point_of_interest,establishment","convenience,restaurant",OPERATIONAL,4.7,50.0
ChIJuR6qVi_8NIgR4iai2Vsuj-M,Giant Eagle Supermarket,"3701 Pennsylvania 88, Finleyville",40.2490579,-80.0047893,"grocery_or_supermarket,supermarket,store,food,point_of_interest,establishment",grocery,OPERATIONAL,4.1,546.0
ChIJZyrUYYD_NIgRx26amYX5y9Y,Latitude 48,"2103 Rankintown Road, Finleyville",40.25001119999999,-80.0156978,"restaurant,food,point_of_interest,establishment",restaurant,OPERATIONAL,4.7,94.0
ChIJswjBrWj9NIgRPpXm9LAeric,St John XXIII Interfaith Food Pantry,"3609 Washington Ave, Finleyville",40.2551728,-80.0002564,"food,point_of_interest,establishment",food_bank,OPERATIONAL,5.0,3.0
ChIJA9SV4jr8NIgR4wnjXVV7iiU,Sunoco,"3850 Washington Avenue, Finleyville",40.2532593,-80.0016983,"gas_station,convenience_store,store,food,point_of_interest,establishment",convenience,OPERATIONAL,2.4,33.0
ChIJ5xnu-Bf3NIgRs7B7JNWBYsQ,Sharkey & Associates,"3528 Washington Avenue, Finleyville",40.2519879,-80.0041573,"store,restaurant,food,point_of_interest,establishment",restaurant,OPERATIONAL,2.0,2.0
ChIJ50T8Sin8NIgRMIY4JGmrUBU,Bob's Tavern & Motel,"3700 Pennsylvania 88, Finleyville",40.2507062,-80.00309039999999,"bar,restaurant,food,point_of_interest,establishment",restaurant,CLOSED_TEMPORARILY,4.2,58.0
ChIJAYtPyyj8NIgRsUzoAgNUnnQ,Roy's By the Tracks,"3710 Pennsylvania 88, Finleyville",40.2522222,-80.00277779999999,"bar,restaurant,food,point_of_interest,establishment",restaurant,OPERATIONAL,4.4,231.0
ChIJ31jGQpn9NIgR5-_6NP3FoMs,The Pizza Denn,"3527 Washington Avenue, Finleyville",40.25230219999999,-80.0042972,"restaurant,food,point_of_interest,establishment",restaurant,CLOSED_TEMPORARILY,4.1,19.0
ChIJQSmiMkj9NIgRDUZEMX1Ah2Q,El chaqueño restaurant,"3532 Marion Avenue, Finleyville",40.25278059999999,-80.0040023,"restaurant,food,point_of_interest,establishment",restaurant,OPERATIONAL,3.5,2.0
ChIJg_CGnAH9NIgRqUM1kCIBJxg,Carousel Marina,"200 Carousel Drive, Bunola",40.2388076,-79.9570083,"restaurant,food,point_of_interest,establishment",restaurant,OPERATIONAL,4.6,78.0
ChIJFUomnMn8NIgRGlF_EYFh2vs,Sunoco,"1517 Pennsylvania 837, Elrama",40.2538904,-79.9258875,"gas_station,convenience_store,store,food,point_of_interest,establishment",convenience,OPERATIONAL,3.3,12.0
ChIJIe6bm8n8NIgRzgQJ9P5uJwE,Par Mar Store,"1517 Pennsylvania 837, Elrama",40.2539469,-79.92595519999999,"convenience_store,gas_station,store,food,point_of_interest,establishment",convenience,OPERATIONAL,1.0,1.0
ChIJ8d5kDsn8NIgRJTR3CTkPyQY,Elrama Tavern,"1522 State Street #837, Elrama",40.25397150000001,-79.9248381,"restaurant,food,point_of_interest,establishment",restaurant,OPERATIONAL,4.7,686.0
ChIJoXSUZA39NIgR1QSOk8QgLUU,Village Dawgs,"Elrama Avenue, Elrama",40.2533232,-79.92432050000001,"meal_takeaway,restaurant,food,point_of_interest,establishment","fast_food,restaurant",CLOSED_TEMPORARILY,,
ChIJ32wyGwvjNIgRuPKmE_s73ic,Sylvester & Tweetie's,"8800 Roberts Hollow Road, Elizabeth",40.24982839999999,-79.8779615,"restaurant,bar,food,point_of_interest,establishment",restaurant,OPERATIONAL,4.3,156.0
ChIJU9l-pbvjNIgREdWB_09KCIs,Round Hill Presbyterian Church,"2150 Round Hill Church Rd, Elizabeth",40.2424956,-79.8592554,"church,place_of_worship,point_of_interest,establishment",food_bank,OPERATIONAL,5.0,4.0
ChIJd2Egk3nhNIgRqfdkkUiyPC4,Big E's Bar and Grill,"2101 Douglas Run Road, Sutersville",40.2427284,-79.80721729999999,"restaurant,bar,food,point_of_interest,establishment",restaurant,CLOSED_TEMPORARILY,4.5,63.0
ChIJIUCf-RlNNIgRidO7Pfrp19M,The Smoke Wagon,"2976 Henderson Road, Washington",40.2533835,-80.3107071,"restaurant,food,point_of_interest,establishment",restaurant,OPERATIONAL,5.0,8.0
ChIJRy0_R_JSNIgREERvxqWpCuE,Shilling Hill Farm,"786 Western Avenue, Washington",40.2560175,-80.2511081,"restaurant,bakery,store,food,point_of_interest,establishment",restaurant,OPERATIONAL,4.9,139.0
ChIJk18bf3ZTNIgRWYBG_IGEGgU,SHOP 'n SAVE,"617 West Pike Street #1, Canonsburg",40.2556984,-80.20466630000001,"grocery_or_supermarket,supermarket,store,food,point_of_interest,establishment",grocery,OPERATIONAL,4.0,1006.0
ChIJ-TCUaXhTNIgRmNy0HbHYSMg,Sunoco,"404 West Pike Street, Canonsburg",40.25805,-80.197007,"gas_station,convenience_store,food,store,point_of_interest,establishment",convenience,OPERATIONAL,3.0,24.0
ChIJt7g0YXhTNIgR3tju5UJHugk,The Last Call Bar and Grill,"342 West Pike Street, Canonsburg",40.2580709,-80.1962202,"bar,restaurant,food,point_of_interest,establishment",restaurant,OPERATIONAL,4.5,492.0
ChIJMeGwf39TNIgRomnU76K6e_c,The Gyro Place,"148 West Pike Street, Canonsburg",40.25851369999999,-80.1903141,"restaurant,food,point_of_interest,establishment",restaurant,OPERATIONAL,4.7,304.0
ChIJHSlLXRRTNIgRvpl-ortOSwc,Olive Oil's Pizzeria & More,"596 West Pike Street, Canonsburg",40.258125,-80.2038731,"meal_delivery,restaurant,food,point_of_interest,establishment",restaurant,OPERATIONAL,3.7,184.0
ChIJnZukFRpTNIgRa-SPAB8S8uc,Panda Chinese Kitchen,"590 West Pike Street, Canonsburg",40.2581081,-80.203501,"meal_takeaway,restaurant,food,point_of_interest,establishment","fast_food,restaurant",OPERATIONAL,4.2,72.0
ChIJhXKLdHFTNIgRPYwxFxSDjKk,Bienvenidos A Rita's Cantina,"250 Latimer Avenue, Strabane",40.2539097,-80.1978875,"restaurant,food,point_of_interest,establishment",restaurant,CLOSED_TEMPORARILY,4.3,12.0
ChIJvaPE-39UNIgRaOTMYvtkvJI,Vocelli Pizza,"30 West Pike Street, Canonsburg",40.25881929999999,-80.1874216,"meal_takeaway,meal_delivery,restaurant,food,point_of_interest,establishment","fast_food,restaurant",OPERATIONAL,4.0,145.0
ChIJAb17dTdTNIgRYq2jFvySwbs,Cocky's Coop,"148 West Pike Street, Canonsburg",40.2585982,-80.1904495,"restaurant,food,point_of_interest,establishment",restaurant,OPERATIONAL,4.4,93.0
ChIJj912URlTNIgRs7PzabdRwQo,Big Shot Bob’s House of Wings - Canonsburg,"148 West Pike Street, Canonsburg",40.2585811,-80.190412,"restaurant,food,point_of_interest,establishment",restaurant,OPERATIONAL,3.4,48.0
ChIJvVoxr0fhNIgRZ9cMabcdxUg,Linda's Hometown Bakery,"148 West Pike Street, Canonsburg",40.2585811,-80.190412,"bakery,store,restaurant,food,point_of_interest,establishment",restaurant,OPERATIONAL,4.6,68.0
ChIJodXqvEpTNIgR7VaR0hGNLWk,Bar Association Restaurant,"26 North Jefferson Avenue, Canonsburg",40.2580605,-80.18799829999999,"bar,restaurant,food,point_of_interest,establishment",restaurant,OPERATIONAL,4.4,291.0
ChIJDYeVPABTNIgRZxpdBvWZGIE,MP Coney Island,"48 West Pike Street, Canonsburg",40.2588117,-80.18799299999999,"restaurant,food,point_of_interest,establishment",restaurant,OPERATIONAL,4.8,9.0
ChIJlyO7qfBVNIgRWVHAub9IFWg,Fellinis Pizzeria,"26 West Pike Street, Canonsburg",40.25877449999999,-80.18729619999999,"restaurant,meal_delivery,food,point_of_interest,establishment",restaurant,OPERATIONAL,3.9,83.0
ChIJ_xw29X9TNIgRL_haztzXONg,Canonsburg UP Church,"112 W Pike St, Canonsburg",40.2585144,-80.1888508,"church,place_of_worship,point_of_interest,establishment",food_bank,OPERATIONAL,4.6,30.0
ChIJnad8E-9TNIgRHwEwqEpjGBM,Canonsburg Farmer's Market,"317 W Pike St, Canonsburg",40.2579155,-80.1943811,"grocery_or_supermarket,store,food,point_of_interest,establishment",farmers_market,OPERATIONAL,,
ChIJ8Tlom11UNIgRe4JpIFW4Ja8,bp,"100 McClelland Road, Canonsburg",40.26493,-80.1691,"gas_station,supermarket,grocery_or_supermarket,food,store,point_of_interest,establishment",grocery,OPERATIONAL,4.1,43.0
ChIJz5uvV4lUNIgR-RzbS_OI6UM,Sheetz,"2401 Washington Road, Canonsburg",40.252425,-80.1713548,"convenience_store,gas_station,car_wash,cafe,liquor_store,store,restaurant,food,point_of_interest,establishment","convenience,restaurant",OPERATIONAL,3.1,132.0
ChIJo7bsqHxUNIgRrATeqxeQ08s,Marathon Gas,"301 Euclid Avenue, Canonsburg",40.2623177,-80.1773596,"convenience_store,gas_station,store,food,point_of_interest,establishment",convenience,OPERATIONAL,3.0,33.0
ChIJSdVk93xUNIgRS_Rgsi_KoZY,Dollar General,"145 Adams Avenue, Canonsburg",40.2612934,-80.17865719999999,"drugstore,convenience_store,grocery_or_supermarket,health,store,food,point_of_interest,establishment",convenience,OPERATIONAL,3.7,437.0
ChIJUeWvYmNUNIgR-YsWKu0K1hQ,Walgreens,"100 Cavasina Drive, Canonsburg",40.2622946,-80.17426329999999,"drugstore,convenience_store,clothing_store,health,store,food,point_of_interest,establishment",convenience,OPERATIONAL,3.4,17.0
ChIJ9YLXA3tUNIgRkUAX1yS8Wco,Beer Shop - Canonsburg Mini Mart - Vape - Beer Shop,"368 Euclid Avenue, Canonsburg",40.265181,-80.1780449,"convenience_store,liquor_store,store,food,point_of_interest,establishment",convenience,OPERATIONAL,3.9,14.0
ChIJAaTEd9BVNIgR3XDYa43Oto0,CANMART Convenience & Tobacco Vape,"439 Chartiers Avenue, Canonsburg",40.2660915,-80.17520750000001,"convenience_store,store,food,point_of_interest,establishment",convenience,OPERATIONAL,,
ChIJoTmM0H1UNIgRxFwA0tvH_rA,Subway,"175 East Pike Street, Canonsburg",40.260119,-80.1814454,"meal_takeaway,restaurant,food,point_of_interest,establishment","fast_food,restaurant",OPERATIONAL,3.7,242.0
ChIJs661d35UNIgR_anFV3W0li4,Little Caesars Pizza,"152 East Pike Street, Canonsburg",40.259326,-80.182298,"meal_takeaway,meal_delivery,restaurant,food,point_of_interest,establishment","fast_food,restaurant",OPERATIONAL,4.0,351.0
ChIJtTC4ZGRUNIgRu0jE269unr8,Starbucks Coffee Company,"111 Cavasina Drive, Canonsburg",40.26288,-80.17312,"cafe,store,restaurant,food,point_of_interest,establishment",restaurant,OPERATIONAL,4.2,705.0
ChIJtbMXYmRUNIgRd3t2cTLXTqE,Papa Johns Pizza,"113 Cavasina Drive, Canonsburg",40.2633649,-80.17387049999999,"restaurant,food,point_of_interest,establishment",restaurant,OPERATIONAL,3.2,128.0
ChIJtbMXYmRUNIgRwXrZW-ZiCVc,Wendy's,"113 Cavasina Drive, Canonsburg",40.26378200000001,-80.1732648,"restaurant,food,point_of_interest,establishment",restaurant,OPERATIONAL,3.9,774.0
ChIJq4LYoWRUNIgRjATWvwF-sY8,Dunkin',"105 Cavasina Drive, Canonsburg",40.262563,-80.1749404,"bakery,cafe,meal_takeaway,store,restaurant,food,point_of_interest,establishment","fast_food,restaurant",OPERATIONAL,3.6,489.0
ChIJLaoSYmRUNIgR70JdwWWINtI,Pizza Hut,"101 Cavasina Drive, Canonsburg",40.2622797,-80.1754649,"meal_takeaway,meal_delivery,restaurant,food,point_of_interest,establishment","fast_food,restaurant",OPERATIONAL,3.6,460.0
ChIJQTSuxX9UNIgRugvgGVC7WKM,Big Fella's Pizza Deli & Wings,"47 East Pike Street, Canonsburg",40.2594178,-80.1851744,"restaurant,food,point_of_interest,establishment",restaurant,OPERATIONAL,4.1,421.0
ChIJk0MGvWVUNIgRgsThSUGw7f4,Sam's Pizza Shop,"525 Adams Avenue, Canonsburg",40.26584119999999,-80.1729491,"restaurant,food,point_of_interest,establishment",restaurant,OPERATIONAL,4.5,189.0
ChIJtbMXYmRUNIgRGD9vLrYk_9Q,Pan Wei Buffet & Grill,"113 Cavasina Drive, Canonsburg",40.2635793,-80.1736123,"restaurant,food,point_of_interest,establishment",restaurant,OPERATIONAL,3.9,350.0
ChIJv7vWYGRUNIgR-7t4clOpxHk,McDonald's,"100 Bobby Vinton Boulevard, Canonsburg",40.2636234,-80.1722454,"cafe,store,restaurant,food,point_of_interest,establishment",restaurant,OPERATIONAL,3.4,1415.0
ChIJo6gWYmRUNIgR03azqkA1DgM,KFC,"109 Cavasina Drive, Canonsburg",40.2628694,-80.174589,"restaurant,food,point_of_interest,establishment",restaurant,OPERATIONAL,3.3,461.0
ChIJo6gWYmRUNIgR4Ug-OLGgcS4,Taco Bell / KFC,"109 Cavasina Drive, Canonsburg",40.2628834,-80.17458289999999,"meal_takeaway,restaurant,food,point_of_interest,establishment","fast_food,restaurant",OPERATIONAL,3.3,449.0
ChIJpd1leWRUNIgREW3VaJA2T3Q,Hog Fathers BBQ,"113 Cavasina Drive, Canonsburg",40.26318610000001,-80.1740639,"restaurant,food,point_of_interest,establishment",restaurant,CLOSED_TEMPORARILY,4.2,421.0
ChIJVVVVVTRRNIgRjjuFgl4twlk,Alice's Restaurant,"361 Euclid Avenue, Canonsburg",40.2648459,-80.1790851,"restaurant,food,point_of_interest,establishment",restaurant,OPERATIONAL,4.7,656.0
ChIJx-N6DohVNIgRY1kkT0ukTpI,Davis Diner,"800 1st Street, Canonsburg",40.2676198,-80.1803211,"restaurant,food,point_of_interest,establishment",restaurant,OPERATIONAL,4.6,159.0
ChIJi3zM9npUNIgRgQiyjvqCC1s,Arleo's Pizza Company,"800 1st Street, Canonsburg",40.267674,-80.18037900000002,"restaurant,food,point_of_interest,establishment",restaurant,OPERATIONAL,4.5,204.0
ChIJlYtnXmZUNIgRsRL7Q0QcwIU,Gourmet Grab-N-Go,United States,40.264641,-80.1692338,"restaurant,food,point_of_interest,establishment",restaurant,OPERATIONAL,,
ChIJMf0otO1VNIgRAV1bP8pCkY0,Harry E Hopskins Brewery,"546 Euclid Avenue, Canonsburg",40.2682133,-80.1746411,"bar,restaurant,food,point_of_interest,establishment",restaurant,OPERATIONAL,4.5,36.0
ChIJA6_WXDxVNIgRXDcF1jVUkuM,Amoco,"2601 Washington Road, Canonsburg",40.2558814,-80.1540629,"gas_station,supermarket,grocery_or_supermarket,store,food,point_of_interest,establishment",grocery,OPERATIONAL,3.3,3.0
ChIJT_Ij41dUNIgRVpcQ0xpxXlA,Coen Markets,"2601 Washington Road, Canonsburg",40.2558411,-80.1540188,"convenience_store,gas_station,cafe,meal_takeaway,liquor_store,store,restaurant,food,point_of_interest,establishment","convenience,fast_food,restaurant",OPERATIONAL,4.1,80.0
ChIJQ6uaxldUNIgRGRxbnJo4HyY,Sonic Drive-In,"2611 Washington Road, North Strabane Township",40.2562727,-80.1521676,"meal_takeaway,store,restaurant,food,point_of_interest,establishment","fast_food,restaurant",OPERATIONAL,3.9,1381.0
ChIJ3zgHELlVNIgRh-jDiT48ks4,Giant Eagle Supermarket,"4007 Washington Road, McMurray",40.2691352,-80.1266328,"grocery_or_supermarket,supermarket,food,store,point_of_interest,establishment",grocery,OPERATIONAL,4.1,817.0
ChIJ6yT0JHlVNIgRhjzbbWEhTKk,ALDI,"4041 Washington Road, McMurray",40.267014,-80.127326,"supermarket,grocery_or_supermarket,food,store,point_of_interest,establishment",grocery,OPERATIONAL,4.6,209.0
ChIJNRoBnaf4NIgRMkOxBWgueiw,GetGo Gas Station & WetGo Car Wash,"4031 Washington Road, McMurray",40.2686226,-80.1280286,"gas_station,car_wash,cafe,convenience_store,store,food,point_of_interest,establishment",convenience,OPERATIONAL,3.3,29.0
ChIJB8Ap-bpVNIgR8wqHlBTIyX4,Atria's Restaurant - Peters Township,"4059 Washington Road, McMurray",40.2658195,-80.12807219999999,"restaurant,food,point_of_interest,establishment",restaurant,OPERATIONAL,4.2,791.0
ChIJIYUTDLlVNIgRBkqgs_2nnnw,Juniper Grill - Peters Township,"4000 Washington Road, Peters Township",40.2685868,-80.12921329999999,"restaurant,food,point_of_interest,establishment",restaurant,OPERATIONAL,4.4,1122.0
ChIJGY22SbpVNIgRAYFrxZR5FK0,Capstone Grill,"4050 Washington Road, Canonsburg",40.2670936,-80.12943260000002,"restaurant,bar,food,point_of_interest,establishment",restaurant,OPERATIONAL,4.5,557.0
ChIJqQar-K9VNIgRZ0i_97r6Xn8,Panera Bread,"4127 Washington Road, McMurray",40.2630012,-80.1313457,"cafe,meal_takeaway,bakery,store,restaurant,food,point_of_interest,establishment","fast_food,restaurant",OPERATIONAL,3.9,414.0
ChIJ01rJo7lVNIgRBy2LVHVe3fs,Anthony's Coal Fired Pizza & Wings,"102 McDowell Lane, McMurray",40.2700708,-80.12926809999999,"meal_takeaway,meal_delivery,store,restaurant,food,point_of_interest,establishment","fast_food,restaurant",OPERATIONAL,4.4,772.0
ChIJwXllVLpVNIgRlMGHzgW3QEQ,Cedars Mediterranean Cuisine,"4071 Washington Road, McMurray",40.2657472,-80.127825,"restaurant,food,point_of_interest,establishment",restaurant,OPERATIONAL,4.5,217.0
ChIJV1-MS65VNIgRAjesGTeDfwU,Subway,"1017 Waterdam Plaza Drive, McMurray",40.2629616,-80.1351624,"meal_takeaway,restaurant,food,point_of_interest,establishment","fast_food,restaurant",OPERATIONAL,3.6,68.0
ChIJj4z7wLpVNIgRlkUDY2W_leI,Bean Curd,"Waterdam Center, 4147 Washington Road, McMurray",40.26255949999999,-80.1320894,"restaurant,food,point_of_interest,establishment",restaurant,OPERATIONAL,4.5,554.0
ChIJZ5IuUrpVNIgRTMR1MgOtRSI,Franco's Trattoria,"4120 Washington Road, Canonsburg",40.26464800000001,-80.130979,"bar,restaurant,food,point_of_interest,establishment",restaurant,OPERATIONAL,4.5,601.0
ChIJJV7uNbdVNIgRw9YZT4N7UnI,Mad Mex,"200 Lakeside Drive North, Canonsburg",40.2698974,-80.13332419999999,"restaurant,food,point_of_interest,establishment",restaurant,OPERATIONAL,4.2,1216.0
ChIJNf_Ux69VNIgR6AtCjSlcTd8,Benichopsticks Restaurant,"1025 Waterdam Plaza Drive, McMurray",40.2628684,-80.1353784,"restaurant,food,point_of_interest,establishment",restaurant,OPERATIONAL,4.4,416.0
ChIJ07Wv-q9VNIgR8dIYphtOWE8,El Campesino,"4093 Washington Road, McMurray",40.2652038,-80.129052,"restaurant,food,point_of_interest,establishment",restaurant,OPERATIONAL,4.4,932.0
ChIJ3z-s-K9VNIgRdaYt8eCjDP8,Harry's Pizza,"4133 Washington Road, Canonsburg",40.262906,-80.13139799999999,"restaurant,food,point_of_interest,establishment",restaurant,OPERATIONAL,4.6,512.0
ChIJnSsv-bpVNIgRW65D-TSpIME,Jersey Mike's Subs,4123 Washington Road Peters (Township of,40.2636408,-80.1310166,"meal_takeaway,store,restaurant,food,point_of_interest,establishment","fast_food,restaurant",OPERATIONAL,4.3,499.0
ChIJpUFQ0LtVNIgRHgFcacRKZfI,Applebee's Grill + Bar,"4039 Washington Road, McMurray",40.2679806,-80.12826040000002,"restaurant,bar,food,point_of_interest,establishment",restaurant,OPERATIONAL,4.1,723.0
ChIJR9H09rpVNIgRl2I4xu4hkLk,Starbucks Coffee Company,"Lakeside Plaza, 4080 Washington Road, McMurray",40.26592,-80.12984999999999,"cafe,store,restaurant,food,point_of_interest,establishment",restaurant,OPERATIONAL,4.3,245.0
ChIJN1rUx69VNIgRE2QXUF8Un_4,OLLIES PIZZA,"1009 Waterdam Plaza Drive, Canonsburg",40.263089,-80.1348411,"meal_delivery,restaurant,food,point_of_interest,establishment",restaurant,OPERATIONAL,4.4,123.0
ChIJ79mlwa9VNIgRBta6ZKo0XBU,Grande Italian Restaurant,"4205 Washington Road, McMurray",40.261875,-80.13381199999999,"meal_takeaway,night_club,bar,restaurant,food,point_of_interest,establishment","fast_food,restaurant",OPERATIONAL,4.4,398.0
ChIJS0zY9bpVNIgR4mMpx_H-6S0,Aladdin's McMurray,"4080 Washington Road, McMurray",40.2658333,-80.13000000000001,"restaurant,food,point_of_interest,establishment",restaurant,OPERATIONAL,4.6,454.0
ChIJ08-hwzFXNIgR2U3yie378-U,Five Guys,"4175 Washington Road, McMurray",40.26238059999999,-80.13245599999999,"meal_takeaway,restaurant,food,point_of_interest,establishment","fast_food,restaurant",OPERATIONAL,3.9,18.0
ChIJrW9SEtdVNIgR7KY8ySvBUZI,PrimoHoagies,"4080 Washington Road, McMurray",40.2658503,-80.1300303,"meal_takeaway,store,restaurant,food,point_of_interest,establishment","fast_food,restaurant",OPERATIONAL,4.1,136.0
ChIJp1fUx69VNIgReD-WN-c-i-4,Dairy Queen Grill & Chill,"102 McDowell Lane, McMurray",40.2700048,-80.1293689,"store,restaurant,food,point_of_interest,establishment",restaurant,OPERATIONAL,3.9,286.0
ChIJf6AqB9JVNIgRqjkDeI53H9s,Picadeli,"4007 Washington Road, McMurray",40.2691352,-80.1266328,"restaurant,food,point_of_interest,establishment",restaurant,OPERATIONAL,,
ChIJ0QPoSLlVNIgR0ZnjCsfxkEc,Giant Eagle Prepared Foods,"4007 Washington Road, McMurray",40.2696517,-80.1268683,"meal_takeaway,restaurant,food,point_of_interest,establishment","fast_food,restaurant",OPERATIONAL,3.3,3.0
ChIJZcMErTBUNIgR282tZ5vkZn4,Meals on Wheels,"3909 Washington Rd #201, McMurray",40.27143969999999,-80.12557319999999,"point_of_interest,establishment",food_bank,OPERATIONAL,5.0,8.0
ChIJVe3j3rhVNIgREGSLXoS2xbU,Donaldson’s Crossroads,"4004 Washington Rd, McMurray",40.2701559,-80.1266151,"shopping_mall,point_of_interest,establishment",food_bank,OPERATIONAL,4.3,1019.0
ChIJLfXnvmn_NIgRaylsdpysr6w,Simmons Farm,"170 Simmons Rd, McMurray",40.2683203,-80.08332279999999,"grocery_or_supermarket,store,food,point_of_interest,establishment",farmers_market,OPERATIONAL,4.5,707.0
ChIJ1QGijKT-NIgR-lXp4uFMAFE,Dollar General,"6239 Pennsylvania 88, Finleyville",40.2699737,-80.0181274,"drugstore,convenience_store,grocery_or_supermarket,store,health,food,point_of_interest,establishment",convenience,OPERATIONAL,4.2,256.0
ChIJo72ra6T-NIgRyXpEL2j5YGE,Subway,"6225 Pennsylvania 88, Finleyville",40.2696348,-80.0160731,"meal_takeaway,restaurant,food,point_of_interest,establishment","fast_food,restaurant",OPERATIONAL,4.1,139.0
ChIJrYpQJrv-NIgRPrSLTbnnyBU,Tiki Bar,"6285 Pennsylvania 88, Finleyville",40.2708717,-80.0208051,"bar,restaurant,food,point_of_interest,establishment",restaurant,OPERATIONAL,4.5,314.0
ChIJmfdaJrv-NIgRnIKBTBv_jPg,Beach House Restaurant,"6285 Pennsylvania 88, Finleyville",40.2714447,-80.0209354,"restaurant,food,point_of_interest,establishment",restaurant,OPERATIONAL,4.4,405.0
ChIJh2S716b-NIgRZ2IO428anhw,Dairy Queen Grill & Chill,"6180 Pennsylvania 88, Finleyville",40.26991269999999,-80.0130267,"store,restaurant,food,point_of_interest,establishment",restaurant,OPERATIONAL,4.1,497.0
ChIJDf9ZFiL9NIgRMhpruI0PKBY,V&V Scratch Kitchen,"6108 Brownsville Road Extension, Finleyville",40.2663889,-80.0025,"restaurant,food,point_of_interest,establishment",restaurant,OPERATIONAL,4.7,783.0
ChIJQT61n4b_NIgRbSfkrMLxU9Q,Herman's Farm Market,Finleyville,40.26886150000001,-80.01151829999999,"point_of_interest,establishment",farmers_market,OPERATIONAL,4.7,18.0
ChIJn0mi-R_lNIgRZYU8BHWx0xg,Dollar General,"1227 Pennsylvania 837, Jefferson Hills",40.2560135,-79.9206756,"drugstore,convenience_store,grocery_or_supermarket,store,health,food,point_of_interest,establishment",convenience,OPERATIONAL,3.9,88.0
ChIJmwdNYs_jNIgR-z6wFke5BIc,Rum Monkeys Pizza & Pub,"1617 State Street, Jefferson Hills",40.2595744,-79.917126,"bar,restaurant,food,point_of_interest,establishment",restaurant,OPERATIONAL,4.4,101.0
ChIJ3zBtClzjNIgR5fYceSEjaUE,Shop N Go,"2226 Pennsylvania 837, Jefferson Hills",40.2682532,-79.9022099,"convenience_store,cafe,atm,meal_takeaway,finance,store,restaurant,food,point_of_interest,establishment","convenience,fast_food,restaurant",OPERATIONAL,4.4,20.0
ChIJmzIIdWDjNIgRu__5TbbfirE,Olivet Presbyterian - Food Distribution Center,"726 4th St, West Elizabeth",40.272251,-79.896759,"food,point_of_interest,establishment",food_bank,OPERATIONAL,5.0,1.0
ChIJOS4HRV3jNIgRnp8OFnfGIjE,Elizabeth Baptist Church,"735 Bunola River Rd, Elizabeth",40.2638515,-79.8979207,"church,place_of_worship,point_of_interest,establishment",food_bank,OPERATIONAL,4.5,24.0
ChIJ_W_ReHnjNIgRHxaescuwUzI,GetGo Cafe' + Market,"998 Hayden Boulevard, Elizabeth",40.2648018,-79.8793568,"grocery_or_supermarket,supermarket,store,food,point_of_interest,establishment",grocery,OPERATIONAL,4.3,117.0
ChIJhWaOCEriNIgR7Q3eYb2EyVI,GetGo Café + Market,"998 Hayden Boulevard, Elizabeth",40.2640872,-79.8788289,"gas_station,cafe,convenience_store,store,food,point_of_interest,establishment",convenience,OPERATIONAL,3.3,65.0
ChIJmxCu-XbjNIgRY1FpcyaMHEo,GetGo Gas Station,"1000 Hayden Boulevard, Elizabeth",40.26475749999999,-79.87942699999999,"gas_station,cafe,convenience_store,store,food,point_of_interest,establishment",convenience,OPERATIONAL,4.6,9.0
ChIJq-V3cXnjNIgRSpdqv0Zsb5Y,Getgo Kitchen,United States,40.2648643,-79.87938009999999,"convenience_store,store,food,point_of_interest,establishment",convenience,OPERATIONAL,,
ChIJmZyP3cjmNIgR-E1G0D3qa8Y,Butler's Golf Course,"800 Rock Run Road, Elizabeth",40.26764960000001,-79.8126214,"lodging,health,restaurant,food,point_of_interest,establishment",restaurant,OPERATIONAL,4.0,212.0
ChIJmZyP3cjmNIgRA837D0-bnXI,Rock Run Inn: Restaurant & Banquets,"800 Rock Run Road, Elizabeth",40.267766,-79.812641,"bar,restaurant,food,point_of_interest,establishment",restaurant,OPERATIONAL,4.4,134.0
ChIJg-20WdvhNIgRjm0SJG__tHY,rockys bbq,"860 Scott Haven Road, Sutersville",40.2556157,-79.788749,"restaurant,food,point_of_interest,establishment",restaurant,CLOSED_TEMPORARILY,4.3,15.0
ChIJl0Epz1PnNIgRk6bHfXdvxi4,Morris Organic Farm,"110 Slebodnik Rd, Irwin",40.264645,-79.7478067,"point_of_interest,establishment",farmers_market,OPERATIONAL,4.7,34.0
ChIJS6OI4y7dNIgRMbIRcka62Ec,Par Mar Stores,"9 Highland Avenue, Herminie",40.2614587,-79.719754,"convenience_store,food,store,point_of_interest,establishment",convenience,OPERATIONAL,3.2,6.0
ChIJqTuY4JXdNIgRiz9AZIl7iVo,Dollar General,"205 Highland Avenue, Herminie",40.2616721,-79.71557949999999,"convenience_store,drugstore,grocery_or_supermarket,food,health,store,point_of_interest,establishment",convenience,OPERATIONAL,4.1,150.0
ChIJxduPZkfeNIgRXLawO-WCE0E,Dairy Queen Grill & Chill,"1493 Herminie West Newton Road, Herminie",40.261508,-79.720737,"store,restaurant,food,point_of_interest,establishment",restaurant,OPERATIONAL,3.9,359.0
ChIJQSYJUufdNIgRxfORZaNaH38,Fox's Pizza Den,"34 Sewickley Avenue, Herminie",40.2631539,-79.7183144,"meal_delivery,restaurant,food,point_of_interest,establishment",restaurant,OPERATIONAL,4.0,110.0
ChIJfbQr7N3dNIgRTV6FsKQ74lU,Herminie Diner,"103 Sewickley Avenue, Herminie",40.26368409999999,-79.71665329999999,"restaurant,food,point_of_interest,establishment",restaurant,OPERATIONAL,4.7,431.0
ChIJDQGylufdNIgReEXE66r8X2Y,Sunoco,"3331 Clay Pike, Herminie",40.2661305,-79.7186402,"gas_station,convenience_store,food,store,point_of_interest,establishment",convenience,OPERATIONAL,4.1,36.0
ChIJ4W9HMK7dNIgRSIbAZ2qX2mA,Food Mart,"3331 Clay Pike, Herminie",40.2661628,-79.71863119999999,"convenience_store,food,store,point_of_interest,establishment",convenience,OPERATIONAL,5.0,1.0
ChIJ7W5MzN3dNIgRCiKvVEb-gs4,Sweetwater Tavern,"222 Sewickley Avenue, Herminie",40.26341799999999,-79.715221,"restaurant,food,point_of_interest,establishment",restaurant,OPERATIONAL,4.9,36.0
ChIJpwtI0Y9NNIgRsWe8pbVSsMA,Shady Elms Kitchen,"4050 Henderson Road, Hickory",40.2813305,-80.32795039999999,"restaurant,food,point_of_interest,establishment",restaurant,OPERATIONAL,4.7,48.0
ChIJVVVVVTRRNIgRNlIzvzQGb5o,Country Fixin's,"1402 Pennsylvania 980, Canonsburg",40.278356,-80.198976,"restaurant,food,point_of_interest,establishment",restaurant,OPERATIONAL,4.2,162.0
ChIJCcqB5mpUNIgRx7u9x1C0esc,All Star Sports Bar & Grill,"1900 Main Street, Canonsburg",40.2753404,-80.167693,"bar,restaurant,food,point_of_interest,establishment",restaurant,OPERATIONAL,3.8,865.0
ChIJd32n7mpUNIgR1bKPoNRwx-w,Jimmy John's,"1800 Main Street #104, Canonsburg",40.2753238,-80.1666843,"restaurant,food,point_of_interest,establishment",restaurant,OPERATIONAL,3.8,126.0
ChIJO4gWOIVVNIgR7jueqcpXeNs,Desire to be Well Juicery - Fresh Express at Southpointe,"333 Technology Drive, Canonsburg",40.28304349999999,-80.1759545,"restaurant,food,point_of_interest,establishment",restaurant,OPERATIONAL,5.0,9.0
ChIJocyB6mpUNIgRCtltrhCn01I,Toscana Brick Oven,"1800 Main Street, Canonsburg",40.2756391,-80.1675001,"restaurant,food,point_of_interest,establishment",restaurant,OPERATIONAL,4.4,603.0
ChIJX3LCg2pUNIgRulDd9tDC8FA,Zoup! Eatery,"1900 Main Street Suite 111, Canonsburg",40.2750604,-80.167191,"restaurant,food,point_of_interest,establishment",restaurant,OPERATIONAL,4.3,261.0
ChIJNY4qcIFVNIgRTq6QJuiB9gc,Steel City Subs,"1900 Main Street, Canonsburg",40.2751106,-80.16720029999999,"restaurant,food,point_of_interest,establishment",restaurant,OPERATIONAL,1.0,1.0
ChIJ_fo15QxVNIgR1mAXCWNxI8w,LaBella Bean Coffee House and Eatery,"1900 Main Street, Canonsburg",40.2751106,-80.16720029999999,"cafe,bakery,store,restaurant,food,point_of_interest,establishment",restaurant,OPERATIONAL,4.6,40.0
ChIJ5_R25k9VNIgRL7JsmZfR4fs,Nate's Chop House,"1900 Main Street, Canonsburg",40.2750358,-80.166608,"restaurant,food,point_of_interest,establishment",restaurant,OPERATIONAL,4.3,654.0
ChIJleICih5VNIgR6D4yGihToBA,Baxter’s R•Cade,"1800 Main Street Suite 100, Canonsburg",40.2752734,-80.16638909999999,"restaurant,bar,food,point_of_interest,establishment",restaurant,OPERATIONAL,4.0,71.0
ChIJy3w1eHRVNIgRHB3jUQlzLGc,Fuzed Asian American Cuisine,"325 Southpointe Boulevard suite 400, Canonsburg",40.2871,-80.1725537,"restaurant,food,point_of_interest,establishment",restaurant,OPERATIONAL,4.2,59.0
ChIJNRq5RMFVNIgRJq99ZGwbVUk,Los Bajitos Mexican Restaurant & Grill,"325 Southpointe Boulevard, Canonsburg",40.2871,-80.1725537,"restaurant,food,point_of_interest,establishment",restaurant,OPERATIONAL,4.6,368.0
ChIJ2UVI8G1VNIgRjbSXF1eH_4w,Food Helpers - Southpointe,"1000 Horizon Vue Dr Suite HQ1D15, Canonsburg",40.2792132,-80.166755,"point_of_interest,establishment",food_bank,OPERATIONAL,,
ChIJ7WdGEj9UNIgRR7uqvc4YMck,Bubba's Gourmet Burghers & Beer - Southpointe,"114 Southpointe Boulevard, Canonsburg",40.2780609,-80.16166679999999,"restaurant,food,point_of_interest,establishment",restaurant,OPERATIONAL,4.0,641.0
ChIJT05BpLhVNIgRFZyfuF745Fc,Walgreens,"100 East McMurray Road, McMurray",40.2724218,-80.12678129999999,"drugstore,convenience_store,clothing_store,food,health,store,point_of_interest,establishment",convenience,OPERATIONAL,3.2,35.0
ChIJc24FTsdVNIgRCXltHdSwF_k,bp,"3841 Washington Road, Canonsburg",40.27258899999999,-80.127759,"gas_station,convenience_store,atm,finance,food,store,point_of_interest,establishment",convenience,OPERATIONAL,1.8,13.0
ChIJ5w5bkbhVNIgRQ3L2sFMWzjc,Coen Markets,"3841 Washington Road, McMurray",40.27407229999999,-80.1262948,"convenience_store,gas_station,cafe,food,store,point_of_interest,establishment",convenience,OPERATIONAL,2.0,6.0
ChIJC-eBTr9VNIgRRJskMJcxdgo,A Plus Mini Market,"120 East McMurray Road, Canonsburg",40.272057,-80.12555449999999,"convenience_store,food,store,point_of_interest,establishment",convenience,OPERATIONAL,,
ChIJmSqYo7hVNIgRsve-Xf62eww,CVS,"3870 Washington Road, McMurray",40.2729933,-80.1282904,"drugstore,convenience_store,clothing_store,food,health,store,point_of_interest,establishment",convenience,OPERATIONAL,3.2,77.0
ChIJmxQqTL9VNIgRIWB2hl03RFg,Sunoco,"120 East McMurray Road, McMurray",40.272164,-80.1254744,"gas_station,convenience_store,food,store,point_of_interest,establishment",convenience,OPERATIONAL,2.7,13.0
ChIJIctxNcdVNIgRFO3wUat-qRI,Bados Cucina,"3825 Washington Road, Canonsburg",40.27452609999999,-80.1259639,"restaurant,food,point_of_interest,establishment",restaurant,OPERATIONAL,4.3,60.0
ChIJJZ72uLhVNIgRflRwa1WVgD8,Taco Bell,"3887 Washington Road, McMurray",40.2722038,-80.12681010000001,"meal_takeaway,restaurant,food,point_of_interest,establishment","fast_food,restaurant",OPERATIONAL,3.8,477.0
ChIJVWZFprhVNIgRt2OdT2Jh3L0,Einstein Bros. Bagels,"3855 Washington Road, McMurray",40.2731615,-80.12637289999999,"cafe,bakery,store,restaurant,food,point_of_interest,establishment",restaurant,OPERATIONAL,4.1,269.0
ChIJdeW80MBVNIgRZ_qqRNmF81s,Fiori's Pizzaria,"3801 Washington Road, Canonsburg",40.27544779999999,-80.1253891,"restaurant,food,point_of_interest,establishment",restaurant,OPERATIONAL,4.6,1654.0
ChIJISACWsdVNIgR9Q8fnD2U_2M,Chipotle Mexican Grill,"3840 Washington Road, Canonsburg",40.2740632,-80.1272376,"restaurant,food,point_of_interest,establishment",restaurant,OPERATIONAL,3.4,567.0
ChIJodjE6bhVNIgRz8hFxj7znto,Italian Village Pizza,"3925 Washington Road, Canonsburg",40.2710958,-80.1261435,"meal_delivery,restaurant,food,point_of_interest,establishment",restaurant,OPERATIONAL,3.9,187.0
ChIJxSg9U8JVNIgRP57aw6l9KGM,Mm Mm Pizza,"3637 Washington Road #8, McMurray",40.2803532,-80.12277069999999,"meal_delivery,restaurant,food,point_of_interest,establishment",restaurant,OPERATIONAL,4.1,156.0
ChIJP2UfRN1VNIgRHuCQzMkJKE0,Dunkin',"3528 Washington Road, McMurray",40.28395920000001,-80.1215374,"cafe,meal_takeaway,bakery,store,restaurant,food,point_of_interest,establishment","fast_food,restaurant",OPERATIONAL,3.8,219.0
ChIJS2sEYt1VNIgRSAM0X3dyXxo,Pizza Al's,"3504 Washington Road, Canonsburg",40.28466789999999,-80.1208267,"restaurant,food,point_of_interest,establishment",restaurant,OPERATIONAL,4.7,306.0
ChIJy64ODrlVNIgR81r_todWzRE,Rita's Italian Ice & Frozen Custard,"4013 Washington Road, McMurray",40.2710695,-80.1275418,"store,restaurant,food,point_of_interest,establishment",restaurant,CLOSED_TEMPORARILY,4.5,142.0
ChIJU9lW63RVNIgRrcKeFQSGRo4,Press'd or Blend'd,"Donaldson’s Crossroads, 3919 Washington Road, McMurray",40.2714993,-80.12699529999999,"restaurant,food,point_of_interest,establishment",restaurant,OPERATIONAL,4.3,82.0
ChIJFWN_aMFVNIgRfdlNWQMHtXQ,McDonald's,"3723 Washington Road, McMurray",40.2779174,-80.1240134,"cafe,store,restaurant,food,point_of_interest,establishment",restaurant,OPERATIONAL,3.6,770.0
ChIJ1bLZXd1VNIgR2JfYqtmXXok,Arby's,"3518 Washington Road, McMurray",40.2843421,-80.1211957,"meal_takeaway,store,restaurant,food,point_of_interest,establishment","fast_food,restaurant",OPERATIONAL,3.9,378.0
ChIJV6sXWuFVNIgRhb3iSccXu8o,Bob Evans,"3350 Washington Road, McMurray",40.2882688,-80.11634339999999,"meal_takeaway,restaurant,food,point_of_interest,establishment","fast_food,restaurant",OPERATIONAL,3.9,793.0
ChIJyf1EiOdVNIgRmcJjph0ou98,Wendy's,"3500 Washington Road, McMurray",40.2849429,-80.12071739999999,"restaurant,food,point_of_interest,establishment",restaurant,OPERATIONAL,4.1,478.0
ChIJDQuswHpVNIgRVXUqY3f5cns,La Calera Mexican Bar & Grill,"94 Center Church Road, McMurray",40.284257,-80.11884599999999,"bar,restaurant,food,point_of_interest,establishment",restaurant,OPERATIONAL,4.7,350.0
ChIJce6OqjVVNIgRUSlUoXFfTLk,Ramen King,"3351 Washington Road, Canonsburg",40.2878341,-80.11502829999999,"restaurant,food,point_of_interest,establishment",restaurant,OPERATIONAL,4.7,440.0
ChIJ4cybRt1VNIgR1yJrDYKvL_U,Eat'n Park,"3380 Washington Road #1, McMurray",40.28775019999999,-80.1170501,"meal_takeaway,restaurant,food,point_of_interest,establishment","fast_food,restaurant",OPERATIONAL,4.0,1010.0
ChIJr8OWyUj_NIgR7zFZYDClDT4,Heisler's Market,"601 East McMurray Road, McMurray",40.28013180000001,-80.0840041,"supermarket,atm,finance,grocery_or_supermarket,cafe,store,food,point_of_interest,establishment",grocery,OPERATIONAL,4.4,310.0
ChIJdT6qkEX_NIgRTzBsWTVeUUc,Subway,"505 Valley Brook Road Suite 104, McMurray",40.27896,-80.0822213,"meal_takeaway,restaurant,food,point_of_interest,establishment","fast_food,restaurant",OPERATIONAL,4.1,77.0
ChIJZWnOZEX_NIgRr5yCyziqrZc,Starbucks Coffee Company,"Shoppes at Valleybrook, 465 Valley Brook Road, McMurray",40.27956,-80.08457,"cafe,store,restaurant,food,point_of_interest,establishment",restaurant,OPERATIONAL,4.1,259.0
ChIJJdKGnEX_NIgRliHr7hRafQk,Lorenzo's Pub and Pizza,"607 East McMurray Road, McMurray",40.27978890000001,-80.08341159999999,"restaurant,food,point_of_interest,establishment",restaurant,OPERATIONAL,4.5,282.0
ChIJgVnreEX_NIgRABSMIYjDlag,Cowtastic Frozen Yogurt,"465 Valley Brook Road #2, McMurray",40.27955879999999,-80.08439179999999,"store,restaurant,food,point_of_interest,establishment",restaurant,OPERATIONAL,4.2,107.0
ChIJx8oO9k__NIgRpcP_s3OliA4,China Express MCMURRAY,"465 Valley Brook Road, Canonsburg",40.27949,-80.084248,"meal_takeaway,restaurant,food,point_of_interest,establishment","fast_food,restaurant",OPERATIONAL,4.4,114.0
ChIJKQ6r_U__NIgR0jUF-0CzI44,Bruster's Real Ice Cream,"444 Valley Brook Road, McMurray",40.28051799999999,-80.0872349,"bakery,store,restaurant,food,point_of_interest,establishment",restaurant,OPERATIONAL,4.6,285.0
ChIJH8qlJh7_NIgRWv8YavzUpDM,Parea Gyros,"502 Valley Brook Road, McMurray",40.27842529999999,-80.08324999999999,"restaurant,food,point_of_interest,establishment",restaurant,OPERATIONAL,4.1,265.0
ChIJT5yTN07_NIgR7pNzLa8CeqY,St. Benedict the Abbot Church - St. John XXIII Parish,"120 Abington Dr, McMurray",40.2821887,-80.08448419999999,"church,place_of_worship,point_of_interest,establishment",food_bank,OPERATIONAL,4.6,47.0
ChIJ59ekckf_NIgRXJTnVINKG8o,1781 Club,"681 Church Hill Road, Finleyville",40.2777205,-80.0455604,"bar,restaurant,food,point_of_interest,establishment",restaurant,OPERATIONAL,4.0,180.0
ChIJM0Cbj0v5NIgRagj2pJun4zY,Peters Creek Baptist Church,"6300 Library Rd, South Park Township",40.2914713,-80.0306327,"church,place_of_worship,point_of_interest,establishment",food_bank,OPERATIONAL,4.7,60.0
ChIJOZz93bf-NIgRhf-SvUSTFT8,Trax Farm Market,"528 Trax Rd, Finleyville",40.2762987,-80.03040179999999,"bakery,liquor_store,home_goods_store,food,store,point_of_interest,establishment","farmers_market,food_bank",OPERATIONAL,4.5,1107.0
ChIJC0OCgoz5NIgRcfc5WFteLRo,South Park Xpress,"4114 Brownsville Road, South Park Township",40.286762,-80.02171299999999,"convenience_store,food,store,point_of_interest,establishment",convenience,OPERATIONAL,5.0,8.0
ChIJLcvi4kz5NIgR_Ovd8SOGMqo,Ya Ya's Pizza,"6555 Library Road #2, South Park Township",40.28653299999999,-80.0230321,"meal_delivery,restaurant,food,point_of_interest,establishment",restaurant,OPERATIONAL,4.3,253.0
ChIJJQNR8Uz5NIgR-wmLhBUE5uE,Hot Box Pizza & Wings,"6521 Library Road, South Park Township",40.2870688,-80.0237271,"meal_delivery,restaurant,food,point_of_interest,establishment",restaurant,OPERATIONAL,4.0,161.0
ChIJ3VVVDU35NIgRh3vfwDDve5w,My Place,"4113 Brownsville Road, South Park Township",40.2865623,-80.02141499999999,"bar,restaurant,food,point_of_interest,establishment",restaurant,OPERATIONAL,4.0,74.0
ChIJ3_skRlb5NIgRfUDxahmbbSw,Shiloh Church - South Park,"2624 Brandis Ave, South Park Township",40.2907023,-80.0111089,"church,place_of_worship,point_of_interest,establishment",food_bank,OPERATIONAL,5.0,6.0
ChIJt2AgdLD7NIgRLpT2KUiTT-4,Amoco,"2880 Brownsville Road, South Park Township",40.287895,-79.996982,"gas_station,supermarket,grocery_or_supermarket,food,store,point_of_interest,establishment",grocery,OPERATIONAL,3.3,9.0
ChIJjbjuLrH7NIgRwIXM3jllcBY,Coen Markets,"2880 Brownsville Road, South Park Township",40.28770309999999,-79.9969631,"convenience_store,gas_station,liquor_store,meal_takeaway,cafe,restaurant,food,store,point_of_interest,establishment","convenience,fast_food,restaurant",OPERATIONAL,3.3,72.0
ChIJ7zRUPADlNIgR252g1vBVQ9g,Turnaround Restaurant,"2238 Pennsylvania 51, Clairton",40.2768022,-79.90497069999999,"restaurant,food,point_of_interest,establishment",restaurant,OPERATIONAL,4.7,140.0
ChIJORXR5YLkNIgR5pGatdRyTss,bp,"141 McKeesport Road, Elizabeth",40.274567,-79.88306899999999,"gas_station,supermarket,grocery_or_supermarket,store,food,point_of_interest,establishment",grocery,OPERATIONAL,3.2,20.0
ChIJFYjdtILkNIgRByWGA3gJHng,Dollar General,"352 North 2nd Avenue, Elizabeth",40.27387149999999,-79.88511369999999,"convenience_store,drugstore,grocery_or_supermarket,food,health,store,point_of_interest,establishment",convenience,OPERATIONAL,4.0,257.0
ChIJnyWtGmDjNIgR7IGmU6zfjnQ,7-Eleven - CLOSED - Closed,"608 5th Street, West Elizabeth",40.27332239999999,-79.8962573,"convenience_store,gas_station,meal_takeaway,bakery,cafe,liquor_store,restaurant,food,store,point_of_interest,establishment","convenience,fast_food,restaurant",CLOSED_TEMPORARILY,,
ChIJzYDQTp3kNIgRx-QYB_zy8I0,Rockwell's Red Lion Restaurant,"201 South 2nd Avenue, Elizabeth",40.27208,-79.887422,"bar,restaurant,food,point_of_interest,establishment",restaurant,OPERATIONAL,4.6,478.0
ChIJBdH5mWLjNIgRI7yj_bjTopg,Mama Pepino's Pizza,"210 Plum Street, Elizabeth",40.271932,-79.887148,"meal_delivery,restaurant,food,point_of_interest,establishment",restaurant,OPERATIONAL,4.0,172.0
ChIJi-4n3UfjNIgRKXS4aTXOqH0,West E Diner,"800 5th Street, West Elizabeth",40.2721421,-79.8977932,"restaurant,food,point_of_interest,establishment",restaurant,CLOSED_TEMPORARILY,4.6,94.0
ChIJvx6vqpPjNIgRdx6UrWHgLt4,Cafe One Eleven,"111 South 2nd Avenue, Elizabeth",40.2725101,-79.8869291,"restaurant,food,point_of_interest,establishment",restaurant,OPERATIONAL,4.2,46.0
ChIJx7u0W53kNIgRVYtw671tosg,Fellini's,"107 North 2nd Avenue, Elizabeth",40.2731855,-79.88656089999999,"restaurant,food,point_of_interest,establishment",restaurant,OPERATIONAL,4.0,192.0
ChIJ29VQjJnjNIgRUHVayYm2lDg,YoungYinz,"312 Market Street, Elizabeth",40.27239000000001,-79.8863495,"restaurant,food,point_of_interest,establishment",restaurant,OPERATIONAL,4.8,113.0
ChIJjwxmNpbkNIgRuqkszJ7rVrg,Terrace Gardens,"1180 Desiderio Boulevard, Clairton",40.2863376,-79.89565569999999,"restaurant,bar,food,point_of_interest,establishment",restaurant,OPERATIONAL,4.3,153.0
ChIJbbdoNYHkNIgRBu8oktIDzLk,Wagner's Restaurant,"550 McKeesport Road, Elizabeth",40.2762967,-79.87901900000001,"restaurant,food,point_of_interest,establishment",restaurant,OPERATIONAL,4.6,379.0
ChIJrUUmmJLkNIgRz86bDzuT-NI,First Presbyterian Church,"501 Mitchell Ave, Clairton",40.29149760000001,-79.8863927,"church,place_of_worship,point_of_interest,establishment",food_bank,OPERATIONAL,5.0,2.0
ChIJjTxJMIHkNIgRKTwk17ylOew,DeCarlo's Market,"560 McKeesport Rd, Elizabeth",40.2784855,-79.875547,"grocery_or_supermarket,restaurant,food,store,point_of_interest,establishment","farmers_market,restaurant",OPERATIONAL,4.9,556.0
ChIJiRTBcYfkNIgRgVsab336rWg,Giant Eagle Supermarket,"800 McKeesport Road, Elizabeth",40.2795904,-79.875833,"grocery_or_supermarket,supermarket,food,store,point_of_interest,establishment",grocery,OPERATIONAL,4.2,723.0
ChIJVacBsE3lNIgRSp89CXEAqkY,The Barn & Barrel Bar and Grill,"504 Park Avenue, Elizabeth",40.2721249,-79.8722306,"bar,restaurant,food,point_of_interest,establishment",restaurant,OPERATIONAL,4.5,215.0
ChIJ5SmpmYfkNIgRoYTKzn29LIk,Giant Eagle Prepared Foods,"800 McKeesport Road, Elizabeth",40.2798044,-79.8758786,"meal_takeaway,restaurant,food,store,point_of_interest,establishment","fast_food,restaurant",OPERATIONAL,4.4,81.0
ChIJiXwiQo7kNIgRFKHJrmVSTpw,The Village Inn,"823 Miller Avenue, Clairton",40.28650599999999,-79.883876,"bar,restaurant,food,point_of_interest,establishment",restaurant,OPERATIONAL,4.1,137.0
ChIJl_4WBAXkNIgRaIwuBZNPpAs,Dollar General,"420 Scenery Drive, Elizabeth",40.2761122,-79.8386451,"convenience_store,drugstore,grocery_or_supermarket,food,health,store,point_of_interest,establishment",convenience,OPERATIONAL,4.1,182.0
ChIJ5fbsHQXkNIgRk5IRofnw3m4,P & W Minimart,"Exxon Gas Station, 410 Scenery Drive, Elizabeth",40.2770897,-79.8377715,"convenience_store,gas_station,food,store,point_of_interest,establishment",convenience,OPERATIONAL,4.0,33.0
ChIJS57OzwTkNIgR47HGWBn504o,Elizabeth BP,"314 Scenery Drive, Elizabeth",40.27805689999999,-79.83751699999999,"gas_station,convenience_store,food,store,point_of_interest,establishment",convenience,OPERATIONAL,4.2,16.0
ChIJTapMaBvkNIgRfbnl9F9VFLs,Italian Village Pizza,"308 Scenery Drive, Elizabeth",40.279722,-79.8365305,"meal_delivery,restaurant,food,point_of_interest,establishment",restaurant,OPERATIONAL,4.3,106.0
ChIJA0dU2BbkNIgRi_AXedNXtiI,Carriage Inn Restaurant and Catering,"1601 Lovedale Road, Elizabeth",40.284898,-79.84389,"bar,restaurant,food,point_of_interest,establishment",restaurant,OPERATIONAL,4.3,1281.0
ChIJcXrrHQXkNIgR6FGJe26rV9M,Subway,"410 Scenery Drive, Elizabeth",40.2769317,-79.837891,"meal_takeaway,restaurant,food,point_of_interest,establishment","fast_food,restaurant",OPERATIONAL,4.1,32.0
ChIJJz2VjQbkNIgR2X0Si6KVzkM,Grand Central Pizza,"601 Scenery Drive, Elizabeth",40.2723899,-79.8375731,"meal_delivery,restaurant,food,point_of_interest,establishment",restaurant,OPERATIONAL,4.2,192.0
ChIJ1VpAF-DlNIgR9gUHlq1Cnio,Candelore's Dog House Diner,"605 Scenery Drive, Elizabeth",40.27225749999999,-79.83810919999999,"restaurant,food,point_of_interest,establishment",restaurant,OPERATIONAL,4.8,104.0
ChIJP1pUkAbkNIgRpYICHpdoK1o,Bar 48,"101 Simpson Howell Road, Elizabeth",40.2725974,-79.8368742,"bar,restaurant,food,point_of_interest,establishment",restaurant,OPERATIONAL,4.4,229.0
ChIJh8EYfBvkNIgRnvzpCF7mvYY,Fox's Pizza Den,"200 Swiss Way, Elizabeth",40.2809567,-79.8349969,"meal_delivery,restaurant,food,point_of_interest,establishment",restaurant,OPERATIONAL,4.0,105.0
ChIJqcDgfRvkNIgRAhaVsZptyDQ,China Fortune,"400 Swiss Way, Elizabeth",40.28083729999999,-79.8344007,"restaurant,food,point_of_interest,establishment",restaurant,OPERATIONAL,4.4,153.0
ChIJeY3j1YznNIgRBUcxe88Vi6E,Valley Pizza Shop,"115 Industry Road, Buena Vista",40.27477400000001,-79.798791,"restaurant,food,point_of_interest,establishment",restaurant,OPERATIONAL,4.5,51.0
ChIJA7dXI9_dNIgR3qvLAfNQFwo,J-Jay's Pizza & Subs,"3242 Clay Pike, Herminie",40.27176419999999,-79.7213543,"restaurant,food,point_of_interest,establishment",restaurant,OPERATIONAL,4.7,107.0
ChIJt4tsNYPdNIgR3ilhMkeLCOE,Order.,"3028 Clay Pike, Rillton",40.2856075,-79.72618489999999,"restaurant,food,point_of_interest,establishment",restaurant,OPERATIONAL,4.6,130.0
ChIJsQBbHWfcNIgRAMlpDsuhRCo,"Logan Family Farms, LLC","101 Eisaman Rd, Irwin",40.2883005,-79.6702454,"store,food,point_of_interest,establishment",farmers_market,OPERATIONAL,5.0,280.0
ChIJFfLz0jlMNIgRfh-e9yfur3E,Coen Markets,"221 Main Street, Hickory",40.293262,-80.33313489999999,"convenience_store,gas_station,cafe,store,food,point_of_interest,establishment",convenience,OPERATIONAL,2.5,11.0
ChIJMwu9RDhMNIgRSEmWMFCbNw4,bp,"221 Main Street, Hickory",40.29328,-80.33315689999999,"gas_station,convenience_store,atm,finance,store,food,point_of_interest,establishment",convenience,OPERATIONAL,2.6,5.0
ChIJFfLz0jlMNIgR84hTCOAITp8,Hickory One Stop,"221 Main Street, Hickory",40.293262,-80.33313489999999,"convenience_store,store,food,point_of_interest,establishment",convenience,OPERATIONAL,,
ChIJMZOJajNMNIgRVCAbtiXO_N8,Dollar General,"176 Main Street, Hickory",40.2967576,-80.32283389999999,"drugstore,convenience_store,grocery_or_supermarket,health,store,food,point_of_interest,establishment",convenience,OPERATIONAL,4.2,212.0
ChIJFw4ClDNMNIgR6qapFGRK8Pk,Subway,"186 Main Street, Hickory",40.29643720000001,-80.32438929999999,"meal_takeaway,restaurant,food,point_of_interest,establishment","fast_food,restaurant",OPERATIONAL,4.0,214.0
ChIJdXnQER1UNIgRUkS7dG0QKzs,Southpointe Golf Club,"360 Southpointe Boulevard, Canonsburg",40.292419,-80.173039,"restaurant,food,point_of_interest,establishment",restaurant,OPERATIONAL,4.7,318.0
ChIJP94G5KdWNIgR33bYlJpHwbw,Subway,"1200 Corporate Drive, Canonsburg",40.2994753,-80.17443709999999,"meal_takeaway,restaurant,food,point_of_interest,establishment","fast_food,restaurant",OPERATIONAL,4.3,72.0
ChIJdXnQER1UNIgRuRQf7sIt4f4,Southpointe Golf Deli,"360 Southpointe Boulevard, Canonsburg",40.2923359,-80.1730408,"store,restaurant,food,point_of_interest,establishment",restaurant,OPERATIONAL,,
ChIJP94G5KdWNIgRLdFahcPLLB4,Jacksons - Southpointe,"1100 Corporate Drive, Canonsburg",40.2989378,-80.17385569999999,"restaurant,food,point_of_interest,establishment",restaurant,OPERATIONAL,4.4,601.0
ChIJ5-vUKYNWNIgRDRIGtFlRpuE,Vincent's Southpointe,"673 Morganza Road, Canonsburg",40.297089,-80.158182,"restaurant,food,point_of_interest,establishment",restaurant,OPERATIONAL,4.4,322.0
ChIJ0YpAGnpWNIgRGS0LrO65ruM,Valley Brook Country Club,"425 Hidden Valley Road, Canonsburg",40.29984919999999,-80.1328454,"store,health,restaurant,food,point_of_interest,establishment",restaurant,OPERATIONAL,4.5,207.0
ChIJ5ZQ9RgJWNIgRKSQlNRySL6Y,GetGo Gas Station & WetGo Car Wash,"2846 Washington Road, McMurray",40.30288400000001,-80.0979033,"gas_station,car_wash,convenience_store,cafe,food,store,point_of_interest,establishment",convenience,OPERATIONAL,2.9,36.0
ChIJu22M9dZXNIgRJnnbBCVhSlw,Georgetown Express,"432 Georgetown Road Unit 102, Lawrence",40.3046197,-80.1215289,"convenience_store,food,store,point_of_interest,establishment",convenience,OPERATIONAL,5.0,6.0
ChIJmRLzkqf4NIgR-sub_fBPHf4,Pizzaz Italian Restaurant,"2850 Washington Road, McMurray",40.3021141,-80.0980233,"restaurant,food,point_of_interest,establishment",restaurant,OPERATIONAL,4.3,687.0
ChIJU13Zx-JVNIgRHkAb6fetoWQ,Arlecchino Ristorante,"133 Camp Lane, McMurray",40.2915327,-80.10873579999999,"restaurant,food,point_of_interest,establishment",restaurant,OPERATIONAL,4.7,689.0
ChIJs0zIs-NVNIgR4U08_-YawSU,Firehouse Subs McMurray,"126 Gallery Drive, McMurray",40.29044299999999,-80.112595,"restaurant,food,point_of_interest,establishment",restaurant,OPERATIONAL,4.4,325.0
ChIJp6XOEgFWNIgR1N084eWC_JE,Sesame Gourmet,"2975 Washington Road, McMurray",40.295,-80.1013889,"restaurant,food,point_of_interest,establishment",restaurant,OPERATIONAL,4.3,583.0
ChIJk_mSFvpXNIgRxZppvUOyPQ8,Corner Eats,"463 Georgetown Road, Lawrence",40.3047397,-80.1199366,"restaurant,food,point_of_interest,establishment",restaurant,CLOSED_TEMPORARILY,,
ChIJhfsod25WNIgR8WAdXtLmmwI,Frankie's Italian Kitchen,"432 Georgetown Road, Lawrence",40.30459,-80.121524,"meal_takeaway,restaurant,food,point_of_interest,establishment","fast_food,restaurant",OPERATIONAL,4.5,134.0
ChIJJwgIVHMJ0IkRiMK8zSZMXxI,Mediterranean Tastes llc,"124 Kimber Drive, Canonsburg",40.3026017,-80.0992124,"restaurant,food,point_of_interest,establishment",restaurant,OPERATIONAL,4.9,19.0
ChIJ6aDN-6f4NIgRpyqFr39Dtc0,Simmons Farm Market,"2861 Washington Rd, McMurray",40.3015181,-80.0976463,"food,point_of_interest,establishment",farmers_market,OPERATIONAL,4.5,92.0
ChIJAfHRs0r_NIgRPjiVi8FoV8A,Amoco,"801 East McMurray Road, Venetia",40.28884469999999,-80.076909,"gas_station,convenience_store,food,store,point_of_interest,establishment",convenience,OPERATIONAL,2.9,15.0
ChIJIQ40xEn_NIgRg_eIQaQNgu4,Coen Markets,"801 East McMurray Road, Venetia",40.2888517,-80.07683589999999,"convenience_store,gas_station,cafe,food,store,point_of_interest,establishment",convenience,OPERATIONAL,2.6,7.0
ChIJhx_1AGH5NIgRSGNnecxKl5Q,Remedy Kitchen Vegan Food Co.,"905 East McMurray Road, Venetia",40.29635869999999,-80.0742276,"meal_takeaway,restaurant,food,point_of_interest,establishment","fast_food,restaurant",OPERATIONAL,3.7,3.0
ChIJzf7b55n5NIgR3ZNxz63D6cE,Grab N Go,"1010 Clifton Road, Bethel Park",40.29764249999999,-80.0458431,"convenience_store,store,food,point_of_interest,establishment",convenience,OPERATIONAL,5.0,9.0
ChIJiZQtdCX5NIgRbdVyyR8tryM,Luciano's Pizza and Pasta,"1030 Clifton Road, Bethel Park",40.2974278,-80.0450194,"meal_delivery,restaurant,food,point_of_interest,establishment",restaurant,OPERATIONAL,4.1,422.0
ChIJQe-WKUj5NIgRMTHszePOI20,7-Eleven,"6250 Library Road, Bethel Park",40.2937058,-80.0310834,"convenience_store,cafe,liquor_store,store,restaurant,food,point_of_interest,establishment","convenience,restaurant",OPERATIONAL,3.0,31.0
ChIJX4M0U0_5NIgRgD4SO0dKsls,Steel City Convenience,"6063 Library Road, Bethel Park",40.3005011,-80.0298699,"convenience_store,store,food,point_of_interest,establishment",convenience,OPERATIONAL,5.0,16.0
ChIJTdDj1kn5NIgRqEkTP9j_e0k,Subway,"6270 Library Road, Bethel Park",40.2924775,-80.0310485,"meal_takeaway,restaurant,food,point_of_interest,establishment","fast_food,restaurant",OPERATIONAL,4.3,124.0
ChIJn-p6j0n5NIgRi2P7lP-eK3A,Honeymoon,"6348 Library Road, South Park Township",40.29041489999999,-80.02881959999999,"restaurant,food,point_of_interest,establishment",restaurant,OPERATIONAL,4.2,193.0
ChIJJwykOkj5NIgRhEASiE-O2QY,Trolley Stop Inn,"6247 Library Road, Bethel Park",40.2934281,-80.03030660000002,"bar,restaurant,food,point_of_interest,establishment",restaurant,OPERATIONAL,4.4,1054.0
ChIJE816nkn5NIgRBggTcKYb2nQ,Castle Tavern South,"6347 Library Road, South Park Township",40.2911191,-80.02851679999999,"bar,restaurant,food,point_of_interest,establishment",restaurant,OPERATIONAL,4.5,577.0
ChIJ9YKe_Nf7NIgRJkFybwKXuew,Ricky Dz (formerly Gils),"2700 Brownsville Road, South Park Township",40.2909048,-79.9972627,"restaurant,food,point_of_interest,establishment",restaurant,OPERATIONAL,4.7,82.0
ChIJYVEWR-zwNIgRH1BSP9HLfqw,Fundaze Back Bar,"2550 Brownsville Road, South Park Township",40.2938385,-79.99658199999999,"bar,restaurant,food,point_of_interest,establishment",restaurant,OPERATIONAL,4.5,122.0
ChIJtXk2D1T7NIgRWfN5DAKJQio,Park Social Bar,"2525 Brownsville Rd, South Park Township",40.2936884,-79.9951541,"bar,point_of_interest,establishment",food_bank,OPERATIONAL,4.4,332.0
ChIJwcnqPun7NIgRFXKXqYy-LCQ,Dollar General,"2301 Brownsville Road, South Park Township",40.2980573,-79.9940092,"drugstore,convenience_store,grocery_or_supermarket,store,health,food,point_of_interest,establishment",convenience,OPERATIONAL,3.8,285.0
ChIJ_aXFwY37NIgRUQ-ufv-ZhX4,Italian Village Pizza Ridge Road,"2951 Ridge Road, South Park Township",40.28995389999999,-79.9818445,"restaurant,food,point_of_interest,establishment",restaurant,OPERATIONAL,4.5,126.0
ChIJGS_Yxwr7NIgRKH6LbEClRyo,Banana Peppers Pizzeria,"840 Gill Hall Road, Clairton",40.3001575,-79.962406,"meal_delivery,restaurant,food,point_of_interest,establishment",restaurant,CLOSED_TEMPORARILY,4.4,67.0
ChIJi0jtok77NIgRDNRKDpn-2nI,Blvd Cafe,"1020 Oak Street, Clairton",40.29021589999999,-79.925439,"restaurant,food,point_of_interest,establishment",restaurant,OPERATIONAL,3.3,7.0
ChIJhbY4oyP7NIgRJXGFWa_XCQU,Sunoco,"1344 Pennsylvania 51, Clairton",40.30602779999999,-79.9352353,"gas_station,convenience_store,store,food,point_of_interest,establishment",convenience,OPERATIONAL,3.6,11.0
ChIJRxG0kjT7NIgRgaILIvjBhcE,Dollar General,"1517 Pennsylvania 51, Clairton",40.3000455,-79.9215186,"drugstore,convenience_store,grocery_or_supermarket,health,store,food,point_of_interest,establishment",convenience,OPERATIONAL,4.2,198.0
ChIJ7WdVvJf7NIgRMTo0Chif6o4,Domino's Pizza,"1607 Pennsylvania 51, Jefferson Hills",40.297937,-79.9198386,"meal_takeaway,meal_delivery,restaurant,food,point_of_interest,establishment","fast_food,restaurant",OPERATIONAL,3.5,76.0
ChIJ_ZMCglP7NIgR3G69LaDz9Nc,Steel Grill 51,"1360 Pennsylvania 51, Jefferson Hills",40.3046285,-79.9340045,"restaurant,food,point_of_interest,establishment",restaurant,OPERATIONAL,4.0,110.0
ChIJu82RRgDlNIgRKUhUdDZoIjY,HOMETOWN MART,"570 Miller Avenue, Clairton",40.2927264,-79.8832474,"supermarket,grocery_or_supermarket,store,food,point_of_interest,establishment",grocery,OPERATIONAL,5.0,2.0
ChIJ48yAO5PkNIgReKUGPuhAShQ,Dollar General,"700 Worthington Avenue, Clairton",40.2918781,-79.88996019999999,"drugstore,convenience_store,grocery_or_supermarket,store,health,food,point_of_interest,establishment",convenience,OPERATIONAL,4.2,349.0
ChIJ9WSdWsblNIgRfpGYD8trGXk,Clairton mini mart inc,"540 Saint Clair Avenue, Clairton",40.29303199999999,-79.88714709999999,"convenience_store,store,food,point_of_interest,establishment",convenience,OPERATIONAL,3.7,7.0
ChIJ6Xi9zezkNIgRLSwdlpAHprg,New Golden Gate,"700 Saint Clair Avenue, Clairton",40.29335599999999,-79.889253,"restaurant,food,point_of_interest,establishment",restaurant,OPERATIONAL,4.2,169.0
ChIJCQzdGA_lNIgRNmRyVlCHM-g,Three Good Brother's Chicken and Fish LLC,"540 Saint Clair Avenue, Clairton",40.29299899999999,-79.88712029999999,"restaurant,food,point_of_interest,establishment",restaurant,OPERATIONAL,4.0,62.0
ChIJy2PcHgDlNIgRN8E4Qe9YS8M,Mo Joe's Pizzeria,"614 Walnut Avenue, Clairton",40.3048244,-79.8933698,"restaurant,food,point_of_interest,establishment",restaurant,OPERATIONAL,,
ChIJ3xZksS_lNIgRt4v38sK-M1M,Shae'LaRon's kitchen,"213 Halcomb Avenue, Clairton",40.29154279999999,-79.8801051,"restaurant,food,point_of_interest,establishment",restaurant,CLOSED_TEMPORARILY,5.0,1.0
ChIJsdt-7RvlNIgR_-hTvmzS27Q,Produce Marketplace,"519 St Clair Ave, Clairton",40.293347,-79.88635099999999,"grocery_or_supermarket,store,food,point_of_interest,establishment","farmers_market,food_bank",OPERATIONAL,4.6,42.0
ChIJDWEjN_bkNIgRVYex7Nw4vco,Speedway,"222 State Street, Clairton",40.29922059999999,-79.87516819999999,"convenience_store,store,food,point_of_interest,establishment",convenience,OPERATIONAL,3.9,286.0
ChIJecMHT0DlNIgRknPTWqIYYFc,Sportsman's Bar & Grill,"330 North State Street, Clairton",40.2956283,-79.8744043,"bar,restaurant,food,point_of_interest,establishment",restaurant,OPERATIONAL,4.6,16.0
ChIJ75cWnPXlNIgR8QCcrY4tYi8,Hometown Burgers & Deli,"68 Maple Avenue, Clairton",40.2987472,-79.8744617,"restaurant,food,point_of_interest,establishment",restaurant,OPERATIONAL,4.9,33.0
ChIJjSWHX-flNIgRANetFex8iUQ,Speedy Cafe,"222 State Street, Clairton",40.2992216,-79.8751398,"restaurant,food,point_of_interest,establishment",restaurant,OPERATIONAL,,
ChIJpfcCH83lNIgRbQoBRG6z-PI,LochMon Tavern,"2510 Lincoln Boulevard, Elizabeth",40.30176159999999,-79.865921,"restaurant,food,point_of_interest,establishment",restaurant,CLOSED_TEMPORARILY,4.5,91.0
ChIJg1wAnpbmNIgRVC_eFRW1jPk,The Mt. Vernon Dairy,"1 Duncan Station Road, McKeesport",40.28994549999999,-79.81290709999999,"convenience_store,grocery_or_supermarket,store,food,point_of_interest,establishment",convenience,OPERATIONAL,4.6,78.0
ChIJGUoNnpbmNIgRm7wt9wVAnV8,DHILLON MART,"100 Duncan Station Road, McKeesport",40.290006,-79.812939,"convenience_store,store,food,point_of_interest,establishment",convenience,OPERATIONAL,3.8,10.0
ChIJk9O5VtzcNIgRr_wUj3f6kGQ,Pasqualino's Italian Eatery,"2021 Clay Pike Suite 1, Irwin",40.30431789999999,-79.7265755,"restaurant,food,point_of_interest,establishment",restaurant,OPERATIONAL,4.3,496.0
ChIJ2QVMNHfdNIgRQeu8nTyk8YU,Honey Moon,"2021 Clay Pike, Irwin",40.3043512,-79.72659759999999,"restaurant,food,point_of_interest,establishment",restaurant,OPERATIONAL,4.3,145.0
ChIJd5wXC0TgNIgRgP0qCWtCdsU,The Nutrition Group,"580 Wendel Rd, Irwin",40.3078625,-79.673092,"food,health,point_of_interest,establishment",food_bank,OPERATIONAL,4.1,10.0
ChIJB3ur6T7dNIgRq0BSo2ILOYE,Rodney’s Restaurant,"557 Wendel Road, Irwin",40.30634939999999,-79.674594,"bar,restaurant,food,point_of_interest,establishment",restaurant,OPERATIONAL,4.6,2093.0
ChIJscF5yaBONIgRMz6lOczBeKc,Rough Cut Tavern,"1041 Burgettstown Road, Burgettstown",40.316717,-80.35074,"restaurant,bar,food,point_of_interest,establishment",restaurant,OPERATIONAL,4.6,226.0
ChIJ5UBTOONRNIgRzP9ACwCtCNs,Swope’s Farm,"267 Southview Rd, McDonald",40.3173944,-80.2722821,"grocery_or_supermarket,store,food,point_of_interest,establishment",farmers_market,OPERATIONAL,4.8,67.0
ChIJ3fwuSplRNIgRenyqCXxxbbo,Dollar General,"3575 Millers Run Road, Cecil",40.3197974,-80.2155896,"convenience_store,drugstore,grocery_or_supermarket,food,health,store,point_of_interest,establishment",convenience,OPERATIONAL,4.1,160.0
ChIJWV3_15lRNIgRgo-uv9ODhJQ,Wherever Corner Cafe,"3772 Millers Run Road, McDonald",40.3212114,-80.23252810000001,"restaurant,food,point_of_interest,establishment",restaurant,OPERATIONAL,5.0,38.0
ChIJe93Fd0dRNIgRosNNPhSGF-8,Subway,"3441 Miller's Run Road #1, Cecil-Bishop",40.3184533,-80.20412089999999,"meal_takeaway,restaurant,food,point_of_interest,establishment","fast_food,restaurant",CLOSED_TEMPORARILY,3.9,89.0
ChIJG1NWnUdRNIgRb9TT1ADxzVo,Homestyle Pizza,"3350 Millers Run Road, McDonald",40.3222989,-80.19914659999999,"meal_delivery,restaurant,food,point_of_interest,establishment",restaurant,OPERATIONAL,4.8,85.0
ChIJBd78JABRNIgRrG-OeYq4h9k,Hisui Sushi,"3350 Millers Run Road, Cecil-Bishop",40.3223415,-80.19919279999999,"restaurant,food,point_of_interest,establishment",restaurant,OPERATIONAL,5.0,3.0
ChIJueqIirhXNIgRdFBiT3WG0QM,Baseline Bar & Grille,"33 Mayview Road, Canonsburg",40.3075874,-80.1305251,"restaurant,bar,food,point_of_interest,establishment",restaurant,OPERATIONAL,,
ChIJ-SHlUTtWNIgRO7KFGguAq1g,Ardolino's Pizza,"1141 Boyce Road, Pittsburgh",40.31789560000001,-80.1097621,"meal_delivery,restaurant,food,point_of_interest,establishment",restaurant,OPERATIONAL,4.5,513.0
ChIJ-1Rtv3xXNIgRptlAhzoId8Q,Owl's Nest Restaurant,"2652 Hidden Valley Road, Upper Saint Clair",40.3155419,-80.1128248,"restaurant,food,point_of_interest,establishment",restaurant,OPERATIONAL,4.8,307.0
ChIJGfBX7Zr4NIgRw87xY39Tyow,Sunoco,"2520 Washington Road, Pittsburgh",40.3188304,-80.0883328,"gas_station,convenience_store,food,store,point_of_interest,establishment",convenience,OPERATIONAL,3.9,44.0
ChIJr-uDvpr4NIgRvznS4kPzUwk,APlus,"2520 Washington Road, Pittsburgh",40.3188088,-80.0883151,"convenience_store,food,store,point_of_interest,establishment",convenience,OPERATIONAL,2.0,1.0
ChIJGfBX7Zr4NIgRnB9RnU8P9vo,Wagners St Clair Mini Market,"2520 Washington Road, Pittsburgh",40.31885449999999,-80.0883099,"convenience_store,gas_station,food,store,point_of_interest,establishment",convenience,OPERATIONAL,,
ChIJozQUB6f5NIgReDJqBLag4Wk,bp,"3405 South Park Road, Bethel Park",40.32139000000001,-80.05704000000001,"gas_station,car_wash,supermarket,grocery_or_supermarket,store,food,point_of_interest,establishment",grocery,OPERATIONAL,3.8,16.0
ChIJAVuaren4NIgRUVt_Bs2JhhE,Al's Cafe,"435 McMurray Road, Bethel Park",40.31257599999999,-80.06571699999999,"cafe,restaurant,food,point_of_interest,establishment",restaurant,OPERATIONAL,4.3,1219.0
ChIJ_2e-Pvz4NIgRhOKm23J9R9c,Family Deli,"3400 South Park Road, Bethel Park",40.32209809999999,-80.057339,"store,restaurant,food,point_of_interest,establishment",restaurant,OPERATIONAL,4.7,278.0
ChIJvW6eeff4NIgR67XYXkVzSsY,Dunkin',"145 McMurray Road, Upper St Clair",40.3260209,-80.0652095,"meal_takeaway,bakery,cafe,store,restaurant,food,point_of_interest,establishment","fast_food,restaurant",OPERATIONAL,4.3,298.0
ChIJCX8NQPz4NIgRQXSofCxK1jg,COLOMBINO Coffee,"3400 South Park Road, Bethel Park",40.3218758,-80.05769889999999,"cafe,store,restaurant,food,point_of_interest,establishment",restaurant,OPERATIONAL,4.6,182.0
ChIJ3alUCUX5NIgRUZHd8oxF8uM,"Waffles, INCaffeinated, Upper St. Clair","155 McMurray Road, Pittsburgh",40.32534150000001,-80.0649737,"restaurant,food,point_of_interest,establishment",restaurant,OPERATIONAL,4.0,227.0
ChIJVVhFevf4NIgRQAIubdfouHY,Toss Pizza and Wings,"145 McMurray Road, Upper Saint Clair",40.3258655,-80.0651761,"store,restaurant,food,point_of_interest,establishment",restaurant,OPERATIONAL,4.2,284.0
ChIJ8XLEusf5NIgRfZQ8xmkvXt0,Eighty-8 tobacco,"5815 Library Road, Bethel Park",40.3097505,-80.032905,"convenience_store,store,food,point_of_interest,establishment",convenience,OPERATIONAL,,
ChIJVw93lBT5NIgR7xc1UWb8S88,88 Tobacco Discount,"5815 Library Road, Bethel Park",40.3097746,-80.03287069999999,"convenience_store,grocery_or_supermarket,store,food,point_of_interest,establishment",convenience,OPERATIONAL,4.6,42.0
ChIJR_RghBT5NIgRyTHlTqNHakM,Fat Angelo's,"5832 Library Road, Bethel Park",40.3091169,-80.0333416,"meal_delivery,restaurant,food,point_of_interest,establishment",restaurant,OPERATIONAL,4.1,281.0
ChIJ-8KpmhT5NIgRI1LP3eIjKWo,Domino's Pizza,"5816 Library Road Ste B, Bethel Park",40.31004689999999,-80.0334786,"meal_delivery,meal_takeaway,restaurant,food,point_of_interest,establishment","fast_food,restaurant",OPERATIONAL,3.7,321.0
ChIJY0sUG4T5NIgRF7faW3jmC-g,The Fresh Fork Cafe,"5812 Library Road, Bethel Park",40.3105638,-80.0334384,"restaurant,food,point_of_interest,establishment",restaurant,OPERATIONAL,4.8,134.0
ChIJq6qqqrX5NIgRROjRGhl8JKQ,Bethel Park Farmers' Market,"30 Corrigan Dr, Bethel Park",40.3239273,-80.014769,"point_of_interest,establishment",farmers_market,OPERATIONAL,4.5,68.0
ChIJTSSGJ837NIgRHA34GoiNrRU,7-Eleven,"6403 Brownsville Road, Pittsburgh",40.3218754,-79.9947301,"convenience_store,cafe,liquor_store,store,restaurant,food,point_of_interest,establishment","convenience,restaurant",OPERATIONAL,4.4,17.0
ChIJWaVhPc37NIgRUULP8Wq2-x8,Dorido's Restaurant,"6408 Brownsville Road, Pittsburgh",40.3214984,-79.9956201,"restaurant,food,point_of_interest,establishment",restaurant,OPERATIONAL,4.6,1721.0
ChIJMaWy3M37NIgR3qvp7of2EZ4,Donte's Pizzeria,"6409 Brownsville Road, Pittsburgh",40.321541,-79.99490899999999,"restaurant,food,point_of_interest,establishment",restaurant,OPERATIONAL,4.6,474.0
ChIJFyVuzf37NIgRkQL83D5Advo,Take the Cannoli,"Zupancic Drive, Pleasant Hills",40.3206731,-79.98861149999999,"restaurant,food,point_of_interest,establishment",restaurant,OPERATIONAL,,
ChIJldCj39_6NIgRPObwAfL93Os,Sheetz,"1000 Clairton Boulevard, Pittsburgh",40.3200562,-79.94279139999999,"convenience_store,gas_station,car_wash,cafe,liquor_store,store,restaurant,food,point_of_interest,establishment","convenience,restaurant",OPERATIONAL,3.5,197.0
ChIJA49h0SP7NIgR-z5eOQzcr50,Ciccanti Ristorante,"1206 Pennsylvania 51, Jefferson Hills",40.31221379999999,-79.9385511,"restaurant,food,point_of_interest,establishment",restaurant,OPERATIONAL,4.4,651.0
ChIJOZWyGOf6NIgRxB9NE1UFX1Q,Primanti Bros. Restaurant and Bar,"830 Clairton Boulevard, Pittsburgh",40.3239233,-79.9438392,"bar,restaurant,food,point_of_interest,establishment",restaurant,OPERATIONAL,4.2,2293.0
ChIJVznzoSrlNIgRTPZLWVqALho,Fellinis Pizzeria,"1229 Pennsylvania 51, Jefferson Hills",40.31071459999999,-79.9367968,"meal_delivery,restaurant,food,point_of_interest,establishment",restaurant,OPERATIONAL,3.8,152.0
ChIJ76Y-CCb7NIgReYDMTiQiFQw,Jefferson Healthy Food Center,"575 Coal Valley Rd Suite 200, Jefferson Hills",40.3179743,-79.9346383,"health,point_of_interest,establishment",food_bank,OPERATIONAL,5.0,1.0
ChIJwWtrIPT7NIgRKz5jC5GdlSg,Yoli's | Cucina & Crafthouse,"1101 Pennsylvania 885, Jefferson Hills",40.30998579999999,-79.9160563,"restaurant,food,point_of_interest,establishment",restaurant,OPERATIONAL,4.6,877.0
ChIJPceNX-HkNIgRX-if-2k13CY,Uni-Mart,"551 North State Street, Clairton",40.3094444,-79.8911111,"convenience_store,atm,finance,store,food,point_of_interest,establishment",convenience,OPERATIONAL,4.0,108.0
ChIJq4S07RnlNIgR9nqDP7vMXnA,Puff Discount Tobacco,"741 Monongahela Avenue, Glassport",40.3228095,-79.8921433,"convenience_store,store,food,point_of_interest,establishment",convenience,OPERATIONAL,4.0,50.0
ChIJo5fVR8jlNIgRXMS71dXjqKY,E’s Diner,"432 North State Street, Clairton",40.3083888,-79.88880089999999,"restaurant,food,point_of_interest,establishment",restaurant,OPERATIONAL,,
ChIJNURp3vPlNIgR12FWdpFAvCg,Bear Claw Diner,"432 North State Street, Clairton",40.3084836,-79.8886919,"restaurant,food,point_of_interest,establishment",restaurant,CLOSED_TEMPORARILY,1.0,1.0
ChIJF1IcgOPkNIgRhjZIDCxVvbg,Stage 1,"428 North State Street, Clairton",40.3083333,-79.88861109999999,"bar,restaurant,food,point_of_interest,establishment",restaurant,OPERATIONAL,4.2,96.0
ChIJbYCxChnlNIgR7yiB5zlZL0c,Carol's Cafe,"840 Monongahela Avenue, Glassport",40.32129,-79.892703,"restaurant,bar,food,point_of_interest,establishment",restaurant,CLOSED_TEMPORARILY,4.4,53.0
ChIJM5j55xblNIgR_vKY9sAcF1w,glassport community outreach,"516 Monongahela Ave, Glassport",40.3270101,-79.8926257,"church,place_of_worship,point_of_interest,establishment",food_bank,OPERATIONAL,3.5,2.0
ChIJ87oCWgvlNIgRtBVyXA0qads,Dollar General,"3011 Liberty Way, McKeesport",40.3247047,-79.8563044,"convenience_store,drugstore,grocery_or_supermarket,health,store,food,point_of_interest,establishment",convenience,OPERATIONAL,3.0,8.0
ChIJkYujSv_lNIgRiE0SshUw2Xs,Liberty Mini Mart,"2929 Liberty Way, McKeesport",40.3251544,-79.85647949999999,"convenience_store,store,food,point_of_interest,establishment",convenience,OPERATIONAL,4.7,22.0
ChIJAzmEfLnlNIgR7MRhkImO7Cw,Jo-Lynn Pizza,"3116 Liberty Way, McKeesport",40.32385829999999,-79.8574605,"meal_delivery,restaurant,food,point_of_interest,establishment",restaurant,OPERATIONAL,4.3,379.0
ChIJ51fZZW_mNIgRVn4AXNJc5Nk,Dollar General,"5724 Smithfield Street, McKeesport",40.3107231,-79.82515339999999,"drugstore,convenience_store,grocery_or_supermarket,food,health,store,point_of_interest,establishment",convenience,OPERATIONAL,4.2,259.0
ChIJQ_gnRMjnNIgRsiNv--cTY_U,On The Fly,"5738 Smithfield Street, McKeesport",40.3110653,-79.8248101,"convenience_store,food,store,point_of_interest,establishment",convenience,OPERATIONAL,3.5,2.0
ChIJIRBtcNnlNIgRugKLYxdzoGk,Puff Discount Tobacco,"4313 Walnut Street # 27, McKeesport",40.3221181,-79.8330123,"convenience_store,food,store,point_of_interest,establishment",convenience,OPERATIONAL,4.5,31.0
ChIJIRBtcNnlNIgRwe-2uFmHEUA,Subway,"4313 Walnut Street Suite 114, McKeesport",40.3227914,-79.8331689,"meal_takeaway,restaurant,food,point_of_interest,establishment","fast_food,restaurant",OPERATIONAL,3.9,85.0
ChIJm8aqLNnlNIgRrj7gspBfCRY,Di's Kornerstone Diner,"620 Long Run Road, McKeesport",40.3236268,-79.8328691,"restaurant,food,point_of_interest,establishment",restaurant,OPERATIONAL,4.3,634.0
ChIJIRBtcNnlNIgRULvM-44zbaY,China Jade,"4313 Walnut Street # 40, McKeesport",40.32287399999999,-79.83333850000001,"restaurant,food,point_of_interest,establishment",restaurant,OPERATIONAL,4.4,292.0
ChIJBR2acdvlNIgRURMupJ_Tb3c,McDonald's,"4235 Walnut Street, McKeesport",40.3209611,-79.8357455,"cafe,store,restaurant,food,point_of_interest,establishment",restaurant,OPERATIONAL,2.6,1370.0
ChIJQau7B3_mNIgRUTDFYqBBqro,Rich's Parkside Den Inc,"1907 Donner Street, McKeesport",40.3106641,-79.8273701,"bar,restaurant,food,point_of_interest,establishment",restaurant,OPERATIONAL,4.5,202.0
ChIJxxAS9GHvNIgRPbXikPHa7dk,KFC,"640 Long Run Road, McKeesport",40.3232081,-79.8326887,"restaurant,food,point_of_interest,establishment",restaurant,OPERATIONAL,3.3,335.0
ChIJLSgLh7nlNIgRkwahXZ5czaE,Drunken Cow Bar & Grill,"623 Long Run Road Suite B, McKeesport",40.3234768,-79.8314688,"bar,restaurant,food,point_of_interest,establishment",restaurant,CLOSED_TEMPORARILY,4.6,11.0
ChIJ1SvMfQDnNIgReZdlZIlkIyY,Greenock Minimart,"1127 Greenock Buena Vista Road, McKeesport",40.3120329,-79.8038898,"convenience_store,food,store,point_of_interest,establishment",convenience,OPERATIONAL,3.5,2.0
ChIJxZdUfbXnNIgR3TKP0N9ow-o,Muddy Waterz Bar & Grill,"1100 East Smithfield Street, McKeesport",40.31700499999999,-79.80103969999999,"bar,restaurant,food,point_of_interest,establishment",restaurant,OPERATIONAL,4.7,219.0
ChIJk4-tra3nNIgR4sV40pCn7Hw,Boston Mini Mart,"2630 Coulterville Road, White Oak",40.3131338,-79.7821007,"convenience_store,atm,finance,store,food,point_of_interest,establishment",convenience,OPERATIONAL,4.7,13.0
ChIJySm5ZrXnNIgRLXw1jiVZ23E,The Rose Bar and Grille,"2811 Lincoln Way, White Oak",40.3239212,-79.783287,"bar,restaurant,food,point_of_interest,establishment",restaurant,OPERATIONAL,4.1,436.0
ChIJ277qNTDnNIgRDM_Vtwo7pls,Bull River Taco Co.,"2650 Lincoln Way, White Oak",40.3239088,-79.78971399999999,"restaurant,food,point_of_interest,establishment",restaurant,OPERATIONAL,4.6,320.0
ChIJEfs6yGfdNIgRvquyt518_GU,Marathon Gas,"1111 Clay Pike, Irwin",40.31738379999999,-79.73071999999999,"gas_station,convenience_store,store,food,point_of_interest,establishment",convenience,OPERATIONAL,4.4,7.0
ChIJZwsZY27dNIgRV_FdW6boZkE,Cenacolo Restaurant,"2000 Commerce Loop, North Huntingdon",40.3112946,-79.72381589999999,"restaurant,food,point_of_interest,establishment",restaurant,OPERATIONAL,4.6,864.0
ChIJvQYHqGfdNIgR3gUbU9hKn0E,Earl's Dairy Whip,"1061 Clay Pike, Irwin",40.3176917,-79.7313667,"restaurant,food,store,point_of_interest,establishment",restaurant,CLOSED_TEMPORARILY,4.7,203.0
ChIJxUu-V2bdNIgRKW2tqAeU5uQ,The Brick House Tap & Grill,"11232 McKee Road, Irwin",40.31666800000001,-79.731279,"bar,restaurant,food,point_of_interest,establishment",restaurant,OPERATIONAL,4.3,710.0
ChIJs28Z0wrdNIgRteLQ92fP5L0,Salsa Sam's Eatery,"2000 Commerce Loop Suite 2109, North Huntingdon",40.31123979999999,-79.7239656,"restaurant,food,point_of_interest,establishment",restaurant,OPERATIONAL,4.8,147.0
ChIJu8nAfaPdNIgR7hguzL7k1xo,Irwin Farm Market,Irwin,40.32808989999999,-79.7112742,"point_of_interest,establishment",farmers_market,OPERATIONAL,4.5,13.0
ChIJuc-Tkt_cNIgRjBm8UnBq9aU,ALDI,"8775 Norwin Avenue, North Huntingdon",40.3187844,-79.6942479,"supermarket,grocery_or_supermarket,store,food,point_of_interest,establishment",grocery,OPERATIONAL,4.6,827.0
ChIJ0zwrwibdNIgRkc3JqUDlDpw,7-Eleven,"9428 U.S. 30, Irwin",40.3227365,-79.6990993,"convenience_store,liquor_store,cafe,restaurant,food,store,point_of_interest,establishment","convenience,restaurant",OPERATIONAL,4.3,23.0
ChIJhWEdeJbcNIgRPlJOzY7YTbY,Marathon Gas,"9428 U.S. 30, Irwin",40.3228336,-79.6989736,"gas_station,convenience_store,food,store,point_of_interest,establishment",convenience,OPERATIONAL,3.5,13.0
ChIJKYMW5tPdNIgR9EJF3QOQJZ8,Sunoco,"9616 U.S. 30, Irwin",40.32423849999999,-79.7021173,"gas_station,convenience_store,food,store,point_of_interest,establishment",convenience,OPERATIONAL,4.1,15.0
ChIJO2Gaj9_cNIgRZqViA4bmFZI,China House,"8865 Norwin Avenue #19th, Irwin",40.31718550000001,-79.6951433,"restaurant,food,point_of_interest,establishment",restaurant,OPERATIONAL,4.6,167.0
ChIJO2Gaj9_cNIgRbK4VXdRpwh4,Mama Pepino's Pizza,"8775 Norwin Avenue, Irwin",40.3169214,-79.694721,"meal_delivery,store,restaurant,food,point_of_interest,establishment",restaurant,OPERATIONAL,3.9,257.0
ChIJTZ0R6fjdNIgRXs7m5ur3m7w,Madero Cantina,"8865 Norwin Avenue, Irwin",40.3167245,-79.69449259999999,"restaurant,food,point_of_interest,establishment",restaurant,CLOSED_TEMPORARILY,4.3,289.0
ChIJ0zsuUCfdNIgRaW9xM-mL_z8,Dunkin',"9504 Lincoln Highway, Irwin",40.3233003,-79.7000973,"meal_takeaway,bakery,cafe,store,restaurant,food,point_of_interest,establishment","fast_food,restaurant",OPERATIONAL,3.8,507.0
ChIJ_y4y2SbdNIgR_oWJcvcBEPY,KFC,"9390 U.S. 30, Irwin",40.3225631,-79.69828629999999,"restaurant,food,point_of_interest,establishment",restaurant,OPERATIONAL,3.9,602.0
ChIJeznBBJrdNIgRqwwpssqSiD0,Bubba's,"9526 SR30, Irwin",40.3234793,-79.7004668,"restaurant,food,point_of_interest,establishment",restaurant,OPERATIONAL,4.6,447.0
ChIJObc31OzdNIgR6lzVxHRv46k,K&m produce,"803 Marko Farms Road, Irwin",40.3245138,-79.70115489999999,"point_of_interest,establishment",farmers_market,OPERATIONAL,,
ChIJKQzvetzcNIgRdaMqKazcrC8,Giant Eagle Supermarket,"8901 U.S. 30, North Huntingdon",40.32029000000001,-79.6872167,"grocery_or_supermarket,supermarket,food,store,point_of_interest,establishment",grocery,OPERATIONAL,4.1,1191.0
ChIJefdD3sHcNIgRcTaPQYBLoLE,bp,"7910 Lincoln Hwy, U.S. 30, Irwin",40.31436899999999,-79.675162,"gas_station,car_wash,supermarket,grocery_or_supermarket,food,store,point_of_interest,establishment",grocery,OPERATIONAL,3.8,34.0
ChIJYdqLV50jNYgRi-8h9mYX4sg,Walgreens,"827 Magill Drive, North Huntingdon",40.31909069999999,-79.6904576,"drugstore,convenience_store,clothing_store,health,store,food,point_of_interest,establishment",convenience,OPERATIONAL,3.3,42.0
ChIJ2d8FtMLcNIgR5_IWmSmpckw,Sheetz,"101 Ronda Court, North Huntingdon",40.3163282,-79.68353669999999,"convenience_store,car_wash,cafe,gas_station,liquor_store,store,restaurant,food,point_of_interest,establishment","convenience,restaurant",OPERATIONAL,3.5,104.0
ChIJbwXv1cHcNIgRJRZyAFiNrrY,7-Eleven,"7910 U.S. 30, Irwin",40.3142941,-79.6751352,"convenience_store,cafe,liquor_store,store,restaurant,food,point_of_interest,establishment","convenience,restaurant",OPERATIONAL,3.8,16.0
ChIJjyN-oN7cNIgR93qn1bMBnWo,Sunoco,"9299 U.S. 30, Irwin",40.32248629999999,-79.6964351,"gas_station,convenience_store,store,food,point_of_interest,establishment",convenience,OPERATIONAL,4.1,18.0
ChIJVe8eV5XcNIgRQkKRcpVbN34,Sheetz,"7821 U.S. 30, Irwin",40.31444760000001,-79.6718301,"convenience_store,car_wash,cafe,gas_station,liquor_store,store,restaurant,food,point_of_interest,establishment","convenience,restaurant",OPERATIONAL,4.0,150.0
ChIJDSaD8tzcNIgR0V5h8FJHGM4,GetGo Gas Station,"8813 Route 30, Square, North Huntingdon",40.31930319999999,-79.6859041,"gas_station,cafe,convenience_store,store,food,point_of_interest,establishment",convenience,OPERATIONAL,3.7,24.0
ChIJK0z1kD3dNIgRmNNTxQWGNGM,7-Eleven,"9299 U.S. 30, Irwin",40.32267559999999,-79.6964053,"convenience_store,cafe,liquor_store,store,restaurant,food,point_of_interest,establishment","convenience,restaurant",OPERATIONAL,4.7,3.0
ChIJk8A0s9jcNIgR-VGWd4Tosck,ATM,"9371 Lincoln Highway, Irwin",40.32312089999999,-79.6977505,"atm,convenience_store,finance,store,food,point_of_interest,establishment",convenience,OPERATIONAL,,
ChIJWU3E_t7cNIgRAUSXhvxxTwI,Subway,"8712 Norwin Avenue Unit #33, Irwin",40.3187757,-79.69205319999999,"meal_takeaway,restaurant,food,point_of_interest,establishment","fast_food,restaurant",OPERATIONAL,3.8,95.0
ChIJldXxxN7cNIgRs8MYBptHPZY,Bob Evans,"8989 U.S. 30, North Huntingdon",40.3206899,-79.6908653,"meal_takeaway,restaurant,food,point_of_interest,establishment","fast_food,restaurant",OPERATIONAL,4.3,1136.0
ChIJQTQUxN7cNIgRPe7gH-fz3g8,Five Guys,"8957 U.S. 30, North Huntingdon",40.3209343,-79.6905312,"meal_takeaway,restaurant,food,point_of_interest,establishment","fast_food,restaurant",OPERATIONAL,4.3,330.0
ChIJOT62LCTdNIgRbHYifhs3Grg,Subway,"915 Mills Drive, North Huntingdon",40.3163472,-79.68629899999999,"meal_takeaway,restaurant,food,point_of_interest,establishment","fast_food,restaurant",OPERATIONAL,3.4,26.0
ChIJhakJ0t3cNIgRMVdeRYghWNg,Applebee's Grill + Bar,"977 Magill Drive, North Huntingdon",40.3182112,-79.6881531,"restaurant,bar,food,point_of_interest,establishment",restaurant,OPERATIONAL,4.3,1530.0
ChIJjRd9WNncNIgRzQVK4YKuA1w,The Firepit Wood Fired Grill,"8933 Lincoln Highway, Irwin",40.321753,-79.689537,"bar,restaurant,food,point_of_interest,establishment",restaurant,OPERATIONAL,4.2,1502.0
ChIJAzcZWCfdNIgRgGNaYyFNnpM,Little Caesars Pizza,"9225 Lincoln Highway, Irwin",40.322198,-79.695302,"meal_takeaway,meal_delivery,restaurant,food,point_of_interest,establishment","fast_food,restaurant",OPERATIONAL,3.5,330.0
ChIJ4zrfw97cNIgRa29_BbK-rlQ,Panera Bread,"8901 U.S. 30, North Huntingdon",40.320649,-79.687865,"cafe,meal_takeaway,bakery,store,restaurant,food,point_of_interest,establishment","fast_food,restaurant",OPERATIONAL,3.8,382.0
ChIJNWTMwN7cNIgRbtKHo-jSTbY,Eat'n Park,"8891 U.S. 30, Irwin",40.3198982,-79.6894552,"meal_takeaway,restaurant,food,point_of_interest,establishment","fast_food,restaurant",OPERATIONAL,4.2,1054.0
ChIJpY-jUt_cNIgRwnk-cDp3FoI,Arby's,"9242 U.S. 30, Irwin",40.3215429,-79.69580289999999,"meal_takeaway,store,restaurant,food,point_of_interest,establishment","fast_food,restaurant",OPERATIONAL,4.1,699.0
ChIJRbGowN7cNIgRMi8zaxpkHBg,Conforti's Pizzeria,"8871 U.S. 30, Irwin",40.3196,-79.68886499999999,"restaurant,food,point_of_interest,establishment",restaurant,OPERATIONAL,4.4,707.0
ChIJC-ICRifdNIgRPzvnklu3Lpw,Pizza Hut,"9253 U.S. 30, Irwin",40.32225739999999,-79.6956683,"meal_takeaway,meal_delivery,restaurant,food,point_of_interest,establishment","fast_food,restaurant",OPERATIONAL,3.9,429.0
ChIJ33Gwxt7cNIgRWDFRdDY9zkM,Starbucks Coffee Company,"921 Magill Drive, Irwin",40.31853,-79.68879,"cafe,store,restaurant,food,point_of_interest,establishment",restaurant,OPERATIONAL,4.3,506.0
ChIJucymICfdNIgRzGG73W-eNZI,Mr Mike's,"9379 Lincoln Highway, Irwin",40.323134,-79.697745,"bar,restaurant,food,point_of_interest,establishment",restaurant,OPERATIONAL,4.0,665.0
ChIJ_4kA_r7cNIgRoScINkK9FJQ,Fontana's Cafe,"7720 Pennsylvania Avenue, Irwin",40.31678599999999,-79.6699665,"restaurant,food,point_of_interest,establishment",restaurant,OPERATIONAL,4.5,561.0
ChIJO2Gaj9_cNIgRz7mG0YSdPB8,Taco Bell,"8775 Norwin Avenue, Irwin",40.3198032,-79.6918453,"meal_takeaway,restaurant,food,point_of_interest,establishment","fast_food,restaurant",OPERATIONAL,4.0,592.0
ChIJhT6lhrbdNIgRLMfKg78XswA,Tropical Smoothie Cafe,"714 Mills Drive #5, North Huntingdon",40.314736,-79.68559599999999,"cafe,restaurant,food,point_of_interest,establishment",restaurant,OPERATIONAL,4.1,61.0
ChIJF52gQvHdNIgRdYAv_L2Op6M,Moe's Southwest Grill,"714 Mills Drive, North Huntingdon",40.3148053,-79.6857443,"restaurant,food,point_of_interest,establishment",restaurant,OPERATIONAL,3.5,83.0
ChIJJeWkljjdNIgR0zIv8zTaq9U,"Waffles, INCaffeinated, North Huntingdon","648 Mills Drive, North Huntingdon",40.3151038,-79.68459159999999,"restaurant,food,point_of_interest,establishment",restaurant,OPERATIONAL,4.3,339.0
ChIJzWZq6x_dNIgRAeB9xCexoBc,Jersey Mike's Subs,"648 Mills Drive Suite 3, North Huntingdon",40.3151671,-79.6843731,"meal_takeaway,store,restaurant,food,point_of_interest,establishment","fast_food,restaurant",OPERATIONAL,4.1,325.0
ChIJnZx0L9_cNIgRuraeOK0S86E,Burger King,"9070 U.S. 30, North Huntingdon",40.3205151,-79.69318489999999,"restaurant,food,point_of_interest,establishment",restaurant,OPERATIONAL,3.6,827.0
ChIJw2snZdzcNIgRyQfcOFjRr2Q,Giant Eagle Prepared Foods,Irwin,40.31986489999999,-79.6871393,"meal_takeaway,restaurant,food,point_of_interest,establishment","fast_food,restaurant",OPERATIONAL,4.5,14.0
ChIJ0_saTdncNIgRBTEott5J4Cw,Acapulco Mexican Restaurant & Bar,"North Hunt Square, Irwin",40.3211531,-79.6903409,"restaurant,food,point_of_interest,establishment",restaurant,OPERATIONAL,4.5,1180.0
ChIJmSpAk17dNIgRZ_lm7pS4bPk,McDonald's,"9061 U.S. 30, North Huntingdon",40.32104160000001,-79.6919791,"cafe,store,restaurant,food,point_of_interest,establishment",restaurant,OPERATIONAL,3.5,1970.0
ChIJFxG9S9_cNIgR7_HFb0G0o2U,Wendy's,"9130 U.S. 30, Irwin",40.32076560000001,-79.6938291,"restaurant,food,point_of_interest,establishment",restaurant,OPERATIONAL,4.0,850.0
ChIJzaT4VGLdNIgRU2nNI3IPX-k,Yummy Palace,"8973 U.S. 30, Irwin",40.3213361,-79.69110470000001,"restaurant,food,point_of_interest,establishment",restaurant,OPERATIONAL,4.1,270.0
ChIJwQt_nCbdNIgR38CWCET86jU,DQ Grill & Chill Restaurant,"7578 U.S. 30, Irwin",40.31152809999999,-79.6663987,"store,restaurant,food,point_of_interest,establishment",restaurant,OPERATIONAL,4.2,684.0
ChIJ6S7CjxhRNIgRVu_XFajqaGE,"Bedner's Farm and Greenhouse, Inc.","315 Coleman Rd, McDonald",40.3350509,-80.21100539999999,"general_contractor,store,food,point_of_interest,establishment",farmers_market,OPERATIONAL,4.8,289.0
ChIJJcxzszNRNIgR7loSCWknRrQ,Sunoco,"3232 Millers Run Road, Cecil",40.3269489,-80.191356,"gas_station,convenience_store,store,food,point_of_interest,establishment",convenience,OPERATIONAL,3.2,17.0
ChIJM4eyczhRNIgRN1g6NLzu908,Winkle's Pit Stop & Cecil Beer Stop,"3232 Millers Run Road, Cecil",40.3270207,-80.191462,"gas_station,convenience_store,liquor_store,grocery_or_supermarket,atm,finance,store,food,point_of_interest,establishment",convenience,OPERATIONAL,4.6,22.0
ChIJ8Zfx5TJRNIgRSyzdSTdMpNA,Golden Pig,"3201 Millers Run Road, Cecil",40.3278111,-80.188525,"restaurant,food,point_of_interest,establishment",restaurant,OPERATIONAL,4.9,588.0
ChIJ437OYTFRNIgRiC29AzZj9LU,Gianni's Pizza of Cecil Pa,"3259 Millers Run Road, Cecil",40.3258888,-80.19297739999999,"meal_delivery,restaurant,food,point_of_interest,establishment",restaurant,OPERATIONAL,4.2,98.0
ChIJ4WQOxDRRNIgRjFingS2PCyk,Doc's Bar-B-Q and Smokehouse,"3262 Millers Run Road, Cecil",40.3261166,-80.19336349999999,"restaurant,food,point_of_interest,establishment",restaurant,OPERATIONAL,4.8,138.0
ChIJ87sTzU5XNIgRnrBLYsInJh4,Billie Ann's Diner,"3131 Millers Run Road, Cecil",40.3304067,-80.1845192,"restaurant,food,point_of_interest,establishment",restaurant,OPERATIONAL,4.9,370.0
ChIJhRGvwSpXNIgRqtLqPEXlxMk,Velvet Cocktail Bar/Resturant & Velvet Hi!Tea,"3131 Millers Run Road Second Floor, Cecil",40.3304669,-80.1845092,"restaurant,bar,food,point_of_interest,establishment",restaurant,OPERATIONAL,4.9,66.0
ChIJ8V9uLydXNIgRqKnqZAX3cJ8,Farmer's Market,"151 Parks Rd, Cuddy",40.3397781,-80.17119780000002,"store,point_of_interest,establishment",farmers_market,OPERATIONAL,4.6,148.0
ChIJGwQ6NNFXNIgRs9Xuh5SPp6o,Alpine Club,"200 Alpine Road, Bridgeville",40.33622909999999,-80.14191679999999,"restaurant,food,point_of_interest,establishment",restaurant,OPERATIONAL,4.3,3.0
ChIJB09TEYVXNIgRb8oY6qFVyDg,Ridge Convenient Store,"850 Boyce Road Unit 1, Bridgeville",40.3282151,-80.12566009999999,"convenience_store,store,food,point_of_interest,establishment",convenience,OPERATIONAL,5.0,4.0
ChIJWXbrM1rxNIgRAYris-iqilQ,The Pub at Hickory Heights,"116 Hickory Heights Drive, Bridgeville",40.3410388,-80.1411735,"bar,restaurant,food,point_of_interest,establishment",restaurant,OPERATIONAL,4.7,29.0
ChIJ9Xc1H69XNIgRI19R9Ne8TZw,"Hickory Heights Golf Club - Bridgeville, PA","116 Hickory Heights Drive, Bridgeville",40.340778,-80.14145599999999,"restaurant,food,health,point_of_interest,establishment",restaurant,OPERATIONAL,3.5,181.0
ChIJLwAMzylXNIgRFUhoPOy5HNI,Portman's Farm Market,"3249 Washington Pike, Bridgeville",40.3407995,-80.12071279999999,"food,store,point_of_interest,establishment",farmers_market,OPERATIONAL,4.8,199.0
ChIJ-WI_TMhXNIgR9sBWggx1rJk,Giant Eagle Supermarket,"3239 Washington Pike, Bridgeville",40.3408688,-80.11838569999999,"grocery_or_supermarket,supermarket,store,food,point_of_interest,establishment",grocery,OPERATIONAL,4.1,644.0
ChIJ6-8N0MlXNIgR3rb98SbCE6c,Bee'z Bistro & Pub,"3249 Washington Pike, Bridgeville",40.34038169999999,-80.1203199,"restaurant,bar,food,point_of_interest,establishment",restaurant,OPERATIONAL,4.5,755.0
ChIJlVo7909XNIgRjkN11cbs3zM,Recon Brewing at Hastings,"1401 Hastings Crescent, Bridgeville",40.3281334,-80.10915969999999,"restaurant,food,point_of_interest,establishment",restaurant,OPERATIONAL,4.4,75.0
ChIJ6VW_fuNXNIgR8c53TM9tR7A,Steve and Benny's at Hastings,"1401 Hastings Crescent, Bridgeville",40.3281077,-80.1089643,"restaurant,food,point_of_interest,establishment",restaurant,OPERATIONAL,4.4,8.0
ChIJpcdXvjlXNIgRBBx4TKZ2irY,OTB Bicycle Cafe at Hastings,"1595 Mayview Road, Bridgeville",40.3303026,-80.1133665,"restaurant,food,point_of_interest,establishment",restaurant,OPERATIONAL,4.5,707.0
ChIJN_6CDjxXNIgRMWRxLyGNBZw,Cassidy Family Restaurants LP,"3107 Weavers Alley, Bridgeville",40.3276826,-80.1069129,"restaurant,food,point_of_interest,establishment",restaurant,OPERATIONAL,4.2,5.0
ChIJCY32CFNXNIgRmv9K1ysct8k,La Casa del Tacos,"3249 Washington Pike, Bridgeville",40.3403315,-80.1202216,"restaurant,food,point_of_interest,establishment",restaurant,OPERATIONAL,4.7,214.0
ChIJoc3SibJXNIgRPRQPgFCXtfs,Picadeli,"3239 Washington Pike, Bridgeville",40.3409669,-80.1189114,"restaurant,food,point_of_interest,establishment",restaurant,OPERATIONAL,,
ChIJq4bbTMhXNIgRteLtEYUZ_v8,Giant Eagle Prepared Foods,"3239 Washington Pike, Bridgeville",40.3411799,-80.1187609,"meal_takeaway,restaurant,food,point_of_interest,establishment","fast_food,restaurant",OPERATIONAL,4.0,3.0
ChIJW88YzVr4NIgRT_yiVkiRyOA,Upper St. Clair-Bethel Park Rotary Farmer's Market,"105-111 Devonwood Dr, Upper St Clair",40.338941,-80.0666133,"point_of_interest,establishment",farmers_market,OPERATIONAL,4.4,30.0
ChIJ-XdfnPf4NIgR9-rj7uHoHw4,Sunoco,"127 McMurray Road, Pittsburgh",40.32640829999999,-80.0654437,"gas_station,convenience_store,store,food,point_of_interest,establishment",convenience,OPERATIONAL,2.1,19.0
ChIJ-XdfnPf4NIgRdMBEkG7R7Vc,ATM (Sunoco A Plus Mini Market),"127 McMurray Road, Pittsburgh",40.3266274,-80.0654643,"atm,convenience_store,finance,store,food,point_of_interest,establishment",convenience,OPERATIONAL,,
ChIJTRCJeK35NIgRfu_rdhpgJ0E,GetGo Gas Station & WetGo Car Wash,"14 Fort Couch Road, Pittsburgh",40.33712,-80.0509601,"gas_station,car_wash,cafe,convenience_store,store,food,point_of_interest,establishment",convenience,OPERATIONAL,2.6,25.0
ChIJUQ666rL5NIgRsZk9p-zkMZY,Bella's On Fort Couch,"91 Fort Couch Road, Pittsburgh",40.3390805,-80.05205420000001,"restaurant,food,point_of_interest,establishment",restaurant,OPERATIONAL,4.5,928.0
ChIJQ5WNi0z4NIgR1Y1iKLVdfPo,Starbucks Coffee Company,"301 South Hills Village, Bethel Park",40.34200999999999,-80.05602999999999,"cafe,store,restaurant,food,point_of_interest,establishment",restaurant,OPERATIONAL,3.4,70.0
ChIJvchDhLL5NIgRcVFK7NfXTkc,McDonald's,"82 Fort Couch Road, Pittsburgh",40.33812150000001,-80.0507713,"cafe,store,restaurant,food,point_of_interest,establishment",restaurant,OPERATIONAL,3.3,1091.0
ChIJFcIQMAD5NIgRAUsWw4-qQVo,La Oaxaqueña Mexican cuisine,"28 Donati Road, Pittsburgh",40.3386665,-80.050253,"restaurant,food,point_of_interest,establishment",restaurant,OPERATIONAL,4.8,73.0
ChIJ-f98vZD5NIgR2RQbVwpnZm4,ALDI,"5169 Library Road, Bethel Park",40.335431,-80.02287,"supermarket,grocery_or_supermarket,store,food,point_of_interest,establishment",grocery,OPERATIONAL,4.5,890.0
ChIJI9nT_oT5NIgRdMtZUG9rwsQ,Amoco,"5281 Library Road, Bethel Park",40.3313361,-80.02216380000002,"gas_station,supermarket,grocery_or_supermarket,store,food,point_of_interest,establishment",grocery,OPERATIONAL,4.0,1.0
ChIJpVpcOqD5NIgRB6TgkUXwXj4,Marathon Gas,"2733 South Park Road, Bethel Park",40.327723,-80.0318386,"gas_station,convenience_store,store,food,point_of_interest,establishment",convenience,OPERATIONAL,4.1,12.0
ChIJcXvtPZr5NIgR8QzfmeoewEk,CVS,"5190 Library Road, Bethel Park",40.33404129999999,-80.0245944,"drugstore,convenience_store,clothing_store,health,store,food,point_of_interest,establishment",convenience,OPERATIONAL,2.8,62.0
ChIJpcCftIr5NIgRPZbR2oGuD9U,Southpark Mini-Mart,"2733 South Park Road, Bethel Park",40.3275592,-80.0317477,"convenience_store,store,food,point_of_interest,establishment",convenience,OPERATIONAL,,
ChIJefcwojr5NIgRATLcayeSetI,Choice Tobacco Discount Outlet,"5301-5123 Brightwood Road, Bethel Park",40.3309656,-80.0302565,"convenience_store,store,food,point_of_interest,establishment",convenience,OPERATIONAL,5.0,2.0
ChIJsZN2KlX5NIgR6eMg9NYmepU,Choice Vapes & Tobacco | Delta 8 | Cigars | THC-A | Smoke shop |,"5129 Brightwood Road #2743, Bethel Park",40.3309681,-80.0302445,"convenience_store,store,food,point_of_interest,establishment",convenience,OPERATIONAL,4.7,58.0
ChIJY8oklzT5NIgR9p7bL8rZQUE,Coen Markets,"5281 Library Road, Bethel Park",40.33154159999999,-80.0220196,"convenience_store,gas_station,cafe,atm,meal_takeaway,finance,store,restaurant,food,point_of_interest,establishment","convenience,fast_food,restaurant",OPERATIONAL,3.4,26.0
ChIJB_Z41En5NIgR2S3hUi1iES0,Pasta Too,"5260 Library Road, Bethel Park",40.3307552,-80.0226204,"restaurant,food,point_of_interest,establishment",restaurant,OPERATIONAL,4.4,2611.0
ChIJX6ATg5z5NIgR1oYokc1uS4w,Papa Johns Pizza,"5300 Library Road, Bethel Park",40.3298606,-80.02220969999999,"restaurant,food,point_of_interest,establishment",restaurant,OPERATIONAL,3.6,262.0
ChIJI8Ju-6f5NIgR0BsrO47dXdA,Mm! Mm! Pizza,"2971 South Park Road, Bethel Park",40.3271683,-80.0418375,"meal_delivery,restaurant,food,point_of_interest,establishment",restaurant,OPERATIONAL,4.1,229.0
ChIJY6acp5v5NIgRQ7KgcohWo1w,Panera Bread,"5243 Library Road, Bethel Park",40.33271500000001,-80.022094,"cafe,meal_takeaway,bakery,store,restaurant,food,point_of_interest,establishment","fast_food,restaurant",OPERATIONAL,3.8,329.0
ChIJLWxzwJD5NIgRyhd8ge3Zoc0,"LEVEL 20 Restaurant, Bar, & Banquet","1033 Paxton Drive, Bethel Park",40.33660049999999,-80.02416439999999,"restaurant,bar,food,point_of_interest,establishment",restaurant,OPERATIONAL,4.4,401.0
ChIJzdOYWpr5NIgRhSTaD7CbzcY,Moe's Southwest Grill,"5211 Library Road, Bethel Park",40.3333848,-80.0232798,"restaurant,food,point_of_interest,establishment",restaurant,OPERATIONAL,4.3,602.0
ChIJ0b6jf5r5NIgR_L-HeCc6gtA,Danny’s Pizza and Hoagies,"5159 Library Road, Bethel Park",40.3354093,-80.0238772,"restaurant,food,point_of_interest,establishment",restaurant,OPERATIONAL,4.3,690.0
ChIJxeKo8qD5NIgRa7NU40jzr9o,Ann's Chop House,"2783 South Park Road, Bethel Park",40.3277206,-80.0346679,"restaurant,bar,food,point_of_interest,establishment",restaurant,OPERATIONAL,4.2,400.0
ChIJk3f3vpD5NIgR5BHkHzUzZl8,KFC,"5153 Library Road, Bethel Park",40.3361277,-80.02400399999999,"restaurant,food,point_of_interest,establishment",restaurant,OPERATIONAL,3.8,511.0
ChIJi-QQrpv5NIgRbShF2pHbAz4,Eat'n Park,"5220 Library Road, Bethel Park",40.33268159999999,-80.024046,"meal_takeaway,restaurant,food,point_of_interest,establishment","fast_food,restaurant",OPERATIONAL,4.2,1460.0
ChIJ1UcFlqf5NIgRj2u5eUuOwpM,Red Onion Hoagies & Pizza,"2925 South Park Road, Bethel Park",40.327783,-80.040255,"restaurant,food,point_of_interest,establishment",restaurant,OPERATIONAL,4.3,251.0
ChIJJ2eUFKf5NIgRb_Bo5CF7JA0,Subway,"2880 Industrial Boulevard, Bethel Park",40.3279347,-80.03865239999999,"meal_takeaway,restaurant,food,point_of_interest,establishment","fast_food,restaurant",OPERATIONAL,3.8,151.0
ChIJIcwFhUv4NIgR_FYyc1UKD1k,Eat'n Park,"301 South Hills Village, Pittsburgh",40.34109,-80.0532468,"meal_takeaway,restaurant,food,point_of_interest,establishment","fast_food,restaurant",OPERATIONAL,4.2,1077.0
ChIJFfzRlZz5NIgRKaOH5s0fD2w,Starbucks Coffee Company,"5110 Library Road, Bethel Park",40.33745,-80.02620999999999,"cafe,store,restaurant,food,point_of_interest,establishment",restaurant,OPERATIONAL,4.1,619.0
ChIJmdPD2Ej5NIgRpJ-DxIlEVPE,Big Shot Bob's House Of Wings - Bethel Park,"2945 South Park Road, Bethel Park",40.327507,-80.0409622,"restaurant,food,point_of_interest,establishment",restaurant,OPERATIONAL,3.9,175.0
ChIJzd08ehT5NIgRxuOGDrhdaUE,Ma and Pop's Country Kitchen,"2840 South Park Road, Bethel Park",40.3282935,-80.0378441,"restaurant,food,point_of_interest,establishment",restaurant,OPERATIONAL,4.7,788.0
ChIJh5spsdH5NIgR-zTRg5eaVqY,Phở Saigon Cafe Restaurant,"2822 South Park Road, Bethel Park",40.3280253,-80.0364421,"cafe,restaurant,food,point_of_interest,establishment",restaurant,OPERATIONAL,4.5,370.0
ChIJi9B3blr5NIgR8XwFdUjxP1A,Dunkin',"2777 South Park Road, Bethel Park",40.327514,-80.03426999999999,"meal_takeaway,bakery,cafe,restaurant,food,store,point_of_interest,establishment","fast_food,restaurant",OPERATIONAL,3.6,88.0
ChIJldabHgD5NIgRyXwRVF6W2n0,Pitts-Burgers,"2760 South Park Road, Bethel Park",40.32808219999999,-80.033834,"restaurant,food,point_of_interest,establishment",restaurant,OPERATIONAL,4.2,239.0
ChIJJfBAtXX5NIgR8qv3iSyCpFg,PrimoHoagies - Coming Soon!,"2760 South Park Road, Bethel Park",40.3280708,-80.0337783,"meal_takeaway,restaurant,food,point_of_interest,establishment","fast_food,restaurant",CLOSED_TEMPORARILY,,
ChIJNxr3s9n5NIgRXvJtAAzaB5k,Balkan Bistro,"5225 North Pennsylvania Avenue, Bethel Park",40.32902509999999,-80.0333922,"restaurant,food,point_of_interest,establishment",restaurant,OPERATIONAL,,
ChIJX4aWlp_5NIgRBkptLhYy3i0,Lemonhead's Brightwood Grille,"5317 Brightwood Road, Bethel Park",40.327395,-80.030103,"restaurant,bar,food,point_of_interest,establishment",restaurant,OPERATIONAL,4.3,170.0
ChIJR7R6C5v5NIgRTd-cI6E_kSs,McDonald's,"5261 Library Road, Bethel Park",40.3318988,-80.022391,"cafe,restaurant,food,store,point_of_interest,establishment",restaurant,OPERATIONAL,3.1,897.0
ChIJQea_QJr5NIgRYCXKXS3AjLw,Bruegger's Bagels,"5213 Library Road, Bethel Park",40.3333352,-80.02323319999999,"bakery,cafe,restaurant,food,store,point_of_interest,establishment",restaurant,OPERATIONAL,3.9,248.0
ChIJH093QZr5NIgRJHkfQowG3Go,Arby's,"5205 Library Road, Bethel Park",40.3339065,-80.0236049,"meal_takeaway,restaurant,food,store,point_of_interest,establishment","fast_food,restaurant",OPERATIONAL,4.1,511.0
ChIJiVRbPJH5NIgRECY-THgwmq8,Wendy's,"5055 Library Road, Bethel Park",40.33819449999999,-80.0255267,"restaurant,food,point_of_interest,establishment",restaurant,OPERATIONAL,2.8,955.0
ChIJ61qqHZv5NIgR3ygjLRe4YKM,Jersey Mike's Subs,"5255 Library Road, Bethel Park",40.3324306,-80.02168139999999,"meal_takeaway,restaurant,food,store,point_of_interest,establishment","fast_food,restaurant",OPERATIONAL,4.3,318.0
ChIJq7jBA5_5NIgRyxDC3JX71dc,South Hills Interfaith Movement - Food Distribution Center,"5301 Park Ave, Bethel Park",40.3285074,-80.0286016,"food,point_of_interest,establishment",food_bank,OPERATIONAL,4.9,7.0
ChIJq7jBA5_5NIgRJq7lclnAcj0,South Hills Interfaith Movement (SHIM) - SHIM Center,"2601 South Park Rd, Bethel Park",40.3284339,-80.0286527,"point_of_interest,establishment",food_bank,OPERATIONAL,4.5,73.0
ChIJXRyjjJT5NIgRyawtx2BWXN4,Hillcrest shopping center,"4968 Library Rd, Bethel Park",40.3431699,-80.0271717,"shopping_mall,point_of_interest,establishment",food_bank,OPERATIONAL,4.1,378.0
ChIJiV-355P5NIgRLAl-S6mPwJo,SHOP 'n SAVE,"5001 Library Road, Bethel Park",40.3408777,-80.02417,"grocery_or_supermarket,supermarket,store,food,point_of_interest,establishment",grocery,OPERATIONAL,4.3,931.0
ChIJiVRbPJH5NIgRdr4v6sZIevQ,Giant Eagle Supermarket,"5055 Library Road Suite 5, Bethel Park",40.3383508,-80.0236108,"grocery_or_supermarket,supermarket,store,food,point_of_interest,establishment",grocery,OPERATIONAL,4.0,735.0
ChIJL99Vi5T5NIgRBFypZV3EZGA,Dollar General,"5000 Library Road, Bethel Park",40.342216,-80.0267358,"drugstore,convenience_store,grocery_or_supermarket,health,store,food,point_of_interest,establishment",convenience,OPERATIONAL,3.8,178.0
ChIJiVRbPJH5NIgR8Oiu7YctS4c,Subway,"5055 Library Road, Bethel Park",40.338897,-80.0234826,"meal_takeaway,restaurant,food,point_of_interest,establishment","fast_food,restaurant",CLOSED_TEMPORARILY,3.0,28.0
ChIJCSsTfJH5NIgRiJWy_IezKPk,Dunkin',"1031 Paxton Drive, Bethel Park",40.336694,-80.0235889,"cafe,meal_takeaway,bakery,store,restaurant,food,point_of_interest,establishment","fast_food,restaurant",OPERATIONAL,3.9,356.0
ChIJIXGSrJb5NIgRbuxdTLiE0q8,Rice Inn,"5041 Library Road, Bethel Park",40.3399381,-80.0250135,"restaurant,food,point_of_interest,establishment",restaurant,OPERATIONAL,4.5,543.0
ChIJl_JgC5T5NIgRr2YwZWJT8wQ,Rita's Italian Ice & Frozen Custard,"5029 Library Road, Bethel Park",40.3401728,-80.02534899999999,"store,restaurant,food,point_of_interest,establishment",restaurant,CLOSED_TEMPORARILY,4.6,207.0
ChIJnbm99JT5NIgR6WnT9FbtIM8,Golden Wok Inn,"4976 Library Road, Bethel Park",40.3429234,-80.0272368,"restaurant,food,point_of_interest,establishment",restaurant,OPERATIONAL,4.2,183.0
ChIJ6zL3wDf6NIgRhQlh798vqx4,Sunoco,"5660 Brownsville Road, Pittsburgh",40.3304991,-79.98788739999999,"gas_station,convenience_store,store,food,point_of_interest,establishment",convenience,OPERATIONAL,3.6,22.0
ChIJyYwDdkT6NIgRXIhIxkFrpFI,Sunoco,"370 Curry Hollow Road, Pleasant Hills",40.3368542,-79.9786158,"gas_station,convenience_store,store,food,point_of_interest,establishment",convenience,OPERATIONAL,3.4,17.0
ChIJdxHIKAD7NIgRJwvzTrAJCh4,Dollar General,"5410 Keeport Drive, Pittsburgh",40.3369434,-79.97969479999999,"drugstore,convenience_store,grocery_or_supermarket,health,store,food,point_of_interest,establishment",convenience,OPERATIONAL,3.7,15.0
ChIJ7-OqK0X6NIgRNsEN-5zGg88,Dunkin',"360 Curry Hollow Road, Pleasant Hills",40.33676519999999,-79.9772213,"cafe,meal_takeaway,bakery,store,restaurant,food,point_of_interest,establishment","fast_food,restaurant",OPERATIONAL,3.7,365.0
ChIJqSd0_Un6NIgRMF1x_9Lf6kA,Sparta Gyros,"5843 Brownsville Road, Pittsburgh",40.3275,-79.9863889,"restaurant,food,point_of_interest,establishment",restaurant,OPERATIONAL,4.7,245.0
ChIJGZOpGVz6NIgRxUwMmQ759jI,Rita's Italian Ice & Frozen Custard,"229 Curry Hollow Road, Pittsburgh",40.337252,-79.979378,"store,restaurant,food,point_of_interest,establishment",restaurant,CLOSED_TEMPORARILY,4.7,281.0
ChIJ6xSnvmb6NIgRSnDHVMzaiKA,Cloverleaf Area Ecumenical Assistance Program - Food Distribution Center,"2 Grove Pl, Pittsburgh",40.3443498,-79.97056309999999,"food,point_of_interest,establishment",food_bank,OPERATIONAL,2.0,5.0
ChIJG01StqH7NIgRHoDSEc0DHZM,Amoco,"5220 Clairton Boulevard, Pittsburgh",40.3435417,-79.97104999999999,"gas_station,supermarket,grocery_or_supermarket,store,food,point_of_interest,establishment",grocery,OPERATIONAL,,
ChIJb6BtE1z6NIgRfcjjMrlDLtU,Sheetz,"251 Curry Hollow Road, Pittsburgh",40.3362234,-79.97071179999999,"convenience_store,gas_station,car_wash,cafe,liquor_store,store,restaurant,food,point_of_interest,establishment","convenience,restaurant",OPERATIONAL,3.2,116.0
ChIJqSODpPv6NIgR2-SvCzZ_lzE,Sunoco,"575 Old Clairton Road, Pittsburgh",40.3258776,-79.95644419999999,"gas_station,convenience_store,store,food,point_of_interest,establishment",convenience,OPERATIONAL,3.3,12.0
ChIJ7zEWJPX6NIgRDNFqBstIYXs,Sunoco,"104 Clairton Boulevard, Pleasant Hills",40.3387413,-79.9600349,"gas_station,convenience_store,store,food,point_of_interest,establishment",convenience,OPERATIONAL,2.5,12.0
ChIJ1fAKBmD6NIgRU95lES6uMVU,Walgreens,"4 Old Clairton Road, Pleasant Hills",40.34065650000001,-79.966357,"drugstore,convenience_store,clothing_store,health,store,food,point_of_interest,establishment",convenience,OPERATIONAL,3.1,86.0
ChIJJQb62Gb6NIgRkmOcTT2MNHI,CVS,"5242 Clairton Boulevard, Pittsburgh",40.3431167,-79.9705081,"drugstore,convenience_store,clothing_store,health,store,food,point_of_interest,establishment",convenience,OPERATIONAL,3.1,99.0
ChIJoWQ18vv6NIgRX6gFL-PQQlA,Uni-Mart,"612 Old Clairton Road, Pleasant Hills",40.325039,-79.957407,"convenience_store,grocery_or_supermarket,store,food,point_of_interest,establishment",convenience,OPERATIONAL,5.0,8.0
ChIJNy8JCGr6NIgRj5tNNUunHbk,Akshar Convenience Corporation,"298 Knoedler Road, Pittsburgh",40.3417156,-79.9815155,"convenience_store,store,food,point_of_interest,establishment",convenience,OPERATIONAL,3.8,13.0
ChIJfSG3t977NIgRBX5Gm8D3pcE,Pleasant Hills Grocery Store,"455 East Bruceton Road, Pittsburgh",40.3301445,-79.95006479999999,"convenience_store,grocery_or_supermarket,store,restaurant,food,point_of_interest,establishment","convenience,restaurant",OPERATIONAL,4.7,6.0
ChIJP9wECGr6NIgRYjoWxchxWrs,Uni-Mart,"298 Knoedler Road, Pittsburgh",40.34172869999999,-79.98153529999999,"convenience_store,store,food,point_of_interest,establishment",convenience,OPERATIONAL,2.6,14.0
ChIJNwqeBWz7NIgRX0EfiKZ5q00,Coen Markets,"5220 Clairton Boulevard, Pittsburgh",40.3434826,-79.971593,"convenience_store,gas_station,atm,meal_takeaway,finance,cafe,store,restaurant,food,point_of_interest,establishment","convenience,fast_food,restaurant",OPERATIONAL,3.8,21.0
ChIJCy9e-mb6NIgRnwyce4p8s28,51 Express Mart,"5150 Clairton Boulevard, Pittsburgh",40.3439583,-79.9719452,"convenience_store,store,food,point_of_interest,establishment",convenience,OPERATIONAL,3.6,7.0
ChIJr74XYUT6NIgR375fAZMw9fA,Subway,"322 Curry Hollow Road, Pleasant Hills",40.3375227,-79.97663589999999,"meal_takeaway,restaurant,food,point_of_interest,establishment","fast_food,restaurant",OPERATIONAL,3.9,86.0
ChIJCYPfel76NIgRenQSd_HIg7s,Baltimore House,"176 Curry Hollow Road, Pleasant Hills",40.3383541,-79.9688327,"bar,restaurant,food,point_of_interest,establishment",restaurant,CLOSED_TEMPORARILY,3.4,471.0
ChIJofGlv_v6NIgRoE2yVuCO_RA,Italian Village Pizza,"580 Old Clairton Road, Pittsburgh",40.32582049999999,-79.9569156,"meal_delivery,restaurant,food,point_of_interest,establishment",restaurant,OPERATIONAL,3.6,145.0
ChIJSzX3glz6NIgRwovkV5FftzA,China Ichiban,"318 Curry Hollow Road, Pleasant Hills",40.33733300000001,-79.97676179999999,"meal_delivery,restaurant,food,point_of_interest,establishment",restaurant,OPERATIONAL,3.9,138.0
ChIJLwLOKVz6NIgRR8QcRJs0JME,Jackie's Catering,"184 Curry Hollow Road, Pittsburgh",40.3377208,-79.96953359999999,"restaurant,food,point_of_interest,establishment",restaurant,OPERATIONAL,4.9,21.0
ChIJtQil2mb6NIgR9wZzmoSs18o,First Watch,"5235 Clairton Boulevard, Pittsburgh",40.3438524,-79.9703349,"restaurant,food,point_of_interest,establishment",restaurant,OPERATIONAL,4.5,1423.0
ChIJZ8OgkkT6NIgRMhqwLi5v-wc,Our Little Secret Cafe & Catering,"332 Curry Hollow Road, Pittsburgh",40.3375402,-79.9770407,"cafe,restaurant,food,point_of_interest,establishment",restaurant,OPERATIONAL,4.5,438.0
ChIJ9VpOL_X6NIgRaEJucp4IwBk,Gali's Gyro And Grill,"71-73 Clairton Boulevard, Pittsburgh",40.3395482,-79.9615209,"restaurant,food,point_of_interest,establishment",restaurant,OPERATIONAL,4.6,880.0
ChIJ9aXlQQD7NIgRdqi5mgusNjc,7 Twelve Table and Taphouse,"650 Old Clairton Road, Pittsburgh",40.3246583,-79.95804629999999,"restaurant,food,point_of_interest,establishment",restaurant,OPERATIONAL,4.5,105.0
ChIJt71sZAD7NIgRoQwHbVXQOf8,Hibachi Lou Food Truck,"186 Curry Hollow Road, Pittsburgh",40.3375817,-79.9696136,"restaurant,food,point_of_interest,establishment",restaurant,OPERATIONAL,3.2,19.0
ChIJr99J67L7NIgRapH8AUtR2d4,Just the Dip,"184 Curry Hollow Road, Pittsburgh",40.3376902,-79.9695471,"meal_takeaway,restaurant,food,point_of_interest,establishment","fast_food,restaurant",OPERATIONAL,,
ChIJ7S6NdB37NIgRDD5GAlU5-3o,Tavern In The Hills,"611 Old Clairton Road, Pleasant Hills",40.32536849999999,-79.9563222,"restaurant,food,point_of_interest,establishment",restaurant,OPERATIONAL,4.3,433.0
ChIJuTne0p77NIgRjNlVcJqDO9M,Chao Phraya Thai Cuisine,"328 Curry Hollow Road, Pleasant Hills",40.3373794,-79.9768721,"restaurant,food,point_of_interest,establishment",restaurant,OPERATIONAL,4.4,204.0
ChIJBeetVHL7NIgRljkv5-LwIFk,Stone Craft Pizza,"109 Curry Hollow Road, Pleasant Hills",40.33972749999999,-79.967361,"restaurant,food,point_of_interest,establishment",restaurant,OPERATIONAL,4.6,132.0
ChIJ74_phV_7NIgRYMLTPHBxl1U,TRUSS Brewing Company,"42 Old Clairton Road, Pleasant Hills",40.339249,-79.96451019999999,"meal_takeaway,restaurant,food,point_of_interest,establishment","fast_food,restaurant",OPERATIONAL,4.8,218.0
ChIJu6HY46f7NIgRQGQ5wJESfBE,Wingstop,"10 Old Clairton Road Suite 5, Pittsburgh",40.3400674,-79.9664647,"restaurant,food,point_of_interest,establishment",restaurant,OPERATIONAL,3.4,305.0
ChIJZ8vm3nT7NIgRdbe94Vd9u_E,PrimoHoagies,"10 Old Clairton Rd Pittsburgh, Pleasant Hills",40.3398778,-79.9655094,"meal_takeaway,store,restaurant,food,point_of_interest,establishment","fast_food,restaurant",OPERATIONAL,3.9,68.0
ChIJGeTNC837NIgR9IShxZNzrgA,Juniper Grill - Pleasant Hills,"10 Old Clairton Road # 1, Pittsburgh",40.3402497,-79.9650692,"restaurant,food,point_of_interest,establishment",restaurant,OPERATIONAL,4.2,80.0
ChIJ6Zd5dyL7NIgRdLZL4OBaiX8,Dunkin',"98 Clairton Boulevard, Pleasant Hills",40.3387724,-79.96101390000001,"cafe,meal_takeaway,bakery,store,restaurant,food,point_of_interest,establishment","fast_food,restaurant",OPERATIONAL,3.9,473.0
ChIJ64j7dZb7NIgR2CXTRNo9-pw,La Calera Mexican Bar & Grill - Baldwin,"5321 Clairton Boulevard, Pittsburgh",40.3434489,-79.9691015,"bar,restaurant,food,point_of_interest,establishment",restaurant,OPERATIONAL,4.5,297.0
ChIJC7N3K5P6NIgRefaTGl0yEQk,Giant Eagle Supermarket,"9901 Mountain View Drive, West Mifflin",40.3397736,-79.9498728,"grocery_or_supermarket,supermarket,store,food,point_of_interest,establishment",grocery,OPERATIONAL,4.2,1576.0
ChIJSfpFKPP6NIgRHer490gdKZQ,ALDI,"239 Clairton Boulevard, West Mifflin",40.340386,-79.95457900000001,"supermarket,grocery_or_supermarket,store,food,point_of_interest,establishment",grocery,OPERATIONAL,4.5,1215.0
ChIJrZp1cND7NIgRazlTCTtoDEg,Fresh Thyme Market,"665 Clairton Boulevard, Pleasant Hills",40.3301862,-79.9439317,"grocery_or_supermarket,supermarket,bakery,health,store,food,point_of_interest,establishment",grocery,OPERATIONAL,4.5,946.0
ChIJjfhXg-j6NIgRvYCEIQFiB5g,7-Eleven,"650 Clairton Boulevard, Pittsburgh",40.32885909999999,-79.9457178,"convenience_store,cafe,liquor_store,store,restaurant,food,point_of_interest,establishment","convenience,restaurant",OPERATIONAL,3.3,26.0
ChIJYbi-RPz6NIgR1c4XDgnRnSs,Dollar General,"716 Clairton Boulevard, Pittsburgh",40.3261885,-79.9452996,"drugstore,convenience_store,grocery_or_supermarket,health,store,food,point_of_interest,establishment",convenience,OPERATIONAL,3.9,140.0
ChIJa7EVd-z6NIgRzvyI0f7tDfg,Rite Aid,"402 Clairton Boulevard, Pleasant Hills",40.3363307,-79.9492405,"drugstore,convenience_store,health,store,food,point_of_interest,establishment",convenience,CLOSED_TEMPORARILY,4.2,6.0
ChIJAV314ev6NIgRZxUsClwwBXE,Olive Garden Italian Restaurant,"527 Clairton Boulevard, Pleasant Hills",40.33293099999999,-79.945668,"meal_takeaway,bar,restaurant,food,point_of_interest,establishment","fast_food,restaurant",OPERATIONAL,4.4,2356.0
ChIJqwrSFO36NIgRb1QsPK1u-MY,Denny's,"271 Clairton Boulevard, Pittsburgh",40.337895,-79.9509506,"restaurant,food,point_of_interest,establishment",restaurant,OPERATIONAL,4.2,1801.0
ChIJmQOb4b36NIgRz6VHp2IIUYk,Buffalo Wild Wings,"9996 Mountain View Drive, West Mifflin",40.3400831,-79.9529429,"meal_takeaway,bar,restaurant,food,point_of_interest,establishment","fast_food,restaurant",OPERATIONAL,3.9,1576.0
ChIJAZhsyPL6NIgRnOCf8c5GfT8,Red Lobster,"259 Clairton Blvd WEST MIFFLIN, Pittsburgh",40.33834999999999,-79.951934,"restaurant,food,point_of_interest,establishment",restaurant,OPERATIONAL,4.4,2455.0
ChIJre6OW-n6NIgRzvXHk6vgyh0,Panera Bread,"623 Clairton Boulevard, Pleasant Hills",40.331473,-79.94397889999999,"cafe,meal_takeaway,bakery,restaurant,food,store,point_of_interest,establishment","fast_food,restaurant",OPERATIONAL,3.6,535.0
ChIJKYQSQun6NIgR8DLEV7Fs9Fk,Chipotle Mexican Grill,"509 Clairton Boulevard, Pittsburgh",40.3333689,-79.9459062,"restaurant,food,point_of_interest,establishment",restaurant,OPERATIONAL,3.1,1654.0
ChIJe8IVBGD6NIgR0IFkcN4ScdM,Pizza Hut,"271 1/2 Clairton Boulevard, Pittsburgh",40.3377718,-79.9504723,"meal_takeaway,meal_delivery,restaurant,food,point_of_interest,establishment","fast_food,restaurant",OPERATIONAL,3.8,591.0
ChIJm_4C3sT6NIgRT_e0Ba1oi70,The Pizza Company,"1711 Clairton Road, West Mifflin",40.3289489,-79.9322517,"meal_delivery,restaurant,food,point_of_interest,establishment",restaurant,OPERATIONAL,4.0,142.0
ChIJBWNWguj6NIgRZ9rZMXOWj8Q,Vocelli Pizza,"691 Clairton Boulevard, Pleasant Hills",40.3290338,-79.94454329999999,"meal_takeaway,meal_delivery,restaurant,food,point_of_interest,establishment","fast_food,restaurant",OPERATIONAL,3.8,178.0
ChIJ0SeXi-z6NIgRl160glVAhpI,Chick-fil-A,"461 Clairton Boulevard, Pleasant Hills",40.3350468,-79.9464387,"restaurant,food,point_of_interest,establishment",restaurant,OPERATIONAL,4.5,2994.0
ChIJSbnRMOf6NIgRMmFO6y7Q1O0,McDonald's,"549 Clairton Boulevard, Pittsburgh",40.3317428,-79.9454031,"cafe,restaurant,food,store,point_of_interest,establishment",restaurant,OPERATIONAL,3.3,1416.0
ChIJY_doBr_6NIgR1v2BhkmMdj4,Arby's,"450 Clairton Boulevard, Pleasant Hills",40.3346695,-79.9472548,"meal_takeaway,restaurant,food,store,point_of_interest,establishment","fast_food,restaurant",OPERATIONAL,4.2,745.0
ChIJST_-0AD7NIgRKHbbJ_ktXpI,Tropical Smoothie Cafe,"681 Clairton Boulevard, Pittsburgh",40.32929530000001,-79.9444152,"cafe,restaurant,food,point_of_interest,establishment",restaurant,OPERATIONAL,4.1,177.0
ChIJSTMvn2r7NIgRGCX9j0NCjC8,Jersey Mikes,"619 Clairton Boulevard, Pleasant Hills",40.3322115,-79.9440441,"meal_takeaway,store,restaurant,food,point_of_interest,establishment","fast_food,restaurant",OPERATIONAL,3.8,172.0
ChIJqUOAnOn6NIgRNlDy80cIv-I,Fortune Star Asian Buffet & Grill,"591 Clairton Boulevard, Pleasant Hills",40.3326867,-79.9443134,"restaurant,food,point_of_interest,establishment",restaurant,OPERATIONAL,3.9,1301.0
ChIJYXI2oFz7NIgRuU4clFuc_1o,Texas Roadhouse,"511 Clairton Boulevard, Pittsburgh",40.33396509999999,-79.9448218,"restaurant,food,point_of_interest,establishment",restaurant,OPERATIONAL,4.4,2744.0
ChIJe4nXFWL7NIgRQbxYSF-0ogQ,Raising Cane's Chicken Fingers,"410 Clairton Boulevard, Pleasant Hills",40.3357142,-79.94816229999999,"restaurant,food,point_of_interest,establishment",restaurant,OPERATIONAL,4.2,420.0
ChIJXSPqiev6NIgR78OxQxn6efI,Starbucks Coffee Company,"428 Clairton Boulevard, West Mifflin",40.33614,-79.94771999999999,"cafe,store,restaurant,food,point_of_interest,establishment",restaurant,OPERATIONAL,4.4,822.0
ChIJ_zQtrJr7NIgR4LlDaKBCUcQ,The Burger Den,"271 Clairton Boulevard, Pittsburgh",40.3379538,-79.95097,"restaurant,food,point_of_interest,establishment",restaurant,OPERATIONAL,4.0,12.0
ChIJH1qlt9j7NIgRxJPx27CIZwc,Sam's Club Cafe,"2251 Century Drive, West Mifflin",40.34390519999999,-79.9483254,"cafe,meal_takeaway,restaurant,food,point_of_interest,establishment","fast_food,restaurant",OPERATIONAL,4.2,5.0
ChIJa_QlTjPlNIgRDhAkBgPh0LY,Tricky Ricky's,"2317 New England Road, West Mifflin",40.3315141,-79.91907390000001,"bar,restaurant,food,point_of_interest,establishment",restaurant,OPERATIONAL,2.3,3.0
ChIJYbw5j2zlNIgRPz_x9_p7m4g,Dollar General,"28 Monongahela Avenue, Glassport",40.3350061,-79.8911949,"drugstore,convenience_store,grocery_or_supermarket,food,health,store,point_of_interest,establishment",convenience,OPERATIONAL,4.1,325.0
ChIJGR_nJBflNIgRbkfVYDIkTzM,Glassport Minimart,"601 Monongahela Avenue, Glassport",40.325881,-79.8921629,"convenience_store,food,store,point_of_interest,establishment",convenience,OPERATIONAL,4.0,16.0
ChIJI36SFdblNIgR1Na4HgzZSfM,The Original HotSpot,"539 Monongahela Avenue, Glassport",40.32619259999999,-79.8920953,"convenience_store,food,store,point_of_interest,establishment",convenience,OPERATIONAL,4.5,43.0
ChIJsVZzaQrlNIgRphy5C_et5KM,Sunoco,"336 Monongahela Avenue, Glassport",40.32943279999999,-79.8928202,"gas_station,convenience_store,food,store,point_of_interest,establishment",convenience,OPERATIONAL,2.2,5.0
ChIJxbejo5flNIgRP1YvjN0JU5o,Fuzzy’s,"426 6th Street, Glassport",40.3259201,-79.8896834,"convenience_store,food,store,point_of_interest,establishment",convenience,OPERATIONAL,4.7,27.0
ChIJ42fMn2zlNIgRqrAMO6KO3hQ,Subway,"48 Monongahela Avenue, Glassport",40.3351012,-79.8911689,"meal_takeaway,restaurant,food,point_of_interest,establishment","fast_food,restaurant",CLOSED_TEMPORARILY,3.7,134.0
ChIJKTY3j2zlNIgRNB8QyyFiIvI,Mama Pepino's Pizza & Pub,"44 Monongahela Avenue, Glassport",40.3347144,-79.891128,"meal_delivery,bar,restaurant,food,point_of_interest,establishment",restaurant,OPERATIONAL,4.3,642.0
ChIJ_XORXG7lNIgRPiaRPyrPQyI,Max n Odi's,"500 Monongahela Avenue, Glassport",40.32752459999999,-79.8927903,"restaurant,food,point_of_interest,establishment",restaurant,OPERATIONAL,4.5,145.0
ChIJtW2SCiTlNIgRqbCacHxoFPs,GLADS Deli,"614 Monongahela Avenue, Glassport",40.3254215,-79.8926591,"restaurant,food,point_of_interest,establishment",restaurant,OPERATIONAL,4.7,173.0
ChIJe4OJPxflNIgRJ_nhwgDp4uY,Hott Rodz,"626 Monongahela Avenue, Glassport",40.3251504,-79.8926596,"bar,restaurant,food,point_of_interest,establishment",restaurant,OPERATIONAL,4.2,55.0
ChIJUTaUQBflNIgR0ary_iWkEGI,Glassport Diner,"627 Monongahela Avenue, Glassport",40.3250871,-79.892343,"restaurant,food,point_of_interest,establishment",restaurant,OPERATIONAL,4.4,259.0
ChIJm53mVXPlNIgRa9Bp3X8G-Ws,Port Vue United Methodist Church,"1565 Washington Blvd, McKeesport",40.3326041,-79.8797092,"church,place_of_worship,point_of_interest,establishment",food_bank,OPERATIONAL,4.7,27.0
ChIJY20uZHPlNIgRQV_sLG-EowY,Dollar General,"1555 Washington Boulevard, McKeesport",40.33404280000001,-79.8795262,"drugstore,convenience_store,grocery_or_supermarket,store,health,food,point_of_interest,establishment",convenience,OPERATIONAL,3.8,195.0
ChIJKd3QXb7lNIgRDX9w2jGMGjM,Sunoco,"2615 Liberty Way, McKeesport",40.328463,-79.85624469999999,"gas_station,convenience_store,store,food,point_of_interest,establishment",convenience,OPERATIONAL,4.1,17.0
ChIJVUBQlZzlNIgRN9v9o-ksROU,Uni-Mart,"1181 Romine Avenue, McKeesport",40.3424493,-79.8711841,"convenience_store,store,food,point_of_interest,establishment",convenience,OPERATIONAL,3.2,17.0
ChIJ7wox3ZzlNIgR2PRRXX3zOAM,Blessing Box,"1301 Locust St, McKeesport",40.342761,-79.86137959999999,"food,point_of_interest,establishment",food_bank,OPERATIONAL,4.0,6.0
ChIJLytcDt3lNIgRWhG2IS3k4tM,ALDI,"300 Eden Park Boulevard, McKeesport",40.327856,-79.838685,"supermarket,grocery_or_supermarket,store,food,point_of_interest,establishment",grocery,OPERATIONAL,4.4,937.0
ChIJl979N-jlNIgRBGBPYGsFPSY,Mckees Mart,"3111 Walnut Street, McKeesport",40.3308457,-79.8430024,"convenience_store,store,food,point_of_interest,establishment",convenience,OPERATIONAL,4.3,28.0
ChIJcdfC0sLlNIgRW2lLdvpFgBA,Dollar General,"3600 Walnut Street, McKeesport",40.3274287,-79.84097799999999,"convenience_store,drugstore,grocery_or_supermarket,health,store,food,point_of_interest,establishment",convenience,OPERATIONAL,3.7,193.0
ChIJLTxha5PlNIgRcVNo3lzTusA,APlus,"2105 Walnut Street, McKeesport",40.33640310000001,-79.8526053,"convenience_store,store,food,point_of_interest,establishment",convenience,CLOSED_TEMPORARILY,5.0,1.0
ChIJR16X69HlNIgR84MHNRQH-Vo,On The Fly,"3800 Walnut Street, McKeesport",40.3255641,-79.83954899999999,"convenience_store,store,food,point_of_interest,establishment",convenience,OPERATIONAL,,
ChIJNTcKrcXlNIgRj9rUbUlJ0yE,Bossmarket,"2418 Jenny Lind Street, McKeesport",40.3385966,-79.8474158,"convenience_store,store,food,point_of_interest,establishment",convenience,OPERATIONAL,5.0,2.0
ChIJJXF0ZvLlNIgRtdRDItgvNn4,Bailie Food Mart,"2316 Bailie Avenue, McKeesport",40.34115389999999,-79.8486825,"convenience_store,store,food,point_of_interest,establishment",convenience,OPERATIONAL,3.6,50.0
ChIJjcFDZQDlNIgRrvDjGSmcHJ0,McKees Mart,"2511 Grandview Avenue, McKeesport",40.33545670000001,-79.8347138,"convenience_store,store,food,point_of_interest,establishment",convenience,OPERATIONAL,5.0,6.0
ChIJdxW4ON3lNIgRw6lRMwTAzVc,Tillie's Restaurant,"308 36th Street, McKeesport",40.327976,-79.839867,"restaurant,food,point_of_interest,establishment",restaurant,OPERATIONAL,4.5,1537.0
ChIJmwtwN-jlNIgR80FpQIU4Uv8,Hoot's Again,"3115 Walnut Street, McKeesport",40.3307034,-79.84301669999999,"bar,night_club,restaurant,food,point_of_interest,establishment",restaurant,OPERATIONAL,4.5,414.0
ChIJSyGeTOjlNIgRXzxenZs1UaA,Pizza Burgh,"3019 Walnut Street #7159, McKeesport",40.33119790000001,-79.8435903,"meal_delivery,restaurant,food,point_of_interest,establishment",restaurant,OPERATIONAL,4.1,217.0
ChIJM7HkMqflNIgRIuQrxkJggGE,TKO gyros fries and more,"3101 Walnut Street, McKeesport",40.33101879999999,-79.8432807,"restaurant,food,point_of_interest,establishment",restaurant,OPERATIONAL,4.9,72.0
ChIJPUIZ5t3lNIgRo2XaH336eeA,Mellon's Pub,"502 Eden Park Boulevard, McKeesport",40.327955,-79.83595,"bar,restaurant,food,point_of_interest,establishment",restaurant,OPERATIONAL,4.4,258.0
ChIJDegdDQ7lNIgRPPf_jrzJpSs,Mckeesport Fish and Chicken Stop,"2314 Bailie Avenue, McKeesport",40.3411462,-79.8487837,"restaurant,food,point_of_interest,establishment",restaurant,OPERATIONAL,3.9,10.0
ChIJa2VAlODlNIgR-m-5bJTrJO0,Cal's Cantina,"617 Eden Park Boulevard, McKeesport",40.32977109999999,-79.8335907,"bar,restaurant,food,point_of_interest,establishment",restaurant,CLOSED_TEMPORARILY,4.2,250.0
ChIJHUjOtRbmNIgRXgN4BY5szn8,Speedway,"1200 Long Run Road, White Oak",40.3332846,-79.81255349999999,"gas_station,convenience_store,store,food,point_of_interest,establishment",convenience,OPERATIONAL,4.1,61.0
ChIJ-f9mOfvlNIgRGJZlR7O5RVA,Lampert's Market,"2010 Eden Park Boulevard, McKeesport",40.34263300000001,-79.8291445,"meal_takeaway,convenience_store,store,restaurant,food,point_of_interest,establishment","convenience,fast_food,restaurant",OPERATIONAL,4.4,159.0
ChIJTfG9OPvlNIgRkWuQudWx0OU,Grandview Convenience,"1902 Grandview Avenue, McKeesport",40.34000580000001,-79.8369616,"convenience_store,meal_takeaway,grocery_or_supermarket,store,restaurant,food,point_of_interest,establishment","convenience,fast_food,restaurant",OPERATIONAL,3.4,48.0
ChIJ3WyI0RbmNIgRbZwvjP8_UOE,Luciano's Restaurant,"1212 Long Run Road, White Oak",40.333617,-79.81178349999999,"restaurant,food,point_of_interest,establishment",restaurant,OPERATIONAL,4.3,1949.0
ChIJleEO4dXnNIgRxQ5J-xNJ1DY,Speedy Cafe,"1200 Long Run Road, White Oak",40.3332781,-79.8125821,"restaurant,food,point_of_interest,establishment",restaurant,OPERATIONAL,3.5,4.0
ChIJ1R9boh3mNIgRAWDvUzN6cqA,Sampson's Mills Presbyterian Church,"1665 Lincoln Way, McKeesport",40.3458349,-79.81504819999999,"church,place_of_worship,point_of_interest,establishment",food_bank,OPERATIONAL,4.5,17.0
ChIJ7375gAbmNIgRQsYua2iERnY,Renzie Farmers Market,"behind Fire Station, Renziehausen Park, Tulip Dr # 2, McKeesport",40.3408431,-79.8243739,"point_of_interest,establishment",farmers_market,OPERATIONAL,4.0,9.0
ChIJU2I5-5jnNIgROuKvPJKfkmM,CCR Gardens,"181 Marshall Dr, McKeesport",40.3332641,-79.8242861,"point_of_interest,establishment",farmers_market,OPERATIONAL,4.9,7.0
ChIJnaGJwyLmNIgRk5siJTO3Pms,Giant Eagle Supermarket,"2001 Lincoln Way, White Oak",40.3371557,-79.8057078,"grocery_or_supermarket,supermarket,store,food,point_of_interest,establishment",grocery,OPERATIONAL,4.2,1056.0
ChIJUWkHqxnmNIgRQCdPgndNUBk,Dollar General,"1985 Lincoln Way, White Oak",40.33864319999999,-79.807217,"drugstore,convenience_store,grocery_or_supermarket,store,health,food,point_of_interest,establishment",convenience,OPERATIONAL,4.0,224.0
ChIJA02zHBnmNIgRoZFZ5T2oZds,Sunoco,"1969 Lincoln Way, White Oak",40.3397152,-79.8106536,"gas_station,convenience_store,store,food,point_of_interest,establishment",convenience,OPERATIONAL,4.7,9.0
ChIJjRXjdBjmNIgRIOnQNmuw9_I,GetGo Gas Station,"2811 Jacks Run Road, McKeesport",40.338065,-79.80769889999999,"gas_station,cafe,convenience_store,store,food,point_of_interest,establishment",convenience,OPERATIONAL,3.9,22.0
ChIJUWkHqxnmNIgRseG3GZOGtEk,Subway,"1985 Lincoln Way, White Oak",40.3386657,-79.8082309,"meal_takeaway,restaurant,food,point_of_interest,establishment","fast_food,restaurant",OPERATIONAL,3.8,198.0
ChIJUWkHqxnmNIgRmb5MK0Tg9dw,Little Caesars Pizza,"1985 Lincoln Way, White Oak",40.3387911,-79.80899389999999,"meal_takeaway,meal_delivery,restaurant,food,point_of_interest,establishment","fast_food,restaurant",OPERATIONAL,3.3,248.0
ChIJlUaRwyLmNIgRvm1m2Fu6B5A,Palmer's Pizza,"2001 Lincoln Way, White Oak",40.3363519,-79.8048692,"meal_delivery,restaurant,food,point_of_interest,establishment",restaurant,OPERATIONAL,3.9,251.0
ChIJMXsshSLmNIgRWwVKAknxHos,Rita's Italian Ice & Frozen Custard,"Rainbow Village Shopping Center, 1985 Lincoln Way, White Oak",40.338333,-79.806595,"store,restaurant,food,point_of_interest,establishment",restaurant,CLOSED_TEMPORARILY,4.7,417.0
ChIJ9xCGKBfmNIgR5B59whl2UI0,Pizza Hut,"1235 Long Run Road, White Oak",40.3369335,-79.810009,"meal_takeaway,meal_delivery,restaurant,food,point_of_interest,establishment","fast_food,restaurant",OPERATIONAL,4.0,600.0
ChIJg7e3viPmNIgR72AHU4jV6Rk,Wendy's,"2805 Jacks Run Road, White Oak",40.3379695,-79.8086276,"restaurant,food,point_of_interest,establishment",restaurant,OPERATIONAL,3.2,1437.0
ChIJOca7PRjmNIgRLu7mLL2KFAA,Twin Oaks Lounge,"1985 Lincoln Way, White Oak",40.3386244,-79.80766600000001,"restaurant,food,point_of_interest,establishment",restaurant,OPERATIONAL,4.5,781.0
ChIJmZtzMBjmNIgR_Hqv01za-xU,Dairy Queen Grill & Chill,"1990 Lincoln Way, White Oak",40.33748550000001,-79.8095262,"store,restaurant,food,point_of_interest,establishment",restaurant,OPERATIONAL,4.1,800.0
ChIJD4bnCxjmNIgRSonL49IGWX0,Taco Bell,"2802 Jacks Run Road, McKeesport",40.3376578,-79.8070127,"meal_takeaway,restaurant,food,point_of_interest,establishment","fast_food,restaurant",OPERATIONAL,3.6,700.0
ChIJswr3iyLmNIgRnhmH8GvcnRw,Arby's,"2831 Jacks Run Road, White Oak",40.3386117,-79.8062581,"meal_takeaway,store,restaurant,food,point_of_interest,establishment","fast_food,restaurant",OPERATIONAL,4.2,924.0
ChIJmcUFp-LnNIgRwFbG8PciKFE,Wingstop,"2001 Lincoln Way Suite 200, White Oak",40.33628829999999,-79.804745,"restaurant,food,point_of_interest,establishment",restaurant,OPERATIONAL,4.2,170.0
ChIJr4tYsELnNIgRZztYxg9QGrM,China House,"2001 Lincoln Way, White Oak",40.3371633,-79.8053446,"restaurant,food,point_of_interest,establishment",restaurant,OPERATIONAL,3.7,40.0
ChIJ_VC1egrnNIgRU5A_9XfnJuU,Up In Smoke Grill,"1955 Lincoln Way, White Oak",40.3406737,-79.8115296,"restaurant,food,point_of_interest,establishment",restaurant,OPERATIONAL,,
ChIJEXBRkprnNIgRvY-KFEApNKY,Uncle June's Pizzeria,"1949 Lincoln Way, White Oak",40.3410466,-79.8118659,"meal_takeaway,restaurant,food,point_of_interest,establishment","fast_food,restaurant",CLOSED_TEMPORARILY,4.5,91.0
ChIJV6UTKPjnNIgRyqFu8g-bo3k,Shop 'n Save,"12120 U.S. 30, North Huntingdon",40.3304894,-79.7430377,"grocery_or_supermarket,supermarket,food,store,point_of_interest,establishment",grocery,OPERATIONAL,3.8,513.0
ChIJwYwXGPnnNIgRnYsPC43I4Uo,DG Market,"12259 U.S. 30, North Huntingdon",40.33435409999999,-79.7433271,"grocery_or_supermarket,convenience_store,drugstore,home_goods_store,food,health,store,point_of_interest,establishment",convenience,OPERATIONAL,4.3,316.0
ChIJFVz7-eLnNIgRcFjJxx4V-oA,Sunoco,"12970 U.S. 30, Irwin",40.3399265,-79.7539984,"gas_station,convenience_store,food,store,point_of_interest,establishment",convenience,OPERATIONAL,4.1,104.0
ChIJlV77-eLnNIgR8LsVD2-5iwI,ATM,"12790 Lincoln Highway, Irwin",40.33868719999999,-79.7498691,"atm,convenience_store,finance,food,store,point_of_interest,establishment",convenience,OPERATIONAL,,
ChIJw5RxgHXnNIgRCpwIja_io4U,Latin Market Multservices,"13380 U.S. 30, Irwin",40.3423023,-79.76071519999999,"convenience_store,hardware_store,food,store,point_of_interest,establishment",convenience,OPERATIONAL,5.0,6.0
ChIJm_rO_T_dNIgRDkjNmFzorOo,McDonald's,"12118 U.S. 30, Irwin",40.3320551,-79.74218130000001,"cafe,store,restaurant,food,point_of_interest,establishment",restaurant,OPERATIONAL,3.6,671.0
ChIJxQagNUbdNIgRmtgyTi8xfQs,Pizza Marsala,"12120 Lincoln Highway a204, North Huntingdon",40.33129879999999,-79.7437492,"meal_delivery,meal_takeaway,restaurant,food,point_of_interest,establishment","fast_food,restaurant",OPERATIONAL,4.1,210.0
ChIJPZ9NQPjnNIgRk94Xe666LG0,China Garden Restaurant,"90 Malts Lane, Irwin",40.3332054,-79.7440838,"meal_takeaway,restaurant,food,point_of_interest,establishment","fast_food,restaurant",OPERATIONAL,4.6,669.0
ChIJZSjS2fnnNIgR75eMUbMI-Ug,Atami Japan,"12120 U.S. 30 STE 170, North Huntingdon",40.3311225,-79.7435884,"restaurant,food,point_of_interest,establishment",restaurant,OPERATIONAL,4.4,293.0
ChIJfdSKIODnNIgR2UT2PEJvW0I,"Inferno Pizza - North Huntingdon, PA","13380 U.S. 30, North Huntingdon",40.34242100000001,-79.760831,"meal_delivery,meal_takeaway,restaurant,food,point_of_interest,establishment","fast_food,restaurant",OPERATIONAL,4.1,567.0
ChIJmzYA6FjdNIgRxTkgQmRA9q4,Rome in Irwin Pizza,"11771 Parkway Drive, North Huntingdon",40.330041,-79.73816920000002,"meal_takeaway,restaurant,food,point_of_interest,establishment","fast_food,restaurant",OPERATIONAL,,
ChIJUfyBVXbdNIgR9XiUzNFiyAU,Pizza Romani,"11771 Parkway Drive, North Huntingdon",40.330041,-79.73816920000002,"meal_takeaway,restaurant,food,point_of_interest,establishment","fast_food,restaurant",OPERATIONAL,,
ChIJ3fStZuLnNIgRw0GzEsg2MhQ,The Salvation Army Family Store & Donation Center,"12751 Lincoln Hwy, North Huntingdon",40.3395644,-79.7498322,"store,point_of_interest,establishment",food_bank,OPERATIONAL,3.9,149.0
ChIJlYfkglDdNIgRXVI6SDR7Pso,bp,"11339 Center Highway, Irwin",40.3299294,-79.7322854,"gas_station,supermarket,grocery_or_supermarket,food,store,point_of_interest,establishment",grocery,OPERATIONAL,3.6,10.0
ChIJ_0CzglDdNIgRikkXrRQr9Hc,Sunoco,"11339 Center Highway, Irwin",40.32990420000001,-79.73227109999999,"gas_station,convenience_store,store,food,point_of_interest,establishment",convenience,OPERATIONAL,4.0,1.0
ChIJAX-FEVrdNIgR8hftIj6nUgc,Subway,"11440 Lincoln Highway, North Huntingdon",40.3291433,-79.73375709999999,"meal_takeaway,restaurant,food,point_of_interest,establishment","fast_food,restaurant",OPERATIONAL,3.8,250.0
ChIJlWUsGsLcNIgRo7rADFXEGE8,Domino's Pizza,"10729 U.S. 30, Irwin",40.3279463,-79.7214572,"meal_takeaway,meal_delivery,restaurant,food,point_of_interest,establishment","fast_food,restaurant",OPERATIONAL,3.7,233.0
ChIJF08WoFDdNIgRWF0gww4pcQU,Jacktown Ride & Hunt Club,"11369 Center Highway, Irwin",40.3298685,-79.73318239999999,"restaurant,food,point_of_interest,establishment",restaurant,OPERATIONAL,4.5,56.0
ChIJNf9PLTndNIgRsgx0B8ErLoU,Fox's Pizza North Huntington,"11322 Center Highway, Irwin",40.3295088,-79.7317719,"restaurant,food,point_of_interest,establishment",restaurant,OPERATIONAL,4.3,120.0
ChIJXXSrTJPdNIgR2_DDiTTRofE,Siena at Norwin,"10630 U.S. 30, North Huntingdon",40.32714899999999,-79.7194968,"restaurant,food,point_of_interest,establishment",restaurant,OPERATIONAL,4.3,250.0
ChIJLbocezHdNIgRAbhLZ7qZilw,First United Methodist Church,"310 Oak St, Irwin",40.3323439,-79.709609,"church,place_of_worship,point_of_interest,establishment",food_bank,OPERATIONAL,4.9,34.0
ChIJfysKlDDdNIgRS7qW9ddyab0,Fpc Of Irwin Pantry - Food Distribution Center,"617 Main St, Irwin",40.3288678,-79.71029519999999,"food,point_of_interest,establishment",food_bank,OPERATIONAL,5.0,4.0
ChIJfysKlDDdNIgRHUTaC8uAzXE,First Presbyterian Church,"617 Main St, Irwin",40.3288716,-79.7102968,"church,place_of_worship,point_of_interest,establishment",food_bank,OPERATIONAL,4.8,14.0
ChIJ3WgFYjDdNIgRC15h6Mw6Vco,Sunoco,"623 Oak Street, Irwin",40.32874899999999,-79.70879359999999,"gas_station,convenience_store,food,store,point_of_interest,establishment",convenience,OPERATIONAL,3.8,21.0
ChIJffVsBDPdNIgRaVME9mfruvY,Spee D Mart,"10501 Station Street, Irwin",40.33579630000001,-79.7095472,"convenience_store,food,store,point_of_interest,establishment",convenience,OPERATIONAL,4.1,7.0
ChIJ0Z1VXDHdNIgREOpd_A8oR20,Colonial Grille Restaurant and Taproom,"333 Main Street, Irwin",40.3321477,-79.7107656,"bar,restaurant,food,point_of_interest,establishment",restaurant,OPERATIONAL,4.6,925.0
ChIJhwKJFzHdNIgRgXFQYzOhn7U,dO wood fired,"213 5th Street, Irwin",40.3310689,-79.7104339,"restaurant,food,point_of_interest,establishment",restaurant,CLOSED_TEMPORARILY,4.7,835.0
ChIJOWXVTyfdNIgROHADz7sdXqU,Abruzzi Italian Cucina,"9745 U.S. 30, Irwin",40.3255639,-79.7039139,"restaurant,food,point_of_interest,establishment",restaurant,OPERATIONAL,4.5,1085.0
ChIJ3TxEW4rdNIgR7XWqY5nAmRI,Eats on the Street,"419 Main Street, Irwin",40.3314384,-79.7110529,"restaurant,food,point_of_interest,establishment",restaurant,OPERATIONAL,4.5,2.0
ChIJxbRXVKvdNIgRWMd6vgkmO8E,Burgher Burger,"108 4th Street, Irwin",40.33173709999999,-79.7105498,"restaurant,food,point_of_interest,establishment",restaurant,OPERATIONAL,4.8,544.0
ChIJSVptcjHdNIgRFNiKLDzGVF0,Iceburgh's Bistro Irwin,"223 4th Street, Irwin",40.3318186,-79.7098026,"restaurant,food,point_of_interest,establishment",restaurant,OPERATIONAL,4.7,268.0
ChIJRQnVuCjdNIgRFATbRn76oG0,The Lunch Lady on Wheels,"209 3rd Street, Irwin",40.3328834,-79.7100772,"restaurant,food,point_of_interest,establishment",restaurant,OPERATIONAL,4.9,21.0
ChIJrTGxFabdNIgRiOjvs3iZUoY,Gato Taco & Tequila,"207 Main Street, Irwin",40.3334655,-79.71016689999999,"restaurant,food,point_of_interest,establishment",restaurant,OPERATIONAL,4.2,462.0
ChIJ52jYRADdNIgRC05S41hDO-A,Manor Grille,"200 Main Street, Irwin",40.33362239999999,-79.7104955,"bar,restaurant,food,point_of_interest,establishment",restaurant,OPERATIONAL,4.1,134.0
ChIJ5xRMIrLCNIgRkDIMioVcU3Q,St John's United Church of Christ,"1230 Brownstown Rd, Larimer",40.3444733,-79.7274691,"church,place_of_worship,point_of_interest,establishment",food_bank,OPERATIONAL,4.8,14.0
ChIJa04dITbdNIgRB-j_HYWpCkg,Amoco,"82 Main Street, Manor",40.333219,-79.67045900000001,"gas_station,supermarket,grocery_or_supermarket,food,store,point_of_interest,establishment",grocery,OPERATIONAL,4.2,5.0
ChIJ-aXjHbXcNIgROizm1FOTkeU,Coen Markets,"82 Main Street, Manor",40.3332651,-79.67062419999999,"convenience_store,gas_station,cafe,store,food,point_of_interest,establishment",convenience,OPERATIONAL,3.2,10.0
ChIJKXKpWLjHNIgRmValrVE4nJM,An Extra Slice Of New York,"40 Race Street, Manor",40.33461659999999,-79.6706191,"restaurant,food,point_of_interest,establishment",restaurant,OPERATIONAL,4.8,92.0
ChIJ6WhX8HXDNIgRWSZWNn5tJtk,Cafe 993,"100 Manor Harrison City Road, Manor",40.3362111,-79.67093489999999,"restaurant,food,point_of_interest,establishment",restaurant,OPERATIONAL,4.9,17.0
ChIJhfJd00rDNIgR3CHnRgoFdEU,NexTier Bank - Manor Office,"83 Race St, Manor",40.33376459999999,-79.6695079,"food,point_of_interest,establishment",food_bank,OPERATIONAL,5.0,21.0
ChIJK8s2NLRPNIgRBWy79KcTAXA,Simmons Hickory Farm,"55 Loffert Rd, McDonald",40.3530239,-80.3021057,"point_of_interest,establishment",farmers_market,OPERATIONAL,5.0,2.0
ChIJ68wRaQxXNIgRkma2OsPWDYc,Ava Mae's Bistro and Pizzeria,"4097 Battle Ridge Road Suite 2, Cuddy",40.34869210000001,-80.16420889999999,"meal_takeaway,restaurant,food,point_of_interest,establishment","fast_food,restaurant",OPERATIONAL,4.6,95.0
ChIJUd9sOIZXNIgRKusvLNsHZMA,McClelland's Public House,"611 Millers Run Road, Cuddy",40.3481591,-80.1554761,"restaurant,food,point_of_interest,establishment",restaurant,OPERATIONAL,4.7,96.0
ChIJ_4-q7BNXNIgR7IaxEFWUP9s,The Steeping Leaf,"536 Millers Run Road, Morgan",40.3540728,-80.1455239,"restaurant,cafe,store,food,point_of_interest,establishment",restaurant,OPERATIONAL,4.8,210.0
ChIJbWp1KutXNIgRNEiKWMyBfnI,Dunkin',"179 Millers Run Road, Bridgeville",40.3563957,-80.1201786,"bakery,cafe,meal_takeaway,store,restaurant,food,point_of_interest,establishment","fast_food,restaurant",OPERATIONAL,3.9,517.0
ChIJCUPo5a9XNIgRVKCYLeKHEE8,Primanti Bros. Restaurant and Bar,"195 Millers Run Road, Bridgeville",40.3563003,-80.1225509,"bar,restaurant,food,point_of_interest,establishment",restaurant,OPERATIONAL,4.1,404.0
ChIJbYCnPI1XNIgRvLxeTfc29R4,Firebirds Wood Fired Grill,"201 Millers Run Road, Bridgeville",40.3568127,-80.12318379999999,"restaurant,food,point_of_interest,establishment",restaurant,OPERATIONAL,4.3,915.0
ChIJlTrZCgBXNIgRNcMGCoV4fu4,mezeh,"193 Millers Run Road Suite 105, Bridgeville",40.3565774,-80.1226962,"restaurant,food,point_of_interest,establishment",restaurant,OPERATIONAL,3.9,138.0
ChIJrfbmMi9XNIgRt37gz6-Y9dU,Oasis Restaurant,"3181 Washington Pike, Bridgeville",40.34413290000001,-80.1150941,"restaurant,food,point_of_interest,establishment",restaurant,OPERATIONAL,4.7,124.0
ChIJSwyfPJVXNIgRtCfsUTctNow,Pizzaiolo Primo South Fayette,"193 Millers Run Road, Bridgeville",40.356358,-80.1218835,"restaurant,food,point_of_interest,establishment",restaurant,OPERATIONAL,4.1,234.0
ChIJRUlYHUFXNIgRqiBIHNkCGuE,Raising Cane's Chicken Fingers,"189 Millers Run Road, South Fayette Township",40.3568383,-80.1211137,"restaurant,food,point_of_interest,establishment",restaurant,OPERATIONAL,4.1,840.0
ChIJFa1dYkdXNIgRU5nBVXGzOAM,Bridgeville Community Food Bank,"740 Washington Ave, Bridgeville",40.356124,-80.1144344,"food,point_of_interest,establishment",food_bank,OPERATIONAL,3.8,5.0
ChIJuxiacOlXNIgRnQWd6z_R6jM,Bethany Presbyterian Church,"740 Washington Ave, Bridgeville",40.3562076,-80.114374,"church,place_of_worship,point_of_interest,establishment",food_bank,OPERATIONAL,4.7,43.0
ChIJVXCC8-lXNIgRFUHoZ9xtz4c,ALDI,"3013 Washington Pike, Bridgeville",40.354106,-80.112892,"supermarket,grocery_or_supermarket,food,store,point_of_interest,establishment",grocery,OPERATIONAL,4.5,742.0
ChIJFaApMutXNIgRQyqoHYfbMrU,Sunoco,"140 Millers Run Road, Bridgeville",40.3572059,-80.1197621,"gas_station,convenience_store,store,food,point_of_interest,establishment",convenience,OPERATIONAL,4.1,33.0
ChIJQ2cwAsJXNIgR0r9FKvnBa9o,GetGo Café + Market & WetGo Car Wash,"3029 Washington Pike, Bridgeville",40.3530295,-80.11411249999999,"gas_station,car_wash,cafe,convenience_store,store,food,point_of_interest,establishment",convenience,OPERATIONAL,2.7,128.0
ChIJG1qNq2lXNIgRfub5p0PQzA8,Sheetz,"3109 Washington Pike, Bridgeville",40.3486308,-80.1115057,"convenience_store,car_wash,liquor_store,store,food,point_of_interest,establishment",convenience,OPERATIONAL,3.8,173.0
ChIJLcH_WwBXNIgRbafsVHw7rvg,Bridgeville Mart,"510 Station Street, Bridgeville",40.3573557,-80.1102776,"convenience_store,store,food,point_of_interest,establishment",convenience,OPERATIONAL,4.7,6.0
ChIJ1WmGn99XNIgRcF8EpGpH_5M,Cucina Bella,"1200 Pennsylvania Avenue, Bridgeville",40.3496341,-80.0994616,"restaurant,food,point_of_interest,establishment",restaurant,OPERATIONAL,4.3,366.0
ChIJdx0KJelXNIgRXqfC9pKc_bU,Burgh's Pizza & Wing Pub,"533 Washington Avenue, Bridgeville",40.3575447,-80.1124547,"bar,restaurant,food,point_of_interest,establishment",restaurant,OPERATIONAL,4.1,1443.0
ChIJvfE-k-hXNIgR-jI2gbH5VKY,Country Style Pizza,"536 Dewey Avenue, Bridgeville",40.3562885,-80.110607,"meal_delivery,meal_takeaway,bakery,store,restaurant,food,point_of_interest,establishment","fast_food,restaurant",OPERATIONAL,4.7,269.0
ChIJXa629elXNIgRNuYYUVNQJ44,Chipotle Mexican Grill,"3009 Washington Pike, Bridgeville",40.3541382,-80.1142587,"restaurant,food,point_of_interest,establishment",restaurant,OPERATIONAL,3.6,674.0
ChIJL8W18OlXNIgRf-v7MZHcre0,Starbucks Coffee Company,"3007 Washington Pike, Bridgeville",40.35426,-80.11423,"cafe,store,restaurant,food,point_of_interest,establishment",restaurant,OPERATIONAL,4.2,487.0
ChIJFScaPOlXNIgRgP5DLB35RJ8,The Crafty Jackalope,"608 Washington Avenue, Bridgeville",40.3571912,-80.1131599,"bar,night_club,restaurant,food,point_of_interest,establishment",restaurant,OPERATIONAL,4.5,1345.0
ChIJK0LBTOtXNIgRoYJpzamjxmQ,First Watch,"160 Millers Run Road Ste. 400, Bridgeville",40.35807909999999,-80.1206832,"restaurant,food,point_of_interest,establishment",restaurant,OPERATIONAL,4.5,1274.0
ChIJ_RrNTOtXNIgRzAJXQIjCy4w,Five Guys,"160 Millers Run Road, Bridgeville",40.3581417,-80.12088609999999,"meal_takeaway,restaurant,food,point_of_interest,establishment","fast_food,restaurant",OPERATIONAL,4.4,1061.0
ChIJoY-PGOlXNIgRz0fduRkM9Z0,LaBella Bean Coffee House & Eatery,"609 Washington Avenue, Bridgeville",40.3571385,-80.1127533,"cafe,bakery,store,restaurant,food,point_of_interest,establishment",restaurant,OPERATIONAL,4.5,397.0
ChIJwcj4-OlXNIgRGcOIKtCsuEQ,McDonald's,"3023 Washington Pike, Bridgeville",40.3536749,-80.1146694,"cafe,store,restaurant,food,point_of_interest,establishment",restaurant,OPERATIONAL,3.4,1449.0
ChIJz4_9nMNXNIgRWTufdHAZ2DU,New Dragon,"3127 Washington Pike # 100, Bridgeville",40.34744619999999,-80.1119344,"restaurant,food,point_of_interest,establishment",restaurant,OPERATIONAL,4.2,480.0
ChIJoY-PGOlXNIgRp13KrcLi2rs,Armstrong's Express,"609 Washington Avenue, Bridgeville",40.3570105,-80.1124616,"restaurant,food,point_of_interest,establishment",restaurant,OPERATIONAL,4.6,316.0
ChIJh56uUe9XNIgRhShgeSDD180,Serafina's Pizza,"423 Railroad Street, Bridgeville",40.358413,-80.1099826,"meal_delivery,restaurant,food,point_of_interest,establishment",restaurant,OPERATIONAL,4.3,152.0
ChIJG4U_m21XNIgRkQlahVRHfF8,Pizza Hut,"3127 Washington Pike Suite 400, Bridgeville",40.3474806,-80.1120711,"meal_delivery,meal_takeaway,restaurant,food,point_of_interest,establishment","fast_food,restaurant",OPERATIONAL,3.8,157.0
ChIJ_xDIhRBXNIgRs3RAJwFAeUQ,Empanada Company,"3058 Washington Pike, Bridgeville",40.3514817,-80.1142249,"meal_takeaway,restaurant,food,point_of_interest,establishment","fast_food,restaurant",OPERATIONAL,4.9,275.0
ChIJt1-C_-lXNIgRJuthlPaaMiA,Jimmy John's,"3035 Washington Pike, Bridgeville",40.3532695,-80.113002,"restaurant,food,point_of_interest,establishment",restaurant,OPERATIONAL,4.1,217.0
ChIJ1QHkaO9XNIgRCtwatoEHvKk,Big Guys Pizza,"435 Bower Hill Road, Bridgeville",40.3596505,-80.11021319999999,"meal_delivery,restaurant,food,point_of_interest,establishment",restaurant,OPERATIONAL,4.4,394.0
ChIJd8OXYGhXNIgRqILnoHb5tFw,Taco Bell,"177 Millers Run Road, Bridgeville",40.3562,-80.1197,"meal_takeaway,restaurant,food,point_of_interest,establishment","fast_food,restaurant",OPERATIONAL,2.9,158.0
ChIJ-27s3GdXNIgRg9z3AGw4DNQ,Pizza Spezia,"510 Station Street, Bridgeville",40.3572142,-80.1104477,"restaurant,food,point_of_interest,establishment",restaurant,OPERATIONAL,4.4,58.0
ChIJmV1usGdXNIgRD8auxt-1IXc,Masala House Indian Bistro,"500 Washington Avenue, Bridgeville",40.3584384,-80.1123798,"meal_takeaway,restaurant,food,point_of_interest,establishment","fast_food,restaurant",OPERATIONAL,4.7,1367.0
ChIJe6qPTu9XNIgRqU4eKB78Gxs,Di Mario's Railroad St Cafe,"429 Railroad Street, Bridgeville",40.3582824,-80.11022439999999,"restaurant,food,point_of_interest,establishment",restaurant,OPERATIONAL,4.2,52.0
ChIJQV8uSi1XNIgRAs_zn0m2VwE,Tropical Smoothie Cafe,"156 Millers Run Road, Bridgeville",40.35786900000001,-80.12018599999999,"cafe,restaurant,food,point_of_interest,establishment",restaurant,OPERATIONAL,4.6,139.0
ChIJNX5snftXNIgRqfcNUWOEoEo,Roots Natural Kitchen,"160 Millers Run Road, Bridgeville",40.3580055,-80.12056919999999,"restaurant,food,point_of_interest,establishment",restaurant,OPERATIONAL,5.0,112.0
ChIJ00l3F-RXNIgRp-ByV-dTPFY,"PJ's Deli, Catering & Bakery","700 Bower Hill Road, Bridgeville",40.358129,-80.1049427,"restaurant,food,point_of_interest,establishment",restaurant,OPERATIONAL,4.5,71.0
ChIJUx6-fQX4NIgRE9LGYwFiXC8,Bedner's Farm Market,"1520 Bower Hill Rd, Pittsburgh",40.3612104,-80.08919379999999,"grocery_or_supermarket,food,store,point_of_interest,establishment",farmers_market,OPERATIONAL,4.3,36.0
ChIJ1fGLtlr2NIgRqaKcZnuGGdE,Scoglio's USC,"1580 McLaughlin Run Road Suite 102, Pittsburgh",40.34686789999999,-80.0832733,"restaurant,food,point_of_interest,establishment",restaurant,OPERATIONAL,4.6,680.0
ChIJUWAFaGz4NIgRMbky2qufobw,Emma's Market & Deli,"1580 McLaughlin Run Road #3100, Pittsburgh",40.3461989,-80.0830759,"cafe,grocery_or_supermarket,store,restaurant,food,point_of_interest,establishment",restaurant,OPERATIONAL,4.4,42.0
ChIJ3cvXyQ75NIgRx7JQxcGri38,CFA Sites,"2211 Lesnett Road #12883, Pittsburgh",40.3441787,-80.0832721,"restaurant,food,point_of_interest,establishment",restaurant,OPERATIONAL,,
ChIJOQ6qjaz5NIgRlekIQMhhOCs,Emma's Kafe & Deli,"1580 McLaughlin Run Road, Upper Saint Clair",40.346193,-80.0830825,"cafe,grocery_or_supermarket,store,restaurant,food,point_of_interest,establishment",restaurant,OPERATIONAL,4.8,24.0
ChIJjbD8NgD5NIgRb-bMqsyYHCE,Dudas Farm produce stand,"615 Painters Run Rd, Pittsburgh",40.362184,-80.06581249999999,"point_of_interest,establishment",farmers_market,OPERATIONAL,4.0,4.0
ChIJHZEuFcv5NIgRx5ZEUOiKFIw,Trader Joe's,"1630 Washington Road, Pittsburgh",40.3513544,-80.0517205,"grocery_or_supermarket,supermarket,food,health,store,point_of_interest,establishment",grocery,OPERATIONAL,4.7,2462.0
ChIJadD6SMz5NIgRsPk3wZhe_30,The Fresh Market,"1551 Washington Road, Mount Lebanon Township",40.354668,-80.049388,"grocery_or_supermarket,supermarket,bakery,food,store,point_of_interest,establishment",grocery,OPERATIONAL,4.3,769.0
ChIJIecxN0r4NIgRwoW0VwQL77k,Whole Foods Market,"111 Siena Drive, Upper Saint Clair",40.34609349999999,-80.0579454,"grocery_or_supermarket,supermarket,liquor_store,food,health,store,point_of_interest,establishment",grocery,OPERATIONAL,4.3,1449.0
ChIJt7HbHrb5NIgRhdNkAck109s,Market District Supermarket,"7000 Oxford Drive #288, Bethel Park",40.34692249999999,-80.0466498,"grocery_or_supermarket,supermarket,food,store,point_of_interest,establishment",grocery,OPERATIONAL,4.3,2199.0
ChIJp3cUEh35NIgRp2rHPKvDEDc,Target Grocery,"201 South Hills Village, Pittsburgh",40.3436764,-80.0569386,"grocery_or_supermarket,supermarket,food,store,point_of_interest,establishment",grocery,OPERATIONAL,4.7,15.0
ChIJwXv0r0r4NIgRk-vpoqV7VQw,Sunoco,"1710 Washington Road, Pittsburgh",40.3483333,-80.0529176,"gas_station,atm,convenience_store,finance,store,food,point_of_interest,establishment",convenience,OPERATIONAL,2.2,25.0
ChIJl87WUUT5NIgRdd80fScic74,CVS,"1740 Washington Road, Pittsburgh",40.34754859999999,-80.0550313,"drugstore,convenience_store,clothing_store,store,health,food,point_of_interest,establishment",convenience,OPERATIONAL,3.2,68.0
ChIJr9jvtUr4NIgRoS85mhUNOzU,Walgreens,"1741 Washington Road, Pittsburgh",40.34676479999999,-80.0540449,"drugstore,convenience_store,clothing_store,store,health,food,point_of_interest,establishment",convenience,OPERATIONAL,3.3,42.0
ChIJNaxoLHP5NIgRUdQXaJHbo_s,7-Eleven,"1710 Washington Road, Pittsburgh",40.3483328,-80.05296720000001,"convenience_store,liquor_store,cafe,store,restaurant,food,point_of_interest,establishment","convenience,restaurant",OPERATIONAL,2.2,10.0
ChIJRcUWrM35NIgREDe8SKQ4s6M,GetGo Gas Station,"1540 Washington Road, Pittsburgh",40.3556715,-80.05072,"gas_station,cafe,convenience_store,store,food,point_of_interest,establishment",convenience,OPERATIONAL,3.0,17.0
ChIJL86RC0v4NIgREeNXcIel218,Bonefish Grill,"1835 Washington Road, Upper St. Clair",40.3452186,-80.056343,"meal_takeaway,bar,restaurant,food,point_of_interest,establishment","fast_food,restaurant",OPERATIONAL,4.5,1610.0
ChIJEVJDUDX4NIgR1h2aFMGidFI,Chipotle Mexican Grill,"1720 Washington Road, Pittsburgh",40.3479191,-80.0541513,"restaurant,food,point_of_interest,establishment",restaurant,OPERATIONAL,3.7,800.0
ChIJs-5vrEz4NIgR9ZQuju6IZuA,China Max,"301 South Hills Village, Pittsburgh",40.3426411,-80.05510369999999,"restaurant,food,point_of_interest,establishment",restaurant,OPERATIONAL,2.7,77.0
ChIJr9uA3rX5NIgRnP-osiOLg1Q,Olive Garden Italian Restaurant,"6000 Oxford Drive, Bethel Park",40.347948,-80.050186,"meal_takeaway,bar,restaurant,food,point_of_interest,establishment","fast_food,restaurant",OPERATIONAL,4.2,1692.0
ChIJs-5vrEz4NIgRv_xjnDdP6is,Red Robin Gourmet Burgers and Brews,"301 South Hills Village Upper, Upper Saint Clair",40.342596,-80.05484589999999,"restaurant,meal_takeaway,bar,food,point_of_interest,establishment","fast_food,restaurant",OPERATIONAL,4.2,1624.0
ChIJj8lCd835NIgRgV9z9C3ZBUI,Starbucks Coffee Company,"1500 Washington Road, Pittsburgh",40.35677,-80.05219000000001,"cafe,store,restaurant,food,point_of_interest,establishment",restaurant,OPERATIONAL,4.1,254.0
ChIJ_QOhFMz5NIgRZsTsRn2HTZI,AMF Mt. Lebanon Lanes,"1601 Washington Road, Pittsburgh",40.35383960000001,-80.0493273,"bowling_alley,bar,store,restaurant,food,point_of_interest,establishment",restaurant,OPERATIONAL,4.3,1024.0
ChIJL8GAYkr4NIgR7X89Ax1rJdg,Subway,"301 Fort Couch Road Rm Fc09, Pittsburgh",40.3429677,-80.0553812,"meal_takeaway,restaurant,food,point_of_interest,establishment","fast_food,restaurant",OPERATIONAL,2.1,65.0
ChIJZbPEg835NIgRy8qr7vpqNCM,Mitchell's Fish Market,"1500 Washington Road, Pittsburgh",40.3571391,-80.0512262,"meal_takeaway,restaurant,food,point_of_interest,establishment","fast_food,restaurant",OPERATIONAL,4.2,794.0
ChIJCWD2bsv5NIgRjLYr2n9z08A,Chick-fil-A,"1620 Washington Road, Pittsburgh",40.3520051,-80.05157179999999,"restaurant,food,point_of_interest,establishment",restaurant,OPERATIONAL,4.5,2137.0
ChIJwwBMROTyNIgR3pCqvCmeV6I,Flamers Burgers & Chicken,"301 South Hills Village, Pittsburgh",40.3426159,-80.0551821,"restaurant,food,point_of_interest,establishment",restaurant,OPERATIONAL,4.0,59.0
ChIJIcwFhUv4NIgR5pRRPbTKSOU,Villa Fresh Italian Kitchen,"301 South Hills Village Sp. FC-11A, Pittsburgh",40.34304229999999,-80.0552896,"store,restaurant,food,point_of_interest,establishment",restaurant,OPERATIONAL,3.4,56.0
ChIJF7GJmUz4NIgR-rEUp1FajVY,South Philly Steaks & Fries,"301 South Hills Village Space FC - 11A, Pittsburgh",40.34260599999999,-80.055281,"restaurant,food,point_of_interest,establishment",restaurant,CLOSED_TEMPORARILY,2.8,52.0
ChIJO26j-kr4NIgRVTDUZAoUk-o,BJ's Restaurant & Brewhouse,"1819 Washington Road, Upper Saint Clair",40.3450492,-80.0554569,"restaurant,meal_takeaway,bar,food,point_of_interest,establishment","fast_food,restaurant",OPERATIONAL,4.1,2062.0
ChIJ8aAQnkz4NIgRu5H6RGyaI6Q,Noodles and Company,"301 South Hills Village, Pittsburgh",40.3430722,-80.05519269999999,"restaurant,meal_takeaway,store,food,point_of_interest,establishment","fast_food,restaurant",OPERATIONAL,4.1,207.0
ChIJ90hUJLX5NIgREnrFXLbfYJE,Gather Restaurant Pittsburgh,"164 Fort Couch Road, Pittsburgh",40.3457123,-80.05279159999999,"bar,restaurant,food,point_of_interest,establishment",restaurant,OPERATIONAL,3.7,26.0
ChIJq6qqqn73NIgRL_e4F0XsX4A,Vocelli Pizza,"1687 Washington Road, Mt. Lebanon",40.3519041,-80.05028120000001,"meal_delivery,meal_takeaway,restaurant,food,point_of_interest,establishment","fast_food,restaurant",OPERATIONAL,3.9,119.0
ChIJzd96-Mz5NIgRqsLQF71xWao,The Honey Baked Ham Company,"1630 Washington Road, Pittsburgh",40.3514009,-80.0518342,"restaurant,meal_delivery,grocery_or_supermarket,store,food,point_of_interest,establishment",restaurant,OPERATIONAL,4.5,70.0
ChIJc-V1w8v5NIgRp_cuAz_sFPE,Grab Thai,"112 Abbeyville Road, Pittsburgh",40.35187939999999,-80.0501932,"restaurant,food,point_of_interest,establishment",restaurant,OPERATIONAL,4.3,132.0
ChIJC4KSrc35NIgRFByUaz0dxJo,Dunkin',"1541 Washington Road, Pittsburgh",40.3555169,-80.049843,"cafe,meal_takeaway,bakery,store,restaurant,food,point_of_interest,establishment","fast_food,restaurant",OPERATIONAL,4.1,451.0
ChIJ3RufQc35NIgRjWSCLMcCEAI,Houlihan's,"1500 Washington Road, Pittsburgh",40.357114,-80.052725,"bar,restaurant,food,point_of_interest,establishment",restaurant,OPERATIONAL,4.3,1047.0
ChIJy9jua835NIgRAZRZpuRpP3Y,The Yard,"1500 Washington Road, Pittsburgh",40.3570396,-80.05134749999999,"bar,restaurant,food,point_of_interest,establishment",restaurant,OPERATIONAL,4.1,486.0
ChIJOQV9pc35NIgRg5gdIPo6CtQ,Primanti Bros. Restaurant and Bar,"1539 Washington Road, Mount Lebanon Township",40.3558106,-80.0495104,"bar,restaurant,food,point_of_interest,establishment",restaurant,OPERATIONAL,4.3,2147.0
ChIJqyY0gc35NIgRMila_iLmyIk,Panera Bread,"1500 Washington Road, Mt. Lebanon",40.3573572,-80.0519013,"cafe,meal_takeaway,bakery,store,restaurant,food,point_of_interest,establishment","fast_food,restaurant",OPERATIONAL,3.7,338.0
ChIJdTC-C835NIgRyelKNikPYZw,Bravo! Italian Kitchen,"1500 Washington Road, Pittsburgh",40.3562841,-80.0512203,"restaurant,food,point_of_interest,establishment",restaurant,OPERATIONAL,4.1,952.0
ChIJbYh_BJH5NIgRNLWyviTP0_Q,Genji Sushi,"111 Siena Drive, Upper Saint Clair",40.34609349999999,-80.0579454,"restaurant,food,point_of_interest,establishment",restaurant,OPERATIONAL,,
ChIJP0bFC0r4NIgRkm4x00sHLxw,The Porch,"120 Siena Drive, Upper St Clair",40.3478248,-80.0583383,"bar,restaurant,food,point_of_interest,establishment",restaurant,OPERATIONAL,4.2,1009.0
ChIJodVDj0v4NIgRyS09cdf-zVM,Pizza Hut Express,"201 South Hills Village, Pittsburgh",40.3436421,-80.0566523,"meal_takeaway,restaurant,food,point_of_interest,establishment","fast_food,restaurant",OPERATIONAL,2.8,6.0
ChIJK1hwBhT5NIgROw9250-gyR4,First Watch,"100 Siena Drive Suite 190, Upper Saint Clair",40.34709369999999,-80.05728049999999,"restaurant,food,point_of_interest,establishment",restaurant,OPERATIONAL,4.4,368.0
ChIJmwFKaUr4NIgR8UwdOk9mkbc,Hello Bistro,"100 Siena Drive Suite 250, Upper St Clair",40.3473321,-80.0573095,"meal_takeaway,restaurant,food,point_of_interest,establishment","fast_food,restaurant",OPERATIONAL,4.0,391.0
ChIJeRRlWwD5NIgRbx3hcMXO_Zo,Miku Sushi,"301 South Hills Village, Pittsburgh",40.3428207,-80.0555394,"restaurant,food,point_of_interest,establishment",restaurant,OPERATIONAL,4.4,22.0
ChIJYfF6nNz5NIgRy5AWTeiAyGo,Nori Japan,"301 South Hills Village Space FC - 10, Pittsburgh",40.3429941,-80.055315,"restaurant,food,point_of_interest,establishment",restaurant,OPERATIONAL,3.5,26.0
ChIJzbvis8z5NIgR0shluHHUhi4,Charleys Cheesesteaks,"301 South Hills Village, Pittsburgh",40.34260859999999,-80.05532889999999,"restaurant,food,point_of_interest,establishment",restaurant,OPERATIONAL,4.3,34.0
ChIJm8f6y1DxNIgRKSjsWVgfZU0,Palmyra Authentic Mediterranean Cuisine,"301 South Hills Village, Pittsburgh",40.3427414,-80.0549947,"restaurant,food,point_of_interest,establishment",restaurant,OPERATIONAL,4.7,780.0
ChIJL1FcPj75NIgRAwjxCYi8Ksw,Condado Tacos,"301 South Hills Village Space #2400, Pittsburgh",40.3419265,-80.05500839999999,"meal_takeaway,bar,restaurant,food,point_of_interest,establishment","fast_food,restaurant",OPERATIONAL,4.4,1226.0
ChIJO5FeuMv5NIgR6DyOGZ4CIK4,POKE SUSHI,"1720 Washington Road, Pittsburgh",40.3480849,-80.05406959999999,"restaurant,food,point_of_interest,establishment",restaurant,OPERATIONAL,4.0,102.0
ChIJyz4o4Lj5NIgRS6VGeeQqons,The Village TapHouse,"1778 North Highland Road, Pittsburgh",40.3493795,-80.05189879999999,"bar,restaurant,food,point_of_interest,establishment",restaurant,OPERATIONAL,4.5,147.0
ChIJRdWj0CTxNIgR1WcEE6rXumI,Pardon My Cheesesteak,"1500 Washington Road, Pittsburgh",40.35627600000001,-80.05120959999999,"restaurant,food,point_of_interest,establishment",restaurant,OPERATIONAL,1.5,8.0
ChIJmbb1D-n5NIgRA9qL2R9weaQ,Creators' Kitchen as Seen on TikTok,"1500 Washington Road, Pittsburgh",40.35700360000001,-80.051746,"restaurant,food,point_of_interest,establishment",restaurant,OPERATIONAL,,
ChIJdbH4gyX4NIgRvjK7d3yxCZw,Crust! Café and Pizzeria,"509 Painters Run Road, Pittsburgh",40.3619029,-80.06510999999999,"restaurant,food,point_of_interest,establishment",restaurant,OPERATIONAL,4.7,664.0
ChIJrz7lh-75NIgRIUrIRxmxZhk,Sheetz,"4599 Library Road, Bethel Park",40.3510547,-80.0225888,"convenience_store,car_wash,gas_station,cafe,liquor_store,restaurant,food,store,point_of_interest,establishment","convenience,restaurant",OPERATIONAL,3.2,211.0
ChIJ-Z5I85T5NIgRJj2z0cKOseU,Olive Oils Pizzeria & More,"hillcrest shopping center, 4966 Library Road, Bethel Park",40.3435931,-80.0273515,"meal_delivery,restaurant,food,point_of_interest,establishment",restaurant,OPERATIONAL,3.9,219.0
ChIJ2W-CcZr5NIgRtJgrMhSIcXI,Pizza Hut,"4960 Library Road, Bethel Park",40.3433571,-80.0272974,"meal_delivery,meal_takeaway,restaurant,food,point_of_interest,establishment","fast_food,restaurant",OPERATIONAL,3.6,223.0
ChIJq6B99JT5NIgROd9M3rMFPzU,Helmet Heads,"4962 Library Road, Bethel Park",40.3433789,-80.0272705,"bar,restaurant,food,point_of_interest,establishment",restaurant,OPERATIONAL,4.0,88.0
ChIJdcZdvZb5NIgR3mwTpP4wnr4,Bruster's Real Ice Cream,"4940 Library Road, Bethel Park",40.34386259999999,-80.0274309,"bakery,store,restaurant,food,point_of_interest,establishment",restaurant,OPERATIONAL,4.6,393.0
ChIJYw_QD-f5NIgR3_5u5U51FgU,Asian Garden,"4136 Library Road C1, Castle Shannon",40.3596684,-80.0291803,"meal_delivery,restaurant,food,point_of_interest,establishment",restaurant,OPERATIONAL,2.9,82.0
ChIJfzu1RiX5NIgRQ24V5LJgEZ0,Emiliano's Mexican Restaurant & Bar (Bethel Park),"4607 Library Road Suite #230, Bethel Park",40.3499478,-80.0227077,"restaurant,food,point_of_interest,establishment",restaurant,OPERATIONAL,4.5,1241.0
ChIJocKdCQD5NIgRzYvyOn9X2Ok,Fox's Pizza Den of Bethel Park,"1001 Cool Springs Drive, Pittsburgh",40.3505455,-80.0164811,"restaurant,food,point_of_interest,establishment",restaurant,OPERATIONAL,4.9,85.0
ChIJTQK4TwD5NIgR6zK5fTUfuwY,La herradura estadero,"arriba de la chec, Pleasant Hills",40.34534740000001,-80.0100526,"restaurant,food,point_of_interest,establishment",restaurant,OPERATIONAL,5.0,1.0
ChIJQWjwMCT5NIgRbfihruVwbBE,Tocayo - Bethel Park,"1001 Cool Springs Drive, Bethel Park",40.3507684,-80.0161407,"restaurant,food,point_of_interest,establishment",restaurant,OPERATIONAL,4.4,207.0
ChIJNeOetx_6NIgRvg7u51rodl8,The Garden Restaurant,"4912 Gardenville Road, Pittsburgh",40.34582409999999,-80.00727239999999,"restaurant,bar,food,point_of_interest,establishment",restaurant,OPERATIONAL,4.5,520.0
ChIJDfJXkmP5NIgRcS-w9uHtE54,Jimmy Z's Pizza South Hills,"4136 Library Road, Castle Shannon",40.3589137,-80.0291487,"restaurant,food,point_of_interest,establishment",restaurant,OPERATIONAL,4.3,108.0
ChIJ4amBzwX6NIgRloekI3H42Tk,Baldwin Community United Methodist Church,"5001 Baptist Rd, Pittsburgh",40.3574108,-80.00010739999999,"church,place_of_worship,point_of_interest,establishment",food_bank,OPERATIONAL,4.6,23.0
ChIJRxGcmmr6NIgRG-D7Qp0ypfQ,ALDI,"5239 Brownsville Road, Pittsburgh",40.34263199999999,-79.98423799999999,"supermarket,grocery_or_supermarket,food,store,point_of_interest,establishment",grocery,OPERATIONAL,4.4,487.0
ChIJr7PkZ1D6NIgRDEZccteDHvk,Giant Eagle Supermarket,"5260 Grove Road, Pittsburgh",40.3573828,-80.002139,"grocery_or_supermarket,supermarket,food,store,point_of_interest,establishment",grocery,OPERATIONAL,4.1,403.0
ChIJEYaZSHH6NIgRz6uyVQLcds0,Aplus,"4639 Clairton Boulevard, Pittsburgh",40.356138,-79.9796374,"convenience_store,store,food,point_of_interest,establishment",convenience,OPERATIONAL,5.0,1.0
ChIJLWf4R3H6NIgRYo9e9WIhse0,Sunoco,"4639 Clairton Boulevard, Pittsburgh",40.3559954,-79.9796614,"gas_station,atm,convenience_store,finance,store,food,point_of_interest,establishment",convenience,OPERATIONAL,2.4,16.0
ChIJ00K-fX_7NIgRx4zT2kcqdN8,7-Eleven,"4639 Clairton Boulevard, Pittsburgh",40.3561407,-79.9796537,"convenience_store,liquor_store,cafe,store,restaurant,food,point_of_interest,establishment","convenience,restaurant",OPERATIONAL,2.3,13.0
ChIJtyK7FAT6NIgR1r085PlJyWI,Subway,"5301 Grove Road Suite 615, Pittsburgh",40.35853709999999,-80.0005281,"meal_takeaway,restaurant,food,point_of_interest,establishment","fast_food,restaurant",OPERATIONAL,3.7,60.0
ChIJo5IOulDxNIgRKoHYGmCJQYg,Storms Restaurant & BYOB,"5001 Curry Road, Pittsburgh",40.3501081,-79.994315,"restaurant,food,point_of_interest,establishment",restaurant,OPERATIONAL,4.7,438.0
ChIJtyK7FAT6NIgRWH-Q_CMTsyo,Silk Road Gourmet Chinese Restaurant,"5301 Grove Road Ste 1, Pittsburgh",40.3591984,-80.00214980000001,"restaurant,food,point_of_interest,establishment",restaurant,OPERATIONAL,4.3,692.0
ChIJtyK7FAT6NIgRUHCizJ6PQIo,Armstrong's,"5301 Grove Road, Pittsburgh",40.35913089999999,-80.0026996,"restaurant,food,point_of_interest,establishment",restaurant,OPERATIONAL,4.4,1209.0
ChIJtyK7FAT6NIgRzKAsD8rxKjM,Little Caesars Pizza,"5301 Grove Road SUITE 19, Pittsburgh",40.35844099999999,-80.000508,"meal_takeaway,meal_delivery,restaurant,food,point_of_interest,establishment","fast_food,restaurant",OPERATIONAL,3.4,412.0
ChIJHZOj92b6NIgRJ4eJt-YqeEI,Sugar and Spice,"5200 Clairton Boulevard, Pittsburgh",40.344182,-79.972387,"bakery,home_goods_store,restaurant,food,store,point_of_interest,establishment",restaurant,OPERATIONAL,4.7,340.0
ChIJEb21DGb6NIgR1fxLa-R4wTo,Eat'n Park,"5100 Clairton Boulevard, Pittsburgh",40.3458499,-79.97364069999999,"meal_takeaway,restaurant,food,point_of_interest,establishment","fast_food,restaurant",OPERATIONAL,4.3,2402.0
ChIJA5QPkm_6NIgROmQ1mX2xwG8,Bull River Taco Co.,"4849 Clairton Boulevard, Pittsburgh",40.349871,-79.9759911,"restaurant,food,point_of_interest,establishment",restaurant,CLOSED_TEMPORARILY,4.5,584.0
ChIJ4aipogb6NIgRdrRhpS0xkrg,Panera Bread,"5301 Grove Road, Pittsburgh",40.35933329999999,-80.0017955,"cafe,meal_takeaway,bakery,restaurant,food,store,point_of_interest,establishment","fast_food,restaurant",OPERATIONAL,4.1,315.0
ChIJSV4liQb6NIgRE8wZLVgDxME,Princess Lanes Bowling Center,"540 Weyman Road, Pittsburgh",40.359385,-80.0009233,"bowling_alley,bar,restaurant,food,point_of_interest,establishment",restaurant,OPERATIONAL,3.9,347.0
ChIJLwN1-Wb6NIgR2JhRP4KqU-c,Mm Mm Pizza,"5001 Curry Road, Pittsburgh",40.3493863,-79.99457149999999,"meal_takeaway,restaurant,food,point_of_interest,establishment","fast_food,restaurant",OPERATIONAL,4.3,219.0
ChIJZVaQu57wNIgR8ONj7mSaJXc,Gianna Vias Restaurant & Bar,"5301 Grove Road #639, Pittsburgh",40.3578721,-80.000199,"bar,restaurant,food,point_of_interest,establishment",restaurant,OPERATIONAL,4.4,1077.0
ChIJSV4liQb6NIgRWMc8ZNTbW0Q,Prior's Tap and Tavern,"540 Weyman Road, Pittsburgh",40.3594826,-80.00092339999999,"bar,restaurant,food,point_of_interest,establishment",restaurant,OPERATIONAL,3.9,69.0
ChIJt9mJuWr6NIgRPbmzspvzKNU,The Pizza Company,"5200 Brownsville Road, Pittsburgh",40.3432437,-79.98560789999999,"meal_takeaway,meal_delivery,restaurant,food,point_of_interest,establishment","fast_food,restaurant",OPERATIONAL,4.5,166.0
ChIJtyK7FAT6NIgRJBwUKY-jnvs,Frisch's,"5301 Grove Road, Pittsburgh",40.3585144,-80.00286659999999,"restaurant,food,point_of_interest,establishment",restaurant,OPERATIONAL,4.3,781.0
ChIJx00RR__5NIgRvbuuqO3iO0o,The Crafthouse Stage & Grill,"5024 Curry Road, Pittsburgh",40.349887,-79.9962369,"bar,restaurant,food,point_of_interest,establishment",restaurant,OPERATIONAL,4.4,1520.0
ChIJZdPbKED6NIgRdaBHO2eeEro,China Cafe,"5239 Brownsville Road, Pittsburgh",40.3419924,-79.98390560000001,"meal_takeaway,restaurant,food,point_of_interest,establishment","fast_food,restaurant",OPERATIONAL,3.6,112.0
ChIJ03Aab2b6NIgRm9FzCyNayXY,KFC,"5130 Clairton Boulevard, Pittsburgh",40.3452125,-79.97340319999999,"restaurant,food,point_of_interest,establishment",restaurant,OPERATIONAL,3.7,507.0
ChIJdc_a6gP7NIgRy6nP5tgaLbc,The Village Takeout,"4851 Clairton Boulevard, Pittsburgh",40.34969579999999,-79.9758117,"meal_takeaway,restaurant,food,point_of_interest,establishment","fast_food,restaurant",CLOSED_TEMPORARILY,4.8,25.0
ChIJgyVk2tj7NIgR7-z0S4Je1-g,Boudha Origin,"4871 Clairton Boulevard, Pittsburgh",40.34946149999999,-79.9755663,"restaurant,food,point_of_interest,establishment",restaurant,OPERATIONAL,4.6,251.0
ChIJX8Sy_zD7NIgRMBai_Aed_e8,Taste Of The Himalayas,"5134 Clairton Boulevard, Pittsburgh",40.3449958,-79.97317799999999,"restaurant,food,point_of_interest,establishment",restaurant,OPERATIONAL,4.2,155.0
ChIJLRTmiH36NIgRtrWMxoWCPJ0,Cafe Fusion,"5206 East Willock Road, Pittsburgh",40.35317089999999,-79.9643375,"restaurant,food,point_of_interest,establishment",restaurant,CLOSED_TEMPORARILY,,
ChIJvQ6ALg_7NIgRaN9gQfsoqe4,Papa Johns Pizza,"5217 Clairton Boulevard, Pittsburgh",40.3441959,-79.97096429999999,"restaurant,food,point_of_interest,establishment",restaurant,OPERATIONAL,3.5,30.0
ChIJrRsQgU77NIgR_4KPOiRWDA0,Firehouse Subs Lebanon Church Street,"2033 Lebanon Church Road, West Mifflin",40.3486206,-79.9489279,"restaurant,food,point_of_interest,establishment",restaurant,OPERATIONAL,3.6,49.0
ChIJxVjNDED7NIgRi9DLmrFQjk0,Watami Hibachi Steak House,"2033 Lebanon Church Road, West Mifflin",40.34854789999999,-79.9489025,"restaurant,food,point_of_interest,establishment",restaurant,OPERATIONAL,4.4,1235.0
ChIJ_aYUJZb6NIgRpgGMr-x5n2o,Century Square Shop 'n Save,"2381 Mountain View Drive, West Mifflin",40.3449625,-79.9465567,"grocery_or_supermarket,supermarket,food,store,point_of_interest,establishment",grocery,OPERATIONAL,4.1,793.0
ChIJD1n6WAf7NIgRziO7kol4udY,REBEL Convenience Stores,"6999 Clairton Road, West Mifflin",40.3451681,-79.9395784,"convenience_store,store,food,point_of_interest,establishment",convenience,OPERATIONAL,2.9,10.0
ChIJ5WgWsL36NIgRtBGKfVAvRSM,Sunoco,"6999 Clairton Road, West Mifflin",40.3449711,-79.9394664,"gas_station,convenience_store,store,food,point_of_interest,establishment",convenience,OPERATIONAL,3.6,73.0
ChIJUb-NJ6P6NIgRHxr14RMYKN4,Sheetz,"2400 Lebanon Church Road, West Mifflin",40.3480676,-79.93829199999999,"convenience_store,gas_station,car_wash,cafe,liquor_store,store,restaurant,food,point_of_interest,establishment","convenience,restaurant",OPERATIONAL,2.6,205.0
ChIJex1pRK76NIgRwC6sYYcbd1M,7-Eleven,"321 Camp Hollow Road, West Mifflin",40.34899749999999,-79.9267514,"convenience_store,cafe,liquor_store,store,restaurant,food,point_of_interest,establishment","convenience,restaurant",OPERATIONAL,3.0,26.0
ChIJ_aYUJZb6NIgRNUjqjHHJZUk,Subway,"3533 Mountain View Drive, West Mifflin",40.3451162,-79.9471095,"meal_takeaway,restaurant,food,point_of_interest,establishment","fast_food,restaurant",OPERATIONAL,3.8,165.0
ChIJPyHnpZD6NIgRc2v8ZH0g_IQ,Applebee's Grill + Bar,"2045 Lebanon Church Road, Pittsburgh",40.34859410000001,-79.94808599999999,"restaurant,bar,food,point_of_interest,establishment",restaurant,OPERATIONAL,4.0,2643.0
ChIJoX9Yf5f6NIgRmurMKQ-lc3c,Bob Evans,"2210 Lebanon Church Road, West Mifflin",40.34800009999999,-79.9436393,"meal_takeaway,restaurant,food,point_of_interest,establishment","fast_food,restaurant",OPERATIONAL,4.0,1733.0
ChIJq-Y7RJf6NIgR0gcoe6oftqg,Panda Express,"2070 Lebanon Church Road, West Mifflin",40.3479005,-79.946255,"restaurant,food,point_of_interest,establishment",restaurant,OPERATIONAL,3.8,1104.0
ChIJ_aYUJZb6NIgRXVILUzxHQDU,Chili's Grill & Bar,"2207 Mountain View Drive, West Mifflin",40.346332,-79.944114,"restaurant,bar,food,point_of_interest,establishment",restaurant,OPERATIONAL,4.0,2144.0
ChIJS0fGgpf6NIgRrDVAYR9Ran4,Denny's,"2200 Lebanon Church Road, West Mifflin",40.3480251,-79.9443582,"restaurant,food,point_of_interest,establishment",restaurant,OPERATIONAL,4.0,1971.0
ChIJ28U4Tpf6NIgREyLMaFjF6Qk,McDonald's,"2090 Lebanon Church Road, West Mifflin",40.3479004,-79.9453063,"cafe,store,restaurant,food,point_of_interest,establishment",restaurant,OPERATIONAL,3.2,2323.0
ChIJWQTlsJD6NIgRBL1uJTpmGxE,Taco Bell,"2050 Lebanon Church Road, West Mifflin",40.3479413,-79.94779539999999,"meal_takeaway,restaurant,food,point_of_interest,establishment","fast_food,restaurant",OPERATIONAL,3.6,2494.0
ChIJRfH5lZD6NIgRpj9FtJ7HwzU,Arby's,"2040 Lebanon Church Road, West Mifflin",40.3478049,-79.9486173,"meal_takeaway,restaurant,food,store,point_of_interest,establishment","fast_food,restaurant",OPERATIONAL,4.1,1130.0
ChIJNx1_9Zf6NIgRdCt_IarzHYM,Wendy's,"2280 Lebanon Church Road, West Mifflin",40.34842680000001,-79.9397649,"restaurant,food,point_of_interest,establishment",restaurant,OPERATIONAL,3.5,1489.0
ChIJ_eTiuzb7NIgRg7gLB_P-Slw,It's Just Wings,"2207 Mountain View Drive, West Mifflin",40.346332,-79.944114,"meal_delivery,meal_takeaway,restaurant,food,point_of_interest,establishment","fast_food,restaurant",OPERATIONAL,3.3,31.0
ChIJp4JBqZf6NIgRTgGc0D631S8,Chili’s To Go,"2207 Mountain View Drive Dining, West Mifflin",40.3464413,-79.94417949999999,"restaurant,food,point_of_interest,establishment",restaurant,OPERATIONAL,4.4,39.0
ChIJ4YFjYij7NIgRXPPrTGt77y0,The Burger Den,"2200 Lebanon Church Road, West Mifflin",40.34801029999999,-79.94432139999999,"restaurant,food,point_of_interest,establishment",restaurant,OPERATIONAL,3.9,11.0
ChIJpaizPwD7NIgRdOyyU_CrG9A,Dunkin',"4000 Tech One Drive, Pittsburgh",40.34738089999999,-79.9424725,"meal_takeaway,bakery,cafe,restaurant,food,store,point_of_interest,establishment","fast_food,restaurant",OPERATIONAL,3.4,30.0
ChIJ_7HqAZz7NIgR0CqMxqCMTFE,Primo’s Tacos & Tequila,"3230 Lebanon Church Road, West Mifflin",40.35063359999999,-79.9231437,"restaurant,food,point_of_interest,establishment",restaurant,OPERATIONAL,4.6,332.0
ChIJ_TGEyUHxNIgRXuTTzVBYTz0,Ham N Eggers Diner,"1025 Lebanon Road A, West Mifflin",40.36068299999999,-79.93251599999999,"restaurant,food,point_of_interest,establishment",restaurant,OPERATIONAL,4.1,602.0
ChIJu9XktvDvNIgR_qa2lSryUs8,Shop 'n Save,"4647 Buttermilk Hollow Road, West Mifflin",40.3609965,-79.9065572,"grocery_or_supermarket,supermarket,store,food,point_of_interest,establishment",grocery,OPERATIONAL,4.0,729.0
ChIJZbRAX3nlNIgRtVqHSB1S6ls,Marathon Gas,"710 West 5th Avenue, McKeesport",40.3466944,-79.8810903,"gas_station,convenience_store,store,food,point_of_interest,establishment",convenience,OPERATIONAL,3.8,15.0
ChIJKzAEV2HlNIgRhr0LNfGBcDs,Spee-D-Mart,"209 3rd Street, Dravosburg",40.349065,-79.89165679999999,"convenience_store,store,food,point_of_interest,establishment",convenience,OPERATIONAL,3.9,63.0
ChIJRUyiVGHlNIgR9obNgN5Ms_A,Dravosburg Mini Mart,"209 3rd Street, Dravosburg",40.34909799999999,-79.89160199999999,"convenience_store,store,food,point_of_interest,establishment",convenience,OPERATIONAL,5.0,1.0
ChIJcf6CYPfvNIgR7hg_HBaVFJ4,Sunoco,"4731 Buttermilk Hollow Road, West Mifflin",40.3593006,-79.90785249999999,"gas_station,convenience_store,store,food,point_of_interest,establishment",convenience,OPERATIONAL,4.3,6.0
ChIJMeqPJWHlNIgRLbdJ5E1VkcE,Italian Village Pizza Dravosburg,"412 Richland Avenue, Dravosburg",40.3501575,-79.89379799999999,"meal_takeaway,restaurant,food,point_of_interest,establishment","fast_food,restaurant",OPERATIONAL,4.0,335.0
ChIJkd_yO2PlNIgRhT5JeVAWlaY,Clancy's Pub,"202 McClure Street, Dravosburg",40.3505367,-79.8868718,"bar,restaurant,food,point_of_interest,establishment",restaurant,OPERATIONAL,4.5,368.0
ChIJkenBhurlNIgR0IW4VsqYADs,Chicken Hut Halal,"201 3rd Street, Dravosburg",40.3492366,-79.89139949999999,"meal_takeaway,restaurant,food,point_of_interest,establishment","fast_food,restaurant",OPERATIONAL,4.3,121.0
ChIJg5xj2orvNIgR0ti6cRQI8dw,Pasquale's Pizzeria,"100 Bettis Road Ste 2, Dravosburg",40.3565508,-79.8960563,"restaurant,food,point_of_interest,establishment",restaurant,OPERATIONAL,4.7,491.0
ChIJnZ-KAA_lNIgROqQiNpf_ESI,"Pure In Heart International Ministries ""Finger Licking BBQ""","616 West 5th Avenue, McKeesport",40.3476703,-79.87972409999999,"restaurant,food,point_of_interest,establishment",restaurant,OPERATIONAL,5.0,1.0
ChIJP4K9cmLvNIgROSFDC4n9b90,Sunoco,"600 Lysle Boulevard, McKeesport",40.35177729999999,-79.8593532,"gas_station,convenience_store,store,food,point_of_interest,establishment",convenience,OPERATIONAL,2.2,15.0
ChIJWQtrq3nvNIgRsSlnJW-5gGU,Uni-Mart,"2321 Worton Boulevard, West Mifflin",40.3601832,-79.87149819999999,"convenience_store,store,food,point_of_interest,establishment",convenience,OPERATIONAL,2.6,17.0
ChIJZ3eu8WHvNIgRq8wKB610IcA,Dollar General,"740 Lysle Boulevard, McKeesport",40.35176750000001,-79.85721439999999,"drugstore,convenience_store,grocery_or_supermarket,health,store,food,point_of_interest,establishment",convenience,OPERATIONAL,4.0,410.0
ChIJMfbgX-_lNIgRzFd71H7YhOs,GK Food Mart,"1026 Walnut Street, McKeesport",40.3453156,-79.8638881,"convenience_store,store,food,point_of_interest,establishment",convenience,OPERATIONAL,4.0,4.0
ChIJLZrsj4flNIgRaBWYnHZn8ok,ATM (BP Food Mart),"231 5th Avenue, McKeesport",40.3512472,-79.8654385,"atm,convenience_store,finance,store,food,point_of_interest,establishment","convenience,food_bank",OPERATIONAL,,
ChIJz38fkKvlNIgRFhAnbiFZdqE,5th Ave Convenience,"336 5th Avenue, McKeesport",40.35103539999999,-79.86342220000002,"convenience_store,store,food,point_of_interest,establishment",convenience,OPERATIONAL,4.2,5.0
ChIJCR42AYvlNIgRQc1DpsPxcqo,DS Food Mart,"929 Union Avenue, McKeesport",40.3467644,-79.85454680000001,"convenience_store,store,food,point_of_interest,establishment",convenience,OPERATIONAL,4.0,4.0
ChIJ87q5qWLvNIgRgqHzMtl6gLk,Subway,"410 Lysle Boulevard, McKeesport",40.3514092,-79.8626367,"meal_takeaway,restaurant,food,point_of_interest,establishment","fast_food,restaurant",OPERATIONAL,3.7,164.0
ChIJM8F85YflNIgR_SvQq1gnSd0,Marva Jo's Bistro,"320 5th Avenue, McKeesport",40.350891,-79.863968,"restaurant,food,point_of_interest,establishment",restaurant,OPERATIONAL,5.0,2.0
ChIJq3JbM4flNIgRa9FOilvhdcs,McKee's Point Marina,"100 5th Avenue, McKeesport",40.3504008,-79.8687344,"restaurant,food,point_of_interest,establishment",restaurant,OPERATIONAL,4.3,131.0
ChIJ5f5aAHLlNIgRU4MM3BEdWmU,Bottoms up Bar and Grill,"901 Monroe Avenue, McKeesport",40.3448584,-79.8752523,"bar,restaurant,food,point_of_interest,establishment",restaurant,CLOSED_TEMPORARILY,4.9,10.0
ChIJyVbWaADlNIgRZiZSo5Dz2iU,Domino's Pizza,"142 Lysle Boulevard Unit 2 Unit 2, McKeesport",40.3508815,-79.86715869999999,"meal_takeaway,meal_delivery,restaurant,food,point_of_interest,establishment","fast_food,restaurant",OPERATIONAL,3.7,43.0
ChIJY6oEu4flNIgR4g3s04IQ_ek,Tony's Restaurant & Grill,"227 6th Street, McKeesport",40.3500504,-79.8652646,"restaurant,food,point_of_interest,establishment",restaurant,CLOSED_TEMPORARILY,4.4,54.0
ChIJq4ATm8zlNIgRaq2JOqGW4aU,Sakura,"525 Walnut Street, McKeesport",40.35023609999999,-79.8645523,"meal_takeaway,restaurant,food,point_of_interest,establishment","fast_food,restaurant",OPERATIONAL,4.7,111.0
ChIJu-5-KgjlNIgRWTryg7FqnHM,Hi Eatery,"517 Walnut Street, McKeesport",40.3504601,-79.86451939999999,"restaurant,food,point_of_interest,establishment",restaurant,OPERATIONAL,4.8,36.0
ChIJg5gst-blNIgR-JgkYh9AZME,Papa Johns Pizza,"406 Lysle Boulevard, McKeesport",40.3514629,-79.8627623,"restaurant,food,point_of_interest,establishment",restaurant,OPERATIONAL,3.5,2.0
ChIJNW3Km3jvNIgRgzZ2RwnwgzQ,Jim's Famous Sauce Inc,"2600 Skyline Drive, West Mifflin",40.35920889999999,-79.8740052,"restaurant,food,point_of_interest,establishment",restaurant,OPERATIONAL,4.6,930.0
ChIJfRfBEYblNIgR40y4Hxddy_I,Womansplace - Food Distribution Center,McKeesport,40.3475023,-79.8643562,"food,point_of_interest,establishment",food_bank,OPERATIONAL,5.0,1.0
ChIJ9wZa_IflNIgRILXfB6BOjJA,Mc Keesport First Step,"339 5th Ave #2, McKeesport",40.3512343,-79.8635357,"point_of_interest,establishment",food_bank,OPERATIONAL,4.0,1.0
ChIJhT_-D4blNIgRBzyxDzEMvLU,The Salvation Army,"821 Walnut St, McKeesport",40.3472046,-79.86394059999999,"point_of_interest,establishment",food_bank,OPERATIONAL,4.2,41.0
ChIJf5vf3IblNIgRaWW2z-oghMY,Intersection,"115 7th St, McKeesport",40.3488855,-79.8676946,"food,point_of_interest,establishment",food_bank,OPERATIONAL,4.6,60.0
ChIJA7mDm4vlNIgR0CKD63u8pKo,McKeesport Presbyterian Church,"1510 Versailles Ave, McKeesport",40.3464733,-79.85484620000001,"church,place_of_worship,point_of_interest,establishment",food_bank,OPERATIONAL,4.8,20.0
ChIJW4zds4nlNIgREIZwIxUi-3o,Lighthouse City Church,"536 Shaw Ave, McKeesport",40.34950509999999,-79.86004620000001,"church,place_of_worship,point_of_interest,establishment",food_bank,OPERATIONAL,4.2,27.0
ChIJh4ahVYnlNIgRtTVPMSyyWv0,Meals On Wheels of Mc Keesport,"1406 Cornell St, McKeesport",40.3465775,-79.8580655,"point_of_interest,establishment",food_bank,OPERATIONAL,5.0,6.0
ChIJaWULlf_lNIgR1M4r9kHgyro,Giant Eagle Supermarket,"3812 Oneil Boulevard, McKeesport",40.3474365,-79.831051,"grocery_or_supermarket,supermarket,food,store,point_of_interest,establishment",grocery,OPERATIONAL,4.0,829.0
ChIJMeusevnlNIgR0CJuEnI5Btk,Sman Kass United Inc.,"3400 Versailles Avenue, McKeesport",40.3447779,-79.8372316,"convenience_store,food,store,point_of_interest,establishment",convenience,OPERATIONAL,5.0,1.0
ChIJYyDfffTlNIgROt6lCffnYHk,J J's Deli Mart,"2300 Versailles Avenue, McKeesport",40.34556869999999,-79.8490575,"convenience_store,food,store,point_of_interest,establishment",convenience,OPERATIONAL,4.1,28.0
ChIJdyrCrv3lNIgRt7k_wZ4rb5Q,Big Boy Market,"3100 Brownlee Street, McKeesport",40.3487078,-79.84076929999999,"convenience_store,food,store,point_of_interest,establishment",convenience,OPERATIONAL,4.7,11.0
ChIJSwBoZPnlNIgRjrXTpg1UcHw,Uni-Mart,"3400 Versailles Avenue, McKeesport",40.3447809,-79.8372426,"convenience_store,food,store,point_of_interest,establishment",convenience,OPERATIONAL,3.9,7.0
ChIJ30Vx0FbvNIgRQqgek3nlrNM,Speedway,"2325 5th Avenue, McKeesport",40.3537937,-79.83726589999999,"gas_station,convenience_store,food,store,point_of_interest,establishment",convenience,OPERATIONAL,3.6,338.0
ChIJ2U1hY8HvNIgRLSAd4PAZ9kw,GetGo Gas Station,"2411 5th Avenue, McKeesport",40.3555737,-79.83583089999999,"gas_station,convenience_store,cafe,food,store,point_of_interest,establishment",convenience,OPERATIONAL,2.5,4.0
ChIJYfZCvmHvNIgRO4HuDl417uI,Eat'n Park,"805 Lysle Boulevard, McKeesport",40.3524771,-79.8560017,"meal_takeaway,restaurant,food,point_of_interest,establishment","fast_food,restaurant",OPERATIONAL,3.7,633.0
ChIJp6aOYUnlNIgRwPhZ_eszuIc,Broadway Pizza,"2305 Versailles Avenue, McKeesport",40.3459566,-79.84893799999999,"restaurant,food,point_of_interest,establishment",restaurant,OPERATIONAL,3.3,143.0
ChIJG7gSnIjlNIgRE7N6S5fvxHw,Shorty's Sugar Shack,"721 White Street, McKeesport",40.3491526,-79.8523522,"bar,restaurant,food,point_of_interest,establishment",restaurant,OPERATIONAL,4.4,14.0
ChIJFw6ye_XlNIgRJzjdA-cYkVE,Double S Saloon,"610 Evans Street, McKeesport",40.349933,-79.84976,"bar,restaurant,food,point_of_interest,establishment",restaurant,OPERATIONAL,3.6,113.0
ChIJi9-09ovvNIgRrc1YH599zXA,Farmer's Fridge,"Located in the main lobby in the Courtyard entrance, 1500 5th Avenue, McKeesport",40.3514451,-79.84940759999999,"restaurant,food,point_of_interest,establishment",restaurant,OPERATIONAL,,
ChIJ-YDIS9blNIgRqZGhrBkXgK0,Pazzo Italian Grill,"412 Center Street, McKeesport",40.352226,-79.8534037,"bar,restaurant,food,point_of_interest,establishment",restaurant,OPERATIONAL,4.1,110.0
ChIJl0wH6rLlNIgRaAn9JyJtX6Y,Michelle’s City Flavors,"3100 Brownlee Street, McKeesport",40.3487078,-79.84076929999999,"restaurant,food,point_of_interest,establishment",restaurant,CLOSED_TEMPORARILY,4.6,5.0
ChIJv7q4EeDvNIgRsTWenc79jH0,Speedy Cafe,"2325 5th Avenue, McKeesport",40.35372450000001,-79.8372681,"restaurant,food,point_of_interest,establishment",restaurant,OPERATIONAL,,
ChIJh-kJ_PTlNIgRaOi4Vl1uGCo,Sonshine Community Ministries,"908 Evans Ave, McKeesport",40.3474285,-79.8496863,"point_of_interest,establishment",food_bank,OPERATIONAL,4.8,42.0
ChIJZ1GT-_TlNIgRJ55q6B3qohY,Pittsburgh Dream Center,"908 Evans Ave, McKeesport",40.3474232,-79.8497141,"point_of_interest,establishment",food_bank,OPERATIONAL,5.0,5.0
ChIJ2zlkUKvoNIgR1rtAEKfRx5c,Mc Keesport Alliance Church,"938 Summitt St, McKeesport",40.3531542,-79.82887099999999,"church,place_of_worship,point_of_interest,establishment",food_bank,OPERATIONAL,4.4,40.0
ChIJR4Xi-I7pNIgR3B2t2VZo9Xc,bp,"1513 Lincoln Way, White Oak",40.349011,-79.81788,"gas_station,supermarket,grocery_or_supermarket,food,store,point_of_interest,establishment",grocery,OPERATIONAL,3.9,24.0
ChIJgxIoLKvoNIgRNlH9QeP154Q,Shell,"2305 Oneil Boulevard, White Oak",40.351677,-79.829022,"gas_station,convenience_store,car_wash,store,food,point_of_interest,establishment",convenience,OPERATIONAL,3.8,45.0
ChIJA8NFw6foNIgRjsyTLh8Lbbw,White Oak Mini Mart,"1513 Lincoln Way, White Oak",40.349077,-79.81771800000001,"convenience_store,gas_station,store,food,point_of_interest,establishment",convenience,OPERATIONAL,2.9,8.0
ChIJy0ax91LvNIgR5emOSdOlJJU,Bloom's Cut Rate,"2716 5th Avenue, McKeesport",40.35709709999999,-79.832668,"convenience_store,atm,finance,store,food,point_of_interest,establishment",convenience,OPERATIONAL,4.8,6.0
ChIJKSYDhjjpNIgRzIPXR0kGPSQ,Sweet Pea's,"2305 Oneil Boulevard, White Oak",40.35167370000001,-79.82902,"convenience_store,store,food,point_of_interest,establishment",convenience,OPERATIONAL,4.2,5.0
ChIJF2bejqvoNIgRGo6TUBTHCoA,Marathon Gas,"1100 Fawcett Avenue, White Oak",40.3524474,-79.8256998,"gas_station,convenience_store,store,food,point_of_interest,establishment",convenience,OPERATIONAL,4.2,13.0
ChIJUfnCmlLvNIgRon85t0nsmZo,Sunoco,"2904 5th Avenue, White Oak",40.35842829999999,-79.8314418,"gas_station,convenience_store,store,food,point_of_interest,establishment",convenience,OPERATIONAL,4.5,6.0
ChIJ-TNYdqjoNIgRPAck5WSHwcs,Patti's Pasticceria,"1501 Lincoln Way, White Oak",40.3493674,-79.818343,"bakery,cafe,restaurant,food,store,point_of_interest,establishment",restaurant,OPERATIONAL,4.7,632.0
ChIJEazJzVPvNIgRG9uG6v9sUR4,Dunkin',"2525 5th Avenue, McKeesport",40.3561355,-79.8344359,"meal_takeaway,bakery,cafe,restaurant,food,store,point_of_interest,establishment","fast_food,restaurant",OPERATIONAL,3.7,880.0
ChIJn11RZB3mNIgRS_7TDzZV62c,Fellinis Pizzeria,"1624 Lincoln Way, White Oak",40.3469831,-79.8171641,"meal_delivery,restaurant,food,point_of_interest,establishment",restaurant,OPERATIONAL,3.6,268.0
ChIJ6Vl0JavoNIgRRisGlHxguhg,Mama Pepino's Pizza,"2417 Oneil Boulevard, White Oak",40.3518602,-79.82731009999999,"meal_delivery,restaurant,food,point_of_interest,establishment",restaurant,OPERATIONAL,4.2,218.0
ChIJmZTb11TvNIgRMh_Tg9b6Kj0,Pizza & Gyro Express,"801 Oneil Boulevard, McKeesport",40.3511647,-79.8303492,"restaurant,food,point_of_interest,establishment",restaurant,OPERATIONAL,3.9,300.0
ChIJYUcp6afoNIgR4qYbjZcB19U,Rodos Greek Cafe,"1531 Lincoln Way, White Oak",40.3486976,-79.8171497,"restaurant,food,point_of_interest,establishment",restaurant,OPERATIONAL,4.7,633.0
ChIJ1Wz72FTvNIgRZvUmaxwqI0M,Lux Bar & Grille,"699 Oneil Boulevard, McKeesport",40.3513011,-79.83043099999999,"bar,restaurant,food,point_of_interest,establishment",restaurant,OPERATIONAL,4.1,226.0
ChIJdZXMFc3pNIgRVuOf7UDVxu0,Patti's la Cucina,"2812 State Street, White Oak",40.3524986,-79.8214955,"restaurant,food,store,point_of_interest,establishment",restaurant,OPERATIONAL,4.3,271.0
ChIJL5efPCnpNIgRNHHSz6H1Ouk,The Smoke n Don Bar & Lounge,"3087 5th Avenue, North Versailles Township",40.361297,-79.8274296,"bar,restaurant,food,point_of_interest,establishment",restaurant,OPERATIONAL,4.8,41.0
ChIJa-FEk47pNIgRv-6WomS68XM,MISSION: AGAPE,"1201 Prescott St, White Oak",40.3467537,-79.8226285,"point_of_interest,establishment",food_bank,OPERATIONAL,4.3,21.0
ChIJ5b8a4JHlNIgR7vfcF9gqXLU,CISS HOUSE OF HOPE MINISTRIES,"3121 Capitol St, White Oak",40.3563652,-79.8191325,"point_of_interest,establishment",food_bank,OPERATIONAL,5.0,2.0
ChIJsaazc0DnNIgReoNq-_71Qrs,Plaza Azteca Méxican Restaurant · White Oak,"3017 Jacks Run Road, White Oak",40.3448849,-79.7978476,"restaurant,food,point_of_interest,establishment",restaurant,OPERATIONAL,4.4,1189.0
ChIJl3go_3ToNIgR-3AETCFUkKQ,Sheetz,"13700 U.S. 30, North Huntingdon",40.3458283,-79.7656947,"convenience_store,gas_station,car_wash,liquor_store,cafe,store,restaurant,food,point_of_interest,establishment","convenience,restaurant",OPERATIONAL,4.0,83.0
ChIJ99YGcyHpNIgRpynqM2TUP6Q,Buds Smokehouse BBQ,"14560 Lincoln Highway, Irwin",40.3560222,-79.7702589,"restaurant,food,point_of_interest,establishment",restaurant,OPERATIONAL,4.8,33.0
ChIJP8VSGgvoNIgRCaiOEykGhv8,St Elizabeth Ann Seton Church,"200 Leger Rd, Irwin",40.3480776,-79.7615928,"church,place_of_worship,point_of_interest,establishment",food_bank,OPERATIONAL,4.8,43.0
ChIJcWFVmjrdNIgRYffK5bvhos0,Irwin Park,"Chestnut St, Irwin",40.3273695,-79.7080849,"park,point_of_interest,establishment",farmers_market,OPERATIONAL,4.4,300.0
ChIJnbGiyJ_ENIgRsK9aMRb2OTs,Amoco,"3338 Harrisn Cty Export Rd, Harrison City",40.354652,-79.64908899999999,"gas_station,supermarket,grocery_or_supermarket,store,food,point_of_interest,establishment",grocery,OPERATIONAL,2.5,4.0
ChIJs_Tyh-nDNIgRPJbObkpuYRg,Speedy Mart,"3353 Pennsylvania 130 Suite 3, Harrison City",40.3548599,-79.65148529999999,"convenience_store,store,food,point_of_interest,establishment",convenience,OPERATIONAL,5.0,13.0
ChIJGyK1itHFNIgRPweX9xWVRAY,Coen Markets,"3338 Main Street, Harrison City",40.3545912,-79.64908369999999,"convenience_store,cafe,gas_station,store,food,point_of_interest,establishment",convenience,OPERATIONAL,3.6,9.0
ChIJSZuXN2DDNIgRkdtx5iZ41NA,Sweet Buzz Bean & Bistro,"3353 Pennsylvania 130, Harrison City",40.35480779999999,-79.65146779999999,"restaurant,cafe,store,food,point_of_interest,establishment",restaurant,OPERATIONAL,4.5,347.0
ChIJz_7CSKLENIgRyoE8xfY1O8Q,Brooklyn's Pizza,"1 Dolly Avenue, Jeannette",40.35012450000001,-79.6430851,"restaurant,food,point_of_interest,establishment",restaurant,OPERATIONAL,4.2,144.0
ChIJMxXw127DNIgRPu3YFnTvOuY,Dairy Queen Grill & Chill,"3467 Pennsylvania 130, Harrison City",40.3608338,-79.66604140000001,"store,restaurant,food,point_of_interest,establishment",restaurant,OPERATIONAL,4.1,341.0
ChIJlztpSWDDNIgRlo6mSdexnLE,Pizza Hut,"3355 Pennsylvania 130 #1, Harrison City",40.35486159999999,-79.651536,"meal_delivery,meal_takeaway,restaurant,food,point_of_interest,establishment","fast_food,restaurant",OPERATIONAL,3.5,184.0
ChIJB8v1ymHDNIgR81cPaRBR3IM,Fox's Pizza Den,"3356 Pennsylvania 130, Harrison City",40.3554744,-79.6515165,"meal_delivery,restaurant,food,point_of_interest,establishment",restaurant,OPERATIONAL,4.1,121.0
ChIJbd7A_xlPNIgRbnui24XxrhE,Shady Lane Pizza,"1098 Grant Street, Bulger",40.3689303,-80.3182976,"restaurant,food,point_of_interest,establishment",restaurant,OPERATIONAL,,
ChIJ1RUJgcJPNIgROdBDQkwSTQQ,ATM (Midway Mini Mart),"101 Saint John Street, Midway",40.3676181,-80.29037919999999,"atm,convenience_store,finance,store,food,point_of_interest,establishment",convenience,OPERATIONAL,4.0,2.0
ChIJ_2UoV7dPNIgRmyaTdS6FUa0,Dollar General,"1302A Grant Street, Bulger",40.36747689999999,-80.30276839999999,"drugstore,convenience_store,grocery_or_supermarket,health,store,food,point_of_interest,establishment",convenience,OPERATIONAL,4.0,5.0
ChIJvRUJgcJPNIgRWwNYbsWOlUw,Midway Mini Mart,"101 Saint John Street, Midway",40.36757480000001,-80.29036110000001,"convenience_store,gas_station,store,food,point_of_interest,establishment",convenience,OPERATIONAL,3.6,30.0
ChIJq3ySIcJPNIgRCUapBH6xTKg,Knucklehead's Pizza,"216 West Dickson Street Ste 1, Midway",40.3673946,-80.2936046,"meal_delivery,restaurant,food,point_of_interest,establishment",restaurant,OPERATIONAL,4.1,86.0
ChIJ0T9RyL9PNIgRiPTtRUR844E,SNPJ Eighty Niners Kitchen,"1305 Grant Street, Bulger",40.3681756,-80.30028709999999,"restaurant,food,point_of_interest,establishment",restaurant,OPERATIONAL,4.6,71.0
ChIJFWGxI8JPNIgRz-i4o2qMVNo,Kramer's Tavern,"219 West Dickson Street, Midway",40.3671531,-80.29411309999999,"restaurant,bar,food,point_of_interest,establishment",restaurant,OPERATIONAL,4.5,50.0
ChIJM8S8E2FQNIgR2S2us_IHJ9M,Giant Eagle Supermarket,"200 Station Street, McDonald",40.3674174,-80.2359099,"grocery_or_supermarket,supermarket,store,food,point_of_interest,establishment",grocery,OPERATIONAL,4.0,390.0
ChIJcWJJzWZQNIgR3_1agaqciuk,Dollar General,"315 West Barr Street, McDonald",40.3667645,-80.2369672,"drugstore,convenience_store,grocery_or_supermarket,health,store,food,point_of_interest,establishment",convenience,OPERATIONAL,3.8,133.0
ChIJl9xP1mNQNIgRUMHOZt5Nd1I,Subway,"108 West Lincoln Avenue, McDonald",40.36878840000001,-80.235427,"meal_takeaway,restaurant,food,point_of_interest,establishment","fast_food,restaurant",OPERATIONAL,4.4,94.0
ChIJv9NlFmFQNIgRk2eI9r_-oJs,Giant Eagle Prepared Foods,"200 Station Street, McDonald",40.3672,-80.2360523,"meal_takeaway,restaurant,food,point_of_interest,establishment","fast_food,restaurant",OPERATIONAL,5.0,2.0
ChIJgc1jVGFQNIgRGL2PSQOFqdU,Hart's Restaurant & Lounge,"112 3rd Street, McDonald",40.36682449999999,-80.23652609999999,"bar,restaurant,food,point_of_interest,establishment",restaurant,OPERATIONAL,4.5,157.0
ChIJFeh_gmFQNIgRaofnP4GmFvQ,Gianni's Pizza,"116 South McDonald Street, McDonald",40.3680777,-80.23505589999999,"meal_delivery,restaurant,food,point_of_interest,establishment",restaurant,OPERATIONAL,3.6,217.0
ChIJWxYfNmBRNIgRzagpjkf2K0o,Bacon Jam,"110 South McDonald Street, McDonald",40.3683156,-80.2351537,"restaurant,food,point_of_interest,establishment",restaurant,OPERATIONAL,4.8,150.0
ChIJ16KnL91RNIgRiYdqJt7SjAE,China Dragon,"100 East Lincoln Avenue, McDonald",40.3687253,-80.2347236,"restaurant,food,point_of_interest,establishment",restaurant,OPERATIONAL,4.1,79.0
ChIJKT1aLmJQNIgRweOCXmbfUb4,Jay's Pizza Shop,"114 East Lincoln Avenue, McDonald",40.36894150000001,-80.2342895,"meal_takeaway,restaurant,food,point_of_interest,establishment","fast_food,restaurant",OPERATIONAL,4.0,103.0
ChIJq6qaU2JQNIgRknoSa9A_440,McDonald Food Pantry - Food Distribution Center,"151 School St, McDonald",40.3707749,-80.2347214,"food,point_of_interest,establishment",food_bank,OPERATIONAL,,
ChIJ_fMpYWFQNIgRg5jZwBYqGNQ,Meals On Wheels of McDonald,"202 W Lincoln Ave, McDonald",40.3685353,-80.236325,"point_of_interest,establishment",food_bank,OPERATIONAL,3.8,4.0
ChIJhTV-S4hQNIgRcg_YN_VX9lA,T J's Deli Mart,"357 East Lincoln Avenue, McDonald",40.371522,-80.2295151,"convenience_store,gas_station,food,store,point_of_interest,establishment",convenience,OPERATIONAL,2.9,11.0
ChIJBTm82ctRNIgRSegI9ID6VJM,Sm santora,McDonald,40.3700362,-80.2328612,"restaurant,food,point_of_interest,establishment",restaurant,OPERATIONAL,,
ChIJmeSPdKhRNIgRmMpvC2LlXQE,Michael's Tavern,"341 East Lincoln Avenue, McDonald",40.3711811,-80.2301574,"bar,restaurant,food,point_of_interest,establishment",restaurant,OPERATIONAL,4.4,157.0
ChIJ37QY9J5QNIgRzRaY2SPsMXg,Hunner's Pizza & Restaurant,"811 Station Street, Sturgeon",40.37922279999999,-80.21369969999999,"restaurant,food,point_of_interest,establishment",restaurant,OPERATIONAL,4.7,259.0
ChIJGX98aFhRNIgRGN-99ZyQrn0,Valentour's Family Restaurant and Pub,"400 Arlington Avenue, Sturgeon",40.379213,-80.2126184,"restaurant,food,point_of_interest,establishment",restaurant,OPERATIONAL,4.6,229.0
ChIJW8m-QvVXNIgRAkewqv62WGE,Presto Qwik Stop,"5237 Thoms Run Road, Presto",40.3732633,-80.1192054,"convenience_store,store,food,point_of_interest,establishment",convenience,OPERATIONAL,5.0,16.0
ChIJ5-2vBJVXNIgR-69S2Rt_EsY,Topgolf Pittsburgh,"400 Presto-Sygan Road, Bridgeville",40.3668419,-80.1228307,"restaurant,health,bar,food,point_of_interest,establishment",restaurant,OPERATIONAL,4.4,1915.0
ChIJx5b0BvpXNIgRPHY1hgljO70,Giant Eagle Supermarket,"1025 Washington Pike, Bridgeville",40.367297,-80.1093798,"grocery_or_supermarket,supermarket,store,food,point_of_interest,establishment",grocery,OPERATIONAL,4.0,622.0
ChIJwd-gJflXNIgRjiM1q2y6D00,Fresh Thyme Market,"1155 Washington Pike, Bridgeville",40.3696873,-80.10456789999999,"grocery_or_supermarket,bakery,supermarket,health,store,food,point_of_interest,establishment",grocery,OPERATIONAL,4.4,994.0
ChIJP2MBc_BXNIgR05OQcY9uO0U,A Plus Mini Market,"1001 Washington Pike, Bridgeville",40.3643796,-80.1098578,"convenience_store,gas_station,food,store,point_of_interest,establishment",convenience,OPERATIONAL,2.0,6.0
ChIJDXzDx1dXNIgRUVDIiHKvPRE,7-Eleven,"1001 Washington Pike, Bridgeville",40.3644508,-80.1098583,"convenience_store,liquor_store,cafe,restaurant,food,store,point_of_interest,establishment","convenience,restaurant",OPERATIONAL,3.3,18.0
ChIJI-p4dvBXNIgRLIDv4U2W_48,Sunoco,"1001 Washington Pike, Bridgeville",40.3644793,-80.10966239999999,"gas_station,convenience_store,food,store,point_of_interest,establishment",convenience,OPERATIONAL,2.7,22.0
ChIJnXngG8lZNIgRZJLF9il7LqI,Sheetz,"1297 Washington Pike, Bridgeville",40.3759568,-80.09898419999999,"convenience_store,gas_station,car_wash,liquor_store,cafe,restaurant,food,store,point_of_interest,establishment","convenience,restaurant",OPERATIONAL,3.2,157.0
ChIJZ9FJPflXNIgR8hhJsb5-KxA,Texas Roadhouse,"1155 Washington Pike, Bridgeville",40.369237,-80.10242110000002,"restaurant,food,point_of_interest,establishment",restaurant,OPERATIONAL,4.4,2945.0
ChIJX3CbxPtXNIgRr3Ehxv9J6uc,Sonic Drive-In,"1027 Washington Pike, Bridgeville",40.3654568,-80.10964,"meal_takeaway,store,restaurant,food,point_of_interest,establishment","fast_food,restaurant",OPERATIONAL,3.7,1091.0
ChIJZ9FJPflXNIgRJyOvq_KtODQ,Mike & Tony's Gyros,"1155 Washington Pike, Bridgeville",40.3696965,-80.10323970000002,"restaurant,food,point_of_interest,establishment",restaurant,OPERATIONAL,4.5,947.0
ChIJZ9FJPflXNIgRXbP9oWtFp90,El Paso Mexican Grill,"1155 Washington Pike ste 61, Bridgeville",40.36817399999999,-80.10654,"restaurant,food,point_of_interest,establishment",restaurant,OPERATIONAL,4.4,526.0
ChIJx5b0BvpXNIgR0tfuqmRSU04,Chuck E. Cheese,"1035 Washington Pike, Bridgeville",40.3644074,-80.11039269999999,"meal_takeaway,meal_delivery,restaurant,food,point_of_interest,establishment","fast_food,restaurant",OPERATIONAL,4.0,1173.0
ChIJMU1kB_9XNIgR6nbhl91ZuWg,Eat'n Park,"1197 Washington Pike, Bridgeville",40.3701222,-80.1011498,"meal_takeaway,restaurant,food,point_of_interest,establishment","fast_food,restaurant",OPERATIONAL,3.9,1435.0
ChIJiXRdYfBXNIgRc9rgHEfvx1U,Smoothie King,"Chartiers Valley Shopping Center, 1025 Washington Pike, Bridgeville",40.3650877,-80.11040589999999,"meal_delivery,store,health,restaurant,food,point_of_interest,establishment",restaurant,OPERATIONAL,4.3,130.0
ChIJk_Mp3oZjy4kRYRbi1kc8cYk,Panera Bread,"1025 Washington Pike, Bridgeville",40.36600299999999,-80.10807,"cafe,bakery,meal_takeaway,store,restaurant,food,point_of_interest,establishment","fast_food,restaurant",OPERATIONAL,3.6,472.0
ChIJyT7ysvtXNIgRRQuW5Xk-hLw,31 Sports Bar & Grille,"1020 Washington Pike, Bridgeville",40.3660362,-80.10637679999999,"bar,restaurant,food,point_of_interest,establishment",restaurant,OPERATIONAL,4.2,525.0
ChIJ_Q9huvtXNIgRGs6aQJrX8No,Dunkin',"1098 Washington Pike, Bridgeville",40.3666612,-80.1054377,"bakery,cafe,meal_takeaway,store,restaurant,food,point_of_interest,establishment","fast_food,restaurant",OPERATIONAL,3.8,395.0
ChIJZ9FJPflXNIgRSQefDzyiOCs,Jersey Mike's Subs,"1155 Washington Pike, Bridgeville",40.3682097,-80.1049501,"meal_takeaway,store,restaurant,food,point_of_interest,establishment","fast_food,restaurant",OPERATIONAL,4.1,374.0
ChIJp6KyH_BXNIgREZCLtFVQUxs,Shouf's Cafe,"200 Washington Avenue, Bridgeville",40.3630955,-80.1105327,"restaurant,food,point_of_interest,establishment",restaurant,OPERATIONAL,4.7,503.0
ChIJZ9FJPflXNIgRKd02AQnGI5Y,Nrgize,"1155 Washington Pike, Bridgeville",40.370053,-80.104309,"restaurant,food,point_of_interest,establishment",restaurant,OPERATIONAL,4.1,18.0
ChIJhVhPAwb4NIgR918b8VvmiB0,Wild Rosemary Bistro,"1471 Bower Hill Road, Pittsburgh",40.361991,-80.0935034,"restaurant,food,point_of_interest,establishment",restaurant,CLOSED_TEMPORARILY,4.5,142.0
ChIJx5b0BvpXNIgRq5c1lEivRRw,Classic Chinese Cuisine,"1025 Washington Pike #25, Bridgeville",40.3646333,-80.1111232,"restaurant,food,point_of_interest,establishment",restaurant,OPERATIONAL,4.2,205.0
ChIJwzpEAP9XNIgRpRltOgtaTas,Wendy's,"1125 Washington Pike, Bridgeville",40.3680276,-80.1041159,"restaurant,food,point_of_interest,establishment",restaurant,OPERATIONAL,3.7,926.0
ChIJrdPSgvpXNIgR79vitUFTPnM,Subway,"1025 Washington Pike, Bridgeville",40.3646969,-80.1109773,"meal_takeaway,restaurant,food,point_of_interest,establishment","fast_food,restaurant",CLOSED_TEMPORARILY,2.7,82.0
ChIJl4WPaQBXNIgR2ZE6GGZRrhI,Starbucks Coffee Company,"1031 Washington Pike, Bridgeville",40.36575,-80.11023,"cafe,store,restaurant,food,point_of_interest,establishment",restaurant,OPERATIONAL,4.1,27.0
ChIJyfJhPUtXNIgRjtROl_yLFoc,Chick-fil-A,"1033 Washington Pike, Bridgeville",40.3654223,-80.1090426,"restaurant,food,point_of_interest,establishment",restaurant,OPERATIONAL,4.2,459.0
ChIJQVFmhkRXNIgRoc-rm_GK4sg,Doce Taqueria Bridgeville,"Chartier’s Valley Shopping Center, 1025 Washington Pike unit 240, Bridgeville",40.3665712,-80.1087001,"restaurant,food,point_of_interest,establishment",restaurant,OPERATIONAL,4.0,130.0
ChIJB7kgwHFXNIgRdsM7OGygtso,Dee Jay's BBQ Ribs & Grille - Collier,"1155 Washington Pike, Bridgeville",40.36836579999999,-80.10655129999999,"restaurant,meal_takeaway,food,point_of_interest,establishment","fast_food,restaurant",OPERATIONAL,4.2,480.0
ChIJsQH-f8FXNIgRHDENRddwHi0,Domino's Pizza,"1155 Washington Pike STE 5, Bridgeville",40.3692654,-80.1053003,"meal_takeaway,meal_delivery,restaurant,food,point_of_interest,establishment","fast_food,restaurant",OPERATIONAL,3.1,117.0
ChIJZ9FJPflXNIgRY44KmSQzwcE,Napoli Restaurant,"1273 Washington Pike, Bridgeville",40.3753467,-80.0989463,"restaurant,food,point_of_interest,establishment",restaurant,OPERATIONAL,4.3,1206.0
ChIJO3byqf9XNIgRFhhrnGRQiZI,Great Southern Shopping Center,"1155 Washington Pike, Bridgeville",40.3689216,-80.1039895,"shopping_mall,point_of_interest,establishment","farmers_market,food_bank",OPERATIONAL,4.3,2074.0
ChIJ_8WRTxtYNIgRWypv1Zb2xAk,Trader Jack's Flea Market,"999 Steen Rd, Bridgeville",40.37649940000001,-80.1084158,"point_of_interest,establishment",farmers_market,OPERATIONAL,4.1,1431.0
ChIJ8Qr5Lxv4NIgRExqBtJk3KuA,Shell,"1980 Painters Run Road, Pittsburgh",40.364076,-80.086327,"gas_station,convenience_store,store,food,point_of_interest,establishment",convenience,OPERATIONAL,3.6,37.0
ChIJSfNqWBL5NIgRrOr0LHP9nL8,Sweet Pea's,"1909 Painters Run Road, Pittsburgh",40.363554,-80.0861663,"convenience_store,store,food,point_of_interest,establishment",convenience,OPERATIONAL,,
ChIJw09mfdj5NIgRJwZS_Fr_00U,Sweet Pea's,"1980 Painters Run Road, Pittsburgh",40.3640936,-80.0863419,"convenience_store,store,food,point_of_interest,establishment",convenience,OPERATIONAL,5.0,4.0
ChIJ_X13Gh34NIgRCUys8bTAzQ0,Nobby's Pizzeria,"373 Vanadium Road, Pittsburgh",40.3692483,-80.0849861,"meal_delivery,restaurant,food,point_of_interest,establishment",restaurant,OPERATIONAL,4.2,269.0
ChIJRZX8xo73NIgRCbjd0PX7pBA,King Crust,"1105 Bower Hill Road, Pittsburgh",40.37548559999999,-80.0685994,"restaurant,food,point_of_interest,establishment",restaurant,OPERATIONAL,4.4,371.0
ChIJPUZwj633NIgRbqFEg9p-JOQ,Treats n Beans,"1105 Bower Hill Road, Pittsburgh",40.3754902,-80.0686186,"cafe,bakery,night_club,bar,store,restaurant,food,point_of_interest,establishment",restaurant,OPERATIONAL,4.1,47.0
ChIJtWOQK5z3NIgRqkBPVhxjd_M,The Pittsburgh Lighthouse Café,"900 Cedar Boulevard, Pittsburgh",40.3737593,-80.0555832,"meal_takeaway,restaurant,food,point_of_interest,establishment","fast_food,restaurant",CLOSED_TEMPORARILY,,
ChIJSy7_fnv3NIgR1ElXh2uJcUE,Mt. Lebanon Lions Farmers Market,"975 Washington Rd, Mt. Lebanon",40.3744321,-80.0473543,"point_of_interest,establishment",farmers_market,OPERATIONAL,4.7,20.0
ChIJJcHArF_3NIgRDchQsLYMvgk,Castle Shannon Shop 'n Save,"799 Castle Shannon Boulevard, Pittsburgh",40.3688578,-80.0284875,"grocery_or_supermarket,pharmacy,supermarket,food,health,store,point_of_interest,establishment",grocery,OPERATIONAL,4.1,1065.0
ChIJz6cxL2L3NIgRO6OoksafjQ4,7-Eleven,"285 Mount Lebanon Boulevard, Pittsburgh",40.36883160000001,-80.03727169999999,"convenience_store,cafe,liquor_store,store,restaurant,food,point_of_interest,establishment","convenience,restaurant",OPERATIONAL,3.2,35.0
ChIJcx8zvOL5NIgRVMQuE-udOWA,Shell,"3739 Library Road, Pittsburgh",40.364407,-80.020746,"gas_station,convenience_store,store,food,point_of_interest,establishment",convenience,OPERATIONAL,3.2,41.0
ChIJ96l7X_35NIgRhDwQ5kGQ5vo,Prashant LLC,"3646 Library Road, Pittsburgh",40.3651765,-80.0195485,"convenience_store,gas_station,store,food,point_of_interest,establishment",convenience,OPERATIONAL,3.0,4.0
ChIJpUYQtuL5NIgRYJHBXTPj_mE,Sweet Pea's,"3739 Library Road, Pittsburgh",40.3643954,-80.0207279,"convenience_store,store,food,point_of_interest,establishment",convenience,OPERATIONAL,2.4,14.0
ChIJv6zuW1_3NIgRJYc9VefBTKc,Ice Castle Arena,"990 Castle Shannon Boulevard, Castle Shannon",40.36644199999999,-80.026876,"gym,health,bar,store,restaurant,food,point_of_interest,establishment",restaurant,OPERATIONAL,4.3,589.0
ChIJ7XcT9WH3NIgREELNGBH7UGA,Carbonara's,"250 Mount Lebanon Boulevard, Pittsburgh",40.3680556,-80.0372222,"bar,store,restaurant,food,point_of_interest,establishment",restaurant,OPERATIONAL,4.5,938.0
ChIJJV5fr2H3NIgR-6Q-atT-RS0,Piacquadio's Italian Restaurant & Lounge,"Lebanon Shops, 300 Mount Lebanon Boulevard, Castle Shannon",40.3688833,-80.0347652,"restaurant,food,point_of_interest,establishment",restaurant,OPERATIONAL,4.3,289.0
ChIJw57aL-f5NIgRCntD0eQwypM,Pho Kim 88,"4100 Library Road #3, Pittsburgh",40.36058719999999,-80.0291319,"restaurant,food,point_of_interest,establishment",restaurant,OPERATIONAL,4.4,719.0
ChIJJV5fr2H3NIgRI4NlIg-nLrc,Subway,"300 Mount Lebanon Boulevard, Castle Shannon",40.36855,-80.0354089,"meal_takeaway,restaurant,food,point_of_interest,establishment","fast_food,restaurant",OPERATIONAL,3.1,51.0
ChIJIQNti2_3NIgRAOF4uq227TQ,Luma Wine Bar & Restaurant,"186 Castle Shannon Boulevard, Pittsburgh",40.3775807,-80.0407625,"bar,restaurant,food,point_of_interest,establishment",restaurant,OPERATIONAL,4.6,288.0
ChIJc3cy1MKKNIgRia2TQEDqd1g,Mineo's Pizza House,"713 Washington Road A, Mt. Lebanon",40.37994759999999,-80.0446983,"restaurant,food,point_of_interest,establishment",restaurant,OPERATIONAL,4.4,708.0
ChIJpeH68GD3NIgRpaYQDuOqCwM,Asian Cafe,"701 Cooke Drive, Pittsburgh",40.3691567,-80.0331788,"restaurant,food,point_of_interest,establishment",restaurant,OPERATIONAL,4.4,213.0
ChIJjwQqL-f5NIgR6ONug-c5DAA,The Pizza Company,"4101 Library Road, Castle Shannon",40.36076810000001,-80.02839279999999,"meal_takeaway,meal_delivery,restaurant,food,point_of_interest,establishment","fast_food,restaurant",OPERATIONAL,4.5,146.0
ChIJh0zrnVj3NIgRo1VRUV8jMdI,"Coffee, Etc.","3754 Willow Avenue, Castle Shannon",40.365675,-80.0237861,"cafe,store,restaurant,food,point_of_interest,establishment",restaurant,OPERATIONAL,4.9,366.0
ChIJq1xb_WX3NIgRYhEHC_1Hfoc,Caliente Pizza & Drafthouse,"329 Castle Shannon Boulevard, Pittsburgh",40.3762608,-80.0367425,"liquor_store,store,restaurant,food,point_of_interest,establishment",restaurant,OPERATIONAL,4.0,1144.0
ChIJ7U-39OL5NIgRXhAqwNGOMGI,Chimera Brewing Company,"3759 Library Road, Pittsburgh",40.3642129,-80.02244499999999,"bar,restaurant,food,point_of_interest,establishment",restaurant,OPERATIONAL,4.3,871.0
ChIJA0tcOWL3NIgRmifTynVWTEU,McDonald's,"225 Mount Lebanon Boulevard, Castle Shannon",40.36861409999999,-80.0378389,"cafe,store,restaurant,food,point_of_interest,establishment",restaurant,OPERATIONAL,3.5,729.0
ChIJQ3pW_-H5NIgRKogaZamp0Js,Kabob-G Grill,"3821 Willow Avenue, Pittsburgh",40.36553300000001,-80.0255935,"restaurant,food,point_of_interest,establishment",restaurant,OPERATIONAL,4.8,358.0
ChIJtZxeCGH3NIgRoh4DJJuc1PM,Nick’s Pizza,"329 Mount Lebanon Boulevard, Castle Shannon",40.36953,-80.03479999999999,"meal_delivery,restaurant,food,point_of_interest,establishment",restaurant,OPERATIONAL,4.3,228.0
ChIJO9iBCGH3NIgRfQnKIVCJiAU,Castle Place Chinese Restaurant,"331 Mount Lebanon Boulevard, Pittsburgh",40.36958,-80.03479999999999,"meal_takeaway,meal_delivery,restaurant,food,point_of_interest,establishment","fast_food,restaurant",OPERATIONAL,4.3,131.0
ChIJyZm5ybz3NIgRqM30qAKgFo8,Krunchy Bird,"325 Mount Lebanon Boulevard, Castle Shannon",40.36949509999999,-80.03506980000002,"restaurant,food,point_of_interest,establishment",restaurant,OPERATIONAL,5.0,2.0
ChIJH5BTG873NIgR-lchGhMtJls,Time Out Sports Bar & Grill,"300 Mount Lebanon Boulevard Suite #4, Pittsburgh",40.368978,-80.0342719,"bar,restaurant,food,point_of_interest,establishment",restaurant,OPERATIONAL,4.9,513.0
ChIJ1_rslmT5NIgR30HWzTto7iE,Willow Station Restaurant and Bar,"3841 Willow Avenue, Pittsburgh",40.365113,-80.0261797,"bar,restaurant,food,point_of_interest,establishment",restaurant,OPERATIONAL,4.8,305.0
ChIJ5xhri2f5NIgRSMOI7aN1eP0,Anthos Bakery & Café,"3803 Willow Avenue, Castle Shannon",40.3655751,-80.0251372,"restaurant,bakery,cafe,store,food,point_of_interest,establishment",restaurant,OPERATIONAL,4.8,594.0
ChIJ88N1DR35NIgRt25pIYsDQ6U,Yianni's Diner,"1009 Castle Shannon Boulevard, Pittsburgh",40.36554009999999,-80.0243455,"restaurant,food,point_of_interest,establishment",restaurant,OPERATIONAL,4.5,97.0
ChIJy1c2JOD3NIgRGMmNPXgbUmk,Itamae Thai and Sushi Bar,"193 Castle Shannon Boulevard, Pittsburgh",40.3778248,-80.04033690000001,"restaurant,food,point_of_interest,establishment",restaurant,OPERATIONAL,4.7,158.0
ChIJg0waqeL5NIgR7J14RXplQf8,Arby's,"3700 Library Road, Castle Shannon",40.36496229999999,-80.02031970000002,"meal_takeaway,restaurant,food,store,point_of_interest,establishment","fast_food,restaurant",OPERATIONAL,3.9,678.0
ChIJPUCAMVv3NIgRbEtObzK4AVE,St Winifred Church - St. Paul of the Cross Parish,"550 Sleepy Hollow Rd, Pittsburgh",40.3754657,-80.0233635,"church,place_of_worship,point_of_interest,establishment",food_bank,OPERATIONAL,4.4,17.0
ChIJDfFmdlb3NIgRy5ypgZgLXO4,Sunoco,"3505 Library Road, Castle Shannon",40.3663834,-80.0145277,"gas_station,convenience_store,store,food,point_of_interest,establishment",convenience,OPERATIONAL,2.8,21.0
ChIJBT8Use33NIgRrGbeA7iO3EU,7-Eleven,"3505 Library Road, Castle Shannon",40.36635100000001,-80.0143877,"convenience_store,cafe,liquor_store,store,restaurant,food,point_of_interest,establishment","convenience,restaurant",OPERATIONAL,3.5,13.0
ChIJI4-JuK_xNIgRSK4FFnQtwUE,GetGo Gas Station,"3107 Library Road, Castle Shannon",40.37338879999999,-80.0063721,"gas_station,convenience_store,store,food,point_of_interest,establishment",convenience,OPERATIONAL,2.0,12.0
ChIJ8TOM2Ff3NIgRQfM28r1rCX8,Original Gyro,"3611 Library Road, Pittsburgh",40.36490049999999,-80.017896,"restaurant,food,point_of_interest,establishment",restaurant,OPERATIONAL,4.4,626.0
ChIJ4SlB51X3NIgRkUa_S9M6o14,Bob's Diner,"1230 Grove Road, Pittsburgh",40.3659596,-80.0139544,"restaurant,food,point_of_interest,establishment",restaurant,CLOSED_TEMPORARILY,4.5,508.0
ChIJLX3CK1P3NIgRLCxbSNy23qg,The Coal Mine,"3160 Library Road, Castle Shannon",40.371693,-80.0090065,"bar,restaurant,food,point_of_interest,establishment",restaurant,OPERATIONAL,4.2,236.0
ChIJbyXjgFT3NIgRpJeoWsf6eUo,Burger King,"3220 Library Road, Castle Shannon",40.3696808,-80.01164,"restaurant,food,point_of_interest,establishment",restaurant,OPERATIONAL,3.7,852.0
ChIJXywxEFT3NIgR6f8XCLRN2Rw,Trolley Barn Eatery,"3360 Library Road # 4, Pittsburgh",40.3684273,-80.0130235,"restaurant,food,point_of_interest,establishment",restaurant,OPERATIONAL,4.8,406.0
ChIJtz1Rl_r3NIgRBwHDwjV-IeU,El Pollon Castle shannon,"1230 Grove Road, Pittsburgh",40.36596159999999,-80.0139404,"restaurant,food,point_of_interest,establishment",restaurant,OPERATIONAL,5.0,1.0
ChIJl0zTg-DxNIgRz2h3mR-Qc1I,Conti’s Pizzeria & Pit,"1000 Killarney Drive, Pittsburgh",40.37413429999999,-80.00725659999999,"restaurant,food,point_of_interest,establishment",restaurant,OPERATIONAL,4.7,332.0
ChIJS7vBJW33NIgRBuzO0XQc-HA,St Winifred Food Pantry,"2840 Library Rd, Pittsburgh",40.37697319999999,-80.0046991,"food,point_of_interest,establishment",food_bank,OPERATIONAL,5.0,4.0
ChIJa_N89cD3NIgRcxtBaiMmvlA,Buy Fresh Buy Local Western PA,"733 Washington Rd STE 102, Mt. Lebanon",40.3791264,-80.04514950000001,"point_of_interest,establishment",farmers_market,OPERATIONAL,,
ChIJves_M-3wNIgRyySNcNRqGhk,Giant Eagle Supermarket,"600 Towne Square Way, Pittsburgh",40.3657243,-79.98327069999999,"grocery_or_supermarket,supermarket,store,food,point_of_interest,establishment",grocery,OPERATIONAL,4.2,1542.0
ChIJV6yuuJnwNIgR9ICFdU9D_ms,Dollar General,"3750 Saw Mill Run Boulevard, Pittsburgh",40.3709848,-79.98265500000001,"drugstore,convenience_store,grocery_or_supermarket,health,store,food,point_of_interest,establishment",convenience,OPERATIONAL,3.9,445.0
ChIJ12YhvpnwNIgRHegYISoUpDk,GetGo Café + Market & WetGo Car Wash,"3601 Saw Mill Run Boulevard, Pittsburgh",40.37220689999999,-79.9814209,"gas_station,car_wash,cafe,convenience_store,store,food,point_of_interest,establishment",convenience,OPERATIONAL,3.0,167.0
ChIJueL-a5bwNIgR_GYO7Qdcs1Q,Sunoco,"3299 Saw Mill Run Boulevard, Pittsburgh",40.37590219999999,-79.9834613,"gas_station,convenience_store,store,food,point_of_interest,establishment",convenience,OPERATIONAL,3.4,19.0
ChIJRxQWOp_wNIgR8avjzRkWarc,Euro Mart,"4150 Saw Mill Run Boulevard, Pittsburgh",40.366004,-79.9848013,"convenience_store,store,food,point_of_interest,establishment",convenience,OPERATIONAL,5.0,26.0
ChIJvUcSlJfxNIgRu40Mh4A7IRY,Kajal Convenience & Vape Store,"4000 Saw Mill Run Boulevard, Brentwood",40.3690868,-79.9833369,"convenience_store,store,food,point_of_interest,establishment",convenience,OPERATIONAL,5.0,1.0
ChIJzQZEA5nwNIgRRSW-2lsj8aQ,Nepali Chowk Convenience Store,United States,40.36911299999999,-79.98332529999999,"convenience_store,store,food,point_of_interest,establishment",convenience,OPERATIONAL,,
ChIJNQoxaTTxNIgRgtg872zRbuo,7-Eleven,"3299 Saw Mill Run Boulevard, Pittsburgh",40.37608129999999,-79.9836631,"convenience_store,cafe,liquor_store,store,restaurant,food,point_of_interest,establishment","convenience,restaurant",OPERATIONAL,3.8,19.0
ChIJzVSgS4XwNIgRbTdCoHRMvDg,Convenience Express,"3767 Brownsville Road, Pittsburgh",40.3706081,-79.9747964,"convenience_store,cafe,gas_station,atm,finance,store,food,point_of_interest,establishment",convenience,OPERATIONAL,2.5,33.0
ChIJ2_87vpnwNIgRAMKNRuLCKrA,Subway,"4142 Clairton Boulevard, Brentwood",40.3663927,-79.9847285,"meal_takeaway,restaurant,food,point_of_interest,establishment","fast_food,restaurant",OPERATIONAL,3.7,135.0
ChIJI_gQlp7wNIgRaO6gE0xyPgQ,The Crack'd Egg,"4131 Brownsville Road, Pittsburgh",40.3656776,-79.9818954,"restaurant,food,point_of_interest,establishment",restaurant,OPERATIONAL,4.2,824.0
ChIJa-nHlpnwNIgRaoMuISwKpBs,Rowdy BBQ,"3900 Saw Mill Run Boulevard, Brentwood",40.3701581,-79.98276539999999,"restaurant,food,point_of_interest,establishment",restaurant,OPERATIONAL,4.4,778.0
ChIJPdv8abnwNIgRa5VzInjhU88,Dairy Queen Grill & Chill,"2795 Saw Mill Run Boulevard, Pittsburgh",40.3786482,-79.9899765,"restaurant,food,store,point_of_interest,establishment",restaurant,OPERATIONAL,4.1,654.0
ChIJs45AZJbwNIgRWOVfDTbKUaE,Dunkin',"3200 Saw Mill Run Boulevard, Pittsburgh",40.37643569999999,-79.98418730000002,"meal_takeaway,bakery,cafe,restaurant,food,store,point_of_interest,establishment","fast_food,restaurant",OPERATIONAL,4.0,506.0
ChIJ2_87vpnwNIgRk-OlFrK1B2k,Venice Pizzeria,"4144 Saw Mill Run Boulevard, Brentwood",40.3661182,-79.984916,"meal_delivery,restaurant,food,point_of_interest,establishment",restaurant,OPERATIONAL,4.1,234.0
ChIJ5SnNVZbwNIgRDBMZXSa44Ac,Domino's Pizza,"3300 Saw Mill Run Boulevard, Brentwood",40.3752635,-79.9837089,"meal_takeaway,meal_delivery,restaurant,food,point_of_interest,establishment","fast_food,restaurant",OPERATIONAL,3.9,422.0
ChIJyX69p5_wNIgRUkmB5HTJZMU,McDonald's,"4214 Brownsville Road, Brentwood",40.3646353,-79.9838682,"cafe,store,restaurant,food,point_of_interest,establishment",restaurant,OPERATIONAL,2.8,1653.0
ChIJ12YhvpnwNIgRZkGGVPcxSZE,Wendy's,"60 Towne Square Way, Pittsburgh",40.3675143,-79.9829276,"restaurant,food,point_of_interest,establishment",restaurant,OPERATIONAL,3.5,912.0
ChIJD892vpnwNIgRPRPv3XiaKkk,51 Wings & Pizza,"4022 Saw Mill Run Boulevard, Pittsburgh",40.3684277,-79.983753,"restaurant,food,point_of_interest,establishment",restaurant,OPERATIONAL,4.1,394.0
ChIJI0FewYfxNIgRvzLYnBt81gc,Pho 51 Cafe,"4140 Clairton Boulevard, Pittsburgh",40.3665472,-79.9846211,"restaurant,food,point_of_interest,establishment",restaurant,OPERATIONAL,4.7,119.0
ChIJhZGXnHHxNIgRlFuLI8r8n60,Namaste Momo Corner,"4114 Saw Mill Run Boulevard suit B, Pittsburgh",40.3669815,-79.9843965,"restaurant,food,point_of_interest,establishment",restaurant,OPERATIONAL,4.6,449.0
ChIJr7H04Z7wNIgRcDSyejuxuEo,Giant Eagle Prepared Foods,"600 Towne Square Way, Pittsburgh, Brentwood",40.36550769999999,-79.9828572,"meal_takeaway,restaurant,food,point_of_interest,establishment","fast_food,restaurant",OPERATIONAL,4.0,2.0
ChIJb3V88p7wNIgRW6alIywc_Cg,JT Sam’s Diner,"4143 Brownsville Road #3342, Brentwood",40.36522129999999,-79.98252889999999,"cafe,restaurant,food,point_of_interest,establishment",restaurant,OPERATIONAL,4.5,226.0
ChIJSaOh2pDxNIgRS7d7vsfN3ZI,Everest Kitchen,"4042 Saw Mill Run Boulevard, Pittsburgh",40.3678372,-79.9840696,"restaurant,food,point_of_interest,establishment",restaurant,OPERATIONAL,4.3,261.0
ChIJ2TfQ2FrxNIgR6drmb5Lgp6k,Chipotle Mexican Grill,"50 Towne Square Way, Pittsburgh",40.3677088,-79.9835015,"restaurant,food,point_of_interest,establishment",restaurant,OPERATIONAL,2.2,312.0
ChIJuRcwgsLxNIgRQuxhFghhRzc,Tropical Smoothie Cafe,"507 Towne Square Way, Brentwood",40.3664913,-79.9816172,"cafe,restaurant,food,point_of_interest,establishment",restaurant,OPERATIONAL,4.8,104.0
ChIJpSFAH9vxNIgRJxtK5TQekUc,China Wok,"4060 Brownsville Road, Pittsburgh",40.36651539999999,-79.981579,"restaurant,food,point_of_interest,establishment",restaurant,OPERATIONAL,4.2,120.0
ChIJHdnxR0HxNIgRkyMSPxcD60I,La Bella Pizza and Gyro,"3906 Saw Mill Run Boulevard, Pittsburgh",40.36984899999999,-79.983068,"restaurant,food,point_of_interest,establishment",restaurant,OPERATIONAL,4.4,230.0
ChIJGzoK4JnwNIgRnXlb3nUMhTc,Pizza Shack,"3546 Saw Mill Run Boulevard, Pittsburgh",40.3720696,-79.9822027,"restaurant,food,point_of_interest,establishment",restaurant,OPERATIONAL,4.6,157.0
ChIJlXVyfNvxNIgRcwEr7ULl2oQ,Himali Kitchen,"3536 Saw Mill Run Boulevard, Pittsburgh",40.3722991,-79.98232469999999,"meal_takeaway,restaurant,food,point_of_interest,establishment","fast_food,restaurant",OPERATIONAL,4.1,245.0
ChIJ36YFq7rxNIgRuIfhXu2q_fQ,Champions Sports Bar & Grill,"3344 Saw Mill Run Boulevard, Brentwood",40.374553,-79.98302799999999,"restaurant,food,point_of_interest,establishment",restaurant,OPERATIONAL,4.9,13.0
ChIJ08-n_JbwNIgRfOLJHoJAXQU,Portofino's,"3307 Saw Mill Run Boulevard, Pittsburgh",40.3751928,-79.982747,"meal_delivery,restaurant,food,point_of_interest,establishment",restaurant,OPERATIONAL,3.8,290.0
ChIJR5r6o77wNIgRI8AP5tdLWKc,Express Pizzeria,"2760 Saw Mill Run Boulevard, Pittsburgh",40.3782746,-79.9909145,"restaurant,food,point_of_interest,establishment",restaurant,OPERATIONAL,4.2,194.0
ChIJ3ebe4o_wNIgRaUhDtEmNREA,Brentwood Presbyterian Church,"3725 Brownsville Rd, Pittsburgh",40.3722026,-79.9749427,"church,place_of_worship,point_of_interest,establishment",food_bank,OPERATIONAL,4.7,14.0
ChIJczgZp4HwNIgRNzC953bxmfc,7-Eleven,"1400 Radford Rd Lot & Block 247D190, Pittsburgh",40.3638407,-79.96749969999999,"convenience_store,cafe,liquor_store,store,restaurant,food,point_of_interest,establishment","convenience,restaurant",OPERATIONAL,3.4,42.0
ChIJH_KZ0ZHwNIgRpFsYj1lAz5o,Express Mini Mart,"3518 Brownsville Road, Pittsburgh",40.3744551,-79.9757851,"convenience_store,store,food,point_of_interest,establishment",convenience,OPERATIONAL,4.0,4.0
ChIJw0ObbML2NIgRepyfWmwr3sA,Namaste India 1,"1400 Radford Road, Pittsburgh",40.36384059999999,-79.9674998,"restaurant,food,point_of_interest,establishment",restaurant,OPERATIONAL,3.7,161.0
ChIJT-ZtGYHwNIgRec7wI2qzRGQ,Fox's Pizza Den,"1500 Radford Road, Pittsburgh",40.36423119999999,-79.96712210000001,"meal_delivery,restaurant,food,point_of_interest,establishment",restaurant,OPERATIONAL,4.5,258.0
ChIJTc6j5X7xNIgRGQFWTKVD5Zc,Wang's Kitchen,"3625 Brownsville Road, Pittsburgh",40.3731788,-79.9751994,"restaurant,food,point_of_interest,establishment",restaurant,OPERATIONAL,4.3,91.0
ChIJCXGXBw7xNIgRoreBQZL7kh8,Masala House Indian Bistro,"3623 Brownsville Road, Pittsburgh",40.3732434,-79.975234,"meal_takeaway,restaurant,food,point_of_interest,establishment","fast_food,restaurant",CLOSED_TEMPORARILY,5.0,50.0
ChIJhWksIgDxNIgRAfDA5TzFIEs,Ceviche’s Peruvian cuisine,"3600 Brownsville Road, Pittsburgh",40.3740162,-79.9758574,"restaurant,food,point_of_interest,establishment",restaurant,OPERATIONAL,4.9,121.0
ChIJcXa8yAjwNIgRDbJjNPQWUzY,GetGo Café + Market & WetGo Car Wash,"1001 Lebanon Road, West Mifflin",40.36155120000001,-79.9320868,"gas_station,car_wash,cafe,convenience_store,store,food,point_of_interest,establishment",convenience,OPERATIONAL,3.1,74.0
ChIJGcqG_gjwNIgRy34fmVrRDo8,GetGo,"1001 Lebanon Road, West Mifflin",40.3613477,-79.9319299,"convenience_store,gas_station,store,food,point_of_interest,establishment",convenience,OPERATIONAL,3.3,52.0
ChIJbSmxUxrwNIgR1-Qy9ffb8OE,Spencer's Down Under,"426 Lebanon Road, West Mifflin",40.37036579999999,-79.9282252,"bar,restaurant,food,point_of_interest,establishment",restaurant,OPERATIONAL,4.5,126.0
ChIJaS-HURrwNIgRsPvPdyaNp8U,Bishop's Pizza Vii,"428 Lebanon Road, West Mifflin",40.3703763,-79.9281017,"restaurant,food,point_of_interest,establishment",restaurant,OPERATIONAL,4.0,131.0
ChIJ07maDuTvNIgRh1EBcV6-Sjc,Sunoco,"5204 Interboro Avenue, Pittsburgh",40.3700747,-79.9133241,"gas_station,convenience_store,store,food,point_of_interest,establishment",convenience,OPERATIONAL,2.7,22.0
ChIJ73TTuvrvNIgRY2BjsL8euv4,Dollar General,"5800 Buttermilk Hollow Road, Pittsburgh",40.3649589,-79.9091196,"drugstore,convenience_store,grocery_or_supermarket,health,store,food,point_of_interest,establishment",convenience,OPERATIONAL,4.1,430.0
ChIJmYljLO7vNIgRpurw6cLJ8fc,Market 24,"5204 Interboro Avenue, Pittsburgh",40.370283,-79.9132577,"convenience_store,store,food,point_of_interest,establishment",convenience,OPERATIONAL,5.0,1.0
ChIJ3TjCauTvNIgRdCnTzbVhSKM,The Pizza Stop,"1315 Mifflin Road #3, Pittsburgh",40.3697288,-79.9124075,"meal_takeaway,meal_delivery,restaurant,food,point_of_interest,establishment","fast_food,restaurant",OPERATIONAL,3.9,109.0
ChIJ1f3O62axZ4kRraFPqw_PahQ,Dos Reyes Pgh,"5203 Interboro Avenue, Pittsburgh",40.3700699,-79.9127431,"restaurant,food,point_of_interest,establishment",restaurant,OPERATIONAL,4.9,89.0
ChIJdSB__ELvNIgRNh7p6tortFo,Sunoco,"4600 Homestead Duquesne Road, West Mifflin",40.37653659999999,-79.8945009,"gas_station,convenience_store,food,store,point_of_interest,establishment",convenience,OPERATIONAL,4.0,65.0
ChIJL0gvNHbvNIgR2ZSS5ZUJArU,Village Shop 'n Save,"1886 Homeville Road, West Mifflin",40.3654089,-79.87321089999999,"grocery_or_supermarket,department_store,supermarket,store,food,point_of_interest,establishment",grocery,OPERATIONAL,3.6,260.0
ChIJk9ppsmjvNIgRS1ZKvCfrC2o,Dollar General,"1830 Pennsylvania Avenue, West Mifflin",40.36261979999999,-79.86271459999999,"convenience_store,drugstore,grocery_or_supermarket,food,health,store,point_of_interest,establishment",convenience,OPERATIONAL,3.9,250.0
ChIJJbF0QW_vNIgR9ABA05iNkXQ,Marathon Gas,"1704 Pennsylvania Avenue, West Mifflin",40.3622962,-79.8592059,"gas_station,convenience_store,food,store,point_of_interest,establishment",convenience,OPERATIONAL,3.6,10.0
ChIJG5A5CqPvNIgROpulOMBvl6M,Westwood,"825 Commonwealth Avenue, West Mifflin",40.3767662,-79.88336939999999,"bar,restaurant,food,point_of_interest,establishment",restaurant,OPERATIONAL,4.1,336.0
ChIJhUMMRm_vNIgRd7zbF2J1mCA,Harvey Wilner's Village Tavern,"1620 Pennsylvania Avenue, West Mifflin",40.3623038,-79.8586254,"bar,restaurant,food,point_of_interest,establishment",restaurant,OPERATIONAL,4.5,353.0
ChIJMUfsz3XvNIgRrPDJCr8ykio,Boonda's Hometown Pizza,"5622 Homeville Road, West Mifflin",40.36823529999999,-79.8725438,"meal_delivery,restaurant,food,point_of_interest,establishment",restaurant,OPERATIONAL,3.8,277.0
ChIJG6OlvArvNIgRKejAqYpx68U,Hunan Wok,"1822 Homeville Road, West Mifflin",40.3650763,-79.8718042,"restaurant,food,point_of_interest,establishment",restaurant,OPERATIONAL,3.8,125.0
ChIJG6OlvArvNIgRXRw8botH2vY,Bellisario Pizza Shop,"1842 Homeville Road, West Mifflin",40.364861,-79.872282,"meal_delivery,restaurant,food,point_of_interest,establishment",restaurant,OPERATIONAL,4.5,179.0
ChIJG6OlvArvNIgRPiPHdxCMhcg,Village Idiot Tap Room,"1838 Homeville Road, West Mifflin",40.3655026,-79.8705003,"bar,restaurant,food,point_of_interest,establishment",restaurant,OPERATIONAL,4.3,79.0
ChIJ9deN1bnvNIgRclxdTsajqHU,All the way stuff'd,"1806 Pennsylvania Avenue, West Mifflin",40.3623447,-79.86177409999999,"restaurant,food,point_of_interest,establishment",restaurant,CLOSED_TEMPORARILY,3.3,4.0
ChIJSb9vul3vNIgRmNeU4_36ago,Mon Valley Kitchen,"495 Taft Avenue, West Mifflin",40.3618238,-79.8613858,"meal_takeaway,restaurant,food,point_of_interest,establishment","fast_food,restaurant",CLOSED_TEMPORARILY,4.2,19.0
ChIJBwsCk2_vNIgRvlXMYgRc5r4,Pizza Bistro,"1625 Pennsylvania Avenue #3912, West Mifflin",40.36184499999999,-79.858549,"restaurant,food,point_of_interest,establishment",restaurant,OPERATIONAL,3.7,149.0
ChIJMdQyx3nvNIgR1FkvzR2CMT8,O Taste Cafe,"1212 Crawford Avenue, Duquesne",40.36268429999999,-79.8536133,"cafe,restaurant,food,point_of_interest,establishment",restaurant,OPERATIONAL,4.0,9.0
ChIJFdjeZJHvNIgR62IcLiZJdvI,Scotty's Bar and Lounge,"1212 Crawford Avenue, Duquesne",40.3626402,-79.85360969999999,"bar,restaurant,food,point_of_interest,establishment",restaurant,OPERATIONAL,4.7,57.0
ChIJIVJL4T_vNIgRHXRq73-SUTg,J & S Food Mart,"625 Grant Avenue, Duquesne",40.37176599999999,-79.8517143,"convenience_store,store,food,point_of_interest,establishment",convenience,OPERATIONAL,3.4,11.0
ChIJk3ezwj_vNIgR7jVK1Coc5oc,Squid's Coffee Shop,"607 Grant Avenue, Duquesne",40.372001,-79.8513473,"cafe,convenience_store,store,food,point_of_interest,establishment",convenience,OPERATIONAL,4.7,25.0
ChIJq7-OKADvNIgRQz_Wh3mbxOc,store,"15 South 2nd Street, Duquesne",40.3727293,-79.84657899999999,"convenience_store,store,food,point_of_interest,establishment",convenience,OPERATIONAL,,
ChIJt6ZoPTrvNIgREuHvLRYU9r8,Greater Pittsburgh Community Food Bank,"1 N Linden St, Duquesne",40.375831,-79.84234909999999,"food,point_of_interest,establishment",food_bank,OPERATIONAL,4.7,439.0
ChIJQz0j9jjvNIgR6_WawMSYGUQ,Duquesne Family Support Center,"1 Library Pl, Duquesne",40.3712874,-79.8439665,"point_of_interest,establishment",food_bank,OPERATIONAL,4.5,16.0
ChIJ7Q7vtsroNIgRjMYhvgJsaCE,Happy Mini Mart Inc,"512 East Pittsburgh McKeesport Boulevard, North Versailles Township",40.3698087,-79.82915,"convenience_store,store,food,point_of_interest,establishment",convenience,OPERATIONAL,3.9,79.0
ChIJGyaWEQ_pNIgRXUdkUnl4oHs,Fish-chix,"100 Westinghouse Avenue, North Versailles Township",40.3623529,-79.8264327,"restaurant,food,point_of_interest,establishment",restaurant,OPERATIONAL,4.9,212.0
ChIJiTaiTyvpNIgRCf6CvTxaksU,Fat Angelo's,"600 East Pittsburgh McKeesport Boulevard, North Versailles Township",40.3714721,-79.82792599999999,"restaurant,food,point_of_interest,establishment",restaurant,OPERATIONAL,4.3,524.0
ChIJQ0gBDfboNIgRtPRUbb9V9Og,Dollar General,"1712 Lincoln Highway, North Versailles Township",40.3695309,-79.785384,"drugstore,convenience_store,grocery_or_supermarket,store,health,food,point_of_interest,establishment",convenience,OPERATIONAL,3.9,74.0
ChIJ947w3_XoNIgRsRVZIFhnzfQ,Speedway,"1700 Lincoln Highway, North Versailles Township",40.3697339,-79.78598029999999,"gas_station,convenience_store,store,food,point_of_interest,establishment",convenience,OPERATIONAL,3.5,53.0
ChIJyUasE-boNIgRZzyZ4Qs1Ft8,Dairy Queen Grill & Chill,"1120 Lincoln Highway, North Versailles Township",40.37739670000001,-79.8020911,"store,restaurant,food,point_of_interest,establishment",restaurant,OPERATIONAL,4.2,434.0
ChIJ36kAgMLoNIgR-co7Zxx-0RA,Apple Harvest,"1122 3rd Street, North Versailles Township",40.37434299999999,-79.807146,"bakery,store,restaurant,food,point_of_interest,establishment",restaurant,OPERATIONAL,4.8,101.0
ChIJubbUx-_oNIgRTwBTBIPKO48,Broadstreet Bistro,"1025 Broad Street, North Versailles Township",40.3743213,-79.79743979999999,"bar,restaurant,food,point_of_interest,establishment",restaurant,OPERATIONAL,4.3,370.0
ChIJj6xm5O_oNIgRBFI54KZDbwI,Bishop's Pizza Iii,"1428 Lincoln Highway, North Versailles Township",40.37385690000001,-79.7952845,"meal_delivery,restaurant,food,point_of_interest,establishment",restaurant,OPERATIONAL,4.1,223.0
ChIJd6yoEuboNIgR37BtnxfY48U,Dunkin',"1121 Lincoln Highway, North Versailles Township",40.37766129999999,-79.8015319,"cafe,meal_takeaway,bakery,store,restaurant,food,point_of_interest,establishment","fast_food,restaurant",OPERATIONAL,3.9,509.0
ChIJF-ufVPDoNIgRp4NWLouwq-U,Drew Menas Restaurant & Lounge,"1456 Lincoln Highway, North Versailles Township",40.372908,-79.79343310000002,"bar,restaurant,food,point_of_interest,establishment",restaurant,OPERATIONAL,4.4,660.0
ChIJh66VN6PpNIgRhfrgonLpTbY,Mickey T's,"1100 Lincoln Highway, North Versailles Township",40.37792789999999,-79.8039337,"bar,restaurant,food,point_of_interest,establishment",restaurant,OPERATIONAL,4.2,14.0
ChIJR4SS78PpNIgR9-tP2UXL7eI,Domino's Pizza,"1100 Lincoln Highway, North Versailles Township",40.37793509999999,-79.8039924,"meal_delivery,meal_takeaway,restaurant,food,point_of_interest,establishment","fast_food,restaurant",OPERATIONAL,,
ChIJ-Xqr9IjpNIgRRREvgSL_Hls,Speedy Cafe,"1700 Lincoln Highway, North Versailles Township",40.3700087,-79.7860465,"restaurant,food,point_of_interest,establishment",restaurant,OPERATIONAL,5.0,3.0
ChIJE-H5vl7oNIgRR_39q7DKD6E,ALDI,"100 Aldi Drive, North Versailles Township",40.36974300000001,-79.77914299999999,"supermarket,grocery_or_supermarket,store,food,point_of_interest,establishment",grocery,OPERATIONAL,4.5,660.0
ChIJSUsVWDHpNIgRAOd4tdxtAcA,GetGo Café + Market,"1820 Lincoln Highway, North Versailles Township",40.36797469999999,-79.7804561,"gas_station,convenience_store,cafe,store,food,point_of_interest,establishment",convenience,OPERATIONAL,3.4,104.0
ChIJIx1GgqbpNIgRNXLuH6Fhh10,GetGo Gas Station & WetGo Car Wash,"1810 Lincoln Highway, North Versailles Township",40.3682871,-79.7819454,"gas_station,convenience_store,cafe,store,food,point_of_interest,establishment",convenience,OPERATIONAL,2.5,2.0
ChIJQzSFpF7oNIgRwcUkOj4kBgM,Denny's,"1829 Lincoln Highway, North Versailles Township",40.3684914,-79.77969999999999,"restaurant,food,point_of_interest,establishment",restaurant,OPERATIONAL,4.0,1669.0
ChIJlV4sqd3oNIgRBL5UwVGAqFc,Popeyes Louisiana Kitchen,"1900 Lincoln Highway, North Versailles Township",40.367508,-79.7794936,"restaurant,food,point_of_interest,establishment",restaurant,OPERATIONAL,3.2,1436.0
ChIJJ2Sj7V7oNIgRPe690TJ9Qmk,getGo,United States,40.3681247,-79.7809072,"restaurant,food,point_of_interest,establishment",restaurant,OPERATIONAL,5.0,1.0
ChIJx0kqc5XpNIgRaHTTZjRMUmo,Anchor Hoagies Bar & Grill,"1956 Lincoln Highway, North Versailles Township",40.36407909999999,-79.7745896,"bar,restaurant,food,point_of_interest,establishment",restaurant,OPERATIONAL,4.5,772.0
ChIJ_8UW1GfpNIgRzs6ugBMSyxI,Charleys Cheesesteaks and Wings,"1903 Lincoln Highway, North Versailles Township",40.36784859999999,-79.77884139999999,"restaurant,food,point_of_interest,establishment",restaurant,OPERATIONAL,4.2,416.0
ChIJv0ZlEgvpNIgRhGaAKuIux-A,The Burger Den,"1829 Lincoln Highway, North Versailles Township",40.36850159999999,-79.77964159999999,"restaurant,food,point_of_interest,establishment",restaurant,OPERATIONAL,3.0,2.0
ChIJndRCLl_oNIgRl893Kao1krA,Pita Paul's,North Versailles Township,40.3693835,-79.78287759999999,"restaurant,food,point_of_interest,establishment",restaurant,OPERATIONAL,4.0,28.0
ChIJw6qczw3DNIgRdhhl4dHWKJI,Crossroads Plaza,"3500 Pennsylvania 130, Irwin",40.36397169999999,-79.6704166,"convenience_store,food,store,point_of_interest,establishment",convenience,OPERATIONAL,4.0,4.0
ChIJO839J2nrNIgRS2hTlsPXjkQ,Old Village Grille,"4012 Pennsylvania 130, Irwin",40.3699754,-79.6814237,"restaurant,food,point_of_interest,establishment",restaurant,OPERATIONAL,4.7,653.0
ChIJ33uA0QjDNIgRATxRx4IayvM,Black Sheep,"100 Tropiano Lane, Irwin",40.3708791,-79.6817391,"bar,restaurant,food,point_of_interest,establishment",restaurant,OPERATIONAL,4.4,466.0
ChIJ____b2LDNIgRhpwzBJ-6UxQ,Lucci's Pizza & Pasta,"3510 Pennsylvania 130, Irwin",40.3653311,-79.6726101,"restaurant,food,point_of_interest,establishment",restaurant,OPERATIONAL,4.3,547.0
ChIJOT62LCTdNIgRyzC08UQ7tc0,Golden Dragon,"4016 Pennsylvania 130, Irwin",40.3711584,-79.6814373,"restaurant,food,point_of_interest,establishment",restaurant,OPERATIONAL,4.4,100.0
ChIJo1kKnQXDNIgRXgpwvF00IcE,The King Seat Tavern,"4022 Pennsylvania 130, Irwin",40.3707809,-79.6823959,"bar,restaurant,food,point_of_interest,establishment",restaurant,OPERATIONAL,4.7,103.0
ChIJwT3SLJ7ENIgRrZmMffzcxdY,Sunrise Beverage,"106 Tropiano Ln, Irwin",40.3709698,-79.6816613,"liquor_store,bar,restaurant,food,store,point_of_interest,establishment",restaurant,OPERATIONAL,4.7,31.0
ChIJFZSOY4TENIgRqSASckFq1gE,Giant Eagle Supermarket,"2000 Penny Lane Drive, Jeannette",40.3654134,-79.64163070000001,"grocery_or_supermarket,supermarket,food,store,point_of_interest,establishment",grocery,OPERATIONAL,4.1,448.0
ChIJIXnCiIXFNIgRvqgHlhqa0W4,Dollar General,"1070 Harrison City Export Road, Jeannette",40.3636,-79.6447,"drugstore,convenience_store,grocery_or_supermarket,health,store,food,point_of_interest,establishment",convenience,OPERATIONAL,4.3,32.0
ChIJTcAMb2XFNIgRVv_Ha5fuxdE,Schramm's Farm 2,"1004 Blank Rd, Jeannette",40.3746303,-79.6380171,"food,store,point_of_interest,establishment",farmers_market,OPERATIONAL,4.6,5.0
ChIJP1uSTAlQNIgR-8yuKTj-ZwU,Harrington’s Bar & Restaurant,"717 Robinson Highway, McDonald",40.3811229,-80.2614243,"bar,restaurant,food,point_of_interest,establishment",restaurant,OPERATIONAL,4.6,452.0
ChIJ9ee3XvRZNIgRaBpOGkGwALY,Pepperoncini's Pub,"105 Seminary Avenue, Oakdale",40.39696850000001,-80.183507,"restaurant,bar,food,point_of_interest,establishment",restaurant,OPERATIONAL,4.3,674.0
ChIJVS-SAmBZNIgR9jh-ihgS_8A,El Marro Restaurant & Mariscos LLC,"108 Seminary Avenue, Oakdale",40.3963844,-80.18371619999999,"restaurant,food,point_of_interest,establishment",restaurant,OPERATIONAL,4.7,191.0
ChIJpZGZHgBZNIgRmaXb00d1988,The Cl,"1000 Nevillewood Drive, Presto",40.3857208,-80.1255925,"restaurant,food,point_of_interest,establishment",restaurant,OPERATIONAL,,
ChIJD8xaSeH3NIgRSe1QEI_t0pk,Heidelberg Shop 'n Save,"2100 Washington Pike, Carnegie",40.3878714,-80.0931526,"grocery_or_supermarket,supermarket,food,store,point_of_interest,establishment",grocery,OPERATIONAL,4.4,1681.0
ChIJydl81uL3NIgR7IU6eEPJzqU,Moe's Southwest Grill,"1597 Washington Pike, Bridgeville",40.38331759999999,-80.0954902,"restaurant,food,point_of_interest,establishment",restaurant,OPERATIONAL,4.3,801.0
ChIJydl81uL3NIgRME-y9PqJtvE,Pittsburgh Bottleshop,"1597 Washington Pike, Collier Town Square Drive Suite A20, Bridgeville",40.3825318,-80.0955814,"bar,restaurant,food,point_of_interest,establishment",restaurant,OPERATIONAL,4.0,718.0
ChIJydl81uL3NIgRHgKT-yIsIHA,Golden Dragon,"1597 Washington Pike, Suite #A8, Bridgeville",40.3818128,-80.0956319,"meal_takeaway,restaurant,food,point_of_interest,establishment","fast_food,restaurant",OPERATIONAL,4.2,223.0
ChIJx5b0BvpXNIgR_7V4Qtl-leE,Subway,"2200 Washington Pike, Carnegie",40.386829,-80.0962163,"meal_takeaway,restaurant,food,point_of_interest,establishment","fast_food,restaurant",OPERATIONAL,2.0,31.0
ChIJydl81uL3NIgRfJHQybPx7gQ,Starbucks Coffee Company,"1597 Washington Pike, Collier Town Square Drive, Bridgeville",40.38144,-80.09566,"cafe,store,restaurant,food,point_of_interest,establishment",restaurant,OPERATIONAL,4.4,620.0
ChIJ3WFr-uf3NIgRmlRhm3-DYaI,Pizza Hut,"1597 Washington Pike Unit A-4, Bridgeville",40.3815473,-80.0955912,"meal_takeaway,meal_delivery,restaurant,food,point_of_interest,establishment","fast_food,restaurant",OPERATIONAL,3.2,208.0
ChIJ7e1qJuP3NIgRgT4uj01UZfU,Penn Station East Coast Subs,"1597 Washington Pike Suite A837, Bridgeville",40.3825893,-80.09551479999999,"meal_takeaway,restaurant,food,point_of_interest,establishment","fast_food,restaurant",CLOSED_TEMPORARILY,4.2,306.0
ChIJm5mEylP3NIgRoPzes-9LkWw,Nautical Bowls,"1597 Washington Pike A34, Bridgeville",40.38271239999999,-80.0954544,"restaurant,food,point_of_interest,establishment",restaurant,OPERATIONAL,4.7,171.0
ChIJy_LM13D3NIgRcDXTHBpGmqg,Wingstop,"1597 Washington Pike Unit A40, Bridgeville",40.3829629,-80.0953991,"restaurant,food,point_of_interest,establishment",restaurant,OPERATIONAL,3.6,169.0
ChIJD8xaSeH3NIgRH-IduxuZoJc,McDonald's,"2100 Washington Pike, Heidelberg",40.38622319999999,-80.09297629999999,"cafe,store,restaurant,food,point_of_interest,establishment",restaurant,OPERATIONAL,3.1,1218.0
ChIJMeKe4mP3NIgR6Rw7SUt8vc0,Loafers Bread Co,"1597 Washington Pike Suite A-37, Bridgeville",40.38315679999999,-80.0944045,"restaurant,food,point_of_interest,establishment",restaurant,OPERATIONAL,4.3,22.0
ChIJBaOFVw73NIgRA3SLJZmnuI8,Long John Silver's,"2100 Washington Pike, Carnegie",40.3871619,-80.0923188,"meal_takeaway,restaurant,food,point_of_interest,establishment","fast_food,restaurant",OPERATIONAL,3.9,995.0
ChIJfYXzbKf3NIgRD_oo5h_nd2c,El Campesino,"2100 Washington Pike, Carnegie",40.38752119999999,-80.09198839999999,"restaurant,food,point_of_interest,establishment",restaurant,OPERATIONAL,4.4,470.0
ChIJIf_JxsT3NIgRhW2-vAEL1kI,ALDI,"1160 Washington Avenue, Carnegie",40.39759599999999,-80.085244,"supermarket,grocery_or_supermarket,store,food,point_of_interest,establishment",grocery,OPERATIONAL,4.4,1309.0
ChIJp1diWuT3NIgRpKutrJNU7Sw,Walgreens,"2055 Old Washington Pike, Carnegie",40.38816389999999,-80.091332,"drugstore,convenience_store,clothing_store,food,health,store,point_of_interest,establishment",convenience,OPERATIONAL,3.6,40.0
ChIJA7QL8-b3NIgRJjl5z6kTqjU,Marathon Gas,"2022 Washington Pike, Heidelberg",40.38775649999999,-80.0901439,"gas_station,convenience_store,food,store,point_of_interest,establishment",convenience,OPERATIONAL,2.2,54.0
ChIJISOT3L_3NIgR6mSN2SB09UU,Tamarind Savoring India / Greentree,"Towne Center, 2101 Greentree Road, Suite B-116 Scott, Pittsburgh",40.39061819999999,-80.0721846,"meal_takeaway,restaurant,food,point_of_interest,establishment","fast_food,restaurant",OPERATIONAL,4.2,1445.0
ChIJ4S_xjsT3NIgRSLxsFkygOCY,Subway,"1160 Washington Avenue B, Carnegie",40.39714959999999,-80.0853034,"meal_takeaway,restaurant,food,point_of_interest,establishment","fast_food,restaurant",OPERATIONAL,3.0,95.0
ChIJISOT3L_3NIgRtN8aBNY0cEI,Mad Mex,"2101 Greentree Road, Pittsburgh",40.39055560000001,-80.07249999999999,"restaurant,food,point_of_interest,establishment",restaurant,OPERATIONAL,4.1,1019.0
ChIJnXq5lL_3NIgRcyy0YNBNAJo,The Original Pancake House,"2229 Swallow Hill Road, Pittsburgh",40.3916576,-80.07383030000001,"restaurant,food,point_of_interest,establishment",restaurant,OPERATIONAL,4.4,1305.0
ChIJ1ZPXUeb3NIgRNSkVBHLI-dM,Pizza Americana,"1917 East Railroad Street, Heidelberg",40.388558,-80.0891535,"meal_takeaway,meal_delivery,restaurant,food,point_of_interest,establishment","fast_food,restaurant",OPERATIONAL,4.3,243.0
ChIJISOT3L_3NIgRpQMjhNUOBhY,Osaka,"2101 Greentree Road, Pittsburgh",40.3904356,-80.0708671,"meal_takeaway,bar,restaurant,food,point_of_interest,establishment","fast_food,restaurant",OPERATIONAL,4.4,288.0
ChIJmfKohMT3NIgRhkTRVixfEfc,Elly's,"1201 Washington Avenue, Carnegie",40.3965009,-80.08488,"bar,restaurant,food,point_of_interest,establishment",restaurant,OPERATIONAL,4.3,678.0
ChIJbYUxNL73NIgRgukhZOaQH6c,Denny's,"2180 Greentree Road, Pittsburgh",40.39114,-80.073788,"restaurant,food,point_of_interest,establishment",restaurant,OPERATIONAL,4.0,1881.0
ChIJP-6i37_3NIgRKrtKJ2NxN0Q,The Other Place,"2500 Swallow Hill Road, Pittsburgh",40.3903362,-80.07442979999999,"meal_delivery,restaurant,food,point_of_interest,establishment",restaurant,OPERATIONAL,4.4,288.0
ChIJU96Akb73NIgR_sMjhlqRK6I,The Pittsburgh Lighthouse Café,"Park Drive, Heidelberg",40.3838238,-80.087949,"meal_takeaway,restaurant,food,point_of_interest,establishment","fast_food,restaurant",CLOSED_TEMPORARILY,,
ChIJP_LRWd33NIgR4u_KpE_mr2Y,Burgh Bites Brick N' Mortar,"1709 East Railroad Street, Heidelberg",40.39154719999999,-80.08764719999999,"restaurant,food,point_of_interest,establishment",restaurant,OPERATIONAL,4.8,714.0
ChIJswFexm72NIgRfEwm_2OatOs,Vocelli Pizza,"2101 Greentree Road Scott Town Center, Unit B110, Pittsburgh",40.39057,-80.07144629999999,"meal_takeaway,store,restaurant,food,point_of_interest,establishment","fast_food,restaurant",CLOSED_TEMPORARILY,4.0,83.0
ChIJDWfNKL73NIgRPV7ll1EypFg,The Burger Den,"2180 Greentree Road, Pittsburgh",40.3911487,-80.0737966,"restaurant,food,point_of_interest,establishment",restaurant,OPERATIONAL,3.5,6.0
ChIJk_Vq3tn3NIgRorm1WKh6-1Q,Island Spice Caribbean Restaurant,"1160 Washington Avenue B, Carnegie",40.3970564,-80.0851607,"restaurant,food,point_of_interest,establishment",restaurant,OPERATIONAL,4.2,212.0
ChIJj2_u3Lz3NIgRWWGUlpT6XcM,Virginia Manor Shops,"1717 Greentree Rd, Pittsburgh",40.3927168,-80.06587259999999,"shopping_mall,point_of_interest,establishment",food_bank,OPERATIONAL,4.1,714.0
ChIJ5x703Lz3NIgRXqsxGVTYH98,Giant Eagle Supermarket,"Greentree &, 1717 Cochran Road, Pittsburgh",40.39259149999999,-80.06546089999999,"grocery_or_supermarket,supermarket,store,food,point_of_interest,establishment",grocery,OPERATIONAL,3.9,831.0
ChIJISOT3L_3NIgRekQBJkKl7qY,Manpasand Spice Corner,"2101 Greentree Road A 101, Pittsburgh",40.3905299,-80.0693283,"supermarket,grocery_or_supermarket,store,food,point_of_interest,establishment",grocery,OPERATIONAL,4.1,610.0
ChIJ7YmwsaP3NIgRlILr2EFcocw,Sunoco,"1630 Cochran Road, Pittsburgh",40.3921484,-80.0612525,"gas_station,atm,convenience_store,finance,store,food,point_of_interest,establishment",convenience,OPERATIONAL,2.3,10.0
ChIJyT3SM3b3NIgRnHjfTEmfYR8,Sunoco,"339 Cochran Road, Mt. Lebanon",40.3826316,-80.0525953,"gas_station,atm,convenience_store,finance,store,food,point_of_interest,establishment",convenience,OPERATIONAL,3.0,21.0
ChIJDWRnDXb3NIgREOuTZpd7VWg,CVS,"328 Cochran Road, Mt. Lebanon",40.3824724,-80.0519923,"drugstore,convenience_store,clothing_store,store,health,food,point_of_interest,establishment",convenience,OPERATIONAL,3.4,118.0
ChIJkTJRbiL3NIgRo4b9wergJCk,7-Eleven,"339 Cochran Road, Mount Lebanon Township",40.382609,-80.05276719999999,"convenience_store,liquor_store,cafe,store,restaurant,food,point_of_interest,establishment","convenience,restaurant",OPERATIONAL,2.8,13.0
ChIJpbCLf773NIgRhqxKdqOL50Y,Benihana - Pittsburgh,"2100 Greentree Road, Pittsburgh",40.3921677,-80.0702349,"restaurant,food,point_of_interest,establishment",restaurant,OPERATIONAL,4.3,2233.0
ChIJMYtiMXb3NIgRaiW_XByucys,Subway,"308 Cochran Road, Pittsburgh",40.3815959,-80.05222700000002,"meal_takeaway,restaurant,food,point_of_interest,establishment","fast_food,restaurant",OPERATIONAL,3.8,125.0
ChIJB5hCR6P3NIgREjLZz7bZZ70,De Blasio's Restaurant,"1717 Cochran Road, Pittsburgh",40.3923034,-80.0666122,"restaurant,food,point_of_interest,establishment",restaurant,OPERATIONAL,4.4,724.0
ChIJr1gOkHH3NIgRls0eNIjsu-I,Little Tokyo Restaurant,"636 Washington Road, Pittsburgh",40.3817726,-80.0443576,"restaurant,food,point_of_interest,establishment",restaurant,OPERATIONAL,4.5,724.0
ChIJTdcdjKH3NIgRoDx7I4hA3kU,Chipotle Mexican Grill,"1614 Cochran Road, Pittsburgh",40.3916909,-80.0598529,"restaurant,food,point_of_interest,establishment",restaurant,OPERATIONAL,3.8,985.0
ChIJB5hCR6P3NIgROEbCo2VQ9UY,Starbucks Coffee Company,"Virginia Manor Shops, 1717 Cochran Road, Pittsburgh",40.39228,-80.06665,"cafe,store,restaurant,food,point_of_interest,establishment",restaurant,OPERATIONAL,4.3,167.0
ChIJ69aOrnH3NIgRgBT5IvWzwdY,Il Pizzaiolo,"703 Washington Road, Mt. Lebanon",40.380189,-80.04448599999999,"restaurant,food,point_of_interest,establishment",restaurant,OPERATIONAL,4.4,826.0
ChIJwzJzj3H3NIgR8vreEEiNaQc,Saloon of Mt. Lebanon,"622 Washington Road, Pittsburgh",40.38202199999999,-80.044438,"bar,restaurant,food,point_of_interest,establishment",restaurant,OPERATIONAL,4.3,763.0
ChIJQbxmb6T3NIgRKsbw7N1kui4,Duke's Rib House & Grille,"1910 Cochran Road, Pittsburgh",40.3938593,-80.06338219999999,"bar,restaurant,food,point_of_interest,establishment",restaurant,OPERATIONAL,4.3,534.0
ChIJW_5FrHH3NIgRxRZ9yWwkDpU,Bistro 19,"711 Washington Road, Pittsburgh",40.38012849999999,-80.0445658,"restaurant,food,point_of_interest,establishment",restaurant,OPERATIONAL,4.6,511.0
ChIJnchNOgv3NIgRyGk9bJJwbQ4,Green Garden,"300 Beverly Road, Pittsburgh",40.3888342,-80.0498471,"meal_delivery,restaurant,food,point_of_interest,establishment",restaurant,OPERATIONAL,3.9,149.0
ChIJVxyAVnD3NIgRuCHu3kHXlTk,Sesame Inn Mt. Lebanon,"704 Washington Road, Pittsburgh",40.380122,-80.0450877,"restaurant,food,point_of_interest,establishment",restaurant,OPERATIONAL,4.4,644.0
ChIJQ3m6orz3NIgR9W_gVQfUVI8,Panera Bread,"1900 Greentree Road, Pittsburgh",40.39593199999999,-80.067397,"cafe,meal_takeaway,bakery,store,restaurant,food,point_of_interest,establishment","fast_food,restaurant",OPERATIONAL,3.9,639.0
ChIJ016oDqP3NIgR6w1VJ_xBaCA,Wendy's,"1660 Cochran Road, Pittsburgh",40.3927247,-80.06215209999999,"restaurant,food,point_of_interest,establishment",restaurant,OPERATIONAL,3.4,826.0
ChIJf1CTj3H3NIgR86NMpnF2DUY,Aladdin's Eatery Mt. Lebanon,"630 Washington Road, Pittsburgh",40.381902,-80.04446999999999,"restaurant,food,point_of_interest,establishment",restaurant,OPERATIONAL,4.5,690.0
ChIJ_XB8wb33NIgRgFNdn4fZDd8,Applebee's Grill + Bar,"The Bourse Shops, 2101 Greentree Road, Pittsburgh",40.3911477,-80.0692454,"restaurant,bar,food,point_of_interest,establishment",restaurant,OPERATIONAL,4.0,1217.0
ChIJV6hNE6P3NIgRFrhoje6vmYQ,Taco Bell,"1690 Cochran Road, Pittsburgh",40.3930648,-80.0628357,"restaurant,food,point_of_interest,establishment",restaurant,OPERATIONAL,3.2,1206.0
ChIJyV5OlnH3NIgR3W0Ct6YVgic,RVJ Enterprises LLC,"665 Washington Road # 2, Pittsburgh",40.3812885,-80.04395459999999,"restaurant,food,point_of_interest,establishment",restaurant,OPERATIONAL,,
ChIJC6lLNwv3NIgRiPbTK7S5PZg,Little Nippers Pizza,"303 Beverly Road, Pittsburgh",40.388584,-80.0496414,"meal_delivery,restaurant,food,point_of_interest,establishment",restaurant,OPERATIONAL,3.8,259.0
ChIJIZT2Ogv3NIgRMd0N9JTWs54,Iovino's Neighborhood Brasserie,"306 Beverly Road, Pittsburgh",40.3889011,-80.0498051,"restaurant,food,point_of_interest,establishment",restaurant,OPERATIONAL,4.6,338.0
ChIJOxEbO033NIgRUvyY6HxyFLY,Mel's Petit Café,"431 Cochran Road, Pittsburgh",40.3840898,-80.052641,"cafe,restaurant,food,store,point_of_interest,establishment",restaurant,OPERATIONAL,4.8,304.0
ChIJd2pPIST3NIgRV4X0-UiNgDo,Red Tea House,"1717 Cochran Road, Pittsburgh",40.3921254,-80.0668563,"restaurant,food,point_of_interest,establishment",restaurant,OPERATIONAL,4.4,454.0
ChIJByWRvrz3NIgRlPwQ1qLhABU,Rita's Italian Ice & Frozen Custard,"2070 Greentree Road, Pittsburgh",40.392275,-80.068857,"restaurant,food,store,point_of_interest,establishment",restaurant,CLOSED_TEMPORARILY,4.5,223.0
ChIJ97n6HM_3NIgRQziYAsY7GtY,Jersey Mike's Subs,"1598 Cochran Road, Pittsburgh",40.3913305,-80.05937569999999,"meal_takeaway,restaurant,food,store,point_of_interest,establishment","fast_food,restaurant",OPERATIONAL,4.2,110.0
ChIJA7eO1b33NIgR64d5g8pC-ww,Ra Sushi,"2100 Greentree Road, Pittsburgh",40.3921735,-80.0702415,"restaurant,food,point_of_interest,establishment",restaurant,OPERATIONAL,1.0,4.0
ChIJoTtSJdD3NIgRWfbH0jRynRI,Papa Johns Pizza,"1600 Cochran Road, Pittsburgh",40.3914552,-80.05912409999999,"restaurant,food,point_of_interest,establishment",restaurant,OPERATIONAL,4.0,7.0
ChIJZb3q94v3NIgRLh4RFzfOJFU,Roots Natural Kitchen,"1644 Cochran Road, Pittsburgh",40.3925098,-80.0615883,"restaurant,food,point_of_interest,establishment",restaurant,OPERATIONAL,4.7,160.0
ChIJzR791tD3NIgRLoCRA4f0c80,Bertrand Pittsburgh,"1910 Cochran Road, Pittsburgh",40.39407629999999,-80.0628045,"restaurant,food,point_of_interest,establishment",restaurant,CLOSED_TEMPORARILY,4.8,188.0
ChIJBWK7LbP3NIgRcAex3Q0a-BY,Wings Over Greentree,"1984 Greentree Road, Pittsburgh",40.3945951,-80.0670323,"restaurant,food,point_of_interest,establishment",restaurant,OPERATIONAL,,
ChIJSdcnx733NIgRsYDjzib-J4Y,F & F Restaurant and Bar - Mount Lebanon,"307 Beverly Road, Pittsburgh",40.3884875,-80.0496721,"restaurant,food,point_of_interest,establishment",restaurant,OPERATIONAL,4.2,114.0
ChIJ_9hezBv3NIgRg1lJkkoeOwM,Panaderia Jazmin,"300 Beverly Road Suite A, Pittsburgh",40.3889372,-80.049706,"bakery,restaurant,food,store,point_of_interest,establishment",restaurant,OPERATIONAL,4.9,388.0
ChIJK5JWBl33NIgRMLT76HpAg3M,Mediterra Cafe Mt. Lebanon,"292 Beverly Road, Pittsburgh",40.38906249999999,-80.0495435,"restaurant,food,point_of_interest,establishment",restaurant,OPERATIONAL,4.5,674.0
ChIJg3zfBCb3NIgR10pCNCRx4RA,Toastique,"700 Washington Road, Pittsburgh",40.3802168,-80.0450477,"restaurant,food,point_of_interest,establishment",restaurant,OPERATIONAL,4.4,80.0
ChIJHXLwqHH3NIgRADT_P5Im2UQ,Jade Grille,"670 Washington Road, Pittsburgh",40.3805957,-80.04484810000001,"restaurant,food,point_of_interest,establishment",restaurant,OPERATIONAL,4.3,737.0
ChIJK6WMrnH3NIgRcmA9gvZ5x0o,Totopo Cocina & Cantina,"660 Washington Road, Pittsburgh",40.38084999999999,-80.0446718,"restaurant,food,point_of_interest,establishment",restaurant,OPERATIONAL,4.6,2194.0
ChIJ0_k6ej33NIgR1ReIyHmtXOM,La Vera Brooklyn Pizzeria,"656 Washington Road, Pittsburgh",40.3810833,-80.04463009999999,"restaurant,food,point_of_interest,establishment",restaurant,OPERATIONAL,4.8,75.0
ChIJFSgkkHH3NIgRdHQhsW9w1Rc,Lebo Subs,"632 Washington Road, Mt. Lebanon",40.381822,-80.04433999999999,"meal_takeaway,restaurant,food,point_of_interest,establishment","fast_food,restaurant",OPERATIONAL,4.6,273.0
ChIJOWNeq8P3NIgR1uK1Ne82ZoI,PIYOLA,"663 Washington Road, Mt. Lebanon",40.38135159999999,-80.044169,"restaurant,food,point_of_interest,establishment",restaurant,OPERATIONAL,4.7,371.0
ChIJ3c0uuSH3NIgRKx9P6E8wNKI,"Simone's Breakfast, Brunch, Lunch","665 Washington Road, Pittsburgh",40.3813562,-80.0441445,"restaurant,food,point_of_interest,establishment",restaurant,OPERATIONAL,4.3,213.0
ChIJa-TulXH3NIgR8IvU7s9YRq0,Thai Touch Kitchen,"665 Washington Road, Mt. Lebanon",40.3813039,-80.0439306,"restaurant,food,point_of_interest,establishment",restaurant,OPERATIONAL,4.3,230.0
ChIJeVYJnf33NIgR4KCai5WpnfI,East End Brewing - Mt. Lebanon Taproom,"651 Washington Road, Pittsburgh",40.3818261,-80.0438716,"bar,restaurant,food,point_of_interest,establishment",restaurant,OPERATIONAL,4.6,48.0
ChIJP_apgKj3NIgR4Frj8svEpJ0,Laziz Lebanese Cuisine,"615 Washington Road, Mount Lebanon Township",40.3824016,-80.0437371,"restaurant,food,point_of_interest,establishment",restaurant,OPERATIONAL,4.9,170.0
ChIJjZ2eGAX3NIgRCakwmz_b8zk,Banksville Plaza,"Banksville Rd, Pittsburgh",40.3996228,-80.0438187,"shopping_mall,point_of_interest,establishment",food_bank,OPERATIONAL,4.3,769.0
ChIJ3yr1E1n3NIgR-FfG5q6CsY4,Mort's Fresh and Local,"1608 Cochran Rd, Scott Township",40.39148900000001,-80.0596771,"point_of_interest,establishment",farmers_market,OPERATIONAL,4.6,18.0
ChIJGQaf5ST3NIgRUNT38K9zPkc,bp,"2873 West Liberty Avenue, Pittsburgh",40.395529,-80.03317799999999,"gas_station,supermarket,grocery_or_supermarket,food,store,point_of_interest,establishment",grocery,OPERATIONAL,3.5,4.0
ChIJx-TTfGv3NIgRnlF8qopRcOU,bp,"1530 Potomac Avenue, Pittsburgh",40.397202,-80.0354883,"gas_station,supermarket,grocery_or_supermarket,food,store,point_of_interest,establishment","food_bank,grocery",OPERATIONAL,4.1,61.0
ChIJD1gFFg_3NIgRKRctCGi0ePc,Dollar General,"1695 McFarland Road, Pittsburgh",40.3963059,-80.0468123,"convenience_store,drugstore,grocery_or_supermarket,food,health,store,point_of_interest,establishment",convenience,OPERATIONAL,3.9,343.0
ChIJzznS2hP3NIgRGmiPQlebNcM,Sunoco,"3100 West Liberty Avenue, Pittsburgh",40.3915249,-80.03906239999999,"gas_station,convenience_store,food,store,point_of_interest,establishment",convenience,OPERATIONAL,2.9,22.0
ChIJzZNSM0b3NIgRntyXqPECCic,Sunoco,"601 McNeilly Road, Pittsburgh",40.3831041,-80.0208514,"gas_station,convenience_store,food,store,point_of_interest,establishment",convenience,OPERATIONAL,2.1,7.0
ChIJN3cowxb3NIgRq3Yasuugphs,CVS,"3075 West Liberty Avenue, Pittsburgh",40.3914397,-80.03838329999999,"drugstore,convenience_store,clothing_store,food,health,store,point_of_interest,establishment",convenience,OPERATIONAL,3.6,79.0
ChIJOZ6GDGL3NIgRDYsU2KTqgdY,Steel Vape and Mart,"2961 West Liberty Avenue, Pittsburgh",40.3938202,-80.0353622,"convenience_store,food,store,point_of_interest,establishment",convenience,OPERATIONAL,4.1,27.0
ChIJkyZLytf3NIgRaavrV73mmRM,Diamond Convenience Store,"2897 West Liberty Avenue, Pittsburgh",40.39481259999999,-80.0344235,"convenience_store,food,store,point_of_interest,establishment",convenience,OPERATIONAL,5.0,8.0
ChIJ27fUbRf3NIgRPYEtvsxNlmI,The Dor-Stop Restaurant,"1430 Potomac Avenue, Pittsburgh",40.395941,-80.034821,"restaurant,food,point_of_interest,establishment",restaurant,OPERATIONAL,4.5,1666.0
ChIJ60YcvQ73NIgRK6AeBZZ7f0k,1930 by Atria's,"110 Beverly Road, Mount Lebanon Township",40.3936872,-80.0466799,"restaurant,food,point_of_interest,establishment",restaurant,OPERATIONAL,4.2,873.0
ChIJP1mP6nL3NIgRC3tTNNFM_9c,Pamela's P & G Diner,"427 Washington Road, Pittsburgh",40.3860728,-80.0437669,"restaurant,food,point_of_interest,establishment",restaurant,OPERATIONAL,4.5,1054.0
ChIJr8RUWRH3NIgRxBdRRTsoMeQ,Giovanni's Pizza & Pasta,"3047 West Liberty Avenue, Pittsburgh",40.39213459999999,-80.0378176,"meal_delivery,store,restaurant,food,point_of_interest,establishment",restaurant,OPERATIONAL,3.9,409.0
ChIJVVVVVQn3NIgRT3nwUqQnoTk,Katana Pittsburgh,"3229 West Liberty Avenue, Pittsburgh",40.38990089999999,-80.0406617,"restaurant,food,point_of_interest,establishment",restaurant,OPERATIONAL,4.0,394.0
ChIJYQb12xb3NIgR0ReCvd6Y42c,Dunkin',"2961 West Liberty Avenue, Pittsburgh",40.39367329999999,-80.0354335,"meal_takeaway,bakery,cafe,store,restaurant,food,point_of_interest,establishment","fast_food,restaurant",OPERATIONAL,3.8,411.0
ChIJI9jvonH3NIgRRN5OZU8TS-I,Badamo’s Pizza - Dormont,"1509 Potomac Avenue, Pittsburgh",40.3965928,-80.035787,"meal_takeaway,restaurant,food,point_of_interest,establishment","fast_food,restaurant",OPERATIONAL,4.6,617.0
ChIJV6T4Og_3NIgReSpdgGte_bM,Dormont Diner & Pizzeria,"2885 West Liberty Avenue, Pittsburgh",40.395075,-80.03369699999999,"meal_delivery,store,restaurant,food,point_of_interest,establishment",restaurant,CLOSED_TEMPORARILY,4.1,193.0
ChIJFw8InBf3NIgRmeWFS5fq9Kc,Eat'n Park,"2874 West Liberty Avenue, Pittsburgh",40.3957842,-80.0335376,"meal_takeaway,restaurant,food,point_of_interest,establishment","fast_food,restaurant",OPERATIONAL,4.0,1348.0
ChIJzYuYyxP3NIgRPhube21er90,Jmo's,"3113 West Liberty Avenue, Pittsburgh",40.390903,-80.03926799999999,"night_club,bar,restaurant,food,point_of_interest,establishment",restaurant,OPERATIONAL,4.6,531.0
ChIJw6tEYBH3NIgRwUlmM6viwh4,Vocelli Pizza,"3060 West Liberty Avenue, Pittsburgh",40.3920493,-80.0383745,"meal_takeaway,meal_delivery,store,restaurant,food,point_of_interest,establishment","fast_food,restaurant",OPERATIONAL,3.5,130.0
ChIJ9_f4DRf3NIgRoBziSJnmhSE,Thai Spoon,"1409 Potomac Avenue, Pittsburgh",40.39516419999999,-80.03462259999999,"restaurant,food,point_of_interest,establishment",restaurant,OPERATIONAL,4.4,311.0
ChIJJzbv1v35NIgRpY7fYRGE0us,Hummus Pittsburgh,"3285 West Liberty Avenue, Pittsburgh",40.3890447,-80.0419876,"restaurant,food,point_of_interest,establishment",restaurant,OPERATIONAL,4.5,47.0
ChIJ8XMlkWv3NIgRq1BIaBPcJ7s,Dancing Crab Thai,"3271 West Liberty Avenue, Pittsburgh",40.389294,-80.0416704,"restaurant,food,point_of_interest,establishment",restaurant,OPERATIONAL,4.3,312.0
ChIJkw3exOX3NIgRiWiu-_cAOWI,McFarland's Bar,"1571 McFarland Road, Pittsburgh",40.3929999,-80.0459607,"bar,restaurant,food,point_of_interest,establishment",restaurant,OPERATIONAL,4.9,31.0
ChIJ2WvSV6z3NIgRaAy2SkK6bS4,South Hills Noodle Corner,"3024 West Liberty Avenue #1A, Pittsburgh",40.39282519999999,-80.0374126,"restaurant,food,point_of_interest,establishment",restaurant,OPERATIONAL,4.5,6.0
ChIJOzCDRRH3NIgRxhpNGfKiAJ8,My Thai,"3024 West Liberty Avenue, Pittsburgh",40.3928491,-80.0374484,"bar,restaurant,food,point_of_interest,establishment",restaurant,OPERATIONAL,4.6,711.0
ChIJYRzUZHL3NIgR7gPA3I7dPSo,Btos kitchen tacos cerveza y tequila,"3001 West Liberty Avenue, Pittsburgh",40.392898,-80.0368503,"restaurant,food,point_of_interest,establishment",restaurant,OPERATIONAL,4.3,292.0
ChIJn86tCBf3NIgRsi9R_Mee-mU,Apple Inn,"2895 West Liberty Avenue #1, Pittsburgh",40.3948305,-80.0342259,"bar,meal_takeaway,restaurant,food,point_of_interest,establishment","fast_food,restaurant",OPERATIONAL,4.3,216.0
ChIJze_vgTT3NIgRWrp1jmGoO1w,Bambino's Pizzeria,"2928 West Liberty Avenue, Pittsburgh",40.3946155,-80.03523,"meal_takeaway,meal_delivery,restaurant,food,point_of_interest,establishment","fast_food,restaurant",OPERATIONAL,4.1,160.0
ChIJm4toDKT3NIgRUE-VqjMRAaI,Knossos Gyros,"1439 Potomac Avenue, Pittsburgh",40.3959663,-80.0351023,"meal_takeaway,restaurant,food,point_of_interest,establishment","fast_food,restaurant",OPERATIONAL,4.6,151.0
ChIJjdFrAxr0NIgR6owNqPVTWS8,Society of St. Vincent de Paul Council of Pittsburgh,"3048 Pioneer Ave, Pittsburgh",40.3952743,-80.0299857,"point_of_interest,establishment",food_bank,OPERATIONAL,4.3,30.0
ChIJnSTzmzr3NIgRC3_l1UpDij0,Salvation Army Pittsburgh,"1060 McNeilly Rd, Pittsburgh",40.3892104,-80.026051,"point_of_interest,establishment",food_bank,OPERATIONAL,4.2,22.0
ChIJ9X4UwTr3NIgRvcIUkP2SQ6Q,Las Palmas Pittsburgh #1,"700 Brookline Boulevard, Pittsburgh",40.3946018,-80.02171849999999,"supermarket,grocery_or_supermarket,store,restaurant,food,point_of_interest,establishment","grocery,restaurant",OPERATIONAL,4.5,1539.0
ChIJIxkOk0n3NIgRM0lIRtIBwKA,ALDI,"3089 Sussex Avenue, Pittsburgh",40.38373139999999,-80.0142647,"supermarket,grocery_or_supermarket,store,food,point_of_interest,establishment",grocery,OPERATIONAL,4.5,1372.0
ChIJxcsvlUn3NIgRHgtq9UzjsSo,Dollar General,"3060 Sussex Avenue, Pittsburgh",40.38396669999999,-80.01603779999999,"convenience_store,drugstore,grocery_or_supermarket,health,store,food,point_of_interest,establishment",convenience,OPERATIONAL,4.0,491.0
ChIJgRw3zCT3NIgRreXJwiX5veA,CVS,"510 Brookline Boulevard, Pittsburgh",40.395677,-80.023608,"drugstore,convenience_store,clothing_store,health,store,food,point_of_interest,establishment",convenience,OPERATIONAL,3.1,92.0
ChIJXcwv1ST3NIgRxmxkSa2ScgE,Sunoco,"533 Brookline Boulevard, Pittsburgh",40.39584449999999,-80.0225086,"gas_station,convenience_store,store,food,point_of_interest,establishment",convenience,OPERATIONAL,2.5,25.0
ChIJGUVGcDH3NIgR49q1LDK9GXQ,7-Eleven,"1101 Brookline Boulevard, Pittsburgh",40.3923574,-80.0149551,"convenience_store,cafe,liquor_store,store,restaurant,food,point_of_interest,establishment","convenience,restaurant",OPERATIONAL,3.0,44.0
ChIJfYIj_TD3NIgRVaWPRLf2rZE,Brookline Mini Mart,"1001 Brookline Boulevard, Pittsburgh",40.3922864,-80.01729010000001,"convenience_store,store,food,point_of_interest,establishment",convenience,OPERATIONAL,1.0,3.0
ChIJzc756Er3NIgRsOAN_aimLE8,Subway,"517 McNeilly Road, Pittsburgh",40.3829949,-80.0174083,"meal_takeaway,restaurant,food,point_of_interest,establishment","fast_food,restaurant",OPERATIONAL,3.9,201.0
ChIJgwGoTkr3NIgRieT0XxmhOdg,Amel's Restaurant,"435 McNeilly Road, Pittsburgh",40.3830049,-80.0155667,"bar,restaurant,food,point_of_interest,establishment",restaurant,OPERATIONAL,4.5,1113.0
ChIJ372m50n3NIgRuWmkHtmdL3E,The Getaway Bar & Grill,"3049 Sussex Avenue, Pittsburgh",40.38448329999999,-80.0157699,"bar,restaurant,food,point_of_interest,establishment",restaurant,OPERATIONAL,4.3,525.0
ChIJS5rmxDr3NIgRUf_lWo0F_AU,Pitaland,"620 Brookline Boulevard, Pittsburgh",40.3948565,-80.0221186,"bakery,cafe,store,restaurant,food,point_of_interest,establishment",restaurant,OPERATIONAL,4.7,1660.0
ChIJXcnyhUn3NIgR5N2BoZdj1Ec,Rita's Italian Ice & Frozen Custard,"427 McNeilly Road, Pittsburgh",40.38311969999999,-80.01471620000001,"store,restaurant,food,point_of_interest,establishment",restaurant,CLOSED_TEMPORARILY,4.5,117.0
ChIJLQOoTkr3NIgRPN9iAkXJcEM,Bellisario's Pizza Palace,"437 McNeilly Road, Pittsburgh",40.38301299999999,-80.0153589,"meal_delivery,restaurant,food,point_of_interest,establishment",restaurant,OPERATIONAL,4.5,198.0
ChIJn-G15zD3NIgRr6pChHoTvvg,Tong Garden,"956 Brookline Boulevard, Pittsburgh",40.3918357,-80.0176506,"restaurant,food,point_of_interest,establishment",restaurant,OPERATIONAL,4.1,137.0
ChIJv_rbhDr3NIgRUBkvX7v9iiY,Antonio's Pizzeria,"758 Brookline Boulevard, Pittsburgh",40.3936385,-80.0201379,"restaurant,food,point_of_interest,establishment",restaurant,OPERATIONAL,4.5,405.0
ChIJD-2ViDD3NIgRYov1UwTv3rg,Fox's Pizza Den of Brookline,"902 Brookline Boulevard, Pittsburgh",40.392821,-80.019119,"restaurant,meal_delivery,meal_takeaway,food,point_of_interest,establishment","fast_food,restaurant",OPERATIONAL,4.5,254.0
ChIJM0mc_tX3NIgRt5RrS_GeFIY,The Kickstand Sandwich Shop,"936 Brookline Boulevard, Pittsburgh",40.3922271,-80.01818159999999,"restaurant,food,point_of_interest,establishment",restaurant,OPERATIONAL,4.6,195.0
ChIJl-jQYZv3NIgRfK0mkwXgP34,Pepitos Place,"919 Brookline Boulevard, Pittsburgh",40.39287189999999,-80.018362,"restaurant,food,point_of_interest,establishment",restaurant,OPERATIONAL,4.9,145.0
ChIJofC1eTD3NIgRdfPYN3H9CxI,Insomnia Bar & Restaurante Mexicano,"810 Brookline Boulevard, Pittsburgh",40.3933869,-80.0197731,"restaurant,food,point_of_interest,establishment",restaurant,OPERATIONAL,3.7,262.0
ChIJBbyBxiX3NIgRttHs_8C7gbA,PROOF SPORTS BAR,"734 Brookline Boulevard, Pittsburgh",40.39397599999999,-80.020731,"bar,restaurant,food,point_of_interest,establishment",restaurant,OPERATIONAL,4.2,261.0
ChIJt1-O1Tr3NIgRuWJRAaD-mmc,Moonlite Cafe,"530 Brookline Boulevard, Pittsburgh",40.3955514,-80.02280499999999,"restaurant,food,point_of_interest,establishment",restaurant,OPERATIONAL,4.6,571.0
ChIJaVsUNbj3NIgRM5QaZbKjCEk,Gusto's Pizza & Salad,"618 Brookline Boulevard, Pittsburgh",40.394997,-80.02213619999999,"restaurant,food,point_of_interest,establishment",restaurant,OPERATIONAL,4.8,113.0
ChIJ90iHN-D3NIgRSyKeH3bo_Ic,Aunt Di’s Cafe,"536 Brookline Boulevard, Pittsburgh",40.3954238,-80.0226468,"restaurant,food,point_of_interest,establishment",restaurant,OPERATIONAL,4.6,21.0
ChIJ_1b4IbjwNIgRjYRAhKZ1wTY,J B's Pizza Place,"2513 Transport Street, Pittsburgh",40.3822832,-79.99728759999999,"meal_delivery,restaurant,food,point_of_interest,establishment",restaurant,OPERATIONAL,4.7,66.0
ChIJrRaJeNDwNIgR77XGOLA5OJk,Amoco,"1709 Saw Mill Run Boulevard, Pittsburgh",40.39584,-79.99781,"gas_station,supermarket,grocery_or_supermarket,store,food,point_of_interest,establishment",grocery,OPERATIONAL,4.1,57.0
ChIJI5Ojgd3wNIgRsmEiiiQGHFM,bp,"1927 Brownsville Road, Pittsburgh",40.39545,-79.986936,"gas_station,supermarket,grocery_or_supermarket,store,food,point_of_interest,establishment",grocery,OPERATIONAL,3.3,23.0
ChIJryjIG-3wNIgRYxgP4FzDBcY,Carrick Express,"2800 Brownsville Road, Pittsburgh",40.3834838,-79.97751149999999,"convenience_store,gas_station,store,food,point_of_interest,establishment",convenience,OPERATIONAL,3.1,14.0
ChIJL4i0i9DwNIgRxyNg4Z1inRA,Sunoco,"1640 Saw Mill Run Boulevard, Pittsburgh",40.3964031,-79.9986249,"gas_station,car_wash,convenience_store,store,food,point_of_interest,establishment",convenience,OPERATIONAL,4.1,24.0
ChIJaS8IN_LwNIgRNCqizeIIkc8,Sunoco,"2929 Churchview Avenue, Pittsburgh",40.38528949999999,-79.97299319999999,"gas_station,convenience_store,store,food,point_of_interest,establishment",convenience,OPERATIONAL,4.5,42.0
ChIJoZrzhzfxNIgRiCA-stUWpxI,Dollar General,"2417 Brownsville Road, Pittsburgh",40.387076,-79.9823021,"drugstore,convenience_store,grocery_or_supermarket,health,store,food,point_of_interest,establishment",convenience,OPERATIONAL,3.9,120.0
ChIJxZ_oeNDwNIgRw0AsQy1tcq0,Coen Markets,"1709 Saw Mill Run Boulevard, Pittsburgh",40.3959265,-79.9973085,"convenience_store,gas_station,cafe,meal_takeaway,store,restaurant,food,point_of_interest,establishment","convenience,fast_food,restaurant",OPERATIONAL,3.6,48.0
ChIJvTF3qU3xNIgRu9qgh03LAjw,VAPING PITTSBURGH,"2714 Brownsville Road, Pittsburgh",40.38396629999999,-79.97762999999999,"convenience_store,store,food,point_of_interest,establishment",convenience,OPERATIONAL,4.8,98.0
ChIJJzs1ZgDxNIgRr_b6IBrdL6g,AL SHATEI HALAL,"2623 Brownsville Road, Pittsburgh",40.38527179999999,-79.9781708,"convenience_store,store,food,point_of_interest,establishment",convenience,OPERATIONAL,,
ChIJ1bEdT-zwNIgRStDdQgac0zA,Hanini Market And Subs (Carrick),"2625 Brownsville Road, Pittsburgh",40.3851324,-79.9780547,"convenience_store,store,food,point_of_interest,establishment",convenience,OPERATIONAL,3.6,57.0
ChIJEfkoeN3wNIgRNaBAvB7ClwY,Uni-Mart,"1926 Brownsville Road, Pittsburgh",40.3950665,-79.98714989999999,"convenience_store,store,food,point_of_interest,establishment",convenience,OPERATIONAL,3.6,20.0
ChIJPX3HpsLwNIgR0637x-FkCIE,Subway,"2150 Brownsville Road Suite 124, Pittsburgh",40.3917817,-79.9872929,"meal_takeaway,restaurant,food,point_of_interest,establishment","fast_food,restaurant",OPERATIONAL,3.4,108.0
ChIJ2U_hO-3wNIgRkJ7de0Oawu4,Burger King,"2900 Brownsville Road, Pittsburgh",40.3823556,-79.9769738,"restaurant,food,point_of_interest,establishment",restaurant,OPERATIONAL,3.8,1381.0
ChIJvXzHpsLwNIgR2sPrq8hj4bs,Wing Street,"2158 Brownsville Road, Pittsburgh",40.39207469999999,-79.98713250000002,"meal_takeaway,restaurant,food,point_of_interest,establishment","fast_food,restaurant",OPERATIONAL,3.0,4.0
ChIJU4NaBu3wNIgRN6bSnqRcqV4,Italian Village Pizza Brentwood,"2713 Brownsville Road, Pittsburgh",40.38414069999999,-79.977414,"restaurant,food,point_of_interest,establishment",restaurant,OPERATIONAL,3.6,359.0
ChIJCz7VosLwNIgR6yR29gCbB5Q,Pizza Hut,"2158 Brownsville Road, Pittsburgh",40.39208639999999,-79.9873003,"meal_takeaway,meal_delivery,restaurant,food,point_of_interest,establishment","fast_food,restaurant",OPERATIONAL,3.4,279.0
ChIJPX3HpsLwNIgR7_u605fuHUY,Hunan Wok,"2150 Brownsville Road, Pittsburgh",40.39166790000001,-79.9871309,"restaurant,food,point_of_interest,establishment",restaurant,OPERATIONAL,3.9,128.0
ChIJhxspC8bwNIgROEnnc8MsGvs,Frank & Shirley's Restaurant,"2209 Saw Mill Run Boulevard, Pittsburgh",40.38864229999999,-79.9966403,"restaurant,food,point_of_interest,establishment",restaurant,OPERATIONAL,4.5,1100.0
ChIJpT6DzA7xNIgRtDjvwqDl8_s,Ash & Kris Pizza,"2080 Saw Mill Run Boulevard, Pittsburgh",40.3922662,-79.9974496,"restaurant,food,point_of_interest,establishment",restaurant,OPERATIONAL,5.0,2.0
ChIJlWy8xMLwNIgR-kEmfZbhgnI,Dunkin',"2150 Brownsville Road, Pittsburgh",40.3915098,-79.9872516,"cafe,meal_takeaway,bakery,store,restaurant,food,point_of_interest,establishment","fast_food,restaurant",OPERATIONAL,3.9,381.0
ChIJ5RVjSOTxNIgRGsNc6e-kBek,Infinity Bar and Hookah Lounge,"2612 Brownsville Road, Pittsburgh",40.3849757,-79.9787333,"bar,restaurant,food,point_of_interest,establishment",restaurant,OPERATIONAL,5.0,12.0
ChIJZ3x_rLbxNIgRIakOxKTjaZY,El Rincón Oaxaqueño,"2614 Brownsville Road, Pittsburgh",40.385072,-79.97851070000002,"restaurant,food,point_of_interest,establishment",restaurant,OPERATIONAL,4.8,153.0
ChIJI47gZbzxNIgRO1L4Ym_LdDY,Carrick Bar & Grill,"2122 Brownsville Road, Pittsburgh",40.3924616,-79.987218,"bar,restaurant,food,point_of_interest,establishment",restaurant,OPERATIONAL,3.9,25.0
ChIJTRWwSezwNIgRrZWUDHVWdUU,The Breakfast Spot,"2605 Brownsville Road, Pittsburgh",40.3856117,-79.9784562,"restaurant,food,point_of_interest,establishment",restaurant,OPERATIONAL,4.4,646.0
ChIJa7I_DDfxNIgRsDLELx8fGuU,Fish & Chicken Boss,"1926 Brownsville Road, Pittsburgh",40.3950665,-79.98714989999999,"restaurant,food,point_of_interest,establishment",restaurant,OPERATIONAL,4.6,69.0
ChIJ-TBznsTxNIgRtsE6jGUr_ew,Coco Wawa Hot Chicken,"1914 Brownsville Road, Pittsburgh",40.3955676,-79.9872127,"meal_takeaway,restaurant,food,point_of_interest,establishment","fast_food,restaurant",OPERATIONAL,4.5,112.0
ChIJMfnFOb_xNIgR1R15VEjTse4,Stewart Avenue Food Pantry,"2810 Brownsville Rd, Pittsburgh",40.3830223,-79.97733699999999,"food,point_of_interest,establishment",food_bank,OPERATIONAL,4.6,5.0
ChIJmWqnUd7wNIgRT3zsnAiw-pg,Carrick Historic Dairy District Pavilion,"1529 Brownsville Rd, Pittsburgh",40.39972789999999,-79.98895089999999,"point_of_interest,establishment","farmers_market,food_bank",OPERATIONAL,4.4,53.0
ChIJjy1JGO3wNIgRLdgrEWtuu5U,Stewart Avenue Lutheran Church,"2810 Brownsville Rd, Pittsburgh",40.3830999,-79.9772102,"church,place_of_worship,point_of_interest,establishment",food_bank,OPERATIONAL,4.2,15.0
ChIJu6s84d3wNIgR8aOa__UIzjU,"Blessed Trinity Parish, St. Basil Roman Catholic Church","1735 Brownsville Rd, Pittsburgh",40.3975577,-79.9879722,"church,place_of_worship,point_of_interest,establishment",food_bank,OPERATIONAL,4.7,39.0
ChIJVy403ffwNIgRYHq3m6rzn4A,Dollar General,"93 Joseph Street, Pittsburgh",40.3894424,-79.9646515,"drugstore,convenience_store,grocery_or_supermarket,health,store,food,point_of_interest,establishment",convenience,OPERATIONAL,4.2,355.0
ChIJQbZfOcHRNIgRMey6p9yH9jo,Rita's Italian Ice & Frozen Custard,"2872 Custer Avenue, Pittsburgh",40.3941628,-79.970458,"store,restaurant,food,point_of_interest,establishment",restaurant,CLOSED_TEMPORARILY,4.4,120.0
ChIJk_L8JfTwNIgR_4SnYZdk5Os,The Pizza Company,"3050 Churchview Avenue, Pittsburgh",40.3855692,-79.9676685,"restaurant,food,point_of_interest,establishment",restaurant,OPERATIONAL,3.8,120.0
ChIJR4Fv4_rwNIgRrU1Lzh9q9vM,Sunseri Pizza,"2805 Custer Avenue, Pittsburgh",40.3936875,-79.9734774,"meal_delivery,restaurant,food,point_of_interest,establishment",restaurant,OPERATIONAL,4.4,351.0
ChIJXVh0nfbwNIgRl86uf04Ukhs,Backdraft Bar and Grill,"3049 Churchview Avenue, Pittsburgh",40.38611890000001,-79.9677768,"bar,restaurant,food,point_of_interest,establishment",restaurant,OPERATIONAL,4.3,545.0
ChIJZwiwNdDvNIgRw7BDME6gZPg,Stop N Go Express Mart,"3439 West Run Road, Homestead",40.3882868,-79.90927549999999,"convenience_store,store,food,point_of_interest,establishment",convenience,OPERATIONAL,5.0,1.0
ChIJd1YJ7FHvNIgRa_8w7VKpv1A,Munhall mini mart,"3402 Main Street, Munhall",40.3865055,-79.9030683,"convenience_store,store,food,point_of_interest,establishment",convenience,OPERATIONAL,2.0,11.0
ChIJ51kUdpDvNIgRUrCW4QaSaXg,Main street market,"3417 Main Street, Munhall",40.3858791,-79.9027096,"convenience_store,store,food,point_of_interest,establishment",convenience,OPERATIONAL,4.4,22.0
ChIJvRQmWs_vNIgRi05EnAgf32Q,The Pizza Company,"3502 Main Street, Munhall",40.3857177,-79.90329559999999,"meal_delivery,restaurant,food,point_of_interest,establishment",restaurant,OPERATIONAL,4.3,266.0
ChIJkfmBNs_vNIgRHnC0y_t6K0k,Dragon Chinese Cuisine,"3360 Main Street, Munhall",40.386751,-79.9029693,"restaurant,food,point_of_interest,establishment",restaurant,OPERATIONAL,4.3,192.0
ChIJe7_hrevvNIgRrrlWKc7-3tw,Domino's Pizza,"Field Club Commons, 3415 West Run Road, 19 West Homestead, Munhall",40.3883388,-79.9088855,"meal_takeaway,meal_delivery,restaurant,food,point_of_interest,establishment","fast_food,restaurant",OPERATIONAL,3.6,113.0
ChIJ5fuMscXvNIgRMyQ7GI3F33U,Pizza King,"3814 Main Street, Munhall",40.38331960000001,-79.9045115,"meal_delivery,restaurant,food,point_of_interest,establishment",restaurant,OPERATIONAL,4.4,161.0
ChIJR3QtFSrvNIgRidSh82MVwoc,Fox's Diner Munhall,"3716 Main Street, Munhall",40.3839202,-79.90419120000001,"restaurant,food,point_of_interest,establishment",restaurant,OPERATIONAL,4.5,364.0
ChIJTSIEbwDxNIgRnscCPWpRLbI,Sandcastle Bridge Bar and Grill,"1 Sandcastle Drive, West Homestead",40.3966877,-79.9296979,"restaurant,food,point_of_interest,establishment",restaurant,OPERATIONAL,5.0,1.0
ChIJJUWcot3vNIgR3RJs-mgehRI,What the Pho & Boba Tea Bar,"3410 Main Street, Munhall",40.3862116,-79.9030927,"meal_takeaway,restaurant,food,point_of_interest,establishment","fast_food,restaurant",OPERATIONAL,4.3,52.0
ChIJj2qF_s3vNIgRtMnb-5E1wAg,Big Shot Bobs House of Wings-Munhall,"3360 Main Street Suite 200, Homestead",40.3868616,-79.90292459999999,"restaurant,food,point_of_interest,establishment",restaurant,OPERATIONAL,4.0,143.0
ChIJu1ve17TvNIgRUoUTPZMCApk,Sunoco,"2907 Homestead Duquesne Road, Munhall",40.391327,-79.893891,"gas_station,convenience_store,store,food,point_of_interest,establishment",convenience,OPERATIONAL,4.2,14.0
ChIJc5JeQlPvNIgRW9-qQl0pXZM,Super One,"4432 Greensprings Avenue, West Mifflin",40.3858565,-79.88044819999999,"convenience_store,store,food,point_of_interest,establishment",convenience,OPERATIONAL,4.4,11.0
ChIJZ_HIdvXvNIgRRFGf7YnsIP4,On The Fly,"103 East 22nd Avenue, Munhall",40.39757590000001,-79.90268619999999,"convenience_store,store,food,point_of_interest,establishment",convenience,OPERATIONAL,1.0,2.0
ChIJD8sgfDPuNIgR_ZrZNa-SXJ8,On The Fly,"103 East 22nd Avenue, Munhall",40.3976601,-79.902796,"gas_station,convenience_store,store,food,point_of_interest,establishment",convenience,OPERATIONAL,3.3,8.0
ChIJS4HAcK3vNIgRap_J0wbEb8E,Homeville Trolley Stop,"3704 Greensprings Avenue, West Mifflin",40.3917619,-79.8849411,"restaurant,food,point_of_interest,establishment",restaurant,OPERATIONAL,4.3,183.0
ChIJqePhhzTuNIgRv-Yfhvz3fPI,Subway,"119-120 East 22nd Avenue, Munhall",40.3981058,-79.9017324,"meal_takeaway,restaurant,food,point_of_interest,establishment","fast_food,restaurant",OPERATIONAL,3.7,225.0
ChIJt6ad_wXvNIgRZda7Xv8M5jk,Giant Eagle Supermarket,"1356 Hoffman Boulevard, West Mifflin",40.3843975,-79.8683695,"grocery_or_supermarket,supermarket,store,food,point_of_interest,establishment",grocery,OPERATIONAL,4.1,992.0
ChIJZ1kqdgjvNIgRnX7JdrK9K7E,Dollar General,"351 Hoffman Boulevard, Duquesne",40.3833247,-79.86470539999999,"convenience_store,drugstore,grocery_or_supermarket,health,store,food,point_of_interest,establishment",convenience,OPERATIONAL,3.8,342.0
ChIJDTWM-QXvNIgRDyYiekgIx1w,GetGo Gas Station,"1200 Hoffman Boulevard, West Mifflin",40.3827252,-79.8682191,"gas_station,convenience_store,cafe,store,food,point_of_interest,establishment",convenience,OPERATIONAL,3.3,15.0
ChIJSeB9NkzvNIgRTL5zrnLLaJ0,Speedway,"4315 Kennywood Boulevard, West Mifflin",40.3906925,-79.86857719999999,"gas_station,convenience_store,store,food,point_of_interest,establishment",convenience,OPERATIONAL,3.3,87.0
ChIJ3yrO7RnvNIgR3LOjk3fwY8c,Sunoco,"825 Duquesne Boulevard, Duquesne",40.3826833,-79.8574589,"gas_station,convenience_store,store,food,point_of_interest,establishment",convenience,OPERATIONAL,3.8,78.0
ChIJw_531QfvNIgRWYoh1D2dhNc,Subway,"1325 Hoffman Boulevard, West Mifflin",40.3838283,-79.868759,"meal_takeaway,restaurant,food,point_of_interest,establishment","fast_food,restaurant",OPERATIONAL,4.0,110.0
ChIJm3ChEwPvNIgR2vxk5DQkaGA,Potato Patch,"4800 Kennywood Boulevard, West Mifflin",40.38852560000001,-79.8651338,"restaurant,food,point_of_interest,establishment",restaurant,OPERATIONAL,4.4,447.0
ChIJ2QBpS6bvNIgRG-hIadm_nDA,Pittzarella,"4935 Homeville Road, West Mifflin",40.3816055,-79.8770024,"meal_delivery,restaurant,food,point_of_interest,establishment",restaurant,OPERATIONAL,4.0,225.0
ChIJo9DnFQXvNIgRnT7hk0Uq3Ak,Papa Johns Pizza,"351 Hoffman Boulevard UNIT 3, Duquesne",40.3832687,-79.8644374,"restaurant,food,point_of_interest,establishment",restaurant,OPERATIONAL,3.7,303.0
ChIJv511KxvvNIgRyWnXsm-tXdc,McDonald's,"101 Hoffman Boulevard, Duquesne",40.3842109,-79.8632582,"cafe,store,restaurant,food,point_of_interest,establishment",restaurant,OPERATIONAL,2.6,1803.0
ChIJFf-S2gPvNIgReL-GtOdJ96U,Latina Pizza,"4426 Kennywood Boulevard, West Mifflin",40.3892497,-79.8681711,"restaurant,food,point_of_interest,establishment",restaurant,OPERATIONAL,4.7,183.0
ChIJc1Bz_wXvNIgRPOoI3p0gwS8,Asian House,"1300 Hoffman Boulevard, West Mifflin",40.3837661,-79.8671095,"restaurant,food,point_of_interest,establishment",restaurant,OPERATIONAL,4.1,288.0
ChIJhw2e05nvNIgR4nu8o7TJNLo,Taco Bell,"301 Hoffman Boulevard, Duquesne",40.3837199,-79.8642323,"meal_takeaway,restaurant,food,point_of_interest,establishment","fast_food,restaurant",OPERATIONAL,3.5,703.0
ChIJb1d4M8HvNIgRbhbWh9-aQWo,Popeyes Louisiana Kitchen,"201 Hoffman Boulevard, Duquesne",40.3840741,-79.86374909999999,"restaurant,food,point_of_interest,establishment",restaurant,OPERATIONAL,3.5,667.0
ChIJC_DHe6XvNIgRNNXE9w-kp4k,Small Fry's,"4800 Kennywood Boulevard, West Mifflin",40.38824959999999,-79.86648579999999,"restaurant,food,point_of_interest,establishment",restaurant,OPERATIONAL,2.3,3.0
ChIJzQr0OgPvNIgR88VsxErGOlY,Pedros Refreshments,"4800 Kennywood Boulevard, West Mifflin",40.3889514,-79.8664612,"restaurant,food,point_of_interest,establishment",restaurant,OPERATIONAL,5.0,4.0
ChIJSdASQgPvNIgRBqVA4bnvd80,Parkside Cafe,"4800 Kennywood Boulevard, West Mifflin",40.387914,-79.86463119999999,"restaurant,food,point_of_interest,establishment",restaurant,OPERATIONAL,3.7,44.0
ChIJ5aPc0WzvNIgRoTJP3wi8clQ,Midway Refreshments,"4800 Kennywood Boulevard, West Mifflin",40.3870577,-79.8635187,"restaurant,food,point_of_interest,establishment",restaurant,OPERATIONAL,5.0,1.0
ChIJf8OnzkbvNIgRlsilmi9A_Fc,Speedy Cafe,"4315 Kennywood Boulevard, West Mifflin",40.3907366,-79.8684899,"restaurant,food,point_of_interest,establishment",restaurant,OPERATIONAL,4.0,4.0
ChIJQwElcOrvNIgRFs1VEt2XhZQ,Pizza Warehouse,"4800 Kennywood Boulevard, West Mifflin",40.38809689999999,-79.86321629999999,"restaurant,food,point_of_interest,establishment",restaurant,OPERATIONAL,2.7,11.0
ChIJR7R1URrvNIgRuWORUj9VbS8,Al's Fish & Chicken,"1021 Duquesne Boulevard, Duquesne",40.38369429999999,-79.8599665,"restaurant,food,point_of_interest,establishment",restaurant,OPERATIONAL,4.3,466.0
ChIJEzxhUgDvNIgRG2KIGeGN-ao,Star Refreshments,West Mifflin,40.3877467,-79.8623788,"restaurant,food,point_of_interest,establishment",restaurant,OPERATIONAL,3.0,2.0
ChIJ5-5BVUDvNIgRlWEQM0uxN88,End Zone Cafe,"4800 Kennywood Boulevard, West Mifflin",40.3877927,-79.8617314,"restaurant,food,point_of_interest,establishment",restaurant,OPERATIONAL,1.6,9.0
ChIJAYqdJRrvNIgRV-DUn7FPhk4,Luealla' S Kitchen,United States,40.3832723,-79.8581908,"restaurant,food,point_of_interest,establishment",restaurant,OPERATIONAL,,
ChIJK0eZIxHvNIgRg9H_AG1yKHc,Kennywood Shops,"Unnamed Road, West Mifflin",40.3835516,-79.86800989999999,"shopping_mall,point_of_interest,establishment",food_bank,OPERATIONAL,4.1,739.0
ChIJndIzAtruNIgRgmf5ETekcHU,Aicha's Convenience Store & More,"507 Bessemer Avenue, East Pittsburgh",40.395213,-79.8412585,"convenience_store,food,store,point_of_interest,establishment",convenience,OPERATIONAL,2.0,2.0
ChIJ-efEyg3vNIgRBVdi7oCoXSg,Eco Mart llc,"507 Bessemer Avenue, East Pittsburgh",40.3953003,-79.841274,"convenience_store,food,store,point_of_interest,establishment",convenience,OPERATIONAL,,
ChIJO8V0fwDvNIgRXbSX050lyWI,Halal African & American Restaurant,"505 Bessemer Avenue, East Pittsburgh",40.39522960000001,-79.841365,"restaurant,food,point_of_interest,establishment",restaurant,OPERATIONAL,4.4,40.0
ChIJNXPxsNboNIgRR5IZpVwrO0Q,Shell,"505 Lincoln Highway, North Versailles Township",40.3842861,-79.82434860000001,"gas_station,convenience_store,store,food,point_of_interest,establishment",convenience,OPERATIONAL,3.1,27.0
ChIJfzejadzoNIgRZjcQL9cUzM4,GetGo Café + Market,"436 Lincoln Highway, East McKeesport",40.38065059999999,-79.81157759999999,"gas_station,convenience_store,cafe,store,food,point_of_interest,establishment",convenience,OPERATIONAL,2.7,93.0
ChIJUT5BP5bpNIgRiKRWh__lHRA,Crissy news,"355 Lincoln Highway # 17, North Versailles Township",40.38479450000001,-79.8205974,"convenience_store,store,food,point_of_interest,establishment",convenience,OPERATIONAL,5.0,3.0
ChIJz18H3dXoNIgRcUbiDA1Rr3k,Walmart Fuel & Convenience,"100 Walmart Drive, North Versailles Township",40.3871718,-79.8225278,"gas_station,convenience_store,atm,finance,store,food,point_of_interest,establishment",convenience,OPERATIONAL,4.1,49.0
ChIJZbqybQDpNIgRG-mqdokgE2o,Walmart Express,"107 Walmart Drive, North Versailles Township",40.38717339999999,-79.8225279,"convenience_store,store,food,point_of_interest,establishment",convenience,OPERATIONAL,,
ChIJq6XcRS_pNIgRbzfSwV55S_A,Puff Discount Tobacco,"1722 Greensburg Avenue, North Versailles Township",40.3867249,-79.8212965,"convenience_store,store,food,point_of_interest,establishment",convenience,OPERATIONAL,4.3,24.0
ChIJm999_zfpNIgR97QbOKFa8us,Guaman Mini Market,"1145 5th Avenue, East McKeesport",40.3815088,-79.81134949999999,"convenience_store,store,food,point_of_interest,establishment",convenience,OPERATIONAL,5.0,6.0
ChIJ4QcRpLnvNIgR2sZ51yj1QTM,Uncle Sherry's,"549 Bessemer Avenue, East Pittsburgh",40.3952061,-79.8394126,"convenience_store,store,food,point_of_interest,establishment",convenience,OPERATIONAL,,
ChIJDU7dc3jvNIgRQWeJ5KYRusc,Sherry’s Family Market,"549 Bessemer Avenue, East Pittsburgh",40.3952061,-79.8394126,"convenience_store,store,food,point_of_interest,establishment",convenience,OPERATIONAL,4.4,21.0
ChIJyRUkdtboNIgRMT1nMQQhL3I,Subway,"100 Walmart Drive, North Versailles Township",40.38742610000001,-79.8246583,"meal_takeaway,restaurant,food,point_of_interest,establishment","fast_food,restaurant",OPERATIONAL,2.4,35.0
ChIJ5TRnRS_pNIgRz_MnIC0Pfys,Subway,"1750 Greensburg Pike, North Versailles Township",40.3874558,-79.8216971,"meal_takeaway,restaurant,food,point_of_interest,establishment","fast_food,restaurant",OPERATIONAL,3.6,74.0
ChIJyRUkdtboNIgRwNzvzVJEsdo,We're Rolling Pretzel Co,"100 Walmart Drive, North Versailles Township",40.3872652,-79.824868,"restaurant,food,point_of_interest,establishment",restaurant,OPERATIONAL,3.8,16.0
ChIJ8TqwGNToNIgRt_TwvD0G2NY,Eat'n Park,"299 Lincoln Highway, North Versailles Township",40.3852541,-79.82428,"meal_takeaway,restaurant,food,point_of_interest,establishment","fast_food,restaurant",OPERATIONAL,4.1,1484.0
ChIJT4mpMdboNIgRgcrS8P4oBFs,"LaDeDa Fish, Chicken & Gyro","1756 Greensburg Pike, North Versailles Township",40.3875199,-79.8217722,"restaurant,food,point_of_interest,establishment",restaurant,OPERATIONAL,4.3,334.0
ChIJ1TtsQNPoNIgRldprg9xIpZo,Primanti Bros. Restaurant and Bar,"921 East Pittsburgh McKeesport Boulevard, North Versailles Township",40.38292669999999,-79.8284049,"bar,restaurant,food,point_of_interest,establishment",restaurant,OPERATIONAL,4.0,1733.0
ChIJqxjxsNboNIgR_nwSsAzAXHs,McDonald's,"505 Lincoln Highway, North Versailles Township",40.38411169999999,-79.8240781,"cafe,store,restaurant,food,point_of_interest,establishment",restaurant,OPERATIONAL,2.6,1428.0
ChIJMYImMlzoNIgRRw94l6evN50,Wendy's,"351 Lincoln Highway, North Versailles Township",40.38471539999999,-79.82283000000001,"restaurant,food,point_of_interest,establishment",restaurant,OPERATIONAL,3.2,1252.0
ChIJh5JTdNboNIgRxaaZMY_8CFQ,Burger King,"121 Walmart Drive, North Versailles Township",40.3861762,-79.8218965,"restaurant,food,point_of_interest,establishment",restaurant,OPERATIONAL,2.8,1708.0
ChIJNSbw7I7pNIgRXj8C9wsZg1Q,Raising Cane's Chicken Fingers,"298 Lincoln Highway, North Versailles Township",40.3848958,-79.82541049999999,"restaurant,food,point_of_interest,establishment",restaurant,OPERATIONAL,4.2,782.0
ChIJeXU393zpNIgRYhB2P1jSqL4,New Bamboo Garden,"1720 Greensburg Avenue, North Versailles Township",40.386633,-79.8211465,"restaurant,food,point_of_interest,establishment",restaurant,OPERATIONAL,3.6,110.0
ChIJYyPgQtzoNIgRyU4YFsnwkkY,GetGo Kitchen,United States,40.3805183,-79.81129109999999,"restaurant,food,point_of_interest,establishment",restaurant,OPERATIONAL,,
ChIJFX8_iN7oNIgRLZ2lyUw2u1M,R-Time at Rene's,"1030 5th Avenue, East McKeesport",40.38297650000001,-79.81027639999999,"restaurant,food,point_of_interest,establishment",restaurant,OPERATIONAL,4.5,508.0
ChIJxTMXZN7oNIgR2FDQwLQ0EQY,Merlinos Pizza,"994 5th Avenue, East McKeesport",40.383184,-79.8096844,"meal_delivery,restaurant,food,point_of_interest,establishment",restaurant,OPERATIONAL,3.8,309.0
ChIJa3sTD9ruNIgR4aD68f3R2Sg,A Family Flavor,"514 Main Street, East Pittsburgh",40.3957983,-79.84134,"meal_takeaway,restaurant,food,point_of_interest,establishment","fast_food,restaurant",CLOSED_TEMPORARILY,4.0,1.0
ChIJ60YrCcfpNIgRS20q8U1_4Ek,Holy Angels Food Pantry,"201 Caldwell Ave, Wilmerding",40.3924792,-79.8105542,"food,point_of_interest,establishment",food_bank,OPERATIONAL,5.0,2.0
ChIJ__8P9N7oNIgRZpPjMcdXrDk,MA's Pantry,"1000 Broadway Ave, East McKeesport",40.383782,-79.8103695,"food,point_of_interest,establishment",food_bank,OPERATIONAL,4.7,6.0
ChIJ919KzSPpNIgRSHJpNPHY08A,Dollar General,"100 Westinghouse Avenue, Wilmerding",40.39298249999999,-79.8100175,"convenience_store,drugstore,grocery_or_supermarket,health,store,food,point_of_interest,establishment",convenience,OPERATIONAL,3.7,191.0
ChIJNXVKLCLpNIgR1k1HsKEtJww,Johnny's Italian Dining,"112 Westinghouse Avenue, Wilmerding",40.39279459999999,-79.81005859999999,"restaurant,food,point_of_interest,establishment",restaurant,OPERATIONAL,4.6,564.0
ChIJr1gzPSLpNIgR7DibMEBbO7c,Pasquale's Pizzeria,"101 Westinghouse Avenue, Wilmerding",40.3930505,-79.8094306,"meal_delivery,restaurant,food,point_of_interest,establishment",restaurant,OPERATIONAL,4.1,272.0
ChIJ2zDCEwDpNIgRs8b2CRhXqgw,Trios French Bread Pizza,"825 5th Avenue, East McKeesport",40.3832331,-79.80560919999999,"restaurant,food,point_of_interest,establishment",restaurant,OPERATIONAL,4.7,27.0
ChIJI9IdBwDpNIgR3ff3SWkIA94,La Sazón Machaleña,"504 Station Street, Wilmerding",40.3932246,-79.81025609999999,"restaurant,food,point_of_interest,establishment",restaurant,OPERATIONAL,3.8,6.0
ChIJDeNpNsfpNIgREGL37AbTCuo,5ta Station Latin food Sazón Machaleña,"500 Station Street, Wilmerding",40.3934655,-79.8101944,"restaurant,food,point_of_interest,establishment",restaurant,OPERATIONAL,3.0,2.0
ChIJ96lJvxnpNIgRhygqfJqdIT8,Angie's Restaurant,"111 Middle Avenue, Wilmerding",40.395362,-79.80343890000002,"restaurant,food,point_of_interest,establishment",restaurant,OPERATIONAL,4.6,103.0
ChIJ5ztd-_PpNIgRdozWO1BW-Tk,Jaiden's Kitchen,"105 Middle Avenue, Wilmerding",40.39537719999999,-79.8030988,"restaurant,food,point_of_interest,establishment",restaurant,OPERATIONAL,5.0,3.0
ChIJgTvkHbfpNIgRh9UHUGC8uAo,Haymaker Village SHOP 'n SAVE,"4548 Broadway Boulevard, Monroeville",40.3892221,-79.7671735,"grocery_or_supermarket,supermarket,store,food,point_of_interest,establishment",grocery,OPERATIONAL,3.7,634.0
ChIJ_-Z8ZrfpNIgREFqCFMx_8i8,Dollar General,"4500 Broadway Boulevard, Monroeville",40.39081669999999,-79.76728299999999,"convenience_store,drugstore,grocery_or_supermarket,health,store,food,point_of_interest,establishment",convenience,OPERATIONAL,3.9,336.0
ChIJKx6Tw7bpNIgRWZCus7FgAvU,Puff Discount Tobacco Haymaker Village,"4526 Broadway Boulevard, Monroeville",40.3901109,-79.76702639999999,"convenience_store,store,food,point_of_interest,establishment",convenience,OPERATIONAL,4.4,14.0
ChIJa-ZIDrfpNIgRAWKI_60AcF0,Sunoco,"1855 Haymaker Road, Monroeville",40.39166449999999,-79.7658836,"gas_station,convenience_store,store,food,point_of_interest,establishment",convenience,OPERATIONAL,3.5,15.0
ChIJryRvRcrpNIgReVKRUszpJCc,Trafford Stop N Go,"500 Brinton Avenue, Trafford",40.3860822,-79.760367,"convenience_store,store,food,point_of_interest,establishment",convenience,OPERATIONAL,3.7,26.0
ChIJ1__WYLfpNIgRcJbVJQZ5YGE,Subway,"4526 Broadway Boulevard, Monroeville",40.3900333,-79.7671457,"meal_takeaway,restaurant,food,point_of_interest,establishment","fast_food,restaurant",OPERATIONAL,3.4,72.0
ChIJ_-Z8ZrfpNIgRTJIaB0pJsjw,Papa Rocks Pizza Pub,"4512 Broadway Boulevard, Monroeville",40.3905338,-79.7670571,"bar,restaurant,food,point_of_interest,establishment",restaurant,OPERATIONAL,4.3,871.0
ChIJ51LVG7fpNIgRI9BKgErqqXY,Burger King,"4490 Broadway Boulevard, Monroeville",40.39150209999999,-79.76658669999999,"restaurant,food,point_of_interest,establishment",restaurant,OPERATIONAL,3.7,783.0
ChIJDTZLabfpNIgRRHV5HswSlWk,Asian Cuisine,"4528 Broadway Boulevard, Monroeville",40.3900182,-79.7671955,"restaurant,food,point_of_interest,establishment",restaurant,OPERATIONAL,4.1,151.0
ChIJ_dzrVTXoNIgRmAuNatLUO-w,Keith Heinritz Katering,"209 Brinton Avenue, Trafford",40.38277899999999,-79.76241499999999,"meal_takeaway,restaurant,food,point_of_interest,establishment","fast_food,restaurant",OPERATIONAL,4.7,302.0
ChIJ79QTfsnpNIgRqOJGAzk4DG4,Veronica's On Cavitt,"427 Cavitt Avenue, Trafford",40.38548359999999,-79.7602577,"bar,restaurant,food,point_of_interest,establishment",restaurant,OPERATIONAL,4.7,225.0
ChIJuYYAVafpNIgRUm0BLuJbBiM,Christian Food Bank,"433 Cavitt Ave, Trafford",40.3856204,-79.7600624,"food,point_of_interest,establishment",food_bank,OPERATIONAL,5.0,1.0
ChIJNzicrcvpNIgRV3KG0OBnSbY,Trafford Convenience,United States,40.3858598,-79.759425,"convenience_store,store,food,point_of_interest,establishment",convenience,OPERATIONAL,,
ChIJ1ZuDUGXCNIgR6__lZNQyMgg,Coen Markets,"561 Pennsylvania 130, Trafford",40.3896632,-79.72810439999999,"convenience_store,gas_station,cafe,store,food,point_of_interest,establishment",convenience,OPERATIONAL,4.2,24.0
ChIJ7VpUTcrpNIgR4x1zY_UJacQ,Dom's Pizzeria,"557 Pennsylvania 130, Trafford",40.3897131,-79.7284098,"meal_delivery,restaurant,food,point_of_interest,establishment",restaurant,OPERATIONAL,4.4,369.0
ChIJv72qPDvDNIgR58QHq0fI9PI,Kellie’s Creekside Bar and Grill LLC.,"560 Pennsylvania 130, Trafford",40.3895303,-79.7269319,"bar,restaurant,food,point_of_interest,establishment",restaurant,OPERATIONAL,4.7,95.0
ChIJu35ToGnCNIgR2hn11vHgxQU,P T's Pizza,"129 Murrysville Road #3, Trafford",40.392845,-79.720546,"meal_delivery,restaurant,food,point_of_interest,establishment",restaurant,OPERATIONAL,4.3,140.0
ChIJc2eocr_DNIgR302kF2UUdgg,Dollar General,"935 Pennsylvania 130, Trafford",40.3814943,-79.7020991,"drugstore,convenience_store,grocery_or_supermarket,health,store,food,point_of_interest,establishment",convenience,OPERATIONAL,4.5,83.0
ChIJzaKddFzCNIgRTDtrMxL4jak,Olives & Peppers,"833 Harrison City Road, Trafford",40.3849267,-79.71211770000001,"restaurant,food,point_of_interest,establishment",restaurant,OPERATIONAL,4.6,1630.0
ChIJ8_dUawDDNIgR4PhwGs3zNbs,Nash Hot Chicken,"980 Pennsylvania 130, Trafford",40.3812027,-79.6991516,"restaurant,food,point_of_interest,establishment",restaurant,CLOSED_TEMPORARILY,4.5,112.0
ChIJi9vzFfVZNIgRrRPhM1HmK3k,TJ's Deli Mart,United States,40.3982394,-80.1857371,"convenience_store,gas_station,store,food,point_of_interest,establishment",convenience,OPERATIONAL,2.6,16.0
ChIJPSH_avVZNIgRex1J1W2RXZg,The Diner,"105 Clinton Avenue, Oakdale",40.398382,-80.18621499999999,"restaurant,food,point_of_interest,establishment",restaurant,OPERATIONAL,4.3,1003.0
ChIJ76CHZrlZNIgR6p9qc3MnTUo,Grist House Command,"301 Sgt Messerschmidt Road, Oakdale",40.39803119999999,-80.1578047,"restaurant,food,point_of_interest,establishment",restaurant,OPERATIONAL,4.7,106.0
ChIJ07DfpjX2NIgRJd-TLk__ICQ,Rennerdale Corner Store,"148 Noblestown Road, Carnegie",40.39837860000001,-80.1413319,"restaurant,food,point_of_interest,establishment",restaurant,OPERATIONAL,4.6,205.0
ChIJQ17TQ6P3NIgR4c050ukBjcU,Carnegie Mini Mart,"801 West Main Street, Carnegie",40.4012324,-80.0954217,"convenience_store,store,food,point_of_interest,establishment",convenience,OPERATIONAL,3.7,13.0
ChIJJ5nCYz33NIgR8JfoV8cx-EM,W.B Convenience Store,"801 West Main Street, Carnegie",40.4012211,-80.0953494,"convenience_store,store,food,point_of_interest,establishment",convenience,OPERATIONAL,1.7,3.0
ChIJM1CKB833NIgR-HWgStMTR7M,Portofino's Pizza,"513 West Main Street, Carnegie",40.4025793,-80.09362689999999,"meal_delivery,meal_takeaway,restaurant,food,point_of_interest,establishment","fast_food,restaurant",CLOSED_TEMPORARILY,3.3,149.0
ChIJgSoJLEf3NIgRZ3wqdV77TC8,Seoul Korean BBQ,"525 West Main Street, Carnegie",40.402414,-80.0940928,"restaurant,food,point_of_interest,establishment",restaurant,OPERATIONAL,4.6,343.0
ChIJ__8LINH3NIgRJWaskwcDT_s,LeoGreta,"301 West Main Street Suite 102, Carnegie",40.4043086,-80.0912704,"restaurant,food,point_of_interest,establishment",restaurant,OPERATIONAL,4.6,824.0
ChIJlXjMDNL3NIgRMFC5dXbPXTk,St. Elizabeth Ann Seton Church of St. Raphael the Archangel Parish,"330 3rd Ave, Carnegie",40.403642,-80.0911986,"church,place_of_worship,point_of_interest,establishment",food_bank,OPERATIONAL,4.5,79.0
ChIJhZK2ENH3NIgRewQhr-DxOoY,Chartiers Valley Service Center,"39 W Main St, Carnegie",40.4060058,-80.0890893,"point_of_interest,establishment",food_bank,OPERATIONAL,4.5,4.0
ChIJwZGI59D3NIgR_c6lx6_MytE,Saint Luke's Emergency Food Bank - Food Distribution Center,"316 3rd Ave, Carnegie",40.403766,-80.091191,"food,point_of_interest,establishment",food_bank,OPERATIONAL,5.0,4.0
ChIJL7nQ98z3NIgRVpB1yhwTF_A,Focus North America,"1, 600 N Bell Ave #115, Carnegie",40.4169241,-80.0899074,"church,place_of_worship,food,point_of_interest,establishment",food_bank,OPERATIONAL,4.5,4.0
ChIJQdOC6sz3NIgR7BOvFrf8RcU,bp,"365 East Main Street, Carnegie",40.409669,-80.08323299999999,"gas_station,supermarket,grocery_or_supermarket,store,food,point_of_interest,establishment",grocery,OPERATIONAL,2.8,18.0
ChIJA1in6sz3NIgRmM1bw52fuos,GetGo Gas Station,"350 East Main Street, Carnegie",40.4096977,-80.0826431,"gas_station,convenience_store,cafe,food,store,point_of_interest,establishment",convenience,OPERATIONAL,2.4,181.0
ChIJXaU1ScT3NIgRYTPB33I1KUw,CVS,"401 Chestnut Street, Carnegie",40.4102737,-80.08204309999999,"drugstore,convenience_store,clothing_store,food,health,store,point_of_interest,establishment",convenience,OPERATIONAL,2.8,70.0
ChIJ60qpYGz3NIgR8kLW4U8jY28,G Store,"200 3rd Street, Carnegie",40.403515,-80.089806,"convenience_store,food,store,point_of_interest,establishment",convenience,OPERATIONAL,4.0,4.0
ChIJVUrllMz3NIgRDyQHTJeH1W8,GetGo Café + Market,"410 Chestnut Street, Carnegie",40.4093342,-80.0823297,"gas_station,convenience_store,cafe,food,store,point_of_interest,establishment",convenience,OPERATIONAL,3.4,125.0
ChIJlXjMDNL3NIgR4q7YfOl4WV8,Jalsa Indian Restaurant / Banquet Hall,"205 Mary Street Suite 201, Carnegie",40.40814579999999,-80.08727449999999,"cafe,restaurant,food,point_of_interest,establishment",restaurant,OPERATIONAL,4.2,963.0
ChIJQ9ojicT3NIgRkcJDIbPADj0,Tomatoes II Pizzeria,"1069 Washington Avenue, Carnegie",40.3977796,-80.08290219999999,"restaurant,food,point_of_interest,establishment",restaurant,OPERATIONAL,4.3,260.0
ChIJSa2Sps33NIgR-RZxByzS3j0,Riley's Pour House,"215 East Main Street, Carnegie",40.4085965,-80.0852322,"bar,restaurant,food,point_of_interest,establishment",restaurant,CLOSED_TEMPORARILY,4.5,1430.0
ChIJe6ijvs_3NIgRYNglOyY5lA4,Beechwood Avenue Catering & Baymark Dining,"638 Beechwood Avenue, Carnegie",40.4027855,-80.0852104,"restaurant,food,point_of_interest,establishment",restaurant,CLOSED_TEMPORARILY,,
ChIJyUlt8s33NIgRGopTnFgWiOM,Slice on Broadway,"108 East Main Street, Carnegie",40.407507,-80.086478,"meal_delivery,restaurant,food,point_of_interest,establishment",restaurant,OPERATIONAL,4.5,670.0
ChIJT085k833NIgR7A8eXAw6Kp8,Carnegie Coffee Company,"132 East Main Street, Carnegie",40.4076664,-80.0860764,"cafe,store,restaurant,food,point_of_interest,establishment",restaurant,OPERATIONAL,4.6,1160.0
ChIJGZ_9gM33NIgRQn4T82_zsRc,Bob's Diner,"211 Mansfield Boulevard, Carnegie",40.40983069999999,-80.0856364,"cafe,restaurant,food,point_of_interest,establishment",restaurant,OPERATIONAL,4.4,1700.0
ChIJ13Bm9s33NIgR8SVpqw_Co9M,Sunset Pizza & Grille,"38 East Main Street, Carnegie",40.40721329999999,-80.08678599999999,"meal_delivery,restaurant,food,point_of_interest,establishment",restaurant,OPERATIONAL,4.4,503.0
ChIJh0ohicT3NIgRs833T_IdvL4,Gab & Eat,"1073 Washington Avenue, Carnegie",40.3977527,-80.0830414,"restaurant,food,point_of_interest,establishment",restaurant,OPERATIONAL,4.6,869.0
ChIJs-7jpc33NIgR5sSPupRjgXM,Don Don Chinese restaurant,"146 East Main Street, Carnegie",40.4080555,-80.0856072,"restaurant,food,point_of_interest,establishment",restaurant,OPERATIONAL,3.8,150.0
ChIJLyi8ucz3NIgRCjMBLBoSuLQ,Raya's Pizzeria,"401 East Main Street, Carnegie",40.410452,-80.08264,"meal_delivery,restaurant,food,point_of_interest,establishment",restaurant,OPERATIONAL,4.3,377.0
ChIJid3PutH3NIgRheBxiBuTKjU,Barb's Country Junction Cafe,"155 3rd Avenue, Carnegie",40.4047769,-80.08903010000002,"restaurant,food,point_of_interest,establishment",restaurant,OPERATIONAL,4.4,137.0
ChIJtx-yibH3NIgRsJEXP9oKw7A,Syrian aroma,"820 Capitol Drive, Carnegie",40.4021926,-80.0850186,"restaurant,food,point_of_interest,establishment",restaurant,OPERATIONAL,,
ChIJR-jvSW_3NIgRd2Uw4l3HmYc,Saba Restaurant,"1001 Washington Avenue, Carnegie",40.398761,-80.0822802,"restaurant,food,point_of_interest,establishment",restaurant,OPERATIONAL,,
ChIJebsrBNL3NIgR8dB4ED3U9b4,Duran's,"12 East Main Street, Carnegie",40.4068135,-80.08731860000002,"bar,restaurant,food,point_of_interest,establishment",restaurant,OPERATIONAL,4.2,29.0
ChIJERgXRhX3NIgRD4fIgHVbzrA,Lucatino Italian Taverna,"106 East Main Street, Carnegie",40.40747229999999,-80.0865633,"restaurant,food,point_of_interest,establishment",restaurant,OPERATIONAL,4.8,22.0
ChIJxwPw7_VXNIgR39K49HszvGo,DeBlaze at 131,"131 East Main Street, Carnegie",40.4079995,-80.0861829,"restaurant,food,point_of_interest,establishment",restaurant,OPERATIONAL,4.3,558.0
ChIJyXEvls33NIgRGoqWR32xqw4,Kasai Japanese Restaurant,"Kasai Japanese restaurant, 146 East Main Street, Carnegie",40.40801049999999,-80.08567889999999,"restaurant,food,point_of_interest,establishment",restaurant,OPERATIONAL,4.5,214.0
ChIJoZWEOln3NIgRjma7vFTEvJY,Kabab House,"231 East Main Street, Carnegie",40.4088392,-80.0849234,"restaurant,food,point_of_interest,establishment",restaurant,OPERATIONAL,4.6,676.0
ChIJJ6Y_ij73NIgRiptPo4RzL8M,El Pollon Carnegie,"335 East Main Street, Carnegie",40.40963029999999,-80.08350349999999,"restaurant,food,point_of_interest,establishment",restaurant,OPERATIONAL,4.5,340.0
ChIJ_wGlBxr3NIgRPADRBFrlATg,Dunkin',"500 East Main Street, Carnegie",40.41078479999999,-80.081081,"meal_takeaway,bakery,cafe,store,restaurant,food,point_of_interest,establishment","fast_food,restaurant",OPERATIONAL,3.4,202.0
ChIJMWuQj873NIgRTef1qEWb_qM,St John Lutheran Church,"601 Washington Ave, Carnegie",40.4053944,-80.08354229999999,"church,place_of_worship,point_of_interest,establishment",food_bank,OPERATIONAL,5.0,9.0
ChIJTQqm8833NIgRC828CR4ST4Y,Carnegie Farmers Market,"111 E Main St, Carnegie",40.4074907,-80.0865407,"point_of_interest,establishment",farmers_market,OPERATIONAL,4.4,5.0
ChIJH5R7IQX3NIgRALFobKDOe4s,Kuhn's Market,"3125 Banksville Road, Pittsburgh",40.399876,-80.0433974,"supermarket,grocery_or_supermarket,store,food,point_of_interest,establishment",grocery,OPERATIONAL,4.2,1906.0
ChIJK8TNbQX3NIgR1bNF6AY_SA8,Jet's Pizza,"1810 Dormont Avenue, Pittsburgh",40.3984734,-80.0443076,"meal_takeaway,meal_delivery,restaurant,food,point_of_interest,establishment","fast_food,restaurant",OPERATIONAL,4.3,845.0
ChIJx9tnywT3NIgR6Bo9PtToc0s,Rana's Indian Bazaar- Al Salam Halal Market & Café,"3103 Banksville Road, Pittsburgh",40.4003617,-80.04299999999999,"grocery_or_supermarket,restaurant,food,store,point_of_interest,establishment",restaurant,CLOSED_TEMPORARILY,3.8,152.0
ChIJj3vuFwX3NIgRb1BDekR9gfQ,Starbucks Coffee Company,"3145 Banksville Road, Pittsburgh",40.3995,-80.04377,"cafe,restaurant,food,store,point_of_interest,establishment",restaurant,OPERATIONAL,4.4,586.0
ChIJ20gMiE72NIgR3uzwroiR6do,Alexions Bar & Grill,"141 Hawthorne Street, Carnegie",40.41548069999999,-80.0675406,"bar,restaurant,food,point_of_interest,establishment",restaurant,OPERATIONAL,4.6,991.0
ChIJ1Vd4DgX3NIgRFCXOWfWXvOw,Coach's Bottleshop & Grille,"3105 Banksville Road, Pittsburgh",40.4002855,-80.0430121,"liquor_store,bar,restaurant,food,store,point_of_interest,establishment",restaurant,OPERATIONAL,4.5,620.0
ChIJaxMogMb3NIgR9wDgBDlkQvs,KingView Meadhouse & Winery,"101 Beverly Road, Pittsburgh",40.39336350000001,-80.0463102,"restaurant,tourist_attraction,food,point_of_interest,establishment",restaurant,OPERATIONAL,4.6,177.0
ChIJPVD9fg_3NIgRu7qiY5En-nY,Dormont Pool Concession Stand,"1801 Dormont Avenue, Pittsburgh",40.3975957,-80.04528669999999,"restaurant,food,point_of_interest,establishment",restaurant,OPERATIONAL,3.6,14.0
ChIJ_wg6Zvn3NIgRAgBAjtgPIeA,Angelo's Bar & Grill,"415 Noblestown Road, Carnegie",40.4131773,-80.07466629999999,"meal_takeaway,meal_delivery,bar,restaurant,food,point_of_interest,establishment","fast_food,restaurant",OPERATIONAL,4.5,253.0
ChIJce17hE72NIgR0PFL9XMfPWY,Manny's Rook Station Cafe,"201 Hawthorne Street, Carnegie",40.41515709999999,-80.06796039999999,"bar,restaurant,food,point_of_interest,establishment",restaurant,OPERATIONAL,4.5,95.0
ChIJYzYdpcP3NIgRTrsY6GZJuMc,Wingstop,"3147 Banksville Road, Pittsburgh",40.3993005,-80.04382149999999,"restaurant,food,point_of_interest,establishment",restaurant,OPERATIONAL,4.4,87.0
ChIJ71kYQY33NIgRJfZrV8NxQtw,Cafe SAMARKAND,"3103 Banksville Road, Pittsburgh",40.40027240000001,-80.04291409999999,"restaurant,food,point_of_interest,establishment",restaurant,OPERATIONAL,3.9,106.0
ChIJ7V-jLf72NIgRyQ4PTvEQX04,Unity Food Pantry,"1146 Greentree Rd, Pittsburgh",40.4088505,-80.0503729,"food,point_of_interest,establishment",food_bank,OPERATIONAL,4.0,1.0
ChIJJUTXuhz3NIgR2fV1Skrohc0,bp,"2900 Banksville Road, Pittsburgh",40.40335,-80.04078,"gas_station,supermarket,grocery_or_supermarket,store,food,point_of_interest,establishment",grocery,OPERATIONAL,3.4,74.0
ChIJhcU2SOD3NIgRjxDzaRFKaWc,ALDI,"2515 Banksville Road, Pittsburgh",40.405938,-80.035849,"supermarket,grocery_or_supermarket,store,food,point_of_interest,establishment",grocery,OPERATIONAL,4.7,26.0
ChIJWRaQSyP3NIgRimLcx_WaQ14,Tim's Corner Market,"2130 Broadway Avenue, Pittsburgh",40.40406119999999,-80.03050309999999,"convenience_store,store,restaurant,food,point_of_interest,establishment","convenience,restaurant",OPERATIONAL,4.9,71.0
ChIJSS5kZuD2NIgRbhcdHe7ezbs,Sunoco,"1721 Banksville Road, Pittsburgh",40.4088354,-80.0319006,"gas_station,convenience_store,atm,finance,store,food,point_of_interest,establishment",convenience,OPERATIONAL,3.1,23.0
ChIJ5zLn7n_3NIgRVidb82Cnqpo,CIGGYS SMOKE & VAPE,"1665 Broadway Avenue, Pittsburgh",40.408792,-80.02450639999999,"convenience_store,store,food,point_of_interest,establishment",convenience,OPERATIONAL,5.0,4.0
ChIJq8aTMiD3NIgRhl34BM3M62I,Slice on Broadway-Beechview,"2128 Broadway Avenue, Pittsburgh",40.4041525,-80.0304689,"meal_takeaway,meal_delivery,restaurant,food,point_of_interest,establishment","fast_food,restaurant",OPERATIONAL,4.4,840.0
ChIJnxGpywT3NIgR8_qyfVf3EM4,Mintt Indian Cuisine,"3033 Banksville Road, Pittsburgh",40.40106300000001,-80.0425186,"restaurant,food,point_of_interest,establishment",restaurant,OPERATIONAL,3.8,1256.0
ChIJzSivPST3NIgRi2_ge7NCRnM,Wendy's,"2410 West Liberty Avenue, Pittsburgh",40.4002491,-80.0241029,"restaurant,food,point_of_interest,establishment",restaurant,OPERATIONAL,3.1,1485.0
ChIJA05yFiD3NIgRgQjy44EeirI,Big Shot Bob's House of Wings - Beechview,"109 Brookline Boulevard, Pittsburgh",40.3979392,-80.02619059999999,"meal_delivery,restaurant,food,point_of_interest,establishment",restaurant,OPERATIONAL,4.1,347.0
ChIJB5KDhyP3NIgRGNuBqbSdhzA,B & J Bar & Grille,"2506 West Liberty Avenue, Pittsburgh",40.39903209999999,-80.0254958,"restaurant,bar,food,point_of_interest,establishment",restaurant,OPERATIONAL,4.1,421.0
ChIJ23afgCP3NIgR7bEKy2YjJJY,McDonald's,"2518 West Liberty Avenue, Pittsburgh",40.39880900000001,-80.0264955,"cafe,restaurant,food,store,point_of_interest,establishment",restaurant,OPERATIONAL,3.1,2289.0
ChIJT1r2IFj3NIgRrJ8iwasf9HE,Beto's Pizza,"1473 Banksville Road, Pittsburgh",40.4127089,-80.0303768,"restaurant,food,point_of_interest,establishment",restaurant,OPERATIONAL,4.5,3136.0
ChIJP26l3tzzNIgRyle3s1NMfac,Chicken Latino,"2100 Broadway Avenue, Pittsburgh",40.4051451,-80.03021129999999,"restaurant,food,point_of_interest,establishment",restaurant,OPERATIONAL,4.6,865.0
ChIJyQLvQhf3NIgRxsBt6-pgAvQ,Fredo's Delicatessen,"1451 Potomac Avenue, Pittsburgh",40.3962691,-80.0353097,"restaurant,food,point_of_interest,establishment",restaurant,OPERATIONAL,4.8,227.0
ChIJ0W6Q4hn3NIgRiqmyoiPOyJk,Molly's Pizza and Chicken,"1525 Potomac Avenue, Pittsburgh",40.3970227,-80.0358948,"meal_delivery,restaurant,food,point_of_interest,establishment",restaurant,OPERATIONAL,4.1,404.0
ChIJsb73t8v3NIgRXRpXRGzmj0U,Pabellon: Venezuelan & Mexican Restaurant,"2957 Banksville Road, Pittsburgh",40.40216030000001,-80.0414231,"restaurant,food,point_of_interest,establishment",restaurant,OPERATIONAL,4.7,543.0
ChIJ9R6o7hz3NIgRoXHX6b9F_yI,Kabab and Curry Restaurant - Indian and Pakistani Cuisine,"2890 Banksville Road, Pittsburgh",40.40405009999999,-80.040508,"meal_takeaway,restaurant,food,point_of_interest,establishment","fast_food,restaurant",OPERATIONAL,4.7,3685.0
ChIJ_4LgcAD3NIgROvCPZY5OFCw,Le's Cafe and Boba Tea,"2911 Glenmore Avenue, Pittsburgh",40.3954417,-80.03509590000002,"restaurant,food,point_of_interest,establishment",restaurant,OPERATIONAL,4.6,60.0
ChIJ2cp3SQv3NIgRXniz0xnZfNI,New Saigon,"1429 Potomac Avenue, Pittsburgh",40.395543,-80.034904,"restaurant,food,point_of_interest,establishment",restaurant,OPERATIONAL,4.7,236.0
ChIJ2Y4TJHL3NIgRTPV6SOYgjO0,Moonlit Burgers Dormont,"1426 Potomac Avenue, Pittsburgh",40.395745,-80.0346517,"restaurant,bar,food,point_of_interest,establishment",restaurant,OPERATIONAL,4.7,778.0
ChIJxeLvqJL3NIgREA7o1nnT5-s,Asia bowl,"2910 West Liberty Avenue, Pittsburgh",40.3949358,-80.0347848,"restaurant,food,point_of_interest,establishment",restaurant,OPERATIONAL,4.8,18.0
ChIJQS-5yhb3NIgRaBh6r2wEaK0,Slapshots,"2999 West Liberty Avenue #1, Pittsburgh",40.3930696,-80.0366913,"bar,restaurant,food,point_of_interest,establishment",restaurant,OPERATIONAL,4.1,164.0
ChIJ6xMDuj33NIgRT6ev_JlTWJ0,Sparkies Breakfast,"2937 West Liberty Avenue, Pittsburgh",40.3942621,-80.0351776,"restaurant,food,point_of_interest,establishment",restaurant,OPERATIONAL,4.6,131.0
ChIJAevxtlv3NIgR0JMMUbjRzvw,Mike & Tony's Gyros,"2935 West Liberty Avenue, Pittsburgh",40.39436719999999,-80.0350674,"restaurant,food,point_of_interest,establishment",restaurant,OPERATIONAL,4.5,536.0
ChIJqWusEwD3NIgRnQMuiFnMQ_4,Taqueria El Buen Pastor,"2873 West Liberty Avenue, Pittsburgh",40.3954756,-80.0328862,"restaurant,food,point_of_interest,establishment",restaurant,OPERATIONAL,5.0,1.0
ChIJp-Y2qlr3NIgRnaDZ8mfO25w,Dunkin',"1523 Banksville Road, Pittsburgh",40.4122911,-80.030688,"cafe,meal_takeaway,bakery,store,restaurant,food,point_of_interest,establishment","fast_food,restaurant",OPERATIONAL,3.3,222.0
ChIJiR4h4Nf2NIgRExSKAbaAjdM,bp,"1829 West Liberty Avenue, Pittsburgh",40.405816,-80.018667,"gas_station,supermarket,grocery_or_supermarket,store,food,point_of_interest,establishment",grocery,OPERATIONAL,2.4,32.0
ChIJN7wvSNn2NIgRhNr8PnaYm_I,Las palmas Market on Broadway,"1616 Broadway Avenue, Pittsburgh",40.4102642,-80.02482650000002,"grocery_or_supermarket,supermarket,store,food,point_of_interest,establishment",grocery,OPERATIONAL,4.2,608.0
ChIJB27379v2NIgRdCmjfzK_Lmk,Dollar Eagle Discounts,"1552 Beechview Avenue, Pittsburgh",40.41076779999999,-80.0248896,"convenience_store,store,food,point_of_interest,establishment",convenience,OPERATIONAL,3.7,34.0
ChIJ4122GCj3NIgR4EygOp9VQyw,Fiori's Pizzaria,"103 Capital Avenue, Pittsburgh",40.4051803,-80.0185759,"restaurant,food,store,point_of_interest,establishment",restaurant,OPERATIONAL,4.7,3991.0
ChIJbxpRjNP2NIgRtmdSg1GSF3U,Subway,"1347 West Liberty Avenue, Pittsburgh",40.4109992,-80.0125656,"meal_takeaway,restaurant,food,point_of_interest,establishment","fast_food,restaurant",CLOSED_TEMPORARILY,3.2,110.0
ChIJH583Ohv3NIgR6GcwqsruqHU,Middle Easter food truck,"2392 Saranac Avenue, Pittsburgh",40.4000683,-80.027239,"restaurant,food,point_of_interest,establishment",restaurant,OPERATIONAL,5.0,1.0
ChIJKz22Ah_yNIgRbiYIedRcemI,Gyro and Middle-eastern food,"2392 Saranac Avenue, Pittsburgh",40.4000683,-80.027239,"restaurant,food,point_of_interest,establishment",restaurant,OPERATIONAL,3.5,8.0
ChIJaeQSmdb3NIgRBalKTWTJIH8,Brothas BBQ,"1901 Fallowfield Avenue, Pittsburgh",40.40505709999999,-80.022729,"restaurant,food,point_of_interest,establishment",restaurant,CLOSED_TEMPORARILY,,
ChIJuXiLVh_3NIgR1gEbGJ7L4Ps,Los Inmortales Fondita Con Sabor Latino!,"2318 Broadway Avenue, Pittsburgh",40.4020156,-80.03139329999999,"restaurant,food,point_of_interest,establishment",restaurant,OPERATIONAL,4.4,71.0
ChIJXTWUdlX3NIgRLsxLV-6novE,Alquisiras Paleteria,"2056 Broadway Avenue, Pittsburgh",40.4052259,-80.03015719999999,"restaurant,food,point_of_interest,establishment",restaurant,OPERATIONAL,4.6,328.0
ChIJeSJPCur3NIgRG2JwDtlfD3s,Chip and Kale,"2102 Broadway Avenue, Pittsburgh",40.40537,-80.0301164,"meal_delivery,restaurant,food,point_of_interest,establishment",restaurant,OPERATIONAL,4.9,20.0
ChIJT239CZf3NIgRDewMv4wQAug,Mexican Sazon Lichita,"2102 Broadway Avenue Suite #A, Pittsburgh",40.40542809999999,-80.0300742,"restaurant,food,point_of_interest,establishment",restaurant,OPERATIONAL,4.9,80.0
ChIJUTCorzr3NIgRufBFZYqcUZU,Las Palmas Tacos,"1616 Broadway Avenue, Pittsburgh",40.40993520000001,-80.024878,"restaurant,food,point_of_interest,establishment",restaurant,OPERATIONAL,4.4,402.0
ChIJuWIkXnf3NIgRTkga-T2a3OU,La Cocina de Betty,"1605 Broadway Avenue, Pittsburgh",40.4103839,-80.024463,"restaurant,food,point_of_interest,establishment",restaurant,OPERATIONAL,4.3,267.0
ChIJs0Mdf1_3NIgRDNDsZ9LzFug,EL RANCHITO LOS 3 HERMANOS,"1542 Beechview Avenue, Pittsburgh",40.4110899,-80.02502679999999,"restaurant,food,point_of_interest,establishment",restaurant,OPERATIONAL,4.6,8.0
ChIJOQEpVtn2NIgRYSWgTW5Jheg,El Paisano | Mexican Restaurant,"1542 Beechview Avenue, Pittsburgh",40.4111217,-80.0249827,"store,restaurant,food,point_of_interest,establishment",restaurant,OPERATIONAL,4.0,272.0
ChIJC6wV3SDxNIgREhDG8A7MH4Q,Brownsville Shop 'n Save,"1119 Brownsville Road, Pittsburgh",40.4049229,-79.9897618,"grocery_or_supermarket,supermarket,food,store,point_of_interest,establishment",grocery,OPERATIONAL,3.9,1579.0
ChIJwR_SKSPxNIgRHBxifYLYz5o,APlus,"427 Brownsville Road, Mount Oliver",40.412301,-79.9892251,"convenience_store,gas_station,store,food,point_of_interest,establishment",convenience,OPERATIONAL,2.8,4.0
ChIJsQNW2yDxNIgR6cTQYsB8bkw,Tobacco Outlet,"1103 Brownsville Road, Pittsburgh",40.405528,-79.990738,"convenience_store,store,food,point_of_interest,establishment",convenience,OPERATIONAL,4.4,27.0
ChIJKdqah87xNIgRUqQYNAn2ikI,Ezza Market,"1150 Brownsville Road, Pittsburgh",40.4039106,-79.990292,"convenience_store,grocery_or_supermarket,store,food,point_of_interest,establishment",convenience,OPERATIONAL,5.0,17.0
ChIJq6pq-iDxNIgRPzZ2W2ycgr8,Lucky Lady Lottery And Tanning,"1109 Brownsville Road, Pittsburgh",40.405252,-79.9898365,"convenience_store,store,food,point_of_interest,establishment",convenience,OPERATIONAL,2.0,2.0
ChIJs7qj5CPxNIgR6_LhBn7NhTw,Uni-Mart,"748 Brownsville Road, Pittsburgh",40.4087256,-79.9915669,"convenience_store,store,food,point_of_interest,establishment",convenience,OPERATIONAL,3.6,25.0
ChIJyw_BNLzxNIgR55xWRM29yIY,Nerdz,"Side Door, 300 Brownsville Road, Pittsburgh",40.4143058,-79.98837100000001,"convenience_store,store,food,point_of_interest,establishment",convenience,CLOSED_TEMPORARILY,4.2,5.0
ChIJnxUfFz3xNIgRlZ_DNmbc3_4,Triangle Mart Inc,"101 East Amanda Avenue, Pittsburgh",40.4145228,-79.98834409999999,"convenience_store,store,food,point_of_interest,establishment",convenience,OPERATIONAL,4.2,18.0
ChIJ4aw8mCPxNIgRc6Gb9jfvg_4,McDonald's,"630 Brownsville Road, Pittsburgh",40.4099488,-79.99098169999999,"cafe,store,restaurant,food,point_of_interest,establishment",restaurant,OPERATIONAL,3.0,2229.0
ChIJ0X4ypCPxNIgRvG-xF6hvunY,Vocelli Pizza,"617 Brownsville Road, Mount Oliver",40.4102801,-79.99006849999999,"meal_takeaway,meal_delivery,restaurant,food,point_of_interest,establishment","fast_food,restaurant",OPERATIONAL,3.8,310.0
ChIJczlgxCDxNIgRGWhgh5XDnAE,KFC,"1100 Brownsville Road, Pittsburgh",40.40494750000001,-79.9908887,"restaurant,food,point_of_interest,establishment",restaurant,OPERATIONAL,3.3,675.0
ChIJ828bGiPxNIgR0SR1tTIcUbs,Rosato's Pizzeria,"516 Brownsville Road, Pittsburgh",40.4116309,-79.9899847,"restaurant,food,point_of_interest,establishment",restaurant,CLOSED_TEMPORARILY,4.5,388.0
ChIJB6QELSHxNIgRFWoBt8KHtiI,Amili's Pizzeria,"1021 Brownsville Road, Pittsburgh",40.4063167,-79.9917833,"meal_takeaway,restaurant,food,point_of_interest,establishment","fast_food,restaurant",OPERATIONAL,3.7,233.0
ChIJVUk52SDxNIgRYxrLC7R4pIs,Number One Kitchen,"1107 Brownsville Road, Pittsburgh",40.40532019999999,-79.9896675,"meal_delivery,restaurant,food,point_of_interest,establishment",restaurant,OPERATIONAL,4.1,250.0
ChIJ55ZDhCDxNIgR_psxm9MMqZw,Old Headz,"1532 Brownsville Road, Pittsburgh",40.39991009999999,-79.98933439999999,"bar,restaurant,food,point_of_interest,establishment",restaurant,OPERATIONAL,4.3,135.0
ChIJuw8kxSLxNIgRJIYXVqF8qVY,Hook Fish and Chicken Mount Oliver,"11 Ormsby Avenue, Pittsburgh",40.4122476,-79.9883029,"restaurant,food,point_of_interest,establishment",restaurant,OPERATIONAL,3.9,469.0
ChIJuz5bbQDxNIgR76NQjZL48QQ,HUNAN WOK,"342 Anthony Street, Pittsburgh",40.4112277,-79.9821055,"restaurant,food,point_of_interest,establishment",restaurant,OPERATIONAL,,
ChIJR-aD_lzxNIgRSD7XXZLNgY8,Ormsby Avenue Cafe,"402 Ormsby Avenue, Pittsburgh",40.4125631,-79.98148200000001,"bar,restaurant,food,point_of_interest,establishment",restaurant,OPERATIONAL,4.2,57.0
ChIJz0IF79fxNIgRyBCB6SS8RuQ,Nick's on Hilltop,"225 Brownsville Road, Pittsburgh",40.41505299999999,-79.987206,"restaurant,food,point_of_interest,establishment",restaurant,OPERATIONAL,4.3,61.0
ChIJ8cA-ZW7xNIgRkw5by9NDf9k,"Brashear Association, Inc - Food Pantry","320 Brownsville Rd, Pittsburgh",40.4139083,-79.9885321,"food,point_of_interest,establishment",food_bank,OPERATIONAL,3.5,12.0
ChIJ8cA-ZW7xNIgRc1_dG9pz7Xc,Brashear Association Inc,"320 Brownsville Rd, Pittsburgh",40.4139089,-79.9885288,"point_of_interest,establishment",food_bank,OPERATIONAL,4.4,47.0
ChIJ18WHNgXxNIgRgdwSeZTauQU,Lighthouse Church,"810 Fisher St, Pittsburgh",40.4104924,-79.9750225,"church,place_of_worship,point_of_interest,establishment",food_bank,OPERATIONAL,4.7,38.0
ChIJhzfBnaXxNIgRst084Ew3i7E,Page's,"4112 East Carson Street, Pittsburgh",40.4111741,-79.9558361,"store,restaurant,food,point_of_interest,establishment",restaurant,CLOSED_TEMPORARILY,4.8,3105.0
ChIJP7eXjKXxNIgR2mpwikchvlk,Bad Azz Bbq,"992 Becks Run Road, Pittsburgh",40.4107108,-79.95740719999999,"restaurant,food,point_of_interest,establishment",restaurant,OPERATIONAL,3.6,101.0
ChIJZ0bHUGvxNIgRWsZ3iLiai_k,HAZELWOOD MARKET,"5009 Second Avenue, Pittsburgh",40.4082541,-79.9433379,"supermarket,grocery_or_supermarket,food,store,point_of_interest,establishment",grocery,OPERATIONAL,4.0,14.0
ChIJVY_SdADxNIgRX82QAr2aBag,Dollar General,"4934 Second Avenue, Pittsburgh",40.4090832,-79.94400279999999,"convenience_store,drugstore,grocery_or_supermarket,food,health,store,point_of_interest,establishment",convenience,OPERATIONAL,3.4,7.0
ChIJd6RZuLfxNIgRHJT0cLCd33E,Italian Village Pizza,"5037 Second Avenue, Pittsburgh",40.4072418,-79.9430471,"meal_delivery,restaurant,food,point_of_interest,establishment",restaurant,OPERATIONAL,3.4,154.0
ChIJ9dZ5RtHxNIgRXQx0R-kiUow,Negril Curbside,"5282 Second Avenue Rear, Pittsburgh",40.4039351,-79.94264799999999,"restaurant,food,point_of_interest,establishment",restaurant,OPERATIONAL,3.6,68.0
ChIJJ5gEMwDxNIgROWAY7w3ivPU,Comfort And Spice Pgh,"5011 Lytle Street, Pittsburgh",40.40765049999999,-79.94544309999999,"restaurant,food,point_of_interest,establishment",restaurant,OPERATIONAL,5.0,6.0
ChIJO2Cv177xNIgRi0aq2UOMD1E,The Woods House,"4604 Monongahela Street, Pittsburgh",40.4147608,-79.9446033,"restaurant,food,point_of_interest,establishment",restaurant,OPERATIONAL,4.6,297.0
ChIJGW92hLvxNIgRzILnNXNsiao,Spartan Community Center of Hazelwood,"134 E Elizabeth St, Pittsburgh",40.4071807,-79.9419097,"point_of_interest,establishment",food_bank,OPERATIONAL,4.7,29.0
ChIJg3G2TvHxNIgRyg6TzD1cjt8,"Fishes and Loaves Cooperative Ministries,","131 E Elizabeth St, Pittsburgh",40.4075754,-79.94201919999999,"point_of_interest,establishment",food_bank,OPERATIONAL,4.3,6.0
ChIJxWzb8LXxNIgR1MX7LyDmZpo,Hazelwood Glenwood Glen Hazel - Food Distribution Center,"5344 Second Ave, Pittsburgh",40.4036548,-79.9425231,"food,point_of_interest,establishment",food_bank,OPERATIONAL,,
ChIJK22nUCPuNIgR26JiAysHjEI,Giant Eagle Supermarket,"420 East Waterfront Drive, Homestead",40.4107703,-79.90878760000001,"grocery_or_supermarket,supermarket,store,food,point_of_interest,establishment",grocery,OPERATIONAL,4.1,1465.0
ChIJs-z77SnuNIgRvvee4cqAobQ,bp,"431 West 7th Avenue, West Homestead",40.402266,-79.918081,"gas_station,supermarket,grocery_or_supermarket,store,food,point_of_interest,establishment",grocery,OPERATIONAL,2.9,31.0
ChIJ6U996yXuNIgRhtOX7feIoHg,ALDI,"127 East 7th Avenue, Homestead",40.407516,-79.912514,"supermarket,grocery_or_supermarket,store,food,point_of_interest,establishment",grocery,OPERATIONAL,4.4,1571.0
ChIJXzIEjG3vNIgR95Hwjd89tRU,Target Grocery,"360 East Waterfront Drive, Homestead",40.4105034,-79.90989359999999,"grocery_or_supermarket,supermarket,store,food,point_of_interest,establishment",grocery,OPERATIONAL,4.4,64.0
ChIJydPc2d3xNIgR0_jjaGU6htE,CVS,"4664 Browns Hill Road, Pittsburgh",40.41458050000001,-79.922637,"drugstore,convenience_store,clothing_store,food,health,store,point_of_interest,establishment",convenience,OPERATIONAL,3.8,91.0
ChIJx4hDjzHuNIgR6cFKiJ2DHDc,A To Z Convenience Store,"1617 West Street, Homestead",40.4010973,-79.9056574,"convenience_store,food,store,point_of_interest,establishment",convenience,OPERATIONAL,3.9,16.0
ChIJOffv8inuNIgRyLSSG6W7iYI,Par Mar Stores,"431 West 7th Avenue, Homestead",40.4026892,-79.9180039,"convenience_store,food,store,point_of_interest,establishment",convenience,OPERATIONAL,1.0,1.0
ChIJHdW3diXuNIgRpQn_4rlhex0,S&S Food Mart,"204 East 8th Avenue, Homestead",40.40697489999999,-79.9105021,"convenience_store,food,store,point_of_interest,establishment",convenience,OPERATIONAL,5.0,2.0
ChIJE2GouT3uNIgRAbT_1kfLxoA,Dave & Buster's Pittsburgh - Homestead,"180 East Waterfront Drive, Homestead",40.4093105,-79.9140998,"restaurant,bar,food,point_of_interest,establishment",restaurant,OPERATIONAL,4.2,5510.0
ChIJXespLCbuNIgRoCcIjbfi6b8,P.F. Chang's,"148 West Bridge Street, West Homestead",40.4071506,-79.9160729,"meal_delivery,meal_takeaway,restaurant,food,point_of_interest,establishment","fast_food,restaurant",OPERATIONAL,4.2,3237.0
ChIJAfG9Ty_uNIgRekp1sTde6pI,Subway,"133 West 8th Avenue, Homestead",40.4058064,-79.9131324,"meal_takeaway,restaurant,food,point_of_interest,establishment","fast_food,restaurant",CLOSED_TEMPORARILY,3.5,142.0
ChIJ17y4_tfxNIgRiNYoMwAI4PU,LongHorn Steakhouse,"410 West Waterfront Drive, West Homestead",40.40423599999999,-79.918868,"meal_takeaway,bar,restaurant,food,point_of_interest,establishment","fast_food,restaurant",OPERATIONAL,4.1,2671.0
ChIJweAAWCbuNIgRoFQa1xKfP2E,Yokoso Japanese Steak House,"153 East Bridge Street, Homestead",40.4089305,-79.9156828,"restaurant,food,point_of_interest,establishment",restaurant,OPERATIONAL,3.9,1561.0
ChIJwRWXX97xNIgRt99JPMbLo5k,IHOP,"4656 Browns Hill Road, Pittsburgh",40.41500990000001,-79.92336159999999,"restaurant,food,point_of_interest,establishment",restaurant,OPERATIONAL,3.3,3028.0
ChIJKZ-PwCbuNIgRCedS_Hs-mNQ,Red Robin Gourmet Burgers and Brews,"175 East Waterfront Drive, Homestead",40.4098879,-79.91677779999999,"restaurant,meal_takeaway,bar,food,point_of_interest,establishment","fast_food,restaurant",OPERATIONAL,4.1,2253.0
ChIJC_cs1ifuNIgR4UTy0P1V_9w,Bravo! Italian Kitchen,"250 Bridge Street West, West Homestead",40.40686600000001,-79.91708009999999,"restaurant,food,point_of_interest,establishment",restaurant,OPERATIONAL,3.9,1660.0
ChIJZfc79TzuNIgRtcVJWIg10rw,Eat'n Park,"245 East Waterfront Drive, Homestead",40.4119132,-79.9138043,"meal_takeaway,restaurant,food,point_of_interest,establishment","fast_food,restaurant",OPERATIONAL,3.9,2013.0
ChIJdyHrh97xNIgRhSG-7v6c1So,Hokkaido Seafood Buffet,"4612 Browns Hill Road, Pittsburgh",40.4154417,-79.92415559999999,"restaurant,food,point_of_interest,establishment",restaurant,OPERATIONAL,3.7,3005.0
ChIJ9Z-2LCbuNIgR6TMWSLvlrt8,Burgatory,"299 West Bridge Street, Homestead",40.40735830000001,-79.9178754,"bar,restaurant,food,point_of_interest,establishment",restaurant,OPERATIONAL,4.4,3265.0
ChIJsZt_ayXuNIgRJaWT-CuQuXw,Dorothy 6,"224 East 8th Avenue, Homestead",40.40733339999999,-79.9097774,"restaurant,bar,food,point_of_interest,establishment",restaurant,OPERATIONAL,4.4,714.0
ChIJZcASzyfuNIgR6MH8hUZ11Qk,Starbucks Coffee Company,"270 West Bridge Street, West Homestead",40.40763,-79.91707,"cafe,store,restaurant,food,point_of_interest,establishment",restaurant,OPERATIONAL,4.1,820.0
ChIJ181J0yfuNIgRzdxhAAaVR_o,Panera Bread,"210 West Bridge Street, West Homestead",40.407174,-79.916603,"cafe,meal_takeaway,bakery,store,restaurant,food,point_of_interest,establishment","fast_food,restaurant",OPERATIONAL,3.8,516.0
ChIJ0QaFRi_uNIgRKUAJ6hSkDL0,Duke's Upper Deck Cafe,"122 West 8th Avenue, Homestead",40.4054307,-79.9127444,"bar,restaurant,food,point_of_interest,establishment",restaurant,OPERATIONAL,4.5,976.0
ChIJCxrUdyXuNIgRMpNOGr5C0YA,Capri Pizza & Brew Pub,"820 Amity Street, Homestead",40.40633529999999,-79.9105529,"meal_delivery,restaurant,food,point_of_interest,establishment",restaurant,OPERATIONAL,3.8,307.0
ChIJGzZ3JynuNIgRE8gWEj3HcAU,KFC,"222 West 8th Avenue, Homestead",40.40412789999999,-79.91444779999999,"restaurant,food,point_of_interest,establishment",restaurant,OPERATIONAL,3.4,620.0
ChIJvxAtaC_uNIgRzRse3yToUY8,Owls Club 1538,"524 West 7th Avenue, West Homestead",40.4001079,-79.9204425,"restaurant,food,point_of_interest,establishment",restaurant,OPERATIONAL,4.8,25.0
ChIJYYxtuivuNIgRLssvlSmc8h4,Babylon Restaurant and Bar,"879 Forest Avenue, Homestead",40.4000638,-79.9156203,"restaurant,bar,food,point_of_interest,establishment",restaurant,OPERATIONAL,4.8,355.0
ChIJC-ZUWQDvNIgR39Vm4tvRpMo,Longhorn Steak House,"East Waterfront Drive, Munhall",40.4042384,-79.9188732,"restaurant,food,point_of_interest,establishment",restaurant,OPERATIONAL,4.5,4.0
ChIJL3yOqDfvNIgRhxyYylHun3M,Shorty’s - Waterfront,"244 Bridge Street West, West Homestead",40.4070066,-79.9174118,"restaurant,bar,food,point_of_interest,establishment",restaurant,OPERATIONAL,3.6,381.0
ChIJKx3X2yfuNIgRyKZjYnL9pf0,Jimmy John's,"232 West Bridge Street, Homestead",40.4070912,-79.9172836,"restaurant,food,point_of_interest,establishment",restaurant,OPERATIONAL,4.3,195.0
ChIJufXkRy_uNIgR65lTRblErbQ,Eighth & Hays,"130 West 8th Avenue, Homestead",40.4052244,-79.9129451,"restaurant,bar,food,point_of_interest,establishment",restaurant,OPERATIONAL,4.7,297.0
ChIJ80ydoBTvNIgRbMp9IBb-ZpA,Eon Bar & Grill,"106 East 8th Avenue, Homestead",40.4060137,-79.9117156,"restaurant,food,point_of_interest,establishment",restaurant,OPERATIONAL,4.3,163.0
ChIJRf3LWcjtNIgRWvsOOTXizSk,Good Eats 412,"106 East 8th Avenue, Homestead",40.4059851,-79.9116748,"restaurant,food,point_of_interest,establishment",restaurant,OPERATIONAL,5.0,1.0
ChIJrURZDBLvNIgRudRNZ6bNUs8,El Campesino,"152 East Bridge Street, Homestead",40.4085939,-79.91515989999999,"restaurant,food,point_of_interest,establishment",restaurant,OPERATIONAL,4.3,750.0
ChIJFUN_XCbuNIgRbZKeXiNTMik,Primanti Bros. Restaurant and Bar,"152 East Bridge Street, Homestead",40.408775,-79.915343,"bar,restaurant,food,point_of_interest,establishment",restaurant,OPERATIONAL,4.2,1754.0
ChIJ10MJKg33NIgRr3hoZDWnQMI,Secretos De Mis Abuelos,"145 East 8th Avenue, Homestead",40.4070766,-79.9112155,"restaurant,food,point_of_interest,establishment",restaurant,OPERATIONAL,4.8,501.0
ChIJ5eBTWrbvNIgRCMBnysv8UtA,Hook Fish and Chicken Homestead-Waterfront,"605 Amity Street, Homestead",40.4079114,-79.9115523,"restaurant,food,point_of_interest,establishment",restaurant,OPERATIONAL,4.1,224.0
ChIJJ8skTKPvNIgR06ye8UtKYIw,Rogue BBQ,"601 Amity Street, Homestead",40.4079941,-79.911596,"bar,restaurant,food,point_of_interest,establishment",restaurant,OPERATIONAL,3.9,131.0
ChIJpYK0t7HvNIgRZDw6EL5Ry-M,Los Gallitos Taqueria,"216 East 8th Avenue, Homestead",40.4073,-79.91011999999999,"restaurant,food,point_of_interest,establishment",restaurant,OPERATIONAL,4.6,226.0
ChIJhyjtAiPvNIgRV4wTIAYvBr8,STORMING CRAB,"185 East Waterfront Drive, Homestead",40.410813,-79.9156409,"restaurant,food,point_of_interest,establishment",restaurant,OPERATIONAL,4.2,663.0
ChIJnXktvRnvNIgR5PZ8yyFGkFs,Its Litt,"225 East 8th Avenue, Homestead",40.4078012,-79.91022939999999,"restaurant,food,point_of_interest,establishment",restaurant,OPERATIONAL,1.0,1.0
ChIJj4vndd7xNIgRMlzZaluZb7Q,Dunkin',"4578 Browns Hill Road, Pittsburgh",40.41604540000001,-79.9247362,"bakery,cafe,meal_takeaway,store,restaurant,food,point_of_interest,establishment","fast_food,restaurant",OPERATIONAL,3.8,757.0
ChIJJUsGcd_xNIgRgUc1A7a9s1g,JAA Gift Shop & Snack Bar,"200 JHF Drive, Pittsburgh",40.4133805,-79.9205069,"meal_takeaway,store,restaurant,food,point_of_interest,establishment","fast_food,restaurant",OPERATIONAL,4.5,2.0
ChIJcWwrW9HvNIgRFgA1SWgYVj4,Golden Age Beer Company,"337 East 8th Avenue, Homestead",40.408716,-79.908202,"bar,restaurant,food,point_of_interest,establishment",restaurant,OPERATIONAL,4.8,186.0
ChIJ752HWTHuNIgRlzHm_YpBOcA,V's Pizza,United States,40.4008578,-79.9033078,"restaurant,food,point_of_interest,establishment",restaurant,OPERATIONAL,,
ChIJn6ldbiPuNIgRStJvqDbyqY8,McDonald's,"400 East Waterfront Drive, Homestead",40.4121378,-79.9099902,"cafe,store,restaurant,food,point_of_interest,establishment",restaurant,OPERATIONAL,2.6,1905.0
ChIJEyrfVSPuNIgR8l9D__vzngw,Giant Eagle Prepared Foods,"420 East Waterfront Drive, Homestead",40.41056289999999,-79.908778,"meal_takeaway,restaurant,food,point_of_interest,establishment","fast_food,restaurant",OPERATIONAL,4.3,3.0
ChIJpwEtjenvNIgRz9LxzONY6ig,It's a Wrap!,"231 East 20th Avenue, Munhall",40.4002731,-79.9012221,"restaurant,food,point_of_interest,establishment",restaurant,OPERATIONAL,3.0,2.0
ChIJ-aEIjlDxNIgRmHk5n7RId64,Bruster's Real Ice Cream,"4584 Browns Hill Road, Pittsburgh",40.4158518,-79.9247089,"bakery,store,restaurant,food,point_of_interest,establishment",restaurant,OPERATIONAL,4.7,328.0
ChIJRVRcDzvuNIgRR29cvwXyGj0,High Rollers,United States,40.4089834,-79.9057024,"restaurant,food,point_of_interest,establishment",restaurant,OPERATIONAL,,
ChIJR-aJi23xNIgRm6IPwRk-9dg,Jersey Mike's Subs,"4582 Browns Hill Road, Pittsburgh",40.4159576,-79.9247034,"meal_takeaway,store,restaurant,food,point_of_interest,establishment","fast_food,restaurant",OPERATIONAL,3.9,100.0
ChIJV-40fiXuNIgRnN2hJ1S09HA,Rainbow Kitchen Community Services,"135 E 9th Ave, Homestead",40.4062091,-79.9105794,"point_of_interest,establishment",food_bank,OPERATIONAL,4.3,51.0
ChIJjyMpdy_uNIgR1Wp9j2y-JEQ,The Salvation Army-Homestead - Food Distribution Center,"104 E 9th Ave, Homestead",40.4055381,-79.9110523,"food,point_of_interest,establishment",food_bank,OPERATIONAL,3.0,1.0
ChIJc3NWkCXuNIgR-iw3l_X9gos,Pet Food Rescue Bank,"170 E 7th Ave, Homestead",40.4071209,-79.9116157,"point_of_interest,establishment",food_bank,OPERATIONAL,4.5,6.0
ChIJg1h-OiXuNIgRNKmca6jLU6E,Steel Valley Family Center,"304 E 8th Ave, Homestead",40.4079099,-79.90891119999999,"point_of_interest,establishment",food_bank,OPERATIONAL,4.8,4.0
ChIJRw2MZi_uNIgRaP9HcLWuSuY,"Homestead Unemployed Center, Inc. - Food Distribution Center","Rainbow Kitchen, Homestead",40.4059292,-79.91196049999999,"food,point_of_interest,establishment",food_bank,OPERATIONAL,2.0,1.0
ChIJ7S8UVE7uNIgRR4eO72vKUTY,Lizzies Dairy On Whitaker,"106 Whitaker Street, Homestead",40.40143210000001,-79.8883827,"convenience_store,store,food,point_of_interest,establishment",convenience,OPERATIONAL,5.0,7.0
ChIJWQotflDuNIgR9dYBk-1-VtA,Sunoco,"1408 River Road, Homestead",40.4036296,-79.8829204,"gas_station,convenience_store,store,food,point_of_interest,establishment",convenience,OPERATIONAL,,
ChIJofAvIdbxNIgRkIoaYZBAs44,GetGo Gas Station,"430 East Waterfront Drive, Homestead",40.4124291,-79.9089066,"gas_station,cafe,convenience_store,store,food,point_of_interest,establishment",convenience,OPERATIONAL,3.2,53.0
ChIJz-_0zDzuNIgRTAb9TlhSk7Q,Chick-fil-A,"480 East Waterfront Drive, Homestead",40.41270919999999,-79.9078818,"restaurant,food,point_of_interest,establishment",restaurant,OPERATIONAL,4.5,2641.0
ChIJWUJBP0_uNIgRjP8vEgEb-4c,McClaren's Bar,"2000 Whitaker Way, Homestead",40.4031192,-79.89016939999999,"bar,restaurant,food,point_of_interest,establishment",restaurant,OPERATIONAL,3.8,69.0
ChIJEWiwWk7uNIgRcpQM7Hx6HEo,Bishop's Pizza,"114 Whitaker Street, West Homestead",40.40103549999999,-79.8879407,"restaurant,food,point_of_interest,establishment",restaurant,OPERATIONAL,4.0,211.0
ChIJr8rw-jvuNIgRFTbgL_cAVN8,Mama Pepino's,"607 William Marks Drive, Munhall",40.410236,-79.90345300000001,"restaurant,food,point_of_interest,establishment",restaurant,OPERATIONAL,4.1,254.0
ChIJLd_MQUfuNIgRs6vlXik0Dfc,DiSalla's Pizza Munhall “The Junction”,"948 East 8th Avenue, Homestead",40.40864109999999,-79.89571850000002,"restaurant,food,point_of_interest,establishment",restaurant,OPERATIONAL,4.6,602.0
ChIJYX7Qf1LvNIgRln21hROoHwM,Pittsburgh Nepali Restaurant,Munhall,40.4021053,-79.8977572,"restaurant,food,point_of_interest,establishment",restaurant,CLOSED_TEMPORARILY,,
ChIJzw3iR6LvNIgRbppEfjy6kos,House of Soul Catering & Takeout,"203 Whitaker Street, Munhall",40.4004674,-79.88684219999999,"meal_takeaway,restaurant,food,point_of_interest,establishment","fast_food,restaurant",OPERATIONAL,4.0,320.0
ChIJ24h5fu3vNIgRqfP5MmL0mCg,Rally's,"906 East 8th Avenue, Munhall",40.408932,-79.898275,"restaurant,food,point_of_interest,establishment",restaurant,OPERATIONAL,3.8,478.0
ChIJI4e51gXvNIgRHXkSwMRKh9I,T & L Eatery,"514 East 8th Avenue, Munhall",40.4087287,-79.90472129999999,"meal_takeaway,restaurant,food,point_of_interest,establishment","fast_food,restaurant",OPERATIONAL,5.0,4.0
ChIJseX6H1PvNIgRCkAmcWXmJPM,Chipotle Mexican Grill,"650 East Waterfront Drive, Homestead",40.41344460000001,-79.9044469,"restaurant,food,point_of_interest,establishment",restaurant,OPERATIONAL,2.0,383.0
ChIJH0xW4wzvNIgRX4tZpulajKM,Union Baptist Church of Swissvale Food Pantry,"2117 Collingwood Ave, Pittsburgh",40.4171858,-79.8886108,"food,point_of_interest,establishment",food_bank,OPERATIONAL,4.9,10.0
ChIJOYu02F3uNIgRdCdqq_G4Eps,Rankin Christian Center,"230 3rd Ave, Rankin",40.4121151,-79.8800284,"point_of_interest,establishment",food_bank,OPERATIONAL,4.5,107.0
ChIJg9hZR_fuNIgRHikbeumRXjE,Super Mart Braddock,"524 Braddock Avenue, Braddock",40.4038968,-79.86988989999999,"supermarket,grocery_or_supermarket,store,food,point_of_interest,establishment",grocery,OPERATIONAL,3.8,33.0
ChIJD2y5UGDuNIgROZBE5J7QaVQ,Dollar General,"2610 South Braddock Avenue, Swissvale",40.415005,-79.87748030000002,"drugstore,convenience_store,grocery_or_supermarket,health,store,food,point_of_interest,establishment",convenience,OPERATIONAL,4.1,312.0
ChIJ8aNDUmDuNIgRWJeaPO4fC1w,Super One Foods,"2601 South Braddock Avenue, Swissvale",40.415688,-79.8767312,"convenience_store,store,food,point_of_interest,establishment",convenience,OPERATIONAL,4.8,5.0
ChIJCTNLsPDuNIgRH20UYAg9KAM,Bunny's All in One Convenience Store,"603 Braddock Avenue, Braddock",40.40325350000001,-79.8683368,"convenience_store,store,food,point_of_interest,establishment",convenience,OPERATIONAL,5.0,1.0
ChIJHU-yF6LvNIgRd8DqtZUmY8Y,Brooklyn 3 market,"603 Braddock Avenue, Braddock",40.4033132,-79.868256,"convenience_store,store,food,point_of_interest,establishment",convenience,OPERATIONAL,4.5,2.0
ChIJc7P_ye_uNIgRxBPuJ5HrpJw,Fa's Market,"623 Jones Avenue, Braddock",40.40422650000001,-79.86200029999999,"convenience_store,store,food,point_of_interest,establishment",convenience,OPERATIONAL,4.6,14.0
ChIJ0erOuF_uNIgRD9qlQFntV60,Super Stop,"430 Kenmawr Avenue, Rankin",40.4118455,-79.8762192,"convenience_store,store,food,point_of_interest,establishment",convenience,OPERATIONAL,4.0,10.0
ChIJtdL8ZmfuNIgRXMKuoTgMi0E,Carl's Cafe,"337 5th Avenue, Rankin",40.4141267,-79.8816952,"convenience_store,store,food,point_of_interest,establishment",convenience,OPERATIONAL,4.6,5.0
ChIJqZvAtfPuNIgREVFw9k3regs,Emil's Lounge,"414 Hawkins Avenue, Rankin",40.4135168,-79.88029619999999,"night_club,bar,restaurant,food,point_of_interest,establishment",restaurant,OPERATIONAL,4.6,601.0
ChIJT4_jOOnuNIgRYsTSL7oV5fM,Grand View Golf Club,"1000 Clubhouse Drive, Braddock",40.403313,-79.855909,"restaurant,food,point_of_interest,establishment",restaurant,OPERATIONAL,3.9,326.0
ChIJUa9jh2XuNIgR2pi3sYotuec,Portogallo Peppers N'AT,"28 Braddock Avenue, Braddock",40.4065812,-79.8744443,"bar,restaurant,food,point_of_interest,establishment",restaurant,OPERATIONAL,4.4,713.0
ChIJf_X8kPruNIgR2PeO92P3lco,Aunt Cheryl's Cafe,"416 Library Street, Braddock",40.4014167,-79.8650114,"store,restaurant,food,point_of_interest,establishment",restaurant,OPERATIONAL,4.4,78.0
ChIJcdfUP_fuNIgRlTa2bmanE5c,BG Brewing (Brew Gentlemen),"512 Braddock Avenue, Braddock",40.4040297,-79.8701045,"bar,restaurant,food,point_of_interest,establishment",restaurant,OPERATIONAL,4.7,344.0
ChIJj3dgq_fuNIgR3QTKGNJ40ng,Lucky Frank's Irish Pub Braddock,"312 Braddock Avenue, Braddock",40.40521080000001,-79.8720779,"bar,restaurant,food,point_of_interest,establishment",restaurant,OPERATIONAL,3.5,106.0
ChIJRzmLR_fuNIgR_Oxqrw5-0es,Brassero Grill,"532 Braddock Avenue, Braddock",40.4038842,-79.8695571,"restaurant,food,point_of_interest,establishment",restaurant,OPERATIONAL,4.7,334.0
ChIJle8t-VrvNIgRB9yOoQ5rlB0,Braddock Public House,"1211 Braddock Avenue, Braddock",40.3977638,-79.86046019999999,"bar,restaurant,food,point_of_interest,establishment",restaurant,OPERATIONAL,4.8,109.0
ChIJAebUcHLvNIgRuvVgs_PHnrE,Cherish The Taste,"126 3rd Avenue, Rankin",40.41124140000001,-79.878006,"restaurant,food,point_of_interest,establishment",restaurant,OPERATIONAL,,
ChIJO_NnzrLvNIgRXVxrOsnkNiM,Asti's Italian Steakhouse,"1000 Clubhouse Drive, Braddock",40.40325790000001,-79.8558012,"bar,restaurant,food,point_of_interest,establishment",restaurant,OPERATIONAL,4.7,371.0
ChIJVVWxL_fuNIgRzE0Q9wmM2Oc,Unity Baptist Church Food Pantry - Food Distribution Center,"420 5th St, Braddock",40.4045594,-79.86949709999999,"food,point_of_interest,establishment",food_bank,OPERATIONAL,5.0,4.0
ChIJQ_LCz-_uNIgR20T5BN3ANPc,Greater Valley Community Services,"300 Holland Ave, Braddock",40.4062344,-79.8717882,"point_of_interest,establishment",food_bank,OPERATIONAL,4.8,16.0
ChIJU9j0SL7uNIgRUgXy6_HB284,Giant Eagle Supermarket,"254 Yost Boulevard-Braddock, Pittsburgh",40.4145589,-79.85567,"grocery_or_supermarket,supermarket,food,store,point_of_interest,establishment",grocery,OPERATIONAL,4.0,603.0
ChIJpeWH5s3uNIgRUx65VeMZRzI,Newsland,"824 East Pittsburgh Mall, East Pittsburgh",40.40053349999999,-79.8347751,"convenience_store,food,store,point_of_interest,establishment",convenience,OPERATIONAL,4.0,2.0
ChIJazOezIvvNIgRbv1ShZLtD7o,Pizons Market,"1536 Brinton Avenue, Braddock",40.40263119999999,-79.84186369999999,"store,convenience_store,meal_takeaway,grocery_or_supermarket,restaurant,food,point_of_interest,establishment","convenience,fast_food,restaurant",CLOSED_TEMPORARILY,4.7,23.0
ChIJ38tfT77uNIgR4IzXTg17DqY,Puff Discount Tobacco,"234 Yost Boulevard, Pittsburgh",40.415181,-79.8549042,"convenience_store,food,store,point_of_interest,establishment",convenience,OPERATIONAL,4.2,34.0
ChIJwaOJJbnuNIgRUabPQUDC8ok,Domino's Pizza,"2600 Ardmore Boulevard, Pittsburgh",40.4135312,-79.845754,"meal_delivery,meal_takeaway,restaurant,food,point_of_interest,establishment","fast_food,restaurant",OPERATIONAL,2.9,614.0
ChIJC43LvZTuNIgRYJyHURcMkkY,KFC,"278 Yost Boulevard, Pittsburgh",40.4129887,-79.8566747,"restaurant,food,point_of_interest,establishment",restaurant,OPERATIONAL,3.2,454.0
ChIJtY8Z0ynsNIgR_61FtNNqVHU,Vincent's Pizza Park,"998 Ardmore Boulevard, Pittsburgh",40.4105671,-79.8447224,"restaurant,food,point_of_interest,establishment",restaurant,OPERATIONAL,4.5,1285.0
ChIJ-yL2F0zvNIgRjl8ANlAS02c,From Scratch Catering,"1500 Electric Avenue, East Pittsburgh",40.4051743,-79.83915689999999,"meal_takeaway,restaurant,food,point_of_interest,establishment","fast_food,restaurant",OPERATIONAL,5.0,2.0
ChIJRyUgCrjuNIgRk66roXUi3fo,Tugboat’s,"105 West Street, East Pittsburgh",40.41040940000001,-79.8420194,"restaurant,food,point_of_interest,establishment",restaurant,OPERATIONAL,4.6,148.0
ChIJkUrjV5TuNIgRNWo6gPfqJSc,Zhen Choo Chinese Restaurant,"268 Yost Boulevard, Pittsburgh",40.41405689999999,-79.8556329,"restaurant,food,point_of_interest,establishment",restaurant,OPERATIONAL,4.2,138.0
ChIJhU9i3n7vNIgRUGFgM70ZK8g,Papa Johns Pizza,"272 Yost Boulevard, Pittsburgh",40.4141102,-79.855772,"restaurant,food,point_of_interest,establishment",restaurant,OPERATIONAL,3.6,74.0
ChIJY3urI7zuNIgRvdk95d0AEwA,Hunan Palace,"2360 Ardmore Boulevard, Pittsburgh",40.41555779999999,-79.8489092,"restaurant,food,point_of_interest,establishment",restaurant,OPERATIONAL,3.8,226.0
ChIJwaOJJbnuNIgR5Lm-Tt-PdG4,Jodi B's Restaurant,"2600 Ardmore Boulevard, Pittsburgh",40.4139405,-79.8471395,"restaurant,food,point_of_interest,establishment",restaurant,OPERATIONAL,4.5,706.0
ChIJZfU2xDTpNIgRp9ekxLJgh5Q,East Suburban Pantry Network,"519 Penn Ave, Turtle Creek",40.4055585,-79.8289978,"point_of_interest,establishment",food_bank,OPERATIONAL,5.0,2.0
ChIJZfU2xDTpNIgRijdxqz2ODgQ,Human Services Center Corporation - Food Distribution Center,"519 Penn Ave, Turtle Creek",40.4056508,-79.8290233,"food,point_of_interest,establishment",food_bank,OPERATIONAL,,
ChIJGdElszTpNIgRsvtFKtZUkRM,Human Services Center Mon Valley,"519 Penn Ave, Turtle Creek",40.4056241,-79.8289448,"point_of_interest,establishment",food_bank,OPERATIONAL,4.5,42.0
ChIJO9w6wuXvNIgR7o4fOvbdW6s,The Connect Center (Connected Community),"827 Linden Ave, East Pittsburgh",40.4008636,-79.8348922,"point_of_interest,establishment",food_bank,OPERATIONAL,4.6,10.0
ChIJtT25pcvuNIgRg49ws5pboP0,Dollar General,"120 Penn Avenue, Turtle Creek",40.4060025,-79.8263798,"drugstore,convenience_store,grocery_or_supermarket,food,health,store,point_of_interest,establishment",convenience,OPERATIONAL,3.6,401.0
ChIJMeQqYjbpNIgRV2mX_sBSt38,CVS,"237 Monroeville Avenue, Turtle Creek",40.4061901,-79.8232756,"drugstore,convenience_store,clothing_store,food,health,store,point_of_interest,establishment",convenience,OPERATIONAL,3.3,61.0
ChIJ2y5amFnpNIgRFJs-uA0tLJ0,Keystone mini mart inc,"932 Penn Avenue, Turtle Creek",40.4036463,-79.8244373,"convenience_store,food,store,point_of_interest,establishment",convenience,OPERATIONAL,4.1,12.0
ChIJYy70D0jpNIgRrWOWsXz33f0,7-Eleven,"423 James Street, Turtle Creek",40.4088898,-79.8190609,"convenience_store,liquor_store,cafe,restaurant,food,store,point_of_interest,establishment","convenience,restaurant",OPERATIONAL,4.1,52.0
ChIJrThMoE_pNIgRZyFANV5ZiOs,Speedy Food Mart,"557 James Street, Turtle Creek",40.4124495,-79.81879820000002,"convenience_store,atm,finance,food,store,point_of_interest,establishment",convenience,OPERATIONAL,4.0,34.0
ChIJayDWcjTpNIgRV26vHsdwjwE,Shelly Pie Pizza,"912 Penn Avenue, Turtle Creek",40.4041392,-79.82554499999999,"restaurant,food,point_of_interest,establishment",restaurant,OPERATIONAL,4.5,2016.0
ChIJcarWhEfpNIgRDiB5NH343hs,Fox's Pizza Den,"104 Church Street, Turtle Creek",40.405252,-79.8261081,"meal_delivery,restaurant,food,point_of_interest,establishment",restaurant,OPERATIONAL,3.9,136.0
ChIJr-plEjTpNIgRILBiI2x6jaM,Casey's Pizza,"922 Penn Avenue, Turtle Creek",40.4038868,-79.82473240000002,"meal_takeaway,meal_delivery,restaurant,food,point_of_interest,establishment","fast_food,restaurant",OPERATIONAL,4.0,410.0
ChIJ1-C-UDTpNIgR8_iKvfRbfjg,Pizza Palermo,"109 Penn Avenue, Turtle Creek",40.4058149,-79.82645099999999,"meal_delivery,restaurant,food,point_of_interest,establishment",restaurant,OPERATIONAL,3.7,392.0
ChIJvS7YhHbpNIgR0Op5DUS9KFg,Chicken Xpress,"930 Penn Avenue, Turtle Creek",40.4036872,-79.8245288,"meal_takeaway,restaurant,food,point_of_interest,establishment","fast_food,restaurant",OPERATIONAL,4.4,80.0
ChIJH-Yk17buNIgRO1OoBJ_YqSY,The Pike bar and Grill,"944 Greensburg Pike, East Pittsburgh",40.4143846,-79.8376383,"bar,restaurant,food,point_of_interest,establishment",restaurant,OPERATIONAL,4.6,173.0
ChIJLXHptaPpNIgRM1kWhx-zdXE,Sunoco,"479 Broadway Boulevard, Pitcairn",40.4016484,-79.77816229999999,"gas_station,convenience_store,food,store,point_of_interest,establishment",convenience,OPERATIONAL,2.9,14.0
ChIJ4SG6w7vpNIgRF_adZglOr4U,Speedway,"4363 Broadway Boulevard, Monroeville",40.398777,-79.7696762,"gas_station,convenience_store,food,store,point_of_interest,establishment",convenience,OPERATIONAL,4.0,414.0
ChIJBd1pwrvpNIgRj9w12hHne8I,Sheetz,"2100 Mosside Boulevard, Monroeville",40.3973931,-79.7684254,"convenience_store,car_wash,gas_station,cafe,liquor_store,restaurant,food,store,point_of_interest,establishment","convenience,restaurant",OPERATIONAL,3.5,128.0
ChIJjw83rQXpNIgR9xIq6ITy304,OG Mart,"378 Broadway Boulevard, Pitcairn",40.4015735,-79.7803964,"convenience_store,food,store,point_of_interest,establishment",convenience,OPERATIONAL,5.0,21.0
ChIJq4DP9ZjpNIgRJ2rXeX04H3M,Broadway Market,"468 Broadway Boulevard, Pitcairn",40.40180049999999,-79.778435,"convenience_store,food,store,point_of_interest,establishment",convenience,OPERATIONAL,5.0,3.0
ChIJD_Cg6aHpNIgRBK3rfTIbR5Y,Wall Avenue Express,"417 Wall Avenue #1320, Pitcairn",40.40395569999999,-79.7804811,"convenience_store,food,store,point_of_interest,establishment",convenience,OPERATIONAL,4.5,8.0
ChIJRdsi0bzpNIgRMeI-_KavrDg,Caputo's Friendly Inn,"936 Broadway Boulevard, Pitcairn",40.4011336,-79.7732024,"restaurant,food,point_of_interest,establishment",restaurant,OPERATIONAL,4.5,50.0
ChIJpXPRGrzpNIgRo9JbJ7ZiSq4,Lokay Lanes,"2127 Mosside Boulevard, Monroeville",40.3993471,-79.76816,"bowling_alley,bar,restaurant,food,point_of_interest,establishment",restaurant,OPERATIONAL,4.1,432.0
ChIJK0dEY6HpNIgRhByo_ARSioM,Dick's Sports Bar and Pitcairn Grill,"422 Broadway Boulevard, Pitcairn",40.4016976,-79.7795496,"bar,restaurant,food,point_of_interest,establishment",restaurant,OPERATIONAL,4.4,92.0
ChIJNe3Vr0_pNIgRy5BR4wvrT-M,T@T'S Fire Kitchen And Sweet Treats,"524 Broadway Boulevard, Pitcairn",40.4021008,-79.77727399999999,"restaurant,food,point_of_interest,establishment",restaurant,OPERATIONAL,5.0,1.0
ChIJw---uPHpNIgRnHHNU3PgQ9o,Fox's Pizza Den,"710 Broadway Boulevard, Pitcairn",40.4022215,-79.7748991,"restaurant,food,point_of_interest,establishment",restaurant,OPERATIONAL,4.3,115.0
ChIJb90k6ALpNIgR1qxzEO4smu0,Speedy Cafe,"4363 Broadway Boulevard, Monroeville",40.3986533,-79.7698858,"restaurant,food,point_of_interest,establishment",restaurant,OPERATIONAL,3.0,2.0
ChIJaZWgK4PpNIgR-KriVycxNks,Caliente Pizza and Draft House,"2125 Mosside Boulevard, Monroeville",40.39803920000001,-79.7690544,"liquor_store,store,restaurant,food,point_of_interest,establishment",restaurant,OPERATIONAL,4.0,1226.0
ChIJwcKwUKLpNIgRYaUDqE1_SSk,Pitcare Inc,"426 Center Ave, Pitcairn",40.4043421,-79.7787249,"point_of_interest,establishment",food_bank,OPERATIONAL,4.8,4.0
ChIJT6ji8O_pNIgRZTRf0d8SiRA,Cross Roads Food Pantry - Food Distribution Center,"2310 Haymaker Rd, Monroeville",40.4117265,-79.7522166,"food,point_of_interest,establishment",food_bank,OPERATIONAL,4.3,3.0
ChIJT6ji8O_pNIgRJKxUeaB2Dzs,Cross Roads Presbyterian Church,"2310 Haymaker Rd, Monroeville",40.4115144,-79.7520456,"church,place_of_worship,point_of_interest,establishment",food_bank,OPERATIONAL,4.6,17.0
ChIJU_uoZsVFNIgRJElPWRITkoA,Mousetrap,"9212 Steubenville Pike, Bulger",40.42464559999999,-80.32302969999999,"bar,restaurant,food,point_of_interest,establishment",restaurant,OPERATIONAL,4.5,410.0
ChIJKYxFfiZbNIgR0GGl_AU8WSM,North Star Restaurant,"8155 Steubenville Pike, Imperial",40.43149,-80.26331499999999,"bar,restaurant,food,point_of_interest,establishment",restaurant,OPERATIONAL,4.3,842.0
ChIJFZ6pV4RbNIgRTdFf5JDrdDs,Scott Family Farm Harvest,"1399 Oakdale Rd, Oakdale",40.4189352,-80.20143449999999,"point_of_interest,establishment",farmers_market,OPERATIONAL,,
ChIJW5pBmfFZNIgRnnEjVMwSxQo,Market Wagon Western Pennsylvania,"780 Vista Park Dr, Pittsburgh",40.4344743,-80.1365246,"point_of_interest,establishment",farmers_market,OPERATIONAL,4.8,6.0
ChIJcz-ngOZYNIgRGaGxmZtn4-k,Marathon Gas,"4695 Campbells Run Road, Pittsburgh",40.4302655,-80.1339313,"gas_station,convenience_store,store,food,point_of_interest,establishment",convenience,OPERATIONAL,2.8,54.0
ChIJc9AzDgBZNIgRhOLoBXSBCak,Marathon,"300 Campbells Run Road, Carnegie",40.4331345,-80.1385384,"convenience_store,store,food,point_of_interest,establishment",convenience,OPERATIONAL,,
ChIJRQGbJ-RYNIgRij61vZBOnVQ,Bishop's Corner Cafe,"4701 Campbells Run Road, Pittsburgh",40.4307124,-80.13503279999999,"bar,restaurant,food,point_of_interest,establishment",restaurant,OPERATIONAL,4.5,252.0
ChIJHdlSGwBZNIgRAqSqD-cNdqc,Circle Squared at Pennsbury,"1049 Pennsbury Boulevard, Pittsburgh",40.4288871,-80.100326,"restaurant,food,point_of_interest,establishment",restaurant,OPERATIONAL,5.0,4.0
ChIJTdOd35v3NIgRUthpfDeV5Ms,Hoshi,"812 Noblestown Road, Pittsburgh",40.4169474,-80.0661026,"restaurant,food,point_of_interest,establishment",restaurant,OPERATIONAL,3.3,32.0
ChIJt43KnWj2NIgRc1V2NHrN0EY,crafton-Ingram Food Pantry - Food Distribution Center,"80 Bradford Ave, Pittsburgh",40.43329809999999,-80.0650418,"food,point_of_interest,establishment",food_bank,OPERATIONAL,4.6,9.0
ChIJMzG8lmj2NIgRmrDSMX7ao_0,Crafton United Presbyterian,"80 Bradford Ave, Pittsburgh",40.4333376,-80.06511890000002,"church,place_of_worship,food,point_of_interest,establishment",food_bank,OPERATIONAL,3.8,9.0
ChIJBXt_9fr2NIgRGQpvIOX3PwM,Shanthi Supermarket,"1008 Greentree Road, Pittsburgh",40.4164867,-80.0451666,"supermarket,grocery_or_supermarket,store,food,point_of_interest,establishment",grocery,OPERATIONAL,4.7,266.0
ChIJgUU2ql_2NIgRnnI7u6uWZmw,Sunoco,"2373 Noblestown Road, Pittsburgh",40.4265897,-80.05597139999999,"gas_station,convenience_store,store,food,point_of_interest,establishment",convenience,OPERATIONAL,2.4,16.0
ChIJCYK46Wj2NIgRyMzXmaC6m1A,Dollar General,"131 Bradford Avenue, Crafton",40.4338258,-80.0668969,"convenience_store,drugstore,grocery_or_supermarket,health,store,food,point_of_interest,establishment",convenience,OPERATIONAL,3.8,296.0
ChIJQYDqWfX2NIgRrcx9El_2Yk8,7-Eleven,"2269 Noblestown Road, Pittsburgh",40.42820329999999,-80.0531116,"convenience_store,cafe,liquor_store,store,restaurant,food,point_of_interest,establishment","convenience,restaurant",OPERATIONAL,3.4,28.0
ChIJH-5Ei_r2NIgRGPJivZ2juI0,7-Eleven,"999 Greentree Road, Pittsburgh",40.41673279999999,-80.0445786,"convenience_store,cafe,liquor_store,store,restaurant,food,point_of_interest,establishment","convenience,restaurant",OPERATIONAL,3.5,23.0
ChIJza5yIgb3NIgReZ47XFSHFMY,Noblestown Shop,"2300 Noblestown Road floor 1, Pittsburgh",40.4278512,-80.05434369999999,"convenience_store,store,food,point_of_interest,establishment",convenience,OPERATIONAL,,
ChIJDf736fD2NIgRaZvD0wYOnEY,Marathon Gas,"956 Greentree Road, Pittsburgh",40.4196559,-80.04650199999999,"gas_station,convenience_store,store,food,point_of_interest,establishment",convenience,OPERATIONAL,2.4,30.0
ChIJP2y7EgP3NIgRNaRneogzgPg,Beer Lime & Sunshine Greentree,"983 Greentree Road, Pittsburgh",40.41827560000001,-80.045214,"convenience_store,atm,finance,store,food,point_of_interest,establishment",convenience,OPERATIONAL,4.3,62.0
ChIJE_xZ2If3NIgRRRg2y16AOwQ,Super Beer World,"2121 Noblestown Road, Pittsburgh",40.43007459999999,-80.0520543,"convenience_store,grocery_or_supermarket,liquor_store,store,food,point_of_interest,establishment",convenience,OPERATIONAL,3.8,90.0
ChIJaXW2-_D2NIgRv_-Cc7QZr4I,Olive Garden Italian Restaurant,"971 Greentree Road, Pittsburgh",40.419827,-80.04571899999999,"meal_takeaway,bar,restaurant,food,point_of_interest,establishment","fast_food,restaurant",OPERATIONAL,4.2,2886.0
ChIJBZR0o1_2NIgRmZ3Gefvj3u8,Subway,"2351 Noblestown Road, Pittsburgh",40.4267428,-80.0553103,"meal_takeaway,restaurant,food,point_of_interest,establishment","fast_food,restaurant",OPERATIONAL,3.0,106.0
ChIJFdcDP1r2NIgR-NdiIUxgdo4,Foster's Restaurant & Catering,"680 Andersen Drive # 10, Pittsburgh",40.420895,-80.060234,"restaurant,food,point_of_interest,establishment",restaurant,OPERATIONAL,4.0,24.0
ChIJvaZFbl72NIgRrceegYrD_-0,Bowlero Pittsburgh,"2440 Noblestown Road, Pittsburgh",40.4277004,-80.0582517,"bowling_alley,bar,restaurant,food,store,point_of_interest,establishment",restaurant,OPERATIONAL,4.2,680.0
ChIJBZR0o1_2NIgRSCYvsmM7xIo,Ugly Dog Saloon,"2351 Noblestown Road #1, Pittsburgh",40.4267498,-80.0555578,"bar,restaurant,food,point_of_interest,establishment",restaurant,OPERATIONAL,4.1,392.0
ChIJ_4Hwifr2NIgRcjX_oQZSSJk,Mario's Pizza,"1000 Greentree Road, Pittsburgh",40.4175472,-80.0455243,"meal_takeaway,restaurant,food,point_of_interest,establishment","fast_food,restaurant",OPERATIONAL,4.1,342.0
ChIJcauDkV_2NIgRyLI1_evbkPk,Taco Bell,"2343 Noblestown Road, Pittsburgh",40.4272245,-80.0541661,"meal_takeaway,restaurant,food,point_of_interest,establishment","fast_food,restaurant",OPERATIONAL,3.1,954.0
ChIJBZR0o1_2NIgR8GWp4iNKSSw,Phong May House,"2351 Noblestown Road, Pittsburgh",40.42683700000001,-80.05506199999999,"meal_delivery,restaurant,food,point_of_interest,establishment",restaurant,OPERATIONAL,3.3,103.0
ChIJnXe5VvT2NIgRz7jJxAs1LUU,McDonald's,"1 Poplar Street, Pittsburgh",40.4274512,-80.0533966,"cafe,restaurant,food,store,point_of_interest,establishment",restaurant,OPERATIONAL,3.3,1352.0
ChIJb1vGv1_2NIgRSBcItOk_ru0,Mineo's Pizza,"2350 Noblestown Road, Pittsburgh",40.42749999999999,-80.055601,"meal_delivery,restaurant,food,point_of_interest,establishment",restaurant,OPERATIONAL,4.0,310.0
ChIJdz2ujfD2NIgRp2FS9LCcW5Y,Starbucks Coffee Company,"971 Greentree Road, Pittsburgh",40.41907999999999,-80.04566,"cafe,restaurant,food,store,point_of_interest,establishment",restaurant,OPERATIONAL,4.2,1095.0
ChIJu3SaTPX2NIgR74g_OkXoxZ0,China Buffet King,"2249 Noblestown Road, Pittsburgh",40.4284873,-80.0525127,"restaurant,food,point_of_interest,establishment",restaurant,OPERATIONAL,3.7,1940.0
ChIJb1vGv1_2NIgRTz6RVpyC9Do,Angkor - Cambodian Thai Cuisine,"2350 Noblestown Road # 18, Pittsburgh",40.4271138,-80.0562528,"restaurant,food,point_of_interest,establishment",restaurant,OPERATIONAL,4.7,483.0
ChIJcRE8sXbxNIgRCl1ddzPyiMA,Cucina Vitale,"661 Andersen Drive #100, Pittsburgh",40.420751,-80.0641632,"restaurant,food,point_of_interest,establishment",restaurant,OPERATIONAL,4.6,471.0
ChIJqSXJJFj2NIgRUcJBHrUqm7g,Champions Club,"500 Mansfield Avenue, Pittsburgh",40.4183877,-80.059372,"bar,restaurant,food,point_of_interest,establishment",restaurant,OPERATIONAL,3.8,101.0
ChIJuxIWAF_2NIgRfVgS0umaMyo,Burger King,"2379 Noblestown Road, Pittsburgh",40.42627720000001,-80.05653079999999,"restaurant,food,point_of_interest,establishment",restaurant,OPERATIONAL,2.6,1029.0
ChIJD_T-P_X2NIgRnQ6t0Wluf-A,Pizza Hut,"7 Poplar Street, Pittsburgh",40.4274081,-80.0530145,"meal_delivery,meal_takeaway,restaurant,food,point_of_interest,establishment","fast_food,restaurant",OPERATIONAL,3.2,555.0
ChIJb1vGv1_2NIgRenmWzsqUhas,Wiggy’s,"2350 Noblestown Road, Pittsburgh",40.4275898,-80.0553217,"restaurant,food,point_of_interest,establishment",restaurant,OPERATIONAL,4.3,466.0
ChIJb1vGv1_2NIgRHMolqSfzEd4,Blinky's Noble Grill & Bar,"2350 Noblestown Road # 11, Pittsburgh",40.42765629999999,-80.0551851,"bar,restaurant,food,point_of_interest,establishment",restaurant,OPERATIONAL,4.3,444.0
ChIJb1vGv1_2NIgRIDgpsjE9d3Q,Eggs R Us,"2350 Noblestown Road, Pittsburgh",40.42753,-80.0555318,"restaurant,food,point_of_interest,establishment",restaurant,OPERATIONAL,4.0,654.0
ChIJ_25qYfr2NIgRnrXIPix3PVA,Aracri's Greentree Inn Restaurant,"1006 Greentree Road, Pittsburgh",40.4169306,-80.0453607,"restaurant,food,point_of_interest,establishment",restaurant,OPERATIONAL,4.3,297.0
ChIJ73nwhvD2NIgRv504qDGApHI,Einstein Bros. Bagels,"979 Greentree Road, Pittsburgh",40.4184727,-80.0454372,"bakery,cafe,store,restaurant,food,point_of_interest,establishment",restaurant,OPERATIONAL,4.0,585.0
ChIJJZ5vVPX2NIgRSxdM1T5midk,Arby's,"2251 Noblestown Road, Crafton",40.4285209,-80.05309249999999,"meal_takeaway,store,restaurant,food,point_of_interest,establishment","fast_food,restaurant",OPERATIONAL,4.0,642.0
ChIJ_8x4WV72NIgRdHZtt9X8GVU,Brighton Hot Dog Shoppe,"2401 Noblestown Road, Pittsburgh",40.426838,-80.057265,"restaurant,food,point_of_interest,establishment",restaurant,OPERATIONAL,4.4,1090.0
ChIJlRGtqor2NIgROYUiwpdjbGg,Wendy's,"2237 Noblestown Road, Pittsburgh",40.4290379,-80.0532206,"restaurant,food,point_of_interest,establishment",restaurant,OPERATIONAL,3.4,1024.0
ChIJveFZXZD3NIgRSamEfW2eHwM,Fired Up Brick Oven Tap House,"2749 Noblestown Road, Pittsburgh",40.4211472,-80.0667106,"restaurant,food,point_of_interest,establishment",restaurant,OPERATIONAL,4.6,90.0
ChIJK6A0AQD3NIgRP3PzojtRvXg,DoubleTree Bistro and Marketplace,"101 DoubleTree Drive, Pittsburgh",40.4185258,-80.0594729,"restaurant,food,point_of_interest,establishment",restaurant,OPERATIONAL,4.0,2.0
ChIJXY9vDgD3NIgRWrRk2IlU_b8,Chipotle Mexican Grill,"978 Greentree Road, Pittsburgh",40.4181021,-80.04611709999999,"restaurant,food,point_of_interest,establishment",restaurant,OPERATIONAL,2.9,253.0
ChIJXWzfzN73NIgRJIHvNfbSpiw,Jersey Mike's Subs,"987 Greentree Road Suite 101, Pittsburgh",40.4181123,-80.0451465,"meal_takeaway,store,restaurant,food,point_of_interest,establishment","fast_food,restaurant",OPERATIONAL,3.9,57.0
ChIJsRlsnIr2NIgRhMWMKrdRWY4,Sammy's Pizzeria,"2145 Noblestown Road, Pittsburgh",40.430138,-80.053179,"restaurant,food,point_of_interest,establishment",restaurant,OPERATIONAL,4.4,312.0
ChIJnWRR-sj3NIgRBuBTQ5qU6-g,CARIBBEAN - SOUTH ASIAN BAZAAR,"2165 Noblestown Road, Pittsburgh",40.4298846,-80.0531467,"grocery_or_supermarket,jewelry_store,store,restaurant,food,point_of_interest,establishment",restaurant,OPERATIONAL,4.6,101.0
ChIJR2BmQLv3NIgR2DV26Fa5DtI,Farmers Market - Green Tree Park,"905 Greentree Rd, Pittsburgh",40.4213945,-80.0422241,"point_of_interest,establishment",farmers_market,OPERATIONAL,4.0,21.0
ChIJmTUbCwD3NIgR-3yLoLKjfT4,MJ's Convenience Store,"265 Oakville Drive, Pittsburgh",40.41834739999999,-80.0355269,"convenience_store,food,store,point_of_interest,establishment",convenience,OPERATIONAL,3.0,6.0
ChIJN2q_Pu32NIgRkLq00CgD7ZA,The Alcove,"875 Greentree Road Building 7 suite 110, Pittsburgh",40.42461120000001,-80.0408305,"bar,restaurant,food,point_of_interest,establishment",restaurant,OPERATIONAL,4.4,336.0
ChIJT3VNbcL2NIgRJhpHdjLRND0,Pittsburgh Barbecue Company,"1000 Banksville Avenue, Pittsburgh",40.4203608,-80.0306725,"restaurant,food,point_of_interest,establishment",restaurant,CLOSED_TEMPORARILY,4.2,331.0
ChIJa_26Rt32NIgR_dkqGwuJicE,Eat'n Park,"1250 Banksville Road, Pittsburgh",40.4171247,-80.03013969999999,"meal_takeaway,restaurant,food,point_of_interest,establishment","fast_food,restaurant",OPERATIONAL,4.1,2693.0
ChIJwxzWIcL2NIgR2B0PL08Qfl8,All The Best Catering,"1000 Banksville Road, Pittsburgh",40.4203836,-80.0306531,"restaurant,food,point_of_interest,establishment",restaurant,OPERATIONAL,4.5,8.0
ChIJc9Rc8U_3NIgRFCkqaG_ixJ4,Surati Egg’s,"659 Oaklynn Court, Pittsburgh",40.4152291,-80.0344791,"restaurant,food,point_of_interest,establishment",restaurant,OPERATIONAL,4.0,1.0
ChIJA1ofPVH3NIgRmZbefyBqoDo,Farmer's Fridge,"Located in the 1st floor cafeteria, 4 Parkway Center Drive South, Pittsburgh",40.42679649999999,-80.0404164,"restaurant,food,point_of_interest,establishment",restaurant,OPERATIONAL,,
ChIJTYKYWUvxNIgRgTBQ97F4VQY,Mt Washington Shop 'n Save,"125 Virginia Avenue, Pittsburgh",40.4295796,-80.0079019,"grocery_or_supermarket,supermarket,store,food,point_of_interest,establishment",grocery,OPERATIONAL,4.0,865.0
ChIJD5VCb7j2NIgRRI6AzFvNtz8,bp,"910 Saw Mill Run Boulevard, Pittsburgh",40.42669499999999,-80.022435,"gas_station,car_wash,supermarket,grocery_or_supermarket,store,food,point_of_interest,establishment",grocery,OPERATIONAL,3.9,39.0
ChIJ2d_lV9j3NIgRo42zAkMo0uQ,Amoco,"304 Virginia Avenue, Pittsburgh",40.43133599999999,-80.01089,"gas_station,supermarket,grocery_or_supermarket,store,food,point_of_interest,establishment",grocery,OPERATIONAL,3.7,9.0
ChIJDytFa7P2NIgRsfF2Z7wu9VE,Coen Markets,"20 Bailey Avenue, Pittsburgh",40.4266461,-80.0047996,"convenience_store,cafe,meal_takeaway,gas_station,store,restaurant,food,point_of_interest,establishment","convenience,fast_food,restaurant",OPERATIONAL,3.8,35.0
ChIJkRM3b0vxNIgRznJgHdqoL7I,Taste Buds,"1 Virginia Avenue, Pittsburgh",40.4290928,-80.00695619999999,"gas_station,convenience_store,store,food,point_of_interest,establishment",convenience,OPERATIONAL,2.0,29.0
ChIJ0UhuITf3NIgRlbrMNHYK3ck,Coen Markets,"304 Virginia Avenue, Pittsburgh",40.43142089999999,-80.0108109,"convenience_store,cafe,gas_station,store,food,point_of_interest,establishment",convenience,OPERATIONAL,2.6,17.0
ChIJNeGZU0rxNIgRF4szdKzPtMI,La Tavola Italiana Restaurant,"1 Boggs Avenue, Pittsburgh",40.4268002,-80.0056614,"restaurant,food,point_of_interest,establishment",restaurant,OPERATIONAL,4.5,511.0
ChIJWadOn0zxNIgRPJqu5d6Ng48,Subway,"219 Shiloh Street, Pittsburgh",40.4301166,-80.0072474,"meal_takeaway,restaurant,food,point_of_interest,establishment","fast_food,restaurant",CLOSED_TEMPORARILY,3.8,93.0
ChIJ07YvcLH2NIgRYuOrEBUNga0,Bigham Tavern,"321 Bigham Street, Pittsburgh",40.4324472,-80.0151867,"restaurant,food,point_of_interest,establishment",restaurant,OPERATIONAL,4.5,1971.0
ChIJsZMZQkvxNIgRTT3U6FiRBx4,KAVSAR RESTAURANT,"16 Southern Avenue, Pittsburgh",40.4288994,-80.0073827,"restaurant,food,point_of_interest,establishment",restaurant,OPERATIONAL,4.4,768.0
ChIJSwaAUkrxNIgROMtq9x4yXuI,Fox's Pizza Den,"6 Bailey Avenue, Pittsburgh",40.42692660000001,-80.0053046,"meal_delivery,restaurant,food,point_of_interest,establishment",restaurant,OPERATIONAL,4.0,231.0
ChIJQWJcZ0vxNIgR4EY0p31x-BU,J & J's Family Restaurant & Catering,"300 Shiloh Street, Pittsburgh",40.4293073,-80.00748999999999,"restaurant,food,point_of_interest,establishment",restaurant,OPERATIONAL,4.6,844.0
ChIJG0uen0zxNIgRBjtdPaMJR1c,Beer Buzz,"223 Shiloh Street, Pittsburgh",40.42990829999999,-80.0073001,"liquor_store,bar,restaurant,food,store,place_of_worship,point_of_interest,establishment",restaurant,OPERATIONAL,3.8,209.0
ChIJf5RtZEv3NIgRzDhK7rFVIJo,Taqueria El Buen Pastor Food Truck,"1329 West Liberty Avenue, Pittsburgh",40.4109933,-80.012039,"restaurant,food,point_of_interest,establishment",restaurant,OPERATIONAL,5.0,3.0
ChIJDWitM3PxNIgR9rbPqxoUDTw,KavsarExpress,"918 Saw Mill Run Boulevard, Pittsburgh",40.4265892,-80.0221571,"restaurant,food,point_of_interest,establishment",restaurant,OPERATIONAL,,
ChIJ2RRre0vxNIgRuxbJ4vUVihI,Coughlin's Law Kitchen and Ale House,"10 Virginia Avenue, Pittsburgh",40.4293283,-80.0066342,"bar,restaurant,food,point_of_interest,establishment",restaurant,OPERATIONAL,4.4,1507.0
ChIJPy82mmztNIgR7tCHRZTuVnc,Joe Cestone's Pizzeria,"200 Virginia Avenue, Pittsburgh",40.430781,-80.0095917,"restaurant,food,point_of_interest,establishment",restaurant,OPERATIONAL,4.5,462.0
ChIJIdiM0l7xNIgRe08rUtN7nDU,Eggs & Moore,"221 Shiloh Street, Pittsburgh",40.43003,-80.0072239,"restaurant,food,point_of_interest,establishment",restaurant,OPERATIONAL,4.7,356.0
ChIJncbtvEzxNIgRtSOWudAmLC4,Sesame Garden,"202 Shiloh Street, Pittsburgh",40.43059,-80.0076212,"meal_delivery,restaurant,food,point_of_interest,establishment",restaurant,OPERATIONAL,4.2,376.0
ChIJAdA7-yvxNIgRmmMcB7vqnQ0,Shiloh Plate & Pour,"201 Shiloh Street, Pittsburgh",40.4305446,-80.00721039999999,"restaurant,food,point_of_interest,establishment",restaurant,OPERATIONAL,4.8,97.0
ChIJ97bZIDvxNIgRldtplCLSAPI,Gordo's Tacos & Tequila,"131 Shiloh Street, Pittsburgh",40.4307788,-80.0072239,"restaurant,food,point_of_interest,establishment",restaurant,OPERATIONAL,4.4,506.0
ChIJwW2TOhvxNIgRjQgQNnvtL1g,Shiloh Gastro,"123 Shiloh Street, Pittsburgh",40.4309853,-80.0070227,"restaurant,food,point_of_interest,establishment",restaurant,OPERATIONAL,4.4,1298.0
ChIJEah27kXxNIgRdqWuLlW8ph4,Just Harvest,"317 E Carson St, Pittsburgh",40.4298819,-79.9967025,"point_of_interest,establishment",food_bank,OPERATIONAL,4.6,83.0
ChIJYUpqODnxNIgRXZDV4SDeX34,A Giving Heart,"816 Climax St, Pittsburgh",40.4199516,-79.9929379,"point_of_interest,establishment",food_bank,OPERATIONAL,4.5,20.0
ChIJw6UeJELxNIgRWQ_pklHs2ZI,bp,"1006 East Carson Street, Pittsburgh",40.42852999999999,-79.988255,"gas_station,supermarket,grocery_or_supermarket,store,food,point_of_interest,establishment",grocery,OPERATIONAL,2.9,52.0
ChIJGfgGUjjxNIgRocs6ynNPgmw,Dollar General,"700 East Warrington Avenue, Pittsburgh",40.4215059,-79.9954899,"drugstore,convenience_store,grocery_or_supermarket,store,health,food,point_of_interest,establishment",convenience,OPERATIONAL,3.6,405.0
ChIJKTKXqW7xNIgREEpbGfQpITY,GetGo,"117 South 18th Street, Pittsburgh",40.4275466,-79.9803987,"convenience_store,cafe,store,food,point_of_interest,establishment",convenience,OPERATIONAL,2.1,95.0
ChIJH1lbamnxNIgR3tXJWeYo_YU,Carson News & Lottery,"1404 East Carson Street, Pittsburgh",40.4286979,-79.98387129999999,"convenience_store,grocery_or_supermarket,store,food,point_of_interest,establishment",convenience,OPERATIONAL,4.6,21.0
ChIJ101t_j3xNIgRraNvthfg5nc,Sunoco,"1643 Arlington at 18th St, Pittsburgh",40.41799399999999,-79.9866016,"gas_station,atm,convenience_store,finance,car_repair,store,food,point_of_interest,establishment",convenience,OPERATIONAL,2.2,21.0
ChIJParmLULxNIgRNEPUEYQQQxU,Coen Markets,"925 East Carson Street, Pittsburgh",40.42884000000001,-79.9889532,"convenience_store,gas_station,cafe,meal_takeaway,store,restaurant,food,point_of_interest,establishment","convenience,fast_food,restaurant",OPERATIONAL,2.6,31.0
ChIJdRZBv1jxNIgRnCH8RqILf9Y,Oliver market,"202 Brownsville Road, Mount Oliver",40.41580039999999,-79.9873526,"convenience_store,store,food,point_of_interest,establishment",convenience,OPERATIONAL,5.0,2.0
ChIJjWiS0gjxNIgR21nZBy_WdKs,super snacks mart,"817 East Warrington Avenue, Pittsburgh",40.4219454,-79.9930279,"convenience_store,store,food,point_of_interest,establishment",convenience,OPERATIONAL,5.0,5.0
ChIJm9qKRT_xNIgRrZgBdBvoeEI,Daily Mart,"1125 Arlington Avenue, Pittsburgh",40.4221105,-79.9917025,"convenience_store,store,food,point_of_interest,establishment",convenience,OPERATIONAL,4.4,25.0
ChIJ8bKjaSn5NIgRlYGdt6JGVZ8,Royal Ink Lounge,"1205 East Carson Street #1, Pittsburgh",40.4288348,-79.9860978,"convenience_store,night_club,bar,store,food,point_of_interest,establishment",convenience,OPERATIONAL,,
ChIJbYUqHRLxNIgRuUxKMWVkyxY,Arlington Mart,"2208 Arlington Avenue, Pittsburgh",40.4169806,-79.9755097,"convenience_store,store,food,point_of_interest,establishment",convenience,OPERATIONAL,3.8,36.0
ChIJif5dGgDxNIgRGeHISaENNjg,Quick stop convenience store vape shop,"1506 East Carson Street, Pittsburgh",40.4286768,-79.9830941,"convenience_store,store,food,point_of_interest,establishment",convenience,OPERATIONAL,5.0,2.0
ChIJO-B4-LXxNIgRRQb8lHes_30,Bunny’s all in one convenience store,"1728 East Carson Street, Pittsburgh",40.4285784,-79.9810547,"convenience_store,store,food,point_of_interest,establishment",convenience,OPERATIONAL,5.0,4.0
ChIJuTAU9L7xNIgRXZZFGkTvvD0,grand mart,"2401 Arlington Avenue, Pittsburgh",40.4175896,-79.9728167,"convenience_store,store,food,point_of_interest,establishment",convenience,OPERATIONAL,3.3,7.0
ChIJgShrzD7xNIgRS__rrT3vz5w,VIRAL,"1903 East Carson Street, Pittsburgh",40.42885,-79.978859,"clothing_store,convenience_store,store,food,point_of_interest,establishment",convenience,OPERATIONAL,4.1,22.0
ChIJufCTCULxNIgRf0ML_NvB4Kg,Club Cafe,"56 South 12th Street, Pittsburgh",40.4289403,-79.9866582,"cafe,bar,restaurant,food,store,point_of_interest,establishment",restaurant,OPERATIONAL,4.5,261.0
ChIJdZjQx27xNIgROx5Oy5ORrK0,Fat Head's Saloon,"1805 East Carson Street, Pittsburgh",40.42896669999999,-79.9801756,"bar,restaurant,food,point_of_interest,establishment",restaurant,OPERATIONAL,4.5,3137.0
ChIJA8Cr32vxNIgRTtKdJVxfpH8,Dish Osteria Bar,"128 South 17th Street, Pittsburgh",40.4275025,-79.98230699999999,"restaurant,food,point_of_interest,establishment",restaurant,OPERATIONAL,4.9,639.0
ChIJSeDjv27xNIgR1sjjqaBqtFQ,Piper's Pub,"1828 East Carson Street, Pittsburgh",40.4284687,-79.9794312,"bar,restaurant,food,point_of_interest,establishment",restaurant,OPERATIONAL,4.7,1729.0
ChIJv--DbWnxNIgRR7NSNMmRJOA,Mario's South Side Saloon,"1514 East Carson Street, Pittsburgh",40.4286863,-79.98289869999999,"bar,restaurant,food,point_of_interest,establishment",restaurant,OPERATIONAL,4.1,954.0
ChIJzcfPD0LxNIgRtxMnMJi_aes,Cafe Du Jour,"1107 East Carson Street, Pittsburgh",40.4288953,-79.98714489999999,"restaurant,food,point_of_interest,establishment",restaurant,OPERATIONAL,4.8,257.0
ChIJizwqlW7xNIgRYil6lwmWaow,Primanti Bros. Restaurant and Bar,"1832 East Carson Street, Pittsburgh",40.4284213,-79.97930869999999,"bar,restaurant,food,point_of_interest,establishment",restaurant,OPERATIONAL,4.2,1382.0
ChIJ0_8rgEbxNIgRJcipFcef-zE,Domino's Pizza,"1001 East Carson Street, Pittsburgh",40.4288781,-79.9883893,"meal_takeaway,meal_delivery,restaurant,food,point_of_interest,establishment","fast_food,restaurant",OPERATIONAL,3.4,871.0
ChIJPbrJmGnxNIgRrKisk-sNAaE,Capo's,"1401 East Carson Street, Pittsburgh",40.4289739,-79.98400629999999,"bar,restaurant,food,point_of_interest,establishment",restaurant,OPERATIONAL,4.1,500.0
ChIJkzGx7mnxNIgRrlpDs9Ha1Fk,Dairy Queen Grill & Chill,"1223 East Carson Street, Pittsburgh",40.42889899999999,-79.9854865,"restaurant,food,store,point_of_interest,establishment",restaurant,OPERATIONAL,3.8,535.0
ChIJH_WOv27xNIgR4PtLJQKA2uw,Burger King,"1820 East Carson Street, Pittsburgh",40.4284865,-79.97958679999999,"restaurant,food,point_of_interest,establishment",restaurant,OPERATIONAL,2.9,1533.0
ChIJY4oV6DjxNIgRmaNZyV7lqY8,Alla Famiglia,"804 East Warrington Avenue, Pittsburgh",40.4216311,-79.993466,"bar,restaurant,food,point_of_interest,establishment",restaurant,OPERATIONAL,4.7,1428.0
ChIJI9o3dWnxNIgRXq1o9TSzds0,Gennaro’s Pizza,"1417 East Carson Street, Pittsburgh",40.4289601,-79.9834983,"restaurant,food,store,point_of_interest,establishment",restaurant,OPERATIONAL,3.8,467.0
ChIJ3wKdPGnxNIgRiJtL1pd8CF8,South Side BBQ Company,"75 South 17th Street, Pittsburgh",40.429375,-79.98178500000002,"restaurant,food,point_of_interest,establishment",restaurant,OPERATIONAL,4.0,406.0
ChIJwVp98DjxNIgRXUNgcwCduIk,Breakfast at Shelly's,"740 East Warrington Avenue, Pittsburgh",40.42170420000001,-79.99418709999999,"restaurant,food,point_of_interest,establishment",restaurant,OPERATIONAL,4.4,488.0
ChIJw-nExTjxNIgRxv_bo1Oofp4,Leon's Caribbean Restaurant,"823 East Warrington Avenue, Pittsburgh",40.42190099999999,-79.9928179,"restaurant,food,point_of_interest,establishment",restaurant,OPERATIONAL,4.1,584.0
ChIJSZ0k9kXxNIgRgxF44U8rvBM,Chace's Cafe',"301 East Carson Street, Pittsburgh",40.429707,-79.997613,"restaurant,food,point_of_interest,establishment",restaurant,OPERATIONAL,4.7,300.0
ChIJjxOdCELxNIgREF2hytDWW6w,Streets,"1120 East Carson Street, Pittsburgh",40.4286135,-79.986628,"restaurant,art_gallery,bar,food,point_of_interest,establishment",restaurant,OPERATIONAL,4.6,463.0
ChIJWajYRm7xNIgR7zRgTaPbdrw,Jack's Bar,"1117 East Carson Street, Pittsburgh",40.4288589,-79.9866309,"bar,restaurant,food,point_of_interest,establishment",restaurant,OPERATIONAL,4.3,1008.0
ChIJPQBa7mnxNIgRrZuzs6OPCuc,Twelve Whiskey Barbecue,"1222 East Carson Street, Pittsburgh",40.4286318,-79.9854843,"bar,restaurant,food,point_of_interest,establishment",restaurant,OPERATIONAL,4.1,638.0
ChIJ0f005GnxNIgR97iNHfJPwho,The Urban Tap - Southside,"1209 East Carson Street, Pittsburgh",40.4289593,-79.9859142,"bar,restaurant,food,point_of_interest,establishment",restaurant,OPERATIONAL,4.4,1154.0
ChIJe1ws7mnxNIgRO0liAjIzxa0,Doce Taqueria,"1302 East Carson Street, Pittsburgh",40.4286123,-79.98512360000001,"restaurant,food,point_of_interest,establishment",restaurant,OPERATIONAL,4.6,920.0
ChIJRZ2ndmnxNIgR8ubLmtt-fhs,The Flats on Carson,"1500 East Carson Street, Pittsburgh",40.428688,-79.9833316,"bar,restaurant,food,point_of_interest,establishment",restaurant,OPERATIONAL,3.5,295.0
ChIJUcZs5GnxNIgRDlz3mm9blf8,Kassab's Lebanese Cuisine,"1207 East Carson Street, Pittsburgh",40.42883519999999,-79.9860751,"restaurant,food,point_of_interest,establishment",restaurant,OPERATIONAL,4.6,455.0
ChIJL0JqlW7xNIgROHXbs7EmFGo,The Pub Chip Shop,"1830 East Carson Street, Pittsburgh",40.4285617,-79.97934359999999,"restaurant,food,point_of_interest,establishment",restaurant,OPERATIONAL,4.7,669.0
ChIJu8_ZdWnxNIgR8N1ozNLZCRY,Mike & Tony's Gyros,"1414 East Carson Street, Pittsburgh",40.4286542,-79.98358019999999,"restaurant,food,point_of_interest,establishment",restaurant,OPERATIONAL,4.5,1312.0
ChIJz1REkm7xNIgRaCxSYHQ0JeQ,Benny Fierro's,"1906 East Carson Street, Pittsburgh",40.4284803,-79.97883,"meal_takeaway,bar,restaurant,food,point_of_interest,establishment","fast_food,restaurant",OPERATIONAL,4.7,1218.0
ChIJ0fRwkm7xNIgR4aK-gr_V2RY,Carmella's Plates & Pints,"1908 East Carson Street, Pittsburgh",40.4284942,-79.97872679999999,"restaurant,bar,food,point_of_interest,establishment",restaurant,OPERATIONAL,4.6,1036.0
ChIJD2K7dGnxNIgRzr9L22s5MRg,Finn Mc Cools,"1501 East Carson Street, Pittsburgh",40.4289747,-79.98330279999999,"bar,restaurant,food,point_of_interest,establishment",restaurant,OPERATIONAL,3.8,129.0
ChIJxcJGkWnxNIgRsawoXbX2jrU,Dee's Cafe,"1314 East Carson Street, Pittsburgh",40.4287121,-79.9846855,"bar,restaurant,food,point_of_interest,establishment",restaurant,OPERATIONAL,4.5,587.0
ChIJaTTi3hXxNIgRB4gYqFZVmWU,Cambod-Ican Kitchen Restaurant,"1701 East Carson Street, Pittsburgh",40.4289631,-79.9819119,"restaurant,food,point_of_interest,establishment",restaurant,OPERATIONAL,4.6,809.0
ChIJZwS5nD3xNIgRDMaWWR5xqDY,Maietta's Restaurant,"203 Brownsville Road, Pittsburgh",40.415715,-79.98704,"meal_delivery,restaurant,food,point_of_interest,establishment",restaurant,OPERATIONAL,4.0,314.0
ChIJW8GZyW7xNIgRbBA2PEWplXk,Bruegger's Bagels,"1801 East Carson Street, Pittsburgh",40.4289598,-79.9803494,"bakery,cafe,restaurant,food,store,point_of_interest,establishment",restaurant,OPERATIONAL,4.4,318.0
ChIJV0iQSDjxNIgRzGYFE9hqmpQ,Onion Maiden,"639 East Warrington Avenue, Pittsburgh",40.421899,-79.995961,"restaurant,food,point_of_interest,establishment",restaurant,CLOSED_TEMPORARILY,4.8,798.0
ChIJPea1RXLxNIgR8KLh_YSAPGs,Flavor of Puerto Rico,"160 Brownsville Road, Pittsburgh",40.4159448,-79.987268,"restaurant,food,point_of_interest,establishment",restaurant,OPERATIONAL,4.1,198.0
ChIJmcTXcwDxNIgRTBynuGh9b9o,That new wing spot,"130 Brownsville Road, Pittsburgh",40.4168452,-79.98708429999999,"restaurant,food,point_of_interest,establishment",restaurant,OPERATIONAL,4.7,106.0
ChIJPaqsGAnxNIgRBuU7eZDqeSc,Momma Gayle’s Soulfood cafe/THAT NEW WING SPOT,"130 Brownsville Road, Pittsburgh",40.4168452,-79.98708429999999,"restaurant,food,point_of_interest,establishment",restaurant,CLOSED_TEMPORARILY,4.4,56.0
ChIJqd6KkGnxNIgRRAxQ-Cq5Has,Sal's Pizza,"1322 East Carson Street, Pittsburgh",40.42872439999999,-79.9844052,"meal_delivery,meal_takeaway,restaurant,food,point_of_interest,establishment","fast_food,restaurant",OPERATIONAL,4.1,252.0
ChIJacRnWEzxNIgRlASbmKq92G8,ChicK-in Tha Mixx,"152 Dawes Street, Pittsburgh",40.4156059,-79.9802282,"restaurant,food,point_of_interest,establishment",restaurant,OPERATIONAL,,
ChIJb2a-1drxNIgR6frl-1OAOyI,Cilantro & Ajo South Side,"901 East Carson Street, Pittsburgh",40.42877669999999,-79.9896928,"restaurant,food,point_of_interest,establishment",restaurant,OPERATIONAL,4.6,909.0
ChIJ1f0hhxHxNIgRoKGYhYTNOW0,BAR 21,"2100 Spring Street, Pittsburgh",40.41689580000001,-79.9775999,"bar,restaurant,food,point_of_interest,establishment",restaurant,OPERATIONAL,4.7,44.0
ChIJZd0nQGnxNIgRVWIUfq3N0l0,Carson Street Deli & Craft Beer Bar,"1507 East Carson Street, Pittsburgh",40.428932,-79.98311,"meal_takeaway,bar,store,restaurant,food,point_of_interest,establishment",fast_food,OPERATIONAL,4.6,573.0
ChIJoeWJvRzxNIgRHdsBO4ggxnY,Layne's Chicken Fingers - Pittsburgh,"1210 East Carson Street, Pittsburgh",40.4285806,-79.98588819999999,"meal_delivery,meal_takeaway,restaurant,food,point_of_interest,establishment",fast_food,OPERATIONAL,4.7,192.0
ChIJt93ZEBzxNIgR4VI5iZ60IW4,Mad chicken,"1324 East Carson Street, Pittsburgh",40.4287329,-79.98430060000001,"meal_takeaway,store,restaurant,food,point_of_interest,establishment",fast_food,OPERATIONAL,4.3,175.0
ChIJ3doyeRLxNIgRjx7PfwZuifY,Henry Kaufmann Center - Food Distribution Center,"2201 Salisbury St, Pittsburgh",40.4191766,-79.9754476,"food,point_of_interest,establishment",food_bank,OPERATIONAL,3.7,3.0
ChIJY5prgW_xNIgRF0-wHrBWf9g,Giant Eagle Supermarket,"2021 Wharton Street, Pittsburgh",40.4310117,-79.97684269999999,"grocery_or_supermarket,supermarket,store,food,point_of_interest,establishment",grocery,OPERATIONAL,3.9,1795.0
ChIJdauyj3bxNIgRgU4bRhg5s7Q,ALDI,"2628 East Carson Street, Pittsburgh",40.42694280000001,-79.9674936,"supermarket,grocery_or_supermarket,store,food,point_of_interest,establishment",grocery,OPERATIONAL,4.5,1883.0
ChIJsbes4CrxNIgRJr9F4ibQwzA,Amoco,"2401 East Carson Street, Pittsburgh",40.428297,-79.97080799999999,"gas_station,supermarket,grocery_or_supermarket,store,food,point_of_interest,establishment",grocery,OPERATIONAL,4.2,30.0
ChIJbbaOPHHxNIgRJ9PNN3nSb00,Coen Markets,"2401 East Carson Street, Pittsburgh",40.4283606,-79.9708143,"convenience_store,gas_station,meal_takeaway,cafe,restaurant,food,store,point_of_interest,establishment","convenience,fast_food,restaurant",OPERATIONAL,2.9,32.0
ChIJZZUoHp_xNIgRAB65vcq_Fts,GetGo Café + Market,"3247 East Carson Street, Pittsburgh",40.42321,-79.95996939999999,"gas_station,convenience_store,cafe,food,store,point_of_interest,establishment",convenience,OPERATIONAL,2.7,152.0
ChIJN-1B4J7xNIgRSuIJsG4ivwM,GetGo Kitchen,"3247 East Carson Street, Pittsburgh",40.423224,-79.9601064,"convenience_store,food,store,point_of_interest,establishment",convenience,OPERATIONAL,3.5,11.0
ChIJEfe6zHfxNIgRGR0MD0pIGHU,Hofbräuhaus Pittsburgh,"2705 South Water Street, Pittsburgh",40.42882480000001,-79.9647919,"bar,restaurant,food,point_of_interest,establishment",restaurant,OPERATIONAL,4.4,2231.0
ChIJE8r9NXbxNIgR2_MNy57jGM4,The Cheesecake Factory,"415 South 27th Street, Pittsburgh",40.4283119,-79.9653155,"restaurant,meal_takeaway,bakery,store,food,point_of_interest,establishment","fast_food,restaurant",OPERATIONAL,4.3,4087.0
ChIJ7ZptpnbxNIgRcyXrZDisGg4,The Zenith,"86 South 26th Street, Pittsburgh",40.426803,-79.96897299999999,"restaurant,food,point_of_interest,establishment",restaurant,OPERATIONAL,4.6,457.0
ChIJFRFbt3bxNIgR0M9SxAMqRzg,Over The Bar Bicycle Cafe,"2518 East Carson Street, Pittsburgh",40.42740500000001,-79.96906299999999,"bar,restaurant,food,point_of_interest,establishment",restaurant,OPERATIONAL,4.5,981.0
ChIJ2VE6onHxNIgRV-rRz5R8Eec,The Library on Carson,"2302 East Carson Street, Pittsburgh",40.42812869999999,-79.9728506,"restaurant,night_club,bar,food,point_of_interest,establishment",restaurant,OPERATIONAL,4.3,670.0
ChIJ8euzdnbxNIgRj4z4RDCHMzM,Subway,"2771 East Carson Street, Pittsburgh",40.4265196,-79.96574939999999,"meal_takeaway,restaurant,food,point_of_interest,establishment","fast_food,restaurant",OPERATIONAL,4.0,86.0
ChIJFS5dgnbxNIgRsl0CMLInqOI,Nadine's Restaurant,"19 South 27th Street, Pittsburgh",40.4264033,-79.9672918,"bar,restaurant,food,point_of_interest,establishment",restaurant,OPERATIONAL,4.5,983.0
ChIJHVYbynbxNIgRuQy3ve8SLac,"Waffles, INCaffeinated, South Side","2517 East Carson Street, Pittsburgh",40.4278494,-79.9692986,"cafe,store,restaurant,food,point_of_interest,establishment",restaurant,OPERATIONAL,4.2,1439.0
ChIJT42nXW7xNIgRc_TKySMF3x8,Smokin' Joe's Saloon,"2001 East Carson Street, Pittsburgh",40.42877439999999,-79.9774279,"bar,restaurant,food,point_of_interest,establishment",restaurant,OPERATIONAL,4.4,709.0
ChIJXfIN9m7xNIgRyqsVaf_yOWQ,Thai Me Up,"118 South 23rd Street, Pittsburgh",40.42713200000001,-79.973343,"restaurant,food,point_of_interest,establishment",restaurant,OPERATIONAL,4.5,907.0
ChIJocY703XxNIgRA9d4UXqFr3Y,Big Dog Coffee,"2717 Sarah Street, Pittsburgh",40.4259315,-79.9667171,"bakery,cafe,store,restaurant,food,point_of_interest,establishment",restaurant,OPERATIONAL,4.7,1015.0
ChIJ3W48jHXxNIgRzYewBlf_lCA,Birmingham Bridge Tavern,"2901 Sarah Street, Pittsburgh",40.4245866,-79.9645328,"bar,restaurant,food,point_of_interest,establishment",restaurant,OPERATIONAL,4.6,754.0
ChIJywg6QG7xNIgRIBl4ypC_GHA,Lins Asian Fusion,"2018 East Carson Street, Pittsburgh",40.4283957,-79.9768174,"restaurant,food,point_of_interest,establishment",restaurant,OPERATIONAL,4.4,583.0
ChIJ7ZiQ9W7xNIgRt5WKRIutn08,La Palapa,"2224 East Carson Street, Pittsburgh",40.42815900000001,-79.973535,"meal_takeaway,meal_delivery,bar,restaurant,food,point_of_interest,establishment","fast_food,restaurant",OPERATIONAL,4.5,1224.0
ChIJWajYRm7xNIgRYWzHvQBIa_k,The Colombian Spot,"2019 East Carson Street, Pittsburgh",40.4287425,-79.97682789999999,"restaurant,food,point_of_interest,establishment",restaurant,OPERATIONAL,4.5,1037.0
ChIJJ4O0IN3zNIgRboFDUoHsGM4,Neighborhood Flea - First Sundays in Oakland / Second Sundays in the South Side,"434 South 27th Street, Pittsburgh",40.4280949,-79.96592660000002,"restaurant,food,point_of_interest,establishment","farmers_market,restaurant",OPERATIONAL,4.6,107.0
ChIJczcZdHbxNIgR851UGvycI3I,QDOBA Mexican Eats,"2777 East Carson Street, Pittsburgh",40.4264552,-79.9656897,"bar,store,restaurant,food,point_of_interest,establishment",restaurant,OPERATIONAL,3.9,715.0
ChIJFUVyIG7xNIgR5d5VLBb0k4s,Little Tokyo Bistro,"2122 East Carson Street, Pittsburgh",40.4283049,-79.9753424,"restaurant,food,point_of_interest,establishment",restaurant,CLOSED_TEMPORARILY,4.4,397.0
ChIJR4j0tm_xNIgRVnkaTL5RSf0,Popeyes Louisiana Kitchen,"2010 Wharton Street, Pittsburgh",40.4300325,-79.9772448,"restaurant,food,point_of_interest,establishment",restaurant,OPERATIONAL,2.9,1876.0
ChIJnwBVJXDxNIgRba_KkTeifQ0,Ruggers Pub,"40 South 22nd Street, Pittsburgh",40.4301196,-79.9745856,"bar,night_club,restaurant,food,point_of_interest,establishment",restaurant,OPERATIONAL,4.7,648.0
ChIJx5zxCnHxNIgRPH6fkywaXag,Cupka's Cafe II,"2314 East Carson Street, Pittsburgh",40.42815459999999,-79.97230569999999,"bar,restaurant,food,point_of_interest,establishment",restaurant,OPERATIONAL,4.3,397.0
ChIJDRUNRc7xNIgRDIW6x8KODLU,DeTodito Latin Food,"Spring Street, Pittsburgh",40.4166738,-79.9768319,"restaurant,food,point_of_interest,establishment",restaurant,OPERATIONAL,,
ChIJzaLdJ9_xNIgRNjcg3jHJMvk,Slice on Broadway-Southside Works,"2717 Sidney Street, Pittsburgh",40.42780140000001,-79.965549,"meal_takeaway,restaurant,food,point_of_interest,establishment","fast_food,restaurant",OPERATIONAL,4.4,148.0
ChIJSRaTwRDxNIgRCeRoYXyWHEE,Sushi Tomo South Side,"2122 East Carson Street, Pittsburgh",40.4283049,-79.9753424,"meal_takeaway,bar,restaurant,food,point_of_interest,establishment",fast_food,OPERATIONAL,4.9,40.0
ChIJ0-YbcUDxNIgRdi2MriaCiTY,Wings Over Pittsburgh - Carson St,"2002 East Carson Street, Pittsburgh",40.42838279999999,-79.9774022,"restaurant,meal_delivery,meal_takeaway,food,point_of_interest,establishment",fast_food,OPERATIONAL,4.8,326.0
ChIJi-9pQW7xNIgRChu2hMipzaA,Mad Noodles,"2017 East Carson Street, Pittsburgh",40.4287442,-79.9768972,"restaurant,meal_takeaway,food,point_of_interest,establishment",fast_food,OPERATIONAL,4.0,437.0
ChIJNeGbVILxNIgRF0Mzw8CCSAc,Community Human Services (CHS) Food Pantry,"370 Lawn St, Pittsburgh",40.4334602,-79.9612892,"food,point_of_interest,establishment",food_bank,OPERATIONAL,4.5,116.0
ChIJs5BaEubxNIgRmo3qr4wm8LM,Giant Eagle Supermarket,"4250 Murray Avenue, Pittsburgh",40.4223198,-79.92940349999999,"grocery_or_supermarket,supermarket,store,food,point_of_interest,establishment",grocery,OPERATIONAL,3.9,1033.0
ChIJvQ_G6jLxNIgRsz7bPqCBpPQ,Amoco,"4071 Beechwood Boulevard, Pittsburgh",40.426725,-79.93826,"gas_station,supermarket,grocery_or_supermarket,store,food,point_of_interest,establishment",grocery,OPERATIONAL,4.4,9.0
ChIJyZ0_C-fxNIgRFsP-WpE_nv8,Speedway,"4420 Browns Hill Road, Pittsburgh",40.4192848,-79.9273954,"gas_station,convenience_store,store,food,point_of_interest,establishment",convenience,OPERATIONAL,2.7,94.0
ChIJafgGuO3xNIgR2ys7-M41iQk,Coen Markets,"4071 Beechwood Boulevard, Pittsburgh",40.4267207,-79.9382639,"convenience_store,cafe,meal_takeaway,gas_station,liquor_store,store,restaurant,food,point_of_interest,establishment","convenience,fast_food,restaurant",OPERATIONAL,2.9,28.0
ChIJtekuF-fxNIgRtLENcgsZulo,Speedway,"Hazelwood Avenue, Pittsburgh",40.4192771,-79.9274291,"convenience_store,store,food,point_of_interest,establishment",convenience,OPERATIONAL,3.6,67.0
ChIJW8yVd-bxNIgRhKfQwU64Irw,Greenfield Convenience Store,"4205 Murray Avenue, Pittsburgh",40.4229234,-79.9284412,"convenience_store,finance,store,food,point_of_interest,establishment",convenience,OPERATIONAL,4.4,22.0
ChIJtTeWBpHxNIgRj46Y9IzyXKA,Big Jim's in the Run,"201 Saline Street, Pittsburgh",40.4271003,-79.949567,"restaurant,food,point_of_interest,establishment",restaurant,OPERATIONAL,4.6,1987.0
ChIJ9-KQqu3xNIgRQjuwNnAw5jE,Rialto Pizza,"623 Greenfield Avenue, Pittsburgh",40.426457,-79.93874799999999,"meal_delivery,restaurant,food,point_of_interest,establishment",restaurant,OPERATIONAL,4.2,506.0
ChIJCed4bubxNIgRlp7B_7Fdqw0,Vocelli Pizza,"4235 Murray Avenue, Pittsburgh",40.4222023,-79.92863899999999,"meal_takeaway,meal_delivery,restaurant,food,point_of_interest,establishment","fast_food,restaurant",OPERATIONAL,3.5,132.0
ChIJuVxT6YjxNIgRb0c0GvhIJmU,Capezzuto's Pizza,"422 Greenfield Avenue, Pittsburgh",40.4252362,-79.9429712,"restaurant,food,point_of_interest,establishment",restaurant,OPERATIONAL,4.4,115.0
ChIJsVBcN5PxNIgRqvdo84ea2P8,Yesterday's Bar & Grill,"501 Greenfield Avenue, Pittsburgh",40.42562480000001,-79.9423662,"bar,restaurant,food,point_of_interest,establishment",restaurant,OPERATIONAL,3.8,147.0
ChIJZTzGbe7xNIgRODamhAvoXqY,Greenhouse Co-op,"557 Greenfield Avenue, Pittsburgh",40.4261749,-79.9404261,"bar,restaurant,food,point_of_interest,establishment",restaurant,OPERATIONAL,5.0,28.0
ChIJs8wi7knxNIgR2FH7XR3PPFM,Smashed 'N Fried,"563 Greenfield Avenue, Pittsburgh",40.4261883,-79.94036059999999,"restaurant,food,point_of_interest,establishment",restaurant,OPERATIONAL,4.6,78.0
ChIJl-ia3d3xNIgRgi7ZuCdv5AQ,Wendy's,"4524 Browns Hill Road, Pittsburgh",40.41634689999999,-79.925167,"restaurant,food,point_of_interest,establishment",restaurant,OPERATIONAL,2.8,1626.0
ChIJQwnIErHxNIgR0HCLUFei6sA,Pizza Hut,"822 Hazelwood Avenue, Pittsburgh",40.41917060000001,-79.9280175,"meal_takeaway,meal_delivery,restaurant,food,point_of_interest,establishment","fast_food,restaurant",OPERATIONAL,3.9,47.0
ChIJQ2IkfwDxNIgRPTfSPTKGi1o,Khan Chacha Grill,"4371 Murray Avenue, Pittsburgh",40.4200315,-79.9282331,"restaurant,food,point_of_interest,establishment",restaurant,OPERATIONAL,,
ChIJj8asgjHxNIgRF8MtNqy8v8U,Pesaro's Pizza,"4239 Murray Avenue, Pittsburgh",40.42211459999999,-79.9286453,"restaurant,food,point_of_interest,establishment",restaurant,OPERATIONAL,4.3,119.0
ChIJWRRFN3nxNIgRrX1RQquEA5A,Poke Bowl Express & asian cuisine,"4219 Murray Avenue, Pittsburgh",40.42256580000001,-79.928691,"restaurant,food,point_of_interest,establishment",restaurant,OPERATIONAL,5.0,74.0
ChIJq4MEIwDxNIgRc_6rAj8ZBuI,Top Pot & KBBQ Pittsburgh,"2829 East Carson Street, Pittsburgh",40.4260967,-79.96503899999999,"restaurant,food,point_of_interest,establishment",restaurant,OPERATIONAL,4.7,453.0
ChIJrTYmb5rxNIgR_aJW56rnQpA,Yana's Kitchen and Catering,"3325 Parkview Avenue, Pittsburgh",40.4325159,-79.95288440000002,"restaurant,food,point_of_interest,establishment",restaurant,OPERATIONAL,4.3,13.0
ChIJHdQeTnzxNIgRMG7Df7vNwmQ,Nan Xiang Soup Dumplings - Pittsburgh,"2773 Sidney Street, Pittsburgh",40.4272412,-79.9648354,"restaurant,food,point_of_interest,establishment",restaurant,OPERATIONAL,4.8,1144.0
ChIJaQ3prUnxNIgReA-IbvBlaUg,Papa Johns Pizza,"2763 East Carson Street, Pittsburgh",40.426585,-79.9659133,"restaurant,food,point_of_interest,establishment",restaurant,OPERATIONAL,3.0,78.0
ChIJSSUIayHxNIgRfQuVRKouVKU,Kura Revolving Sushi Bar,"415 Cinema Drive, Pittsburgh",40.427935,-79.9650125,"restaurant,food,point_of_interest,establishment",restaurant,OPERATIONAL,4.3,1160.0
ChIJa9dttZzxNIgRoJ_fjgPe6-s,Eliza Hot Metal Bistro,"331 Technology Drive, Pittsburgh",40.4312293,-79.9599183,"restaurant,food,point_of_interest,establishment",restaurant,OPERATIONAL,4.3,134.0
ChIJ34Keo-fxNIgRitW0abFTuhA,JFCS Squirrel Hill Food Pantry,"828 Hazelwood Ave, Pittsburgh",40.4195707,-79.92804029999999,"point_of_interest,establishment",food_bank,OPERATIONAL,4.4,58.0
ChIJ3_Hl9fzxNIgR_lDu7uzeU1M,GetGo,"5801 Forward Avenue, Pittsburgh",40.4299888,-79.9232641,"convenience_store,gas_station,store,food,point_of_interest,establishment",convenience,OPERATIONAL,3.3,27.0
ChIJ3_Hl9fzxNIgRTilON1-HOwA,GetGo Gas Station,"5801 Forward Avenue, Pittsburgh",40.429962,-79.9232054,"gas_station,cafe,convenience_store,store,food,point_of_interest,establishment",convenience,OPERATIONAL,3.3,42.0
ChIJPUJMmf7xNIgRGE-k0pnaxro,Mineo's Pizza House,"2128 Murray Avenue, Pittsburgh",40.4329467,-79.9232083,"restaurant,food,point_of_interest,establishment",restaurant,OPERATIONAL,4.5,2950.0
ChIJO1Y0l_7xNIgRD-FhmdnGPsA,Aiello's Pizza Squirrel Hill,"2112 Murray Avenue # 1, Pittsburgh",40.43326069999999,-79.9231926,"restaurant,food,point_of_interest,establishment",restaurant,OPERATIONAL,4.4,1423.0
ChIJHaUunP7xNIgRxkzGYOAIs3s,Coriander India Grill,"2201 Murray Avenue, Pittsburgh",40.43271130000001,-79.9229333,"restaurant,food,point_of_interest,establishment",restaurant,OPERATIONAL,3.9,549.0
ChIJwy6Z7v7xNIgRVHQFJTCXZIA,GREEN PEPPER,"2020 Murray Avenue, Pittsburgh",40.4341592,-79.923025,"meal_takeaway,restaurant,food,point_of_interest,establishment","fast_food,restaurant",OPERATIONAL,4.2,464.0
ChIJLd3F_PzxNIgRDq8xAmHQ18Q,Chengdu Gourmet（Squirrel Hill),"5840 Forward Avenue, Pittsburgh",40.4293386,-79.92236849999999,"restaurant,food,point_of_interest,establishment",restaurant,OPERATIONAL,4.4,964.0
ChIJq2y5XPzxNIgR6am_dkfqh2c,Starbucks Coffee Company,"2345 Murray Avenue, Pittsburgh",40.43061000000001,-79.92318,"cafe,store,restaurant,food,point_of_interest,establishment",restaurant,OPERATIONAL,4.3,521.0
ChIJfWX-mf7xNIgRE9ZKdBmUiFE,Tan Lac Vien Vietnamese Bistro,"2114 Murray Avenue, Pittsburgh",40.4332204,-79.9231702,"restaurant,food,point_of_interest,establishment",restaurant,OPERATIONAL,4.4,496.0
ChIJa2ZLkf7xNIgR0T4Mb28ngVY,Pink Box Bakery Cafe,"2104 Murray Avenue, Pittsburgh",40.4334541,-79.9231673,"bakery,cafe,restaurant,food,store,point_of_interest,establishment",restaurant,OPERATIONAL,4.2,360.0
ChIJo4Minv7xNIgRVktnEAAFCBU,New Dumpling & Sushi House,"2138 Murray Avenue, Pittsburgh",40.43260610000001,-79.9233686,"restaurant,food,point_of_interest,establishment",restaurant,OPERATIONAL,4.2,342.0
ChIJuyHL7f7xNIgREhCvl94Nmp8,EIGHTEEN,"2028 Murray Avenue, Pittsburgh",40.434041,-79.9231187,"restaurant,food,point_of_interest,establishment",restaurant,OPERATIONAL,4.7,129.0
ChIJo8aPmf7xNIgRV9yjm17UQt0,Milky Way,"2120 Murray Avenue, Pittsburgh",40.43307899999999,-79.92324909999999,"restaurant,food,store,point_of_interest,establishment",restaurant,OPERATIONAL,4.6,390.0
ChIJ55g2E3DuNIgRy790OF-ioGM,Giant Eagle Supermarket,"1705 South Braddock Avenue, Pittsburgh",40.4257165,-79.8865572,"grocery_or_supermarket,supermarket,store,food,point_of_interest,establishment",grocery,OPERATIONAL,4.0,1270.0
ChIJzwx6uVnxNIgRM7rLBE0SBok,bp,"1600 South Braddock Avenue, Pittsburgh",40.42725,-79.89085,"gas_station,supermarket,grocery_or_supermarket,store,food,point_of_interest,establishment",grocery,OPERATIONAL,3.4,63.0
ChIJjz75bHDuNIgRyfZ8CqE-T1E,Giant Eagle,"1705 South Braddock Avenue, Pittsburgh",40.4257165,-79.8865572,"supermarket,grocery_or_supermarket,store,food,point_of_interest,establishment",grocery,OPERATIONAL,4.2,20.0
ChIJp3ctY2XuNIgRNPlvpr8aGbY,Come-n-Go,"2003 South Braddock Avenue, Pittsburgh",40.4224254,-79.8853215,"convenience_store,atm,finance,grocery_or_supermarket,store,food,point_of_interest,establishment",convenience,OPERATIONAL,3.7,14.0
ChIJ-SdRp3HuNIgR6o6u1HprDRo,GetGo Café + Market,"1599 South Braddock Avenue, Pittsburgh",40.4269832,-79.88962939999999,"gas_station,cafe,convenience_store,store,food,point_of_interest,establishment",convenience,OPERATIONAL,2.6,212.0
ChIJNzucim7uNIgRSsfh51tJy7A,CVS,"7406 Church Street, Swissvale",40.4216558,-79.8892255,"drugstore,convenience_store,clothing_store,store,health,food,point_of_interest,establishment",convenience,OPERATIONAL,3.0,59.0
ChIJPfbQhm_uNIgRbODBw6OIso0,Sitaram Oil Corp,"2000 South Braddock Avenue, Pittsburgh",40.42203300000001,-79.8859329,"convenience_store,gas_station,store,food,point_of_interest,establishment",convenience,OPERATIONAL,4.1,18.0
ChIJSXdALpLvNIgR0st0ExAKed4,Discount 3 Convenience Store,"1910 Monongahela Avenue, Pittsburgh",40.421469,-79.8904234,"convenience_store,store,food,point_of_interest,establishment",convenience,OPERATIONAL,5.0,5.0
ChIJpSXTuI3vNIgRWxFwAKhSeUY,top mart,"1908 Monongahela Avenue ste a, Pittsburgh",40.4215745,-79.89042599999999,"convenience_store,store,food,point_of_interest,establishment",convenience,OPERATIONAL,5.0,1.0
ChIJb0gN0G7uNIgRkunn9s8dCVw,APlus,"7403 Washington Street, Swissvale",40.4203528,-79.8890818,"convenience_store,store,food,point_of_interest,establishment",convenience,OPERATIONAL,3.0,3.0
ChIJf6QP8m7uNIgRBIJ3nSzKDI4,Dollar General,"7402 Church Street, Swissvale",40.4214705,-79.8895824,"drugstore,convenience_store,grocery_or_supermarket,store,health,food,point_of_interest,establishment",convenience,OPERATIONAL,3.5,305.0
ChIJEYbXq3XuNIgRZxqhJp-iUbk,Braddock Avenue Express,"1101 South Braddock Avenue, Pittsburgh",40.4327919,-79.8938536,"convenience_store,store,food,point_of_interest,establishment",convenience,OPERATIONAL,3.9,15.0
ChIJt49ixMLvNIgR0s4Zx0orLA8,GetGo Gas Station,"1043 South Braddock Avenue, Pittsburgh",40.4332021,-79.89392749999999,"gas_station,cafe,convenience_store,store,food,point_of_interest,establishment",convenience,OPERATIONAL,2.7,10.0
ChIJL6_Vp3XuNIgR6bomBxN2Q_c,GetGo,"1043 South Braddock Avenue, Pittsburgh",40.4332248,-79.89391239999999,"convenience_store,store,food,point_of_interest,establishment",convenience,OPERATIONAL,4.5,2.0
ChIJN3RDUXTuNIgR6nGsrFqr8E8,D's Six Pax and Dogz,"1118 South Braddock Avenue, Swissvale",40.4320798,-79.8937175,"liquor_store,bar,store,restaurant,food,point_of_interest,establishment",restaurant,OPERATIONAL,4.6,1661.0
ChIJiyouf3HuNIgR5qB8KIZiJrM,Taco Bell,"1603 South Braddock Avenue, Pittsburgh",40.42666949999999,-79.8886861,"meal_takeaway,restaurant,food,point_of_interest,establishment","fast_food,restaurant",OPERATIONAL,3.1,1171.0
ChIJ54icYWXuNIgRdtwfcQa1cX0,Arby's,"1911 South Braddock Avenue, Swissvale",40.4227502,-79.8856462,"meal_takeaway,store,restaurant,food,point_of_interest,establishment","fast_food,restaurant",OPERATIONAL,3.9,1042.0
ChIJM3ZolW7uNIgROXuwZdm1faM,Swissvale Dari Delite,"1990 Monongahela Avenue, Swissvale",40.42086209999999,-79.8899847,"store,restaurant,food,point_of_interest,establishment",restaurant,CLOSED_TEMPORARILY,4.9,271.0
ChIJF7WcfW_uNIgRcfs2JlSvRGY,Blowfish BBQ,"2027 Noble Street # 1, Swissvale",40.4212461,-79.8857228,"restaurant,food,point_of_interest,establishment",restaurant,OPERATIONAL,5.0,39.0
ChIJM48iWHDuNIgRIk_bIyDKqx8,Joe & Pie Pizzeria,"1621 South Braddock Avenue, Pittsburgh",40.4268662,-79.8878117,"restaurant,food,point_of_interest,establishment",restaurant,OPERATIONAL,4.3,687.0
ChIJ2TbrsXHuNIgRkv04XuXKrmE,Applebee's Grill + Bar,"1601 South Braddock Avenue Edgewood, Towne Centre Drive, Pittsburgh",40.4263401,-79.88894119999999,"restaurant,bar,food,point_of_interest,establishment",restaurant,OPERATIONAL,3.9,1942.0
ChIJd3Kv5WjuNIgRxA0zjkAYlFU,Triangle Bar & Grill,"2122 Monongahela Avenue, Pittsburgh",40.4175989,-79.8879491,"bar,restaurant,food,point_of_interest,establishment",restaurant,OPERATIONAL,4.6,2906.0
ChIJf6kfwMLtNIgRXT8RnzFUh9s,El Burro,"1113 South Braddock Avenue, Pittsburgh",40.4325281,-79.8935448,"restaurant,food,point_of_interest,establishment",restaurant,OPERATIONAL,4.2,659.0
ChIJ24QQrXXuNIgRBYsiNnow9JA,Thai Cottage,"1109 South Braddock Avenue, Pittsburgh",40.4325689,-79.8936585,"meal_takeaway,restaurant,food,point_of_interest,establishment","fast_food,restaurant",OPERATIONAL,4.6,722.0
ChIJ_3sFiW7uNIgRB3keH3BaY_I,China House II,"7400 Church Street, Swissvale",40.4214683,-79.8898717,"restaurant,food,point_of_interest,establishment",restaurant,OPERATIONAL,3.7,156.0
ChIJgZUpg2_uNIgRkJTNCOdKMrU,Vocelli Pizza,"2011 Waverly Street, Swissvale",40.42208610000001,-79.88623059999999,"meal_delivery,meal_takeaway,restaurant,food,point_of_interest,establishment","fast_food,restaurant",OPERATIONAL,3.0,220.0
ChIJY7VG7W_uNIgRhdnlOuqlYVA,Wendy's,"1703 South Braddock Avenue, Swissvale",40.4254341,-79.8879812,"restaurant,food,point_of_interest,establishment",restaurant,OPERATIONAL,2.9,1031.0
ChIJx8F6SBPuNIgR37zcJ7zXORk,Pub In the Park,"7034 Blackhawk Street, Pittsburgh",40.42138629999999,-79.8975021,"bar,restaurant,food,point_of_interest,establishment",restaurant,OPERATIONAL,4.7,492.0
ChIJF27FSIbvNIgR37JZHIzVL_Q,Wilson’s Nite Out,"7365 Denniston Avenue, Pittsburgh",40.419603,-79.8895029,"restaurant,food,point_of_interest,establishment",restaurant,OPERATIONAL,4.2,112.0
ChIJWdzMk27uNIgRwsBa8ia6gkE,House of Subs Rudy's,"1918 Monongahela Avenue, Swissvale",40.4213116,-79.8902741,"restaurant,food,point_of_interest,establishment",restaurant,OPERATIONAL,4.7,165.0
ChIJM_-Dwk_vNIgR1pSgNaZLpBQ,Macro Pizza,"1900 Monongahela Avenue, Swissvale",40.4217589,-79.89056269999999,"restaurant,food,point_of_interest,establishment",restaurant,OPERATIONAL,4.5,65.0
ChIJjQ1y5WjuNIgR0PwazIO8hzc,Battleship & Destroyer Sandwiches,"2122 Monongahela Avenue, Pittsburgh",40.4175807,-79.8878626,"restaurant,food,point_of_interest,establishment",restaurant,OPERATIONAL,5.0,7.0
ChIJuy95b2_uNIgR7DfHkTa7kxk,T's Restaurant & Lounge,"7526 Washington Avenue, Swissvale",40.420956,-79.88638700000001,"night_club,bar,restaurant,food,point_of_interest,establishment",restaurant,OPERATIONAL,4.0,362.0
ChIJCYI0o2_uNIgRbqHvHofY0NE,GoodFellas Restaurant & Tavern,"1915 McCague Street, Swissvale",40.42246509999999,-79.88732279999999,"bar,restaurant,food,point_of_interest,establishment",restaurant,OPERATIONAL,4.4,570.0
ChIJO23dYm_uNIgR8egXpw4dNPM,Murray's Cafe,"2038 Noble Street, Swissvale",40.42071800000001,-79.885649,"bar,meal_takeaway,restaurant,food,point_of_interest,establishment","fast_food,restaurant",OPERATIONAL,4.1,183.0
ChIJ6wseu-LvNIgRgXiGjPPGsl0,Bombay To Burgh,"1814 South Braddock Avenue, Pittsburgh",40.4236258,-79.8872698,"meal_delivery,meal_takeaway,restaurant,food,point_of_interest,establishment","fast_food,restaurant",OPERATIONAL,4.8,1162.0
ChIJ9VMM3xnvNIgRmqBQ0O91Jrc,Plaza Azteca Edgewood,"1605 South Braddock Avenue, Pittsburgh",40.42625669999999,-79.8881143,"restaurant,food,point_of_interest,establishment",restaurant,OPERATIONAL,,
ChIJtR1xysbvNIgRCBbvb5EtuA0,Wingstop,"1609 South Braddock Avenue Unit 201, Edgewood",40.4264979,-79.8879181,"restaurant,food,point_of_interest,establishment",restaurant,OPERATIONAL,3.5,310.0
ChIJQS4W5G7uNIgR0L-z60LIyss,Swissvale Community Food Pantry - Food Distribution Center,"2028 Noble St, Pittsburgh",40.4209148,-79.88602130000001,"food,point_of_interest,establishment",food_bank,OPERATIONAL,3.4,5.0
ChIJh46ZWADvNIgRaWZz3aK1XVQ,Anmo Maries,"22 Krist Glen, Pittsburgh",40.4206621,-79.8741594,"convenience_store,store,food,point_of_interest,establishment",convenience,OPERATIONAL,,
ChIJYRDxA37uNIgRxGt1vADN6i4,Braddock Hills Mini Mart,"1052 Brinton Road, Pittsburgh",40.4286736,-79.8748042,"convenience_store,store,food,point_of_interest,establishment",convenience,OPERATIONAL,5.0,3.0
ChIJZWK-wHnuNIgR_fS4i2e6jGc,Edgewood Avenue Express,"253 Edgewood Avenue, Pittsburgh",40.4302637,-79.8840148,"convenience_store,store,food,point_of_interest,establishment",convenience,OPERATIONAL,4.0,27.0
ChIJSXXSZG_uNIgRLPNBOiCHfAs,Veltre's Pizza,"1268 Brinton Road, Pittsburgh",40.4224697,-79.8649848,"meal_delivery,restaurant,food,point_of_interest,establishment",restaurant,OPERATIONAL,4.4,410.0
ChIJ5wEks-bvNIgRuCmZmElbZMU,Dad's Pub & Grub,"1050 Brinton Road, Pittsburgh",40.4288444,-79.8747863,"bar,restaurant,food,point_of_interest,establishment",restaurant,OPERATIONAL,4.6,514.0
ChIJ_wiRzaPvNIgR0lmgImTRr74,Hunan Cafe,"1615A South Braddock Avenue, Pittsburgh",40.4266537,-79.8879311,"restaurant,food,point_of_interest,establishment",restaurant,OPERATIONAL,4.3,117.0
ChIJe6WMlXnuNIgRgKj270LJxlE,Thai Terrace,"247 Edgewood Avenue, Pittsburgh",40.430506,-79.8840737,"restaurant,food,point_of_interest,establishment",restaurant,OPERATIONAL,4.6,259.0
ChIJOX4Jgr7uNIgRXnJVCXI9VJI,ALDI,"2348 Ardmore Boulevard, Forest Hills",40.416161,-79.848821,"supermarket,grocery_or_supermarket,store,food,point_of_interest,establishment",grocery,OPERATIONAL,4.4,914.0
ChIJpysR5qvuNIgRT7OkjUeRqdQ,bp,"638 Brown Avenue, Turtle Creek",40.42583800000001,-79.834437,"gas_station,supermarket,grocery_or_supermarket,store,food,point_of_interest,establishment",grocery,OPERATIONAL,2.3,9.0
ChIJowc-fanuNIgRLECUWV5BnTs,Kuhn's Market,"700 Beulah Road, Turtle Creek",40.42707900000001,-79.835008,"grocery_or_supermarket,supermarket,store,food,point_of_interest,establishment",grocery,OPERATIONAL,4.4,664.0
ChIJp2aH1LDuNIgRG9gq6PXj7H0,Dollar General,"995 Greensburg Pike, East Pittsburgh",40.4166501,-79.840091,"drugstore,convenience_store,grocery_or_supermarket,health,store,food,point_of_interest,establishment",convenience,OPERATIONAL,3.8,333.0
ChIJHc27gqnuNIgR7rKdsVPw0HE,Fueland,"710 Brown Avenue, Turtle Creek",40.4274309,-79.83593789999999,"convenience_store,store,food,point_of_interest,establishment",convenience,OPERATIONAL,3.6,8.0
ChIJVVuylrDuNIgR3ELYk09XYaU,Mega-Deli,"995 Greensburg Pike, East Pittsburgh",40.4167333,-79.8399926,"convenience_store,store,food,point_of_interest,establishment",convenience,OPERATIONAL,3.8,37.0
ChIJO89ZGr3uNIgRso4tT8iqRaA,Stop & Shop Convenience,"2110 Ardmore Boulevard, Pittsburgh",40.4190186,-79.8499401,"convenience_store,store,food,point_of_interest,establishment",convenience,OPERATIONAL,2.0,2.0
ChIJgSALEL3uNIgRxS-u637maec,Sunoco,"2110 Ardmore Boulevard, Pittsburgh",40.4192236,-79.850011,"gas_station,convenience_store,car_repair,store,food,point_of_interest,establishment",convenience,OPERATIONAL,2.4,7.0
ChIJTT7g9rrvNIgRJaBowcW6z3o,In & Out Corner Market,"901 Elizabeth Street, Pittsburgh",40.42618679999999,-79.841207,"convenience_store,store,food,point_of_interest,establishment",convenience,OPERATIONAL,5.0,76.0
ChIJ8fuGHKbuNIgRoMCSFoo_Nkc,J & K Plus,"901 Elizabeth Street #3, Pittsburgh",40.42622279999999,-79.8412196,"convenience_store,store,food,point_of_interest,establishment",convenience,OPERATIONAL,4.5,13.0
ChIJ4RWCiJfuNIgRJxU9mpFNdBE,Subway,"2120 Ardmore Boulevard Unit 1, Pittsburgh",40.4187801,-79.84969360000001,"meal_takeaway,restaurant,food,point_of_interest,establishment","fast_food,restaurant",OPERATIONAL,4.1,198.0
ChIJ4RNBEb3uNIgRwhCBjRTNesM,Roman Bistro,"2104 Ardmore Boulevard, Pittsburgh",40.4195523,-79.8501357,"bar,restaurant,food,point_of_interest,establishment",restaurant,OPERATIONAL,4.4,1640.0
ChIJp2aH1LDuNIgRNUDXgmfkazw,Subway,"995 Greensburg Pike, Pittsburgh",40.41692099999999,-79.84005979999999,"meal_takeaway,restaurant,food,point_of_interest,establishment","fast_food,restaurant",OPERATIONAL,3.7,103.0
ChIJ55jmF73uNIgRDiHcreC68C4,Dunkin',"2065 Ardmore Boulevard, Pittsburgh",40.4205243,-79.85055059999999,"meal_takeaway,bakery,cafe,store,restaurant,food,point_of_interest,establishment","fast_food,restaurant",OPERATIONAL,3.9,726.0
ChIJwwxFPrzuNIgR16TuDxU3XJQ,Pizza Hut,"2324 Ardmore Boulevard, Forest Hills",40.4163101,-79.8485054,"meal_takeaway,meal_delivery,restaurant,food,point_of_interest,establishment","fast_food,restaurant",OPERATIONAL,3.0,360.0
ChIJ92iaMLzuNIgRX19c_4uc9rk,Taco Bell,"2300 Ardmore Boulevard, Forest Hills",40.4167754,-79.84873360000002,"meal_takeaway,restaurant,food,point_of_interest,establishment","fast_food,restaurant",OPERATIONAL,3.6,1385.0
ChIJ9zCI3qvuNIgR_3PsK95QWaA,Churchill Haus,"700 Brown Avenue, Turtle Creek",40.42716599999999,-79.835044,"bar,restaurant,food,point_of_interest,establishment",restaurant,OPERATIONAL,4.4,275.0
ChIJ8baqG6zuNIgRAv2c8FBIwRk,Mama Meatball's Pizzeria,"623 Brown Avenue, Turtle Creek",40.423987,-79.834749,"meal_takeaway,meal_delivery,store,restaurant,food,point_of_interest,establishment","fast_food,restaurant",OPERATIONAL,4.5,539.0
ChIJ7T4GtpXpNIgR714JYU025FU,Puff and Stuff,"1224 James Street, Monroeville",40.4189491,-79.8094826,"convenience_store,food,store,point_of_interest,establishment",convenience,OPERATIONAL,4.6,9.0
ChIJZb3uo-HrNIgRAensMD3cV20,Panera Bread,"3432 William Penn Highway, Pittsburgh",40.42909119999999,-79.8130032,"cafe,meal_takeaway,bakery,store,restaurant,food,point_of_interest,establishment","fast_food,restaurant",OPERATIONAL,4.0,497.0
ChIJh8KuhFnpNIgR0TuiDULcrXA,Mary Jo's Pizzeria,"129 Leneake Street, Turtle Creek",40.4236701,-79.8160687,"restaurant,food,point_of_interest,establishment",restaurant,OPERATIONAL,4.8,152.0
ChIJTe7yGF3pNIgRhxH-kaIlDzg,James Street Tavern,"1224 James Street # 2, Monroeville",40.4187545,-79.8095092,"bar,meal_takeaway,restaurant,food,point_of_interest,establishment","fast_food,restaurant",OPERATIONAL,4.4,217.0
ChIJn5U8rOPrNIgRWRuYMPU5MRs,Sunoco,"3406 William Penn Highway, Pittsburgh",40.43079960000001,-79.8154392,"gas_station,convenience_store,store,food,point_of_interest,establishment",convenience,OPERATIONAL,3.6,17.0
ChIJu1ZtoeHrNIgRaNFyBM3-s5w,Sheetz,"3457 William Penn Highway, Pittsburgh",40.43067870000001,-79.81116039999999,"convenience_store,gas_station,car_wash,liquor_store,cafe,store,restaurant,food,point_of_interest,establishment","convenience,restaurant",OPERATIONAL,3.2,177.0
ChIJu-C2d9frNIgRlyLdFWJEmGE,News Corner Store,"200 Mall Circle Drive, Monroeville",40.4296692,-79.7953739,"convenience_store,store,food,point_of_interest,establishment",convenience,OPERATIONAL,4.2,5.0
ChIJwdPTpdXrNIgRAErDhSNjY-s,Alstan Mini Mart,"2516 Monroeville Boulevard #2340, Monroeville",40.42647340000001,-79.78801709999999,"convenience_store,atm,finance,store,food,point_of_interest,establishment",convenience,OPERATIONAL,3.6,12.0
ChIJabmuSdHrNIgRkODYM0uiuks,Subway,"Business Route 22 A-24, Monroeville",40.4293243,-79.7949378,"meal_takeaway,restaurant,food,point_of_interest,establishment","fast_food,restaurant",OPERATIONAL,2.9,49.0
ChIJqxWiZdnrNIgRfB7815lbZ3s,Sbarro,"200 Mall Circle Drive, Monroeville",40.429184,-79.7957,"meal_takeaway,meal_delivery,restaurant,food,store,point_of_interest,establishment","fast_food,restaurant",OPERATIONAL,3.7,96.0
ChIJA86tVuDrNIgRqiu6lAH2jK4,The Green Mango,"3461 William Penn Highway, Pittsburgh",40.4307325,-79.8101901,"restaurant,food,point_of_interest,establishment",restaurant,OPERATIONAL,4.2,513.0
ChIJpzs1rD_rNIgROza2Lnoz5YM,Rey Azteca Wilkinstownship,"3448 William Penn Highway, Pittsburgh",40.4291025,-79.81093899999999,"restaurant,food,point_of_interest,establishment",restaurant,OPERATIONAL,4.4,926.0
ChIJ65Q-TeDrNIgRdOPSDiNqeBg,Texas Roadhouse,"3466 William Penn Highway, Pittsburgh",40.4293941,-79.8099893,"restaurant,food,point_of_interest,establishment",restaurant,OPERATIONAL,4.2,3617.0
ChIJ-1yYz9brNIgRz3p8Zhcx2XE,Cinemark Monroeville Mall and XD,"600 Mall Circle Drive, Monroeville",40.4282306,-79.79568689999999,"movie_theater,meal_takeaway,restaurant,food,point_of_interest,establishment","fast_food,restaurant",OPERATIONAL,4.5,2254.0
ChIJzzhNLuLrNIgRSjBP3_G7_us,Popeyes Louisiana Kitchen,"3420 William Penn Highway, Pittsburgh",40.4299786,-79.8133081,"restaurant,food,point_of_interest,establishment",restaurant,OPERATIONAL,3.2,2036.0
ChIJh0GOcdfrNIgRr_Ae2nWwzFQ,Flamers,"200 Mall Circle Drive, Monroeville",40.429342,-79.7950233,"restaurant,food,point_of_interest,establishment",restaurant,OPERATIONAL,3.7,24.0
ChIJAXd8bdfrNIgRY3N53wwW8hs,Sarku Japan,"Route 22 &, Mall Circle Drive A21, Monroeville",40.42944069999999,-79.79480439999999,"restaurant,food,point_of_interest,establishment",restaurant,OPERATIONAL,4.4,127.0
ChIJO2QId9frNIgRQug2PlPYYlc,Charleys Cheesesteaks,"200 Mall Circle Drive, Monroeville",40.4295746,-79.79527159999999,"restaurant,food,point_of_interest,establishment",restaurant,OPERATIONAL,4.4,360.0
ChIJGUCXMtjrNIgRk2QG3a3IBrk,Red Robin Gourmet Burgers and Brews,"200 Mall Circle Drive, Monroeville",40.4300748,-79.7945692,"restaurant,meal_takeaway,bar,food,point_of_interest,establishment","fast_food,restaurant",OPERATIONAL,3.9,972.0
ChIJW_JfvOHrNIgRgTyjLSQGGvc,Applebee's Grill + Bar,"3440 William Penn Highway, Pittsburgh",40.429457,-79.811206,"restaurant,bar,food,point_of_interest,establishment",restaurant,OPERATIONAL,4.0,2026.0
ChIJ6w6IseHrNIgRt0GipiPrkOY,Starbucks Coffee Company,"3464 William Penn Highway, Pittsburgh",40.4295,-79.81011,"cafe,restaurant,food,store,point_of_interest,establishment",restaurant,OPERATIONAL,4.2,546.0
ChIJeX3tiGlrxIkRHLskv0m_fNI,Buffalo Wild Wings,"3469 William Penn Highway, Wilkins Township",40.4307086,-79.80987139999999,"meal_takeaway,bar,restaurant,food,point_of_interest,establishment","fast_food,restaurant",OPERATIONAL,3.9,2105.0
ChIJGYYqc9XrNIgRNE4mdvbVJkg,Dairy Queen Grill & Chill,"2525 Monroeville Boulevard, Monroeville",40.42773150000001,-79.7886417,"restaurant,food,store,point_of_interest,establishment",restaurant,OPERATIONAL,4.1,821.0
ChIJuzaqWtDrNIgR1toJ-0XADX0,Saga Hibachi Steakhouse & Sushi Bar,"145 Mall Circle Drive #710, Monroeville",40.4299016,-79.7955444,"restaurant,food,point_of_interest,establishment",restaurant,OPERATIONAL,4.0,1042.0
ChIJgXPzfOHrNIgRl4C3ykRrfHE,Ocean Treasures Cajun Seafood and Bar,"3450 William Penn Highway, Pittsburgh",40.429054,-79.810727,"bar,restaurant,food,point_of_interest,establishment",restaurant,OPERATIONAL,4.1,592.0
ChIJ70HJlv_rNIgRPrqAjf7vUiw,Ninja Hibachi Express,"3454 William Penn Highway, Pittsburgh",40.4292316,-79.810588,"meal_takeaway,restaurant,food,point_of_interest,establishment","fast_food,restaurant",OPERATIONAL,4.3,71.0
ChIJEYL1lpPrNIgRXLlRKGVQC-4,Dunkin',"3410 William Penn Highway, Monroeville",40.43006889999999,-79.8141069,"cafe,meal_takeaway,bakery,store,restaurant,food,point_of_interest,establishment","fast_food,restaurant",OPERATIONAL,3.9,391.0
ChIJC3lKlIvrNIgREjUC23pZ2Xk,Pak Food,"200 Mall Circle Drive, Monroeville",40.4293155,-79.79499349999999,"restaurant,food,point_of_interest,establishment",restaurant,OPERATIONAL,1.0,1.0
ChIJoS-uSNHrNIgRicjyRd9kEV8,Southern Hospitality Restaurant,"145 Mall Plaza Boulevard, Monroeville",40.4293565,-79.7948201,"restaurant,food,point_of_interest,establishment",restaurant,CLOSED_TEMPORARILY,,
ChIJcdcmbNfrNIgRnYfqe-CcsQY,Bourbon Street Cafe,"200 Mall Circle Drive, Monroeville",40.42965330000001,-79.79497959999999,"cafe,restaurant,food,point_of_interest,establishment",restaurant,OPERATIONAL,3.9,88.0
ChIJcXQZRerpNIgRS63-VTfDBgQ,Grilling with TheGeneral,"407 Rosecrest Drive, Monroeville",40.4171304,-79.7848641,"bar,restaurant,food,point_of_interest,establishment",restaurant,CLOSED_TEMPORARILY,5.0,1.0
ChIJ1UonvdbrNIgRqJh1naJgPIg,Coast and Main Seafood and Chophouse,"705 Mall Circle Drive, Monroeville",40.43006659999999,-79.7949021,"restaurant,food,point_of_interest,establishment",restaurant,OPERATIONAL,4.3,526.0
ChIJL8s0qOPrNIgRFjvmOgNevS4,Carl's Tavern,"3386 William Penn Highway, Pittsburgh",40.43148709999999,-79.8166398,"restaurant,bar,food,point_of_interest,establishment",restaurant,OPERATIONAL,4.5,860.0
ChIJgbbAGzLqNIgRZ45rKxntfwE,The Monroeville Foundation,"2700 Monroeville Blvd, Monroeville",40.4359277,-79.7797307,"point_of_interest,establishment",food_bank,OPERATIONAL,5.0,3.0
ChIJp414iiDpNIgRdZYDDXlvuGU,Total Salvation Ministries Inc,"130 Grant St, Turtle Creek",40.40566,-79.82501490000001,"point_of_interest,establishment",food_bank,OPERATIONAL,,
ChIJLfrPVNPrNIgRMdlQ9uxt5mk,Goodwill of Southwestern Pennsylvania,"2604 Monroeville Blvd, Monroeville",40.430673,-79.78496299999999,"store,point_of_interest,establishment",food_bank,OPERATIONAL,3.9,277.0
ChIJCYvyIY_pNIgRLooyXkitLjw,Monroeville Lions Farmer's Market,"Mall Cir Dr, Monroeville",40.4302826,-79.799655,"point_of_interest,establishment",farmers_market,OPERATIONAL,4.6,43.0
ChIJPebC233pNIgRKtW7OccRorQ,Monroeville Farmers Market,"2399 Monroeville Blvd, Monroeville",40.424255,-79.790848,"point_of_interest,establishment",farmers_market,OPERATIONAL,5.0,1.0
ChIJox_x4DrqNIgRufmAmPON2lM,Giant Eagle Supermarket,"4010 Monroeville Boulevard, Monroeville",40.4323332,-79.77218479999999,"grocery_or_supermarket,supermarket,store,food,point_of_interest,establishment",grocery,OPERATIONAL,4.1,2362.0
ChIJb9fI9gnrNIgRRnNW1ygZ3lA,Picadeli,"4010 Monroeville Boulevard, Monroeville",40.43212409999999,-79.7726522,"restaurant,food,point_of_interest,establishment",restaurant,OPERATIONAL,,
ChIJz8b2nSXqNIgRN_ZUJATt-20,Giant Eagle Prepared Foods,"4010 Monroeville Boulevard, Monroeville",40.4323568,-79.7722368,"meal_takeaway,restaurant,food,point_of_interest,establishment","fast_food,restaurant",OPERATIONAL,,
ChIJkZQaZgDpNIgREjjpwKof1JU,Reclamation Community Center,"2456 Tilbrook Rd, Monroeville",40.4207685,-79.76165619999999,"point_of_interest,establishment",food_bank,OPERATIONAL,5.0,8.0
ChIJQxVmXBDqNIgRRsE_Jib7xYE,Marathon Gas,"2699 Mosside Boulevard, Monroeville",40.4334645,-79.75310859999999,"gas_station,convenience_store,food,store,point_of_interest,establishment",convenience,OPERATIONAL,3.2,22.0
ChIJVzZ2MQPrNIgRrFj61lOx2Kg,Dollar General,"2501 Mosside Boulevard, Monroeville",40.42587,-79.75471999999999,"drugstore,convenience_store,grocery_or_supermarket,food,health,store,point_of_interest,establishment",convenience,OPERATIONAL,3.2,35.0
ChIJAQBAUAXqNIgRwzlhgcNQblw,DeNunzio's Italian Trattoria,"2644 Mosside Boulevard, Monroeville",40.4319444,-79.7505556,"meal_delivery,meal_takeaway,bar,store,restaurant,food,point_of_interest,establishment","fast_food,restaurant",OPERATIONAL,4.2,1205.0
ChIJvxhqHJDBNIgRgfWLgpciJx4,Dollar General,"5032 William Penn Highway, Monroeville",40.4279136,-79.7079162,"drugstore,convenience_store,grocery_or_supermarket,health,store,food,point_of_interest,establishment",convenience,OPERATIONAL,4.0,158.0
ChIJ07vS_nfBNIgRrfCP4AHN4oo,Sunoco,"3980 William Penn Highway, Murrysville",40.4275535,-79.6947342,"gas_station,convenience_store,store,food,point_of_interest,establishment",convenience,OPERATIONAL,3.6,11.0
ChIJtdfjAXjBNIgRSzR--S7gpYc,Dunkin',"3980 William Penn Highway, Murrysville",40.4276469,-79.6947003,"meal_takeaway,bakery,cafe,restaurant,food,store,point_of_interest,establishment","fast_food,restaurant",OPERATIONAL,4.3,575.0
ChIJLQV4W4XBNIgR1j_ZSsCvVHQ,Wendy's,"5076 William Penn Highway, Monroeville",40.42750639999999,-79.7057037,"restaurant,food,point_of_interest,establishment",restaurant,OPERATIONAL,3.8,1164.0
ChIJdeT10x3BNIgRemVsLwfNxtA,Moe's Southwest Grill,"305 Blue Spruce Way, Murrysville",40.4273842,-79.7017353,"restaurant,food,point_of_interest,establishment",restaurant,OPERATIONAL,4.3,976.0
ChIJrzxrr4TBNIgRuYqXkChQdyg,Starbucks Coffee Company,"3788 William Penn Highway, Murrysville",40.42737,-79.7012,"cafe,restaurant,food,store,point_of_interest,establishment",restaurant,OPERATIONAL,4.1,453.0
ChIJufrTp4TBNIgRc6OvZiJYUpw,Dee Jay's Lounge,"111 Blue Spruce Way, Murrysville",40.4278573,-79.702028,"meal_takeaway,bar,restaurant,food,night_club,point_of_interest,establishment","fast_food,restaurant",OPERATIONAL,4.3,2021.0
ChIJ6zkcN4PBNIgRqGeTYWDobqY,McDonald's,"3820 William Penn Highway, Murrysville",40.4274399,-79.6990802,"cafe,restaurant,food,store,point_of_interest,establishment",restaurant,OPERATIONAL,3.4,1202.0
ChIJ-7XfZuvBNIgR5qUe5PvlRIA,The Coxcomb,"5060 William Penn Highway, Monroeville",40.4273816,-79.7079534,"cafe,bar,restaurant,food,point_of_interest,establishment",restaurant,OPERATIONAL,4.0,377.0
ChIJ95FrIILBNIgRGuplRqdnZDs,Jersey Mike's,"304 Blue Spruce Way, Murrysville",40.42738490000001,-79.7016197,"meal_takeaway,restaurant,food,store,point_of_interest,establishment","fast_food,restaurant",OPERATIONAL,4.3,181.0
ChIJ6RsaroTBNIgRmZk5I0OE37o,Burgatory,"100 Blue Spruce Way, Murrysville",40.4277118,-79.7010092,"bar,restaurant,food,point_of_interest,establishment",restaurant,OPERATIONAL,4.5,2546.0
ChIJayGs1NHBNIgRhqH0NaiLP2Y,Playa Bowls,"200 Blue Spruce Way, Murrysville",40.4276694,-79.7006768,"restaurant,food,point_of_interest,establishment",restaurant,OPERATIONAL,4.9,100.0
ChIJ0W5Qji7BNIgRQDwwuR4fhPE,First Watch,"204 Blue Spruce Way, Murrysville",40.4276303,-79.7000522,"restaurant,food,point_of_interest,establishment",restaurant,OPERATIONAL,4.6,1154.0
ChIJg2vWxpzBNIgRBr5wU1gyI9s,Bob's Inn,"3832 Old William Penn Highway, Murrysville",40.4286173,-79.6991858,"bar,restaurant,food,point_of_interest,establishment",restaurant,OPERATIONAL,4.4,274.0
ChIJKbghxL3BNIgR-IyRMCs6tnY,Burgh Boba & Creamery Cafe,"3845 Old William Penn Highway, Murrysville",40.4281344,-79.698865,"restaurant,food,point_of_interest,establishment",restaurant,OPERATIONAL,4.8,67.0
ChIJ9cJBuO6LNIgRJbh7CmJdpXQ,"Let's Taco Food Truck, Taco Shop And Catering","3920 William Penn Highway, Murrysville",40.4274866,-79.6962349,"restaurant,food,point_of_interest,establishment",restaurant,OPERATIONAL,4.7,115.0
ChIJuVBz9nfBNIgR2YXfvaKn7h4,Dairy Queen Grill & Chill,"3986 William Penn Highway, Murrysville",40.4276705,-79.69421799999999,"restaurant,food,store,point_of_interest,establishment",restaurant,OPERATIONAL,3.8,327.0
ChIJL8hqBqbBNIgRnxhXN5Q39c0,Cornerstone church,Murrysville,40.4284015,-79.69754499999999,"church,place_of_worship,point_of_interest,establishment",food_bank,OPERATIONAL,5.0,1.0
ChIJ_U3_SD7BNIgRoM-LxqLX_J0,Murrysville Farmers’ Market,"3235 Sardis Rd, Murrysville",40.43037289999999,-79.6971792,"point_of_interest,establishment",farmers_market,OPERATIONAL,4.3,11.0
ChIJRU9qqkLBNIgRvcLhwEN_o4o,Murrysville SHOP n' SAVE,"4536 William Penn Highway, Murrysville",40.4263083,-79.6719541,"grocery_or_supermarket,supermarket,food,store,point_of_interest,establishment",grocery,OPERATIONAL,4.3,470.0
ChIJBf75pVzBNIgRcBT4gu_U0uQ,Walgreens,"4667 William Penn Highway, Murrysville",40.4238613,-79.6677716,"drugstore,convenience_store,clothing_store,store,health,food,point_of_interest,establishment",convenience,OPERATIONAL,3.3,35.0
ChIJmXrbYXDBNIgRdAShaWU1bs0,Stop 22,"4180 William Penn Highway, Murrysville",40.42774959999999,-79.6866989,"convenience_store,gas_station,store,food,point_of_interest,establishment",convenience,OPERATIONAL,3.7,3.0
ChIJ9zpD9ybBNIgRVEWI32-9ZO8,Shell,"4180 William Penn Highway, Murrysville",40.427758,-79.686832,"gas_station,convenience_store,store,restaurant,food,point_of_interest,establishment","convenience,restaurant",OPERATIONAL,2.5,2.0
ChIJL58CRFvBNIgROLYjR-7ci3Q,Sheetz,"4701 William Penn Highway, Murrysville",40.42349490000001,-79.66687519999999,"convenience_store,gas_station,car_wash,liquor_store,cafe,store,restaurant,food,point_of_interest,establishment","convenience,restaurant",OPERATIONAL,4.0,336.0
ChIJ-f-oY3fBNIgRNWZbkZZpop4,Donna Lynn's Pizza,"4051 William Penn Highway, Murrysville",40.4272651,-79.6913223,"meal_delivery,restaurant,food,point_of_interest,establishment",restaurant,OPERATIONAL,4.3,152.0
ChIJo7reIOqDyokRtFhavWoSmTI,Fox's Pizza Den Inc.,"4425 William Penn Highway, Murrysville",40.426296,-79.6804757,"meal_takeaway,meal_delivery,restaurant,food,point_of_interest,establishment","fast_food,restaurant",OPERATIONAL,3.7,41.0
ChIJ2QQhcmjBNIgRg_iiLCTkzOE,Madero Cantina,"4462 William Penn Highway, Murrysville",40.426142,-79.674375,"restaurant,food,point_of_interest,establishment",restaurant,OPERATIONAL,4.4,769.0
ChIJ3U-7vZ7qNIgRX1Wr9EtwIJY,Buon Cibo Grill,"4556 William Penn Highway, Murrysville",40.4262398,-79.67137269999999,"restaurant,food,point_of_interest,establishment",restaurant,OPERATIONAL,4.6,207.0
ChIJsxPZKl3BNIgRBsXWci1m_sc,Osteria Pasqualino,"4430 William Penn Highway, Murrysville",40.4270477,-79.67923739999999,"bar,restaurant,food,point_of_interest,establishment",restaurant,OPERATIONAL,4.4,1034.0
ChIJW33S0kLBNIgRBowvgx_lfbU,Eat'n Park,"4584 William Penn Highway, Murrysville",40.4257415,-79.6711365,"meal_takeaway,restaurant,food,point_of_interest,establishment","fast_food,restaurant",OPERATIONAL,3.9,708.0
ChIJZ9EOd2_BNIgRGBtU1Ug1bBI,KFC,"4400 William Penn Highway, Murrysville",40.4269726,-79.6808209,"restaurant,food,point_of_interest,establishment",restaurant,OPERATIONAL,3.8,448.0
ChIJmXrbYXDBNIgR82Lwm53UvAE,Leena's Food,"4180 William Penn Highway, Murrysville",40.42759340000001,-79.6865801,"restaurant,food,point_of_interest,establishment",restaurant,OPERATIONAL,4.8,274.0
ChIJu7JlEZbBNIgRRuTZ-t8GUMc,Dick's Diner,"4200 William Penn Highway, Murrysville",40.4276653,-79.6856959,"restaurant,food,point_of_interest,establishment",restaurant,OPERATIONAL,4.2,630.0
ChIJG6PIXgDBNIgRdYM37JZMXrU,TULUM Modern Mexican Food,"4450 William Penn Highway, Murrysville",40.42666049999999,-79.67828039999999,"restaurant,food,point_of_interest,establishment",restaurant,OPERATIONAL,4.3,230.0
ChIJ2wpVOGjBNIgRr8acxQ57C_E,Madero By Las Velas,"4529 Old William Penn Highway, Murrysville",40.42613739999999,-79.6743317,"bar,restaurant,food,point_of_interest,establishment",restaurant,OPERATIONAL,4.5,2.0
ChIJ4zrfVmjBNIgRonteytns7yA,PrimoHoagies,"4474 William Penn Highway, Murrysville",40.426471,-79.6742307,"meal_takeaway,store,restaurant,food,point_of_interest,establishment","fast_food,restaurant",OPERATIONAL,4.6,59.0
ChIJoQ1Ov5TBNIgRngxKtcSHacA,Fortune Kitchen,"4554 William Penn Highway, Murrysville",40.4261611,-79.6713418,"restaurant,food,point_of_interest,establishment",restaurant,OPERATIONAL,4.5,65.0
ChIJGeYeoozBNIgRGW0FCb5hvgw,D’s Six Pax & Dogs,"4608 William Penn Highway, Murrysville",40.4258311,-79.67017109999999,"restaurant,food,point_of_interest,establishment",restaurant,OPERATIONAL,4.6,386.0
ChIJa0zlxVrBNIgRJeKQ7OUEgyQ,Market District Supermarket,"4810 Old William Penn Hwy, Export",40.4246407,-79.6619714,"grocery_or_supermarket,store,food,point_of_interest,establishment",food_bank,OPERATIONAL,3.9,2479.0
ChIJ8SFvjkLBNIgREmwnFVYlof0,Newlonsburg Presbyterian Church,"4600 Old William Penn Hwy, Murrysville",40.4274585,-79.6714259,"church,place_of_worship,point_of_interest,establishment",food_bank,OPERATIONAL,4.7,18.0
ChIJO3FT_JzBNIgRZxcuKRq8k34,Mother Of Sorrows,"4202 Old William Penn Hwy, Murrysville",40.4294306,-79.68601939999999,"church,place_of_worship,point_of_interest,establishment",food_bank,OPERATIONAL,4.7,106.0
ChIJWdLoIYnBNIgRKxuU9JqBs-I,Murrysville Shopping Center,"4810 Old William Penn Hwy, Murrysville",40.4246407,-79.6619714,"shopping_mall,point_of_interest,establishment",farmers_market,OPERATIONAL,4.5,42.0
ChIJY1SVzS7BNIgRJP-U7UtUgVc,GetGo Café + Market,"4806 William Penn Highway, Murrysville",40.423618,-79.6636152,"gas_station,cafe,convenience_store,store,food,point_of_interest,establishment",convenience,OPERATIONAL,3.3,46.0
ChIJ-9LsQafGNIgRMqVaW4r1Ur4,Ricks Sports Bar & Grill,"5400 William Penn Highway, Export",40.4155591,-79.6405228,"bar,restaurant,food,point_of_interest,establishment",restaurant,OPERATIONAL,3.9,835.0
ChIJv_Oa51PBNIgRXqUY4u5pxCQ,Penn Murry Bar & Kitchen,"5089 Cozy Inn Cut Off, Export",40.4195465,-79.6524458,"bar,restaurant,food,point_of_interest,establishment",restaurant,OPERATIONAL,4.4,501.0
ChIJ7WJQgVDBNIgRr2oos3lriEE,Juniper Grill - Murrysville,"4917 William Penn Highway, Murrysville",40.42159900000001,-79.66113059999999,"restaurant,food,point_of_interest,establishment",restaurant,OPERATIONAL,4.6,1118.0
ChIJMQBB5lrBNIgR8ncZCOKKTxA,Jimmy John's,"4811 William Penn Highway #100, Murrysville",40.4227429,-79.6641782,"restaurant,food,point_of_interest,establishment",restaurant,OPERATIONAL,3.9,316.0
ChIJRz81e1DBNIgR-Mb6WQ02D_c,Applebee's Grill + Bar,"4920 William Penn Highway, Murrysville",40.4224418,-79.6599904,"restaurant,bar,food,point_of_interest,establishment",restaurant,OPERATIONAL,4.1,1213.0
ChIJcV3X7lrBNIgR7CTAYoSTQxk,Hoss's Steak & Sea House,"4813 William Penn Highway, Murrysville",40.4226944,-79.66374309999999,"restaurant,food,point_of_interest,establishment",restaurant,OPERATIONAL,4.1,1702.0
ChIJb72VhFrBNIgRqZL0lAUFlsw,Panera Bread,"4899 William Penn Highway, Murrysville",40.4218003,-79.6616025,"cafe,meal_takeaway,bakery,restaurant,food,store,point_of_interest,establishment","fast_food,restaurant",OPERATIONAL,4.0,581.0
ChIJqYk6hVrBNIgRwFEmKAtdy3M,Asian Cafe,"4885 William Penn Highway, Murrysville",40.42219439999999,-79.6626486,"restaurant,food,point_of_interest,establishment",restaurant,OPERATIONAL,4.0,128.0
ChIJRezT_HzBNIgRhQAw0e11pq4,Chipotle Mexican Grill,"4899 William Penn Highway, Murrysville",40.4222215,-79.6627405,"restaurant,food,point_of_interest,establishment",restaurant,OPERATIONAL,3.5,332.0
ChIJebk_GznBNIgRjxwVZ8gvRnI,Tropical Smoothie Cafe,"4881 William Penn Highway, Murrysville",40.422255,-79.662917,"cafe,restaurant,food,point_of_interest,establishment",restaurant,OPERATIONAL,4.4,144.0
ChIJNzGPxIrBNIgRSzbsVV8j1l4,Pizzaiolo Primo Murrysville,"4869 William Penn Highway, Murrysville",40.42232429999999,-79.6630601,"restaurant,food,point_of_interest,establishment",restaurant,OPERATIONAL,,
ChIJ2yhVAwDBNIgRoK3Bhwv_2QA,Pasta Chef,"4869 William Penn Highway, Murrysville",40.42232429999999,-79.6630601,"restaurant,food,point_of_interest,establishment",restaurant,OPERATIONAL,,
ChIJ0_ibbVzBNIgRQKhIZj3v3iU,The Kitchen on Penn,"4811 William Penn Highway, Murrysville",40.42297110000001,-79.6644539,"restaurant,food,point_of_interest,establishment",restaurant,OPERATIONAL,4.6,691.0
ChIJmSSttlrBNIgRXTZnZsbP0NE,Fox's Pizza Den Murrysville,"4810 Old William Penn Highway, Murrysville",40.42423369999999,-79.66241269999999,"meal_delivery,restaurant,food,point_of_interest,establishment",restaurant,OPERATIONAL,4.4,69.0
ChIJfzTFoHlGNIgR3HiQFyZ-M18,Bavington Roadhouse,"1860 Steubenville Pike, Burgettstown",40.4278597,-80.36979199999999,"bar,restaurant,food,point_of_interest,establishment",restaurant,OPERATIONAL,4.4,494.0
ChIJU_N8UKNFNIgRdzskC2shwyM,Farmer's Fridge,"Amazon employee vending only, Located in the main floor breakroom, 1200 Westport Road, Imperial",40.4499266,-80.3158267,"restaurant,food,point_of_interest,establishment",restaurant,OPERATIONAL,5.0,1.0
ChIJ4xNaNwxbNIgR0uhIQkkag6Y,Imperial Shop 'n Save,"600 Market Place Drive, Oakdale",40.4404972,-80.2409856,"grocery_or_supermarket,supermarket,store,food,point_of_interest,establishment","food_bank,grocery",OPERATIONAL,4.1,814.0
ChIJD2rOedZbNIgRy8ZjHoGmm2M,Amoco,"500 Market Place Drive, Oakdale",40.4402608,-80.23952609999999,"gas_station,supermarket,grocery_or_supermarket,store,food,point_of_interest,establishment",grocery,OPERATIONAL,2.9,12.0
ChIJR2JrN2xbNIgRXAQP2e1F8IA,Dollar General,"470 Penn Lincoln Drive, Imperial",40.4428908,-80.2359216,"drugstore,convenience_store,grocery_or_supermarket,store,health,food,point_of_interest,establishment",convenience,OPERATIONAL,3.8,261.0
ChIJubhaNwxbNIgROIRlDxX1quY,Circle K,"200 Market Place Drive, Noblestown",40.4410131,-80.2404935,"convenience_store,gas_station,atm,cafe,meal_takeaway,finance,store,restaurant,food,point_of_interest,establishment","convenience,fast_food,restaurant",OPERATIONAL,3.6,42.0
ChIJfYYqRwxbNIgRVDKxsEmIuwo,Marathon Gas,"150 U.S. 30, Oakdale",40.4409521,-80.2384268,"gas_station,convenience_store,store,food,point_of_interest,establishment",convenience,OPERATIONAL,3.2,23.0
ChIJ0dATuhVbNIgRU-Vj89iI5_o,Coen Markets,"500 Market Place Drive, Oakdale",40.4400403,-80.2394939,"convenience_store,gas_station,liquor_store,cafe,meal_takeaway,store,restaurant,food,point_of_interest,establishment","convenience,fast_food,restaurant",OPERATIONAL,2.6,26.0
ChIJieVQNwxbNIgRYRGfKPVl6z0,McDonald's,"300 Market Place Drive, Oakdale",40.4409089,-80.2393292,"cafe,restaurant,food,store,point_of_interest,establishment",restaurant,OPERATIONAL,2.9,1293.0
ChIJ18Z14hdbNIgRGuGuCzRaxro,"Celebrations Bar, Banquet, and Grill","8110 Steubenville Pike, Imperial",40.436558,-80.25427599999999,"bar,restaurant,food,point_of_interest,establishment",restaurant,OPERATIONAL,4.4,497.0
ChIJubhaNwxbNIgRENhvvUxV1FE,Subway,"150 Market Place Drive, Oakdale",40.4413697,-80.2397621,"meal_takeaway,restaurant,food,point_of_interest,establishment","fast_food,restaurant",OPERATIONAL,3.2,143.0
ChIJgUNwRAxbNIgRai-Krk_qGRk,China House,"50 Market Place Drive, Oakdale",40.4413796,-80.2394882,"restaurant,food,point_of_interest,establishment",restaurant,OPERATIONAL,4.1,146.0
ChIJ5cxcnQxbNIgRxTV_OPITtT8,Fox's Pizza Den - Imperial,"120 West Allegheny Road, Imperial",40.4429449,-80.23765499999999,"restaurant,food,point_of_interest,establishment",restaurant,OPERATIONAL,4.1,76.0
ChIJMdqucApbNIgRpc-FeIbWXWM,The Inn Place Restaurant,"7958 Steubenville Pike, Imperial",40.4414919,-80.23398259999999,"bar,restaurant,food,point_of_interest,establishment",restaurant,OPERATIONAL,4.3,84.0
ChIJlV8BjwxbNIgRzxf4Uh90y1g,Our Diner,"110 West Allegheny Road, Imperial",40.4425067,-80.23817980000001,"restaurant,food,point_of_interest,establishment",restaurant,OPERATIONAL,4.7,736.0
ChIJtxhpN2xbNIgRrYv7iIxyD0w,Angelia's Pizza,"410 Penn Lincoln Drive, Imperial",40.44227569999999,-80.2362122,"meal_delivery,meal_takeaway,restaurant,food,point_of_interest,establishment","fast_food,restaurant",OPERATIONAL,4.5,361.0
ChIJy5IY6dlbNIgR3WolTahegS0,Speedie's Pizza,"120 West Allegheny Road Suite 4, Imperial",40.4429079,-80.2377096,"restaurant,food,point_of_interest,establishment",restaurant,OPERATIONAL,4.7,80.0
ChIJnyK1hnNbNIgRSfMXApG7ALo,Asian Bistro,"455 Penn Lincoln Drive, Imperial",40.4426811,-80.23599209999999,"restaurant,food,point_of_interest,establishment",restaurant,OPERATIONAL,4.7,182.0
ChIJQfF-kg1bNIgRSY0CMry1aY8,Choice Cigarette Discount Outlet,"7859 Steubenville Pike, Oakdale",40.43932809999999,-80.2188843,"convenience_store,food,store,point_of_interest,establishment",convenience,OPERATIONAL,4.6,29.0
ChIJ01CE9LxbNIgR-QP7Cagy8uE,The Goose Express,"7851 Steubenville Pike, Oakdale",40.43929929999999,-80.21853999999999,"meal_takeaway,restaurant,food,point_of_interest,establishment","fast_food,restaurant",OPERATIONAL,4.4,67.0
ChIJE7XdcqFbNIgRH_i29BrT6Pk,Garden of Eating Pizzeria,"7900 Steubenville Pike # 36, Imperial",40.44040340000001,-80.2279923,"meal_delivery,restaurant,food,point_of_interest,establishment",restaurant,OPERATIONAL,4.5,275.0
ChIJt86ykw1bNIgRFa-qwZ1nnx0,Don's Pizzeria,"7936 Steubenville Pike, Oakdale",40.4411515,-80.2326047,"restaurant,food,point_of_interest,establishment",restaurant,OPERATIONAL,4.7,231.0
ChIJ96mJa8BbNIgRy23PkdufMek,Gianni's Pizza - Hankey Farms/Oakdale,"7780 Steubenville Pike, Oakdale",40.44017789999999,-80.21058649999999,"meal_delivery,restaurant,food,point_of_interest,establishment",restaurant,OPERATIONAL,4.3,151.0
ChIJyeU_5kVZNIgRHLsUEWuui0c,bp,"1001 Montour Church Road, Oakdale",40.444628,-80.174685,"gas_station,supermarket,grocery_or_supermarket,store,food,point_of_interest,establishment",grocery,OPERATIONAL,3.1,17.0
ChIJAZzFtQZZNIgRx5meIQ9Iv-k,Target Grocery,"600 Chauvet Drive, Pittsburgh",40.4464371,-80.1835017,"grocery_or_supermarket,supermarket,store,food,point_of_interest,establishment",grocery,OPERATIONAL,4.3,37.0
ChIJ2az4IVxZNIgRZU6L5sDeY1Q,"Pike Beverage, Inc.","7165 Steubenville Pike, Oakdale",40.443616,-80.18154799999999,"convenience_store,liquor_store,food,store,point_of_interest,establishment",convenience,OPERATIONAL,4.4,51.0
ChIJa1V4p19ZNIgRvVAjv0A3O5g,Grab N Go,"7261 Steubenville Pike, Oakdale",40.442564,-80.18612859999999,"convenience_store,food,store,point_of_interest,establishment",convenience,OPERATIONAL,4.0,8.0
ChIJKYJ5Y0NZNIgR9IgUN5rYmmk,Par Mar Stores,"7021 Steubenville Pike, Oakdale",40.443946,-80.174408,"convenience_store,food,store,point_of_interest,establishment",convenience,OPERATIONAL,3.0,2.0
ChIJ9xMamERZNIgR0ZJp5sxPw34,Par Mar Stores,"1001 Montour Church Road, Oakdale",40.44468399999999,-80.1749528,"convenience_store,food,store,point_of_interest,establishment",convenience,OPERATIONAL,,
ChIJ4e7DQVdZNIgR2rxo4uOZBkA,Buffalo Wild Wings,"480 Home Drive, Pittsburgh",40.4511281,-80.1831789,"meal_takeaway,bar,restaurant,food,point_of_interest,establishment","fast_food,restaurant",OPERATIONAL,3.9,1895.0
ChIJqbXJXldZNIgRumvmC37qqzU,Burger King,"415 Home Drive, Pittsburgh",40.4503415,-80.182187,"restaurant,food,point_of_interest,establishment",restaurant,OPERATIONAL,3.2,1153.0
ChIJ27dP9llZNIgR0tblPqP5aWQ,Bravo! Italian Kitchen,"211 Summit Park Drive, Pittsburgh",40.4485081,-80.1806323,"restaurant,food,point_of_interest,establishment",restaurant,OPERATIONAL,4.3,1795.0
ChIJRS_IZEVZNIgRRajbdo4-Nnw,Burgatory,"300 McHolme Drive, Pittsburgh",40.4489975,-80.1743469,"bar,restaurant,food,point_of_interest,establishment",restaurant,OPERATIONAL,4.4,3314.0
ChIJW-Y7f0VZNIgRxwiXCW3EbAU,Panera Bread,"250 McHolme Drive, Pittsburgh",40.44935,-80.174279,"cafe,meal_takeaway,bakery,restaurant,food,store,point_of_interest,establishment","fast_food,restaurant",OPERATIONAL,4.0,570.0
ChIJQVx6cEVZNIgRHuli5UIKHwo,Five Guys,"324 McHolme Drive, Pittsburgh",40.4487264,-80.1748956,"meal_takeaway,restaurant,food,point_of_interest,establishment","fast_food,restaurant",OPERATIONAL,4.4,1191.0
ChIJAUk8d09ZNIgRUhcND7ZXCwI,Cracker Barrel Old Country Store,"200 Davis Boulevard, Pittsburgh",40.4499083,-80.173442,"meal_takeaway,restaurant,food,store,point_of_interest,establishment","fast_food,restaurant",OPERATIONAL,4.3,4573.0
ChIJV-A0hURZNIgRN38j1ekPXC8,Scoops & More Eatery,"7012 Steubenville Pike, Oakdale",40.4446384,-80.1742737,"meal_takeaway,restaurant,food,store,point_of_interest,establishment","fast_food,restaurant",CLOSED_TEMPORARILY,4.4,722.0
ChIJi1wFsVxZNIgRosKREIfQEwI,The Tonidale Pub,"7001 Steubenville Pike, Oakdale",40.4458329,-80.17121019999999,"restaurant,bar,food,point_of_interest,establishment",restaurant,OPERATIONAL,4.2,323.0
ChIJ2wgu4l5ZNIgRjDgSJOV3EjE,Jo Jo's Place,"7194 Steubenville Pike, Oakdale",40.4441065,-80.1834475,"restaurant,food,point_of_interest,establishment",restaurant,OPERATIONAL,4.8,759.0
ChIJ46uDW1pZNIgR3aCvKUwpJ00,Uncle Sam's Sandwich Bar,"225 Summit Park Drive, Pittsburgh",40.448097,-80.17947079999999,"restaurant,food,point_of_interest,establishment",restaurant,OPERATIONAL,4.6,1186.0
ChIJmQXf1Br1NIgRWpfzg7sM1Cg,El Campesino | North Fayette,"460 Home Drive, Pittsburgh",40.45111679999999,-80.1835311,"restaurant,food,point_of_interest,establishment",restaurant,OPERATIONAL,4.0,585.0
ChIJo1IWZEVZNIgRRBUb75pwTyM,Firehouse Subs Pointe At North Fayette,"320 McHolme Drive, Pittsburgh",40.44887,-80.17481,"restaurant,food,point_of_interest,establishment",restaurant,OPERATIONAL,4.1,425.0
ChIJtTKf21tZNIgRfWuz-_QeQ1Y,The Yard,"670 Chauvet Drive, Pittsburgh",40.44627599999999,-80.1808891,"restaurant,bar,food,point_of_interest,establishment",restaurant,OPERATIONAL,4.3,1165.0
ChIJ3WLyczxZNIgRox6PNIevoA4,Lowkey Taco,"690 Chauvet Drive, Pittsburgh",40.4463113,-80.1809335,"restaurant,food,point_of_interest,establishment",restaurant,OPERATIONAL,4.2,679.0
ChIJxYhyagCLNIgR2k6zrQRagzM,SHABU-SHABU HOT POT & GRILL,"140 Quinn Drive, Pittsburgh",40.44652099999999,-80.1798846,"restaurant,food,point_of_interest,establishment",restaurant,OPERATIONAL,4.6,234.0
ChIJEYvSHshZNIgRyEzUiwdBGfc,Wingstop,"216 Summit Park Drive Suite D1, Pittsburgh",40.4483297,-80.1801612,"restaurant,food,point_of_interest,establishment",restaurant,OPERATIONAL,4.5,138.0
ChIJK7aPlsBZNIgRRUzcQg4W17Q,Shah's Halal Food Walmart,"250 Summit Park Drive, Pittsburgh",40.4477654,-80.1755266,"restaurant,food,point_of_interest,establishment",restaurant,OPERATIONAL,4.4,311.0
ChIJ66VpRXxZNIgRWzz2haCVBlY,SMOKE HOUSE 7 (tobacco & vape),"402 Home Drive, Pittsburgh",40.45003659999999,-80.1826791,"meal_takeaway,restaurant,food,store,point_of_interest,establishment","fast_food,restaurant",OPERATIONAL,4.8,90.0
ChIJMS1nWFdZNIgR0AxcnnHvwVU,Jimmy John's,"401 Home Drive, Pittsburgh",40.45011709999999,-80.18271,"restaurant,food,point_of_interest,establishment",restaurant,OPERATIONAL,4.0,250.0
ChIJo9UIMwBZNIgRlwJoM0DWMFU,Sam's Club Cafe,"249 Summit Park Drive, Pittsburgh",40.44958419999999,-80.1780242,"cafe,meal_takeaway,restaurant,food,point_of_interest,establishment","fast_food,restaurant",OPERATIONAL,3.3,3.0
ChIJgYoxSxBZNIgR5qExzAnlv_s,Tropical Smoothie Cafe,"322 McHolme Drive, Pittsburgh",40.4488595,-80.17483899999999,"cafe,restaurant,food,point_of_interest,establishment",restaurant,OPERATIONAL,4.4,92.0
ChIJRYMl8lX0NIgRD2Fw4Bg24sE,McDonald's,"100 Davis Boulevard, Pittsburgh",40.4492228,-80.1730923,"cafe,store,restaurant,food,point_of_interest,establishment",restaurant,OPERATIONAL,3.5,1510.0
ChIJSdVo_hZZNIgRoqfqxBebLV8,Tikka'N'Wrapz,"220 McHolme Drive, Pittsburgh",40.4496007,-80.17439569999999,"restaurant,food,point_of_interest,establishment",restaurant,OPERATIONAL,4.7,881.0
ChIJXR6SGwBZNIgRt9gQ6Nqx5tU,Fujiya Ramen North Fayette,"210 McHolme Drive, Pittsburgh",40.4498174,-80.1745313,"bar,restaurant,food,point_of_interest,establishment",restaurant,OPERATIONAL,4.8,83.0
ChIJWYssQK5ZNIgR2AOKkFcp23w,Piada Italian Street Food,"200 McHolme Drive, Pittsburgh",40.4499595,-80.17455919999999,"store,restaurant,food,point_of_interest,establishment","food_bank,restaurant",OPERATIONAL,4.7,682.0
ChIJK6PAb-ZZNIgRQmnlEIRA8OA,Shake Shack North Fayette,"112 Andrew Drive, Pittsburgh",40.450458,-80.17584649999999,"restaurant,food,point_of_interest,establishment",restaurant,OPERATIONAL,4.0,252.0
ChIJx-uadmlZNIgRB7AYQHrn8FA,Chipotle Mexican Grill,"116 Andrew Drive, Pittsburgh",40.450488,-80.1756927,"restaurant,food,point_of_interest,establishment",restaurant,OPERATIONAL,2.2,168.0
ChIJuY8sfkVZNIgRF0jbVsg6rfA,Montour Church Place,"McHolme Dr, Pittsburgh",40.4492787,-80.1746962,"shopping_mall,point_of_interest,establishment",food_bank,OPERATIONAL,4.3,951.0
ChIJRfaymTBZNIgRI9-63K9qtng,Sheetz,"5410 Campbells Run Road, Pittsburgh",40.44778399999999,-80.15734739999999,"convenience_store,gas_station,car_wash,liquor_store,cafe,store,restaurant,food,point_of_interest,establishment","convenience,restaurant",OPERATIONAL,3.9,540.0
ChIJ36tOMThZNIgR2IJv8FNJigc,GetGo Café + Market,"6513-A Steubenville Pike, Pittsburgh",40.4474734,-80.1628009,"gas_station,cafe,convenience_store,store,food,point_of_interest,establishment",convenience,OPERATIONAL,2.8,133.0
ChIJvyHBWy1ZNIgRqQgPpd64648,GetGo Gas Station,"6513-B Steubenville Pike, Pittsburgh",40.4473279,-80.1635484,"gas_station,cafe,convenience_store,store,food,point_of_interest,establishment",convenience,OPERATIONAL,3.7,13.0
ChIJF3ospCFZNIgRIdhRTGRgDAs,Cinemark Robinson Township and XD,"2100 Settlers Ridge Center Drive, Pittsburgh",40.4391258,-80.1463622,"movie_theater,meal_takeaway,restaurant,food,point_of_interest,establishment","fast_food,restaurant",OPERATIONAL,4.6,3072.0
ChIJEboxmzdZNIgRTJg7kgOYMz8,Mad Mex,"2 Robinson Plaza, Pittsburgh",40.448879,-80.1645767,"restaurant,food,point_of_interest,establishment",restaurant,OPERATIONAL,4.2,2065.0
ChIJX2oRiSNZNIgRGDOxaJw5iv8,P.F. Chang's,"1600 Settlers Ridge Center Drive, Pittsburgh",40.43946369999999,-80.1505315,"meal_takeaway,meal_delivery,restaurant,food,point_of_interest,establishment","fast_food,restaurant",OPERATIONAL,4.1,1827.0
ChIJBRlbiiFZNIgR9GMODh6lEnE,Panera Bread,"295 Settlers Ridge Center Drive, Pittsburgh",40.4403731,-80.1490761,"cafe,meal_takeaway,bakery,store,restaurant,food,point_of_interest,establishment","fast_food,restaurant",OPERATIONAL,3.8,561.0
ChIJG7z2hzdZNIgRrivGLrhEAtQ,Ditka's,"1 Robinson Plaza, Pittsburgh",40.4484359,-80.1631602,"restaurant,food,point_of_interest,establishment",restaurant,OPERATIONAL,4.5,1897.0
ChIJbUq0mTBZNIgRR89htAzUSm4,Moe's Southwest Grill,"5432 Campbells Run Road, Pittsburgh",40.44719969999999,-80.1575826,"restaurant,food,point_of_interest,establishment",restaurant,OPERATIONAL,4.2,1185.0
ChIJT9CFiyNZNIgRKm5y7wYUhpE,Red Robin Gourmet Burgers and Brews,"1230 Settlers Ridge Center Drive, Pittsburgh",40.43919069999999,-80.1482226,"restaurant,meal_takeaway,bar,food,point_of_interest,establishment","fast_food,restaurant",OPERATIONAL,4.2,1588.0
ChIJQ843wDZZNIgRA5vEf0y-xgE,Bahama Breeze,"6100 Robinson Centre Drive, Pittsburgh",40.450669,-80.159238,"meal_takeaway,bar,restaurant,food,point_of_interest,establishment","fast_food,restaurant",OPERATIONAL,4.4,3658.0
ChIJaZSF-CZZNIgR4KynINPDsJY,Downey's House,"6081 Steubenville Pike, McKees Rocks",40.4437929,-80.1453743,"bar,restaurant,food,point_of_interest,establishment",restaurant,OPERATIONAL,4.6,1732.0
ChIJ6_sFoTFZNIgRJ4IhwpgStGw,Golden Corral Buffet & Grill,"900 Park Manor Boulevard, Pittsburgh",40.45152759999999,-80.15604809999999,"meal_takeaway,restaurant,food,point_of_interest,establishment","fast_food,restaurant",OPERATIONAL,3.9,4873.0
ChIJy9I9gSFZNIgRjnPjW-j8r1I,ThaiFoon Pittsburgh,"1950 Settlers Ridge Center Drive, Pittsburgh",40.43851799999999,-80.14639799999999,"restaurant,food,point_of_interest,establishment",restaurant,OPERATIONAL,4.2,1125.0
ChIJuX6ijCNZNIgRbBcEQW7fotk,Saga Steakhouse & Sushi Bar,"1040 Settlers Ridge Center Drive, Pittsburgh",40.439643,-80.148049,"bar,restaurant,food,point_of_interest,establishment",restaurant,OPERATIONAL,4.2,1079.0
ChIJRV3MczdZNIgRBqG3xIxOwfM,Applebee's Grill + Bar,"6570 Rt.60 Steubenville Pike, Pittsburgh",40.44925099999999,-80.1619199,"restaurant,bar,food,point_of_interest,establishment",restaurant,OPERATIONAL,4.2,2150.0
ChIJ-Wm11zZZNIgRkAf5_Y8W5tk,Olive Garden Italian Restaurant,"6000 Robinson Centre Drive, Pittsburgh",40.450373,-80.16152199999999,"meal_takeaway,bar,restaurant,food,point_of_interest,establishment","fast_food,restaurant",OPERATIONAL,4.3,3144.0
ChIJd9VnnSFZNIgRnU91BGo-qhc,Anthony's Coal Fired Pizza & Wings,"1810 Settlers Ridge Center Drive, Pittsburgh",40.4380379,-80.14646259999999,"meal_takeaway,meal_delivery,store,restaurant,food,point_of_interest,establishment","fast_food,restaurant",OPERATIONAL,4.3,1309.0
ChIJt4sveSFZNIgRXUimIKppazU,Blaze Pizza,"290 Settlers Ridge Center Drive, Robinson Township",40.4403885,-80.149292,"restaurant,food,point_of_interest,establishment",restaurant,OPERATIONAL,4.5,1002.0
ChIJAxCEfyZZNIgRv3I9ooknxYI,Rita's Italian Ice & Frozen Custard,"6154 Steubenville Pike, McKees Rocks",40.4444404,-80.1484972,"store,restaurant,food,point_of_interest,establishment",restaurant,CLOSED_TEMPORARILY,4.6,460.0
ChIJndteDsb1NIgR9IrLKHqQBU4,Fuji Sushi & Grill,"6093 Steubenville Pike, McKees Rocks",40.4439565,-80.1460743,"restaurant,food,point_of_interest,establishment",restaurant,OPERATIONAL,4.3,239.0
ChIJrz9QiiFZNIgR7jQH_aLHReI,First Watch,"215 Settlers Ridge Center Drive, Pittsburgh",40.440524,-80.15038799999999,"restaurant,food,point_of_interest,establishment",restaurant,OPERATIONAL,4.6,1097.0
ChIJ0eRQnzdZNIgRChldDLBsWJQ,Eat'n Park,"100 Park Manor Drive, Pittsburgh",40.44861849999999,-80.1621761,"meal_takeaway,restaurant,food,point_of_interest,establishment","fast_food,restaurant",OPERATIONAL,4.2,2702.0
ChIJJ6HT5uBYNIgRid9sPs7GWaQ,LongHorn Steakhouse,"200 Robinson Centre Drive, Pittsburgh",40.45140900000001,-80.16176399999999,"meal_takeaway,bar,restaurant,food,point_of_interest,establishment","fast_food,restaurant",OPERATIONAL,4.4,2485.0
ChIJQ843wDZZNIgR5lw0Q4ibon4,Red Lobster,"THE MALL AT ROBINSON, 6150 Robinson Centre Drive NEAR, Pittsburgh",40.451322,-80.160474,"restaurant,food,point_of_interest,establishment",restaurant,OPERATIONAL,4.3,3121.0
ChIJVb_rVzZZNIgRnLeZPO6Nz1U,Panda Express,"202 Robinson Centre Drive, Pittsburgh",40.4513426,-80.1624657,"restaurant,food,point_of_interest,establishment",restaurant,OPERATIONAL,3.4,549.0
ChIJaZSF-CZZNIgRAIIe5562utI,China City,"6080 Steubenville Pike #705, McKees Rocks",40.44330469999999,-80.1452134,"meal_delivery,restaurant,food,point_of_interest,establishment",restaurant,OPERATIONAL,3.9,250.0
ChIJN0m8WzdZNIgRHuE377z2yWE,Pizza Milano,"6532 Steubenville Pike, Pittsburgh",40.44951349999999,-80.16158759999999,"meal_delivery,restaurant,food,point_of_interest,establishment",restaurant,OPERATIONAL,4.0,551.0
ChIJp9I0WjdZNIgRedHgj4e8Kkw,DiBella's Subs,"6501 Steubenville Pike, Pittsburgh",40.4479503,-80.15877139999999,"restaurant,food,point_of_interest,establishment",restaurant,OPERATIONAL,4.5,791.0
ChIJe3I5-CZZNIgRNL8VYZ1rhy4,Fox's Pizza Den Robinson Twp.,"6091 Steubenville Pike, Robinson Township",40.4439065,-80.1461905,"restaurant,food,point_of_interest,establishment",restaurant,OPERATIONAL,4.1,110.0
ChIJu3AMuSVZNIgRiKFlG9LTY-I,Taco Bell / KFC,"6190 Steubenville Pike, McKees Rocks",40.4455317,-80.1501954,"meal_takeaway,restaurant,food,point_of_interest,establishment","fast_food,restaurant",OPERATIONAL,3.4,754.0
ChIJX67ApiVZNIgR1dNvRKx3m2Q,Arby's,"6192 Steubenville Pike, McKees Rocks",40.44583179999999,-80.15062449999999,"meal_takeaway,store,restaurant,food,point_of_interest,establishment","fast_food,restaurant",OPERATIONAL,4.1,781.0
ChIJk_VxUCVZNIgR5lFiFM3Wj_k,Wendy's,"6296 Steubenville Pike, Pittsburgh",40.4474458,-80.15346199999999,"restaurant,food,point_of_interest,establishment",restaurant,OPERATIONAL,3.7,1081.0
ChIJYxB_cTBZNIgR6wGdZB6mGqY,McDonald's,"6380 Steubenville Pike, Crafton",40.4483167,-80.1555794,"cafe,store,restaurant,food,point_of_interest,establishment",restaurant,OPERATIONAL,3.5,1239.0
ChIJM4p5iTBZNIgRbrL9XU5ZZmE,Central Diner & Grille,"6408 Steubenville Pike, Pittsburgh",40.4487189,-80.1567784,"restaurant,food,point_of_interest,establishment",restaurant,OPERATIONAL,4.5,5679.0
ChIJe6FQ4_RZNIgRTlH9VCb1qqQ,PITSR The Bistro,"5100 Campbells Run Road, Pittsburgh",40.4389521,-80.1517326,"restaurant,food,point_of_interest,establishment",restaurant,OPERATIONAL,3.3,8.0
ChIJ49veziNZNIgRE7eLghLvQp0,Walnut Grill - Robinson,"1210 Settlers Ridge Center Drive, Pittsburgh",40.439277,-80.14830979999999,"restaurant,food,point_of_interest,establishment",restaurant,OPERATIONAL,4.6,2507.0
ChIJPccvAgBZNIgRto1iAG_x7LQ,CHiKN,"1740 Settlers Ridge Center Drive, Pittsburgh",40.4390963,-80.14689249999999,"restaurant,food,point_of_interest,establishment",restaurant,OPERATIONAL,3.9,177.0
ChIJu3AMuSVZNIgRPCFWcdLHygg,KFC,"6190 Steubenville Pike, McKees Rocks",40.44552329999999,-80.1501725,"restaurant,food,point_of_interest,establishment",restaurant,OPERATIONAL,2.9,512.0
ChIJHWsOw2FZNIgR0goP-DQo90Y,Red Chilly's - India's Street Kitchen,"5474 Campbells Run Road, Pittsburgh",40.4463701,-80.1579472,"restaurant,food,point_of_interest,establishment",restaurant,OPERATIONAL,4.4,940.0
ChIJC2Tyff9ZNIgRRLy5VQHjLS8,MISSION BBQ,"6541 Steubenville Pike, Pittsburgh",40.44800439999999,-80.1590415,"restaurant,food,point_of_interest,establishment",restaurant,OPERATIONAL,4.7,3138.0
ChIJg1bfsztZNIgRE2Oj4N9NQiA,Popeyes Louisiana Kitchen,"6288 Steubenville Pike, Pittsburgh",40.44708000000001,-80.15293,"meal_takeaway,restaurant,food,point_of_interest,establishment","fast_food,restaurant",OPERATIONAL,3.5,952.0
ChIJY8uRG7NZNIgRkd5HL6p5pDs,Domino's Pizza,"6518 Steubenville Pike, Pittsburgh",40.4484157,-80.1586629,"meal_takeaway,meal_delivery,restaurant,food,point_of_interest,establishment","fast_food,restaurant",OPERATIONAL,3.5,172.0
ChIJldbal8FZNIgRr8jPUZn_x4Q,Jersey Mike's Subs,"6508 Steubenville Pike, Pittsburgh",40.4493581,-80.1599312,"meal_takeaway,restaurant,food,store,point_of_interest,establishment","fast_food,restaurant",OPERATIONAL,3.9,170.0
ChIJd9qE6FhZNIgRwtfieHqzeNg,The Burger Experience,"Located in Smokey Bones, 6050 Robinson Centre Drive, Pittsburgh",40.4504061,-80.1604326,"restaurant,food,point_of_interest,establishment",restaurant,OPERATIONAL,4.4,13.0
ChIJVwYXmmhZNIgR6jTVvW6e6Cg,The Wing Experience,"Located in Smokey Bones, 6050 Robinson Centre Drive, Pittsburgh",40.4504061,-80.1604326,"restaurant,food,point_of_interest,establishment",restaurant,OPERATIONAL,2.7,16.0
ChIJd1s-8-JZNIgRzpoLB3syekY,Twin Peaks,"200 Park Manor Drive, Pittsburgh",40.451084,-80.1637465,"bar,restaurant,food,point_of_interest,establishment",restaurant,OPERATIONAL,4.7,4185.0
ChIJy9I9gSFZNIgRyg6qqWbyqrw,Market District Supermarket,"100 Settlers Ridge Center Dr, Pittsburgh",40.44173929999999,-80.1513707,"grocery_or_supermarket,store,food,point_of_interest,establishment",food_bank,OPERATIONAL,4.5,4431.0
ChIJ_0Fy6tNYNIgRxgZSaHKFutY,Robinson Farmers Market,"5718 Steubenville Pike, McKees Rocks",40.4520602,-80.13590769999999,"point_of_interest,establishment",farmers_market,OPERATIONAL,4.6,56.0
ChIJ-xsQMtJYNIgRJEu0hxT1kmM,CVS,"5703 Steubenville Pike, McKees Rocks",40.4514298,-80.13422249999999,"drugstore,convenience_store,clothing_store,food,health,store,point_of_interest,establishment",convenience,OPERATIONAL,2.9,141.0
ChIJM3hh19dYNIgRI4MoAwhJHXw,T J's Deli Mart,"5942 Steubenville Pike, McKees Rocks",40.448456,-80.14261599999999,"gas_station,convenience_store,food,store,point_of_interest,establishment",convenience,OPERATIONAL,3.4,13.0
ChIJX24ZMtZYNIgROLEBhOu17-o,Bruster's Real Ice Cream,"5888 Steubenville Pike Unit #2, McKees Rocks",40.4491806,-80.142226,"bakery,store,restaurant,food,point_of_interest,establishment",restaurant,OPERATIONAL,4.6,431.0
ChIJAci96ydZNIgRTQy1Y7G7Ozw,Olympos Gyros & Catering,"5950 Steubenville Pike, McKees Rocks",40.44791289999999,-80.14321020000001,"restaurant,meal_takeaway,food,point_of_interest,establishment","fast_food,restaurant",OPERATIONAL,4.6,567.0
ChIJ1zKdWKVZNIgRwfKobjfOG_o,Papa Johns Pizza,"5984 Steubenville Pike, McKees Rocks",40.44711,-80.14386999999999,"restaurant,food,point_of_interest,establishment",restaurant,OPERATIONAL,3.9,218.0
ChIJi5gys9dYNIgReyfYs9aMMb8,Peppercini's Pizza,"5899 Steubenville Pike, McKees Rocks",40.4490089,-80.1411421,"meal_takeaway,restaurant,food,point_of_interest,establishment","fast_food,restaurant",OPERATIONAL,4.4,497.0
ChIJvRzf3RZZNIgRmlQpbL58Eho,Burghs Bagels,"5888 Steubenville Pike Suite 1, McKees Rocks",40.4491806,-80.142226,"bakery,store,restaurant,food,point_of_interest,establishment",restaurant,OPERATIONAL,4.4,169.0
ChIJPTebWRhZNIgRjP9p3b3z0MA,The Dog,"5888 Steubenville Pike, McKees Rocks",40.4492894,-80.141869,"restaurant,food,point_of_interest,establishment",restaurant,CLOSED_TEMPORARILY,3.4,14.0
ChIJq9VEHij3NIgRJBLByM7weKU,bp,"4311 Steubenville Pike, Pittsburgh",40.4404065,-80.0930477,"gas_station,car_wash,supermarket,grocery_or_supermarket,food,store,point_of_interest,establishment",grocery,OPERATIONAL,3.6,13.0
ChIJN27p6OL1NIgRqRw5ZsfIjts,GetGo Gas Station,"4900 Steubenville Pike, Pittsburgh",40.44979669999999,-80.106521,"gas_station,convenience_store,cafe,food,store,point_of_interest,establishment",convenience,OPERATIONAL,2.7,13.0
ChIJWfqnta1YNIgR3l5I0HPa6ro,GetGo Café + Market,"4900 Steubenville Pike, Pittsburgh",40.4498307,-80.1065031,"gas_station,convenience_store,cafe,food,store,point_of_interest,establishment",convenience,OPERATIONAL,3.1,99.0
ChIJi-PAYxz2NIgRl7hBA_A1LXY,Speedway,"4311 Steubenville Pike, Pittsburgh",40.4402829,-80.0929685,"gas_station,convenience_store,food,store,point_of_interest,establishment",convenience,OPERATIONAL,3.6,45.0
ChIJPxVkyq1YNIgRbvnsNK9K220,GetGo,"4900 Steubenville Pike, Pittsburgh",40.44981809999999,-80.1065278,"convenience_store,food,store,point_of_interest,establishment",convenience,OPERATIONAL,3.2,11.0
ChIJnwPBQKhYNIgRmJMAGLSdpZU,Primanti Bros. Restaurant and Bar,"4501 Steubenville Pike, Pittsburgh",40.44441869999999,-80.0994693,"bar,restaurant,food,point_of_interest,establishment",restaurant,OPERATIONAL,4.3,2479.0
ChIJeciDCxv2NIgRUljArCySa-g,Sapporo Japanese Steak House,"4260 Steubenville Pike, Pittsburgh",40.44000359999999,-80.0909106,"restaurant,food,point_of_interest,establishment",restaurant,OPERATIONAL,4.4,272.0
ChIJddlQ2m32NIgRMBwbqSNjQGk,Giant Eagle Supermarket,"Ingram Shopping Center, 51 Walsh Rd Crafton, Pittsburgh",40.440628,-80.07212059999999,"grocery_or_supermarket,supermarket,food,store,point_of_interest,establishment",grocery,OPERATIONAL,4.1,1328.0
ChIJYfI5om32NIgRNKcE0Wa-1TU,Walgreens,"112 West Steuben Street, Crafton",40.4394126,-80.07244299999999,"drugstore,convenience_store,clothing_store,health,store,food,point_of_interest,establishment",convenience,OPERATIONAL,3.8,52.0
ChIJywNyd272NIgRfLPaxaALu6A,CVS,"70 West Steuben Street, Pittsburgh",40.4390421,-80.0698161,"drugstore,convenience_store,clothing_store,health,store,food,point_of_interest,establishment",convenience,OPERATIONAL,3.8,81.0
ChIJr9NuaXL2NIgRCosyExj_r8w,GetGo Gas Station,"Shopping Center, 280 W Crafton Ingram, Pittsburgh",40.4416385,-80.0720233,"gas_station,cafe,convenience_store,store,food,point_of_interest,establishment",convenience,OPERATIONAL,2.9,24.0
ChIJ2Rm0A5j3NIgR0P-2A6qn9nk,Sweet Pea's,"3998 Steubenville Pike, Pittsburgh",40.4401708,-80.084109,"convenience_store,store,food,point_of_interest,establishment",convenience,OPERATIONAL,5.0,1.0
ChIJ9fLhM6j3NIgRQsWPIigTNgA,Shell,"3998 Steubenville Pike, Pittsburgh",40.440195,-80.08408,"gas_station,convenience_store,store,food,point_of_interest,establishment",convenience,OPERATIONAL,4.7,3.0
ChIJV7bl-W32NIgRFMq8E4eiewg,Subway,"39 Walsh Road, Pittsburgh",40.4401488,-80.0710479,"meal_takeaway,restaurant,food,point_of_interest,establishment","fast_food,restaurant",OPERATIONAL,3.2,116.0
ChIJrQSeb272NIgR0t4qBqf4jqQ,Domino's Pizza,"21 Foster Avenue, Pittsburgh",40.4408552,-80.0692562,"meal_takeaway,meal_delivery,restaurant,food,point_of_interest,establishment","fast_food,restaurant",OPERATIONAL,2.3,697.0
ChIJR_CMHm72NIgRxS9vPWziynI,Dunkin',"40 Foster Avenue, Crafton",40.4400436,-80.0692017,"meal_takeaway,bakery,cafe,restaurant,food,store,point_of_interest,establishment","fast_food,restaurant",OPERATIONAL,3.9,703.0
ChIJ-6Ogb272NIgR57I-6-HxkUk,Pizza Palermo (Crafton),"45 Foster Avenue, Crafton",40.4395333,-80.0693811,"meal_takeaway,meal_delivery,restaurant,food,point_of_interest,establishment","fast_food,restaurant",OPERATIONAL,4.2,534.0
ChIJyb4G-m32NIgRZ5ZjAQK2qpE,Chan An,"37 Walsh Road, Pittsburgh",40.4400185,-80.071063,"meal_takeaway,restaurant,food,point_of_interest,establishment","fast_food,restaurant",OPERATIONAL,4.0,319.0
ChIJOS307232NIgRcPrtTwNlngE,Mugshots Cafe,"25 Walsh Road, Pittsburgh",40.4397145,-80.07119399999999,"bar,restaurant,food,point_of_interest,establishment",restaurant,OPERATIONAL,4.2,366.0
ChIJy78m8Br2NIgRJtZcVL4lADI,Fireside Inn,"4214 Steubenville Pike, Pittsburgh",40.439842,-80.089147,"restaurant,bar,food,point_of_interest,establishment",restaurant,OPERATIONAL,4.2,373.0
ChIJuf7KWm72NIgRjtW5bQFtP0c,Portofino's Pizza & Pasta,"28 West Steuben Street, Crafton",40.43823449999999,-80.0682406,"meal_takeaway,meal_delivery,restaurant,food,store,point_of_interest,establishment","fast_food,restaurant",OPERATIONAL,4.2,419.0
ChIJ-7CVYEH3NIgRRaJgiQ6j9rE,Tivoli's,Pittsburgh,40.4417703,-80.08701549999999,"restaurant,food,point_of_interest,establishment",restaurant,OPERATIONAL,,
ChIJ1Rs45933NIgRw9lKs0mGS0o,Caliente Pizza & Draft House - Crafton,"288 West Steuben Street, Pittsburgh",40.4402469,-80.0807655,"restaurant,food,point_of_interest,establishment",restaurant,OPERATIONAL,4.1,562.0
ChIJvSn69WD3NIgRV2JIH5lmYJM,Farmer's Fridge,"Located on the main floor in the break room, 2250 Roswell Drive, Pittsburgh",40.444214,-80.082571,"restaurant,food,point_of_interest,establishment",restaurant,OPERATIONAL,,
ChIJE1KxKQ33NIgR1WsaAQk98eU,Jmekya,"238 Ingram Shopping Center, Crafton",40.4417151,-80.0708662,"restaurant,food,point_of_interest,establishment",restaurant,CLOSED_TEMPORARILY,4.5,35.0
ChIJL_oWrYv3NIgRBiFD8KEhUMo,JMekYa Exotic Fusion LLC,"Ingram Shopping Center, #238, Crafton",40.4417281,-80.0705993,"restaurant,food,point_of_interest,establishment",restaurant,CLOSED_TEMPORARILY,5.0,7.0
ChIJAWSDb272NIgRgotBKj6gHdU,Hanlon's Cafe,"17 Foster Avenue, Pittsburgh",40.4409843,-80.0693256,"restaurant,food,point_of_interest,establishment",restaurant,OPERATIONAL,4.5,712.0
ChIJ4-mKZQD3NIgR8cb2UeVuhtg,New Brighton hot dog shop,"New brighton Hot dog shop, Crafton",40.435069,-80.066166,"restaurant,food,point_of_interest,establishment",restaurant,OPERATIONAL,,
ChIJM4H3R2_2NIgRiqy-CtFg9cU,Circle Inn,"34 East Crafton Avenue, Pittsburgh",40.4355373,-80.06611910000001,"bar,restaurant,food,point_of_interest,establishment",restaurant,OPERATIONAL,4.5,259.0
ChIJAZxUcAr2NIgRwvieEBdNFE8,The Salvation Army Pittsburgh Westside,"1821 Broadhead Fording Rd, Pittsburgh",40.4508333,-80.0788889,"church,place_of_worship,point_of_interest,establishment",food_bank,OPERATIONAL,4.3,31.0
ChIJp1V5S2_2NIgRFWvcJXDlkJ8,Aplus,"Crennell Avenue, Crafton",40.434881,-80.0658368,"convenience_store,store,food,point_of_interest,establishment",convenience,OPERATIONAL,1.0,1.0
ChIJL0ivSnf2NIgRr0UZ_nlE97A,7-Eleven,"10 West Prospect Avenue, Pittsburgh",40.4452776,-80.0661283,"convenience_store,cafe,liquor_store,store,restaurant,food,point_of_interest,establishment","convenience,restaurant",OPERATIONAL,3.7,67.0
ChIJSekns2j2NIgRFY1nrNnotZ0,Sunoco,"113 Noble Avenue, Crafton",40.4349484,-80.0656333,"gas_station,convenience_store,store,food,point_of_interest,establishment",convenience,OPERATIONAL,3.3,19.0
ChIJKZzLaSv3NIgRWQ9YKEq2DUY,1 Stop Snack Shoppe,"1511 Stratmore Street fl 1, Pittsburgh",40.4382321,-80.0560629,"convenience_store,store,food,point_of_interest,establishment",convenience,OPERATIONAL,,
ChIJY1dSRm_2NIgRlCbmm8aZDR0,Sarafino's Homestyle Italian,"40 East Crafton Avenue, Pittsburgh",40.4355556,-80.0655556,"restaurant,food,point_of_interest,establishment",restaurant,OPERATIONAL,4.5,1023.0
ChIJ5Q5JWAD3NIgRTUofVpLi3Hs,Caribbean Food Snacks,"1511 Stratmore Street, Pittsburgh",40.4382321,-80.0560629,"restaurant,food,point_of_interest,establishment",restaurant,OPERATIONAL,4.7,12.0
ChIJw1SOhDT3NIgR2nVxbIZneUo,Smoked In Pitt BBQ,"1310 Crafton Boulevard, Pittsburgh",40.43808029999999,-80.0546165,"restaurant,food,point_of_interest,establishment",restaurant,OPERATIONAL,,
ChIJU23NzWL2NIgRxCP7W2oH88M,Crafton Heights Up Church - Food Distribution Center,"50 Stratmore St, Pittsburgh",40.4389012,-80.0555115,"food,point_of_interest,establishment",food_bank,OPERATIONAL,4.0,4.0
ChIJbf-O3mL2NIgRNNog6DvfOn4,THE PARENT PLACE COMMUNITY RESOURCE CENTER,"1505 Stratmore St, Pittsburgh",40.4380219,-80.0560132,"point_of_interest,establishment",food_bank,OPERATIONAL,5.0,4.0
ChIJsT2O22L2NIgR-p-v6miYNeo,Crafton Heights United Presbyterian,"50 Stratmore St, Pittsburgh",40.4386796,-80.0554276,"church,place_of_worship,point_of_interest,establishment",food_bank,OPERATIONAL,4.5,15.0
ChIJpzXqkpz2NIgR1bUxyn7C3mg,Elliott's Town Market,"928 Chartiers Avenue, Pittsburgh",40.4440671,-80.0403688,"convenience_store,store,food,point_of_interest,establishment",convenience,OPERATIONAL,2.8,25.0
ChIJaeoTUij0NIgRrrvRvn4bFl8,Sunoco,"293 Corliss Street, Pittsburgh",40.4501573,-80.0448303,"gas_station,convenience_store,store,food,point_of_interest,establishment",convenience,OPERATIONAL,,
ChIJPz5dmKX2NIgRgcESndEXxLQ,Monterey Bay Fish Grotto,"1411 Grandview Avenue, Pittsburgh",40.4387009,-80.0214233,"restaurant,food,point_of_interest,establishment",restaurant,OPERATIONAL,4.7,2805.0
ChIJi4fvJZb2NIgRn4e39Wyovvc,Johnny's Diner,"1900 Woodville Avenue, Pittsburgh",40.43370850000001,-80.0314049,"restaurant,food,point_of_interest,establishment",restaurant,OPERATIONAL,4.7,647.0
ChIJz1P8hZz2NIgRRuLBP_kT7FA,Terry's Snack Shop,"906 Chartiers Avenue, Pittsburgh",40.4434487,-80.0398295,"restaurant,food,point_of_interest,establishment",restaurant,OPERATIONAL,4.7,3.0
ChIJ52d2LwD3NIgRSVzI59VAfvY,Chaykhana Pittsburgh,"410 South Main Street, Pittsburgh",40.44163289999999,-80.0333917,"restaurant,food,point_of_interest,establishment",restaurant,OPERATIONAL,4.7,659.0
ChIJ3wH_MQj3NIgRVUZv_f8h-pA,King Fried Chicken,"1000 Chartiers Avenue UNIT 1 FLOOR 1, Pittsburgh",40.4441818,-80.0406117,"restaurant,food,point_of_interest,establishment",restaurant,OPERATIONAL,4.2,54.0
ChIJX9Zv-Zz2NIgRuL5tXjwo8mU,Lorenz Cafe,"718 Lorenz Avenue, Pittsburgh",40.4447688,-80.0397113,"bar,restaurant,food,point_of_interest,establishment",restaurant,OPERATIONAL,4.1,150.0
ChIJC2lwoS73NIgRD03ZeaPgShI,Steel Mill Saloon,"1225 Grandview Avenue, Pittsburgh",40.43813,-80.0192624,"restaurant,food,point_of_interest,establishment",restaurant,OPERATIONAL,4.3,657.0
ChIJiykY5Db3NIgRnigR27VowNs,Farmer Girl EB,"1 Noblestown Rd, Pittsburgh",40.4404675,-80.0357478,"point_of_interest,establishment",farmers_market,OPERATIONAL,4.9,43.0
ChIJE4z0cMXxNIgR8FzYeL4--h0,Target Grocery,"482 Smithfield Street, Pittsburgh",40.439803,-79.998569,"grocery_or_supermarket,supermarket,store,food,point_of_interest,establishment",grocery,OPERATIONAL,3.9,14.0
ChIJx1je5VbxNIgRC2bDBtEYaPE,CVS,"242-250 Fifth Avenue, Pittsburgh",40.4407114,-80.0010683,"drugstore,convenience_store,clothing_store,food,health,store,point_of_interest,establishment",convenience,OPERATIONAL,3.1,120.0
ChIJ2-kkb1rxNIgRQCQ8SQO_Fqc,Mini Mitch,"306 Ross Street, Pittsburgh",40.43717609999999,-79.99655039999999,"convenience_store,food,store,point_of_interest,establishment",convenience,OPERATIONAL,5.0,3.0
ChIJLbIBAdDtNIgRB_1fNVrZndA,7-Eleven,"601 Penn Avenue, Pittsburgh",40.4429331,-80.00203499999999,"convenience_store,liquor_store,cafe,restaurant,food,store,point_of_interest,establishment",convenience,OPERATIONAL,3.1,51.0
ChIJYVvjQVbxNIgRowXhVSuiaZc,The Roosevelt Building,"607 Penn Avenue, Pittsburgh",40.4429956,-80.0021068,"convenience_store,hair_care,restaurant,food,store,point_of_interest,establishment",convenience,OPERATIONAL,3.1,39.0
ChIJMRk9_1nxNIgRY511irX0L9g,Fran's Place,"437 Grant Street, Pittsburgh",40.4391795,-79.9973048,"convenience_store,food,store,point_of_interest,establishment",convenience,CLOSED_TEMPORARILY,,
ChIJS8DT61LxNIgRtiAS3WjBueg,PGH Convenience,"625 Stanwix Street STE 105, Pittsburgh",40.44296709999999,-80.0048066,"convenience_store,food,store,point_of_interest,establishment",convenience,OPERATIONAL,,
ChIJ086LHVHxNIgRAYIT8K3B6NA,Smithfield News,"115 Smithfield Street, Pittsburgh",40.4377199,-80.0004755,"convenience_store,food,store,point_of_interest,establishment",convenience,OPERATIONAL,3.6,57.0
ChIJRZIuNVfxNIgRNQ24DPKPAUQ,7-Eleven,"420 Smithfield Street, Pittsburgh",40.439168,-79.99891819999999,"convenience_store,liquor_store,cafe,restaurant,food,store,point_of_interest,establishment",convenience,OPERATIONAL,3.4,53.0
ChIJk9TA4FbxNIgRTC416OYUD54,Kum & Go,"262 Fifth Avenue, Pittsburgh",40.440681,-80.000671,"convenience_store,food,store,point_of_interest,establishment",convenience,OPERATIONAL,5.0,1.0
ChIJFU0QYgDxNIgRccPwRTz-Opg,Bridges and Bottles,"137 6th Street, Pittsburgh",40.4431003,-80.0022031,"convenience_store,food,store,point_of_interest,establishment",convenience,OPERATIONAL,3.7,6.0
ChIJ-V-AslfxNIgRotgP4uLUUtk,7-Eleven,"643 Liberty Avenue, Pittsburgh",40.4425938,-80.0002042,"convenience_store,liquor_store,cafe,restaurant,food,store,point_of_interest,establishment",convenience,OPERATIONAL,2.4,107.0
ChIJocUUMQDxNIgRHxLJbwhRC88,Ritiki's Market on Smithfield,"420 Smithfield Street, Pittsburgh",40.4391903,-79.9989353,"convenience_store,food,store,point_of_interest,establishment",convenience,OPERATIONAL,4.7,3.0
ChIJ6ShHsVDxNIgRqVA-x2bNqTw,Utsav News,"400 Cherry Way, Pittsburgh",40.4387427,-79.998545,"convenience_store,book_store,food,store,point_of_interest,establishment",convenience,OPERATIONAL,3.0,6.0
ChIJ6fh6SCXxNIgR-DNdF2GuaNc,Beer & Wine Downtown,"355 Fifth Avenue Suite 125, Pittsburgh",40.4403567,-79.99902500000002,"convenience_store,food,store,point_of_interest,establishment",convenience,OPERATIONAL,3.7,7.0
ChIJVw9ppAT0NIgR5bZHH-q_JZk,7-Eleven,"1001 Western Avenue, Pittsburgh",40.4512057,-80.0191423,"convenience_store,liquor_store,cafe,restaurant,food,store,point_of_interest,establishment","convenience,restaurant",OPERATIONAL,3.2,62.0
ChIJhY_lszbxNIgRGuNgazb3sCg,Little Tony's Mini Mart,"304 Ross Street, Pittsburgh",40.4371082,-79.9965209,"convenience_store,food,store,point_of_interest,establishment",convenience,OPERATIONAL,4.9,40.0
ChIJPyDnlxvxNIgR1jBIHO9mSjo,Sunrise Fast & Fresh,"808 Liberty Avenue, Pittsburgh",40.44253519999999,-79.99892349999999,"convenience_store,restaurant,food,store,point_of_interest,establishment",convenience,OPERATIONAL,3.4,5.0
ChIJ1QRm7VfxNIgRt-4AFOy9_C0,Steel City Tobacco,"819 Liberty Avenue, Pittsburgh",40.44310609999999,-79.99838539999999,"convenience_store,store,food,point_of_interest,establishment",convenience,OPERATIONAL,4.1,113.0
ChIJ8YrAjVbxNIgRzyKm6e_bL8o,Fairmont Pittsburgh,"510 Market Street, Pittsburgh",40.4415866,-80.00169530000001,"lodging,restaurant,food,point_of_interest,establishment",restaurant,OPERATIONAL,4.3,1394.0
ChIJwROTeR30NIgRcqMaE3fB2Co,Rivers Casino,"777 Casino Drive, Pittsburgh",40.4478179,-80.023202,"casino,tourist_attraction,bar,restaurant,food,point_of_interest,establishment",restaurant,OPERATIONAL,4.0,16819.0
ChIJK0Gg3U3xNIgR91MmvokkqIE,Grand Concourse,"100 West Station Square Drive, Pittsburgh",40.4334169,-80.003885,"restaurant,food,point_of_interest,establishment",restaurant,OPERATIONAL,4.2,3165.0
ChIJsW0CpVbxNIgRtyWHiG9FaQU,Primanti Bros. Restaurant and Bar,"2 Market Square, Pittsburgh",40.4402676,-80.0025857,"bar,restaurant,food,point_of_interest,establishment",restaurant,OPERATIONAL,4.3,4891.0
ChIJGfCWEFfxNIgRKdud4avVJZk,The Capital Grille,"301 Fifth Avenue, Pittsburgh",40.440756,-80.000116,"bar,restaurant,food,point_of_interest,establishment",restaurant,OPERATIONAL,4.7,1859.0
ChIJ06OQr6_2NIgRICqUO8vUW2s,Le Mont Restaurant,"1114 Grandview Avenue, Pittsburgh",40.437594,-80.017692,"night_club,bar,restaurant,food,point_of_interest,establishment",restaurant,OPERATIONAL,4.3,1955.0
ChIJR4nVEVbxNIgRbbtd9j788xU,Braddock's Rebellion,"107 6th Street, Pittsburgh",40.4437998,-80.0024849,"bar,restaurant,food,point_of_interest,establishment",restaurant,OPERATIONAL,4.2,356.0
ChIJO1CPWlHxNIgRyejwmfRjHB4,Ruth's Chris Steak House,"Six PPG Place, Pittsburgh",40.4394631,-80.0036361,"restaurant,food,point_of_interest,establishment",restaurant,OPERATIONAL,4.5,1290.0
ChIJ5a71UVbxNIgR_fJVD9BCDHo,Morton's The Steakhouse,"625 Liberty Avenue Suite 180, Pittsburgh",40.44245799999999,-80.000957,"restaurant,food,point_of_interest,establishment",restaurant,OPERATIONAL,4.4,1076.0
ChIJT6iVv1bxNIgRkn1QO2lEhiI,Chipotle Mexican Grill,"211 Forbes Avenue, Pittsburgh",40.44078469999999,-80.0016584,"restaurant,food,point_of_interest,establishment",restaurant,OPERATIONAL,3.3,1234.0
ChIJv-X66E3xNIgR4rFcM-iZBxQ,Melting Pot,"242 West Station Square Drive, Pittsburgh",40.43423599999999,-80.00556929999999,"restaurant,food,point_of_interest,establishment",restaurant,OPERATIONAL,4.5,2227.0
ChIJ1QL2R1bxNIgR3zR9Fz4lorg,Meat & Potatoes,"649 Penn Avenue, Pittsburgh",40.44315030000001,-80.0011895,"bar,restaurant,food,point_of_interest,establishment",restaurant,OPERATIONAL,4.5,2074.0
ChIJYTaRk__zNIgRJ-T6dty4PJ8,McFadden's,"211 North Shore Drive, Pittsburgh",40.4463889,-80.00777780000001,"bar,restaurant,food,point_of_interest,establishment",restaurant,OPERATIONAL,3.7,1116.0
ChIJff4dv1DxNIgRn85-nbLRZWA,Rivers Club,"301 Grant Street Suite 411, Pittsburgh",40.4381828,-79.9991912,"restaurant,food,point_of_interest,establishment",restaurant,OPERATIONAL,4.3,210.0
ChIJnVPqbVbxNIgR2s20Ge1_4EE,Olive Or Twist,"140 6th Street, Pittsburgh",40.44298089999999,-80.0024165,"bar,restaurant,food,point_of_interest,establishment",restaurant,OPERATIONAL,4.2,689.0
ChIJ28OHmk3xNIgRqZ-UsFZhcyY,Texas de Brazil - Pittsburgh,"240 West Station Square Drive ste d-1, Pittsburgh",40.4342335,-80.0052932,"restaurant,food,point_of_interest,establishment",restaurant,OPERATIONAL,4.4,3122.0
ChIJe3ympVbxNIgRq2bl_i37GQA,Starbucks Coffee Company,"7 Market Square, Pittsburgh",40.44024,-80.00223,"cafe,store,restaurant,food,point_of_interest,establishment",restaurant,OPERATIONAL,4.0,793.0
ChIJGfCWEFfxNIgRu-HMmjamUoU,McCormick & Schmick's Seafood & Steaks,"301 Fifth Avenue, Pittsburgh",40.44124,-79.99974710000001,"restaurant,meal_takeaway,bar,food,point_of_interest,establishment","fast_food,restaurant",OPERATIONAL,4.2,1258.0
ChIJlww-71bxNIgRztXdqne3Q6s,Vallozzi's Pittsburgh,"220 Fifth Avenue, Pittsburgh",40.440985,-80.0016022,"bar,restaurant,food,point_of_interest,establishment",restaurant,OPERATIONAL,4.3,599.0
ChIJf-65ZlbxNIgRQGkd09aM0d8,Butcher and the Rye,"212 6th Street, Pittsburgh",40.4423697,-80.0021536,"bar,restaurant,food,point_of_interest,establishment",restaurant,CLOSED_TEMPORARILY,4.6,1195.0
ChIJMUHgoa_2NIgREmd-xXtHlwU,The Grandview Saloon,"1212 Grandview Avenue, Pittsburgh",40.4381429,-80.0185374,"bar,restaurant,food,point_of_interest,establishment",restaurant,OPERATIONAL,3.9,1015.0
ChIJYWwmlFbxNIgRyjrXVFPWaOU,Las Velas,"21 Market Square, Pittsburgh",40.4409462,-80.00210480000001,"restaurant,food,point_of_interest,establishment",restaurant,OPERATIONAL,4.3,1359.0
ChIJvwEwzVfxNIgROGhy_5YvzPQ,Proper Brick Oven & Tap Room,"139 7th Street, Pittsburgh",40.4435631,-80.0002063,"restaurant,bar,food,point_of_interest,establishment",restaurant,OPERATIONAL,4.6,2193.0
ChIJ2UjFe03xNIgRXZtF7LtXxG4,Kiku Japanese Restaurant,"225 West Station Square Drive, Pittsburgh",40.433893,-80.00552449999999,"bar,restaurant,food,point_of_interest,establishment",restaurant,OPERATIONAL,4.5,667.0
ChIJo1_OeVrxNIgRBzYzhDgFDUs,Chinatown Inn,"520 Third Avenue, Pittsburgh",40.43705310000001,-79.99735129999999,"restaurant,food,point_of_interest,establishment",restaurant,OPERATIONAL,4.3,1726.0
ChIJw7NZi__zNIgRwcp5kxJAErk,Hyde Park Prime Steakhouse,"247 North Shore Drive, Pittsburgh",40.446287,-80.00831699999999,"bar,restaurant,food,point_of_interest,establishment",restaurant,OPERATIONAL,4.6,1131.0
ChIJLbPZlVbxNIgRUiWtcqhZS7k,Dunkin',"28 Market Square, Pittsburgh",40.4409657,-80.0030141,"meal_takeaway,bakery,cafe,store,restaurant,food,point_of_interest,establishment","fast_food,restaurant",OPERATIONAL,3.7,466.0
ChIJHct_wFbxNIgRaO_h4WbplGk,Moe's Southwest Grill,"210 Forbes Avenue, Pittsburgh",40.4403928,-80.0020681,"restaurant,food,point_of_interest,establishment",restaurant,OPERATIONAL,4.1,773.0
ChIJN-VSlFbxNIgR40s5WO41qgw,Original Oyster House,"20 Market Square, Pittsburgh",40.44096,-80.00201,"bar,restaurant,food,point_of_interest,establishment",restaurant,OPERATIONAL,4.0,856.0
ChIJJZ51f1bxNIgRI-T-G9szLw8,Noodles and Company,"476 McMasters Way, Pittsburgh",40.44089650000001,-80.0017402,"restaurant,meal_takeaway,store,food,point_of_interest,establishment","fast_food,restaurant",OPERATIONAL,4.1,736.0
ChIJZam3BVbxNIgRuUe4j62vGRg,Giovanni's Pizza & Pasta,"123 6th Street, Pittsburgh",40.4434759,-80.0022961,"meal_takeaway,restaurant,food,point_of_interest,establishment","fast_food,restaurant",OPERATIONAL,3.9,1252.0
ChIJ327AJ1TxNIgRvLL_q98Xstc,Jimmy John's,"502 Liberty Avenue, Pittsburgh",40.4413536,-80.0034154,"restaurant,food,point_of_interest,establishment",restaurant,OPERATIONAL,3.8,141.0
ChIJd7igQwT0NIgRioSao7dLIBc,Nicky's Thai Kitchen,"856 Western Avenue, Pittsburgh",40.4520913,-80.0162263,"restaurant,food,point_of_interest,establishment",restaurant,OPERATIONAL,4.4,1175.0
ChIJg79uX__zNIgRAUOF5V0JNPs,Clark Bar & Grill,"503 Martindale Street #100, Pittsburgh",40.44882560000001,-80.0087315,"bar,restaurant,food,point_of_interest,establishment",restaurant,CLOSED_TEMPORARILY,4.5,95.0
ChIJ327AJ1TxNIgReW7jGD36IyA,Jimmy John's,"501 Grant Street #140, Pittsburgh",40.4400335,-79.9966305,"restaurant,food,point_of_interest,establishment",restaurant,OPERATIONAL,3.8,176.0
ChIJkzZRclbxNIgRVOheuNrywO8,Cafe Milano,"134 6th Street, Pittsburgh",40.4431334,-80.0025034,"restaurant,food,point_of_interest,establishment",restaurant,OPERATIONAL,4.3,827.0
ChIJa7HnU_7zNIgRWgV7Uen_R4M,Levy Restaurants,"115 Federal Street, Pittsburgh",40.4475024,-80.0058043,"restaurant,food,point_of_interest,establishment",restaurant,OPERATIONAL,3.8,6.0
ChIJ7UXxRAP0NIgRnHHdP7MB1zY,Wendy's,"725 Allegheny Avenue, Pittsburgh",40.4502649,-80.01888199999999,"restaurant,food,point_of_interest,establishment",restaurant,OPERATIONAL,2.9,1967.0
ChIJbUeFn1DxNIgRNsB4lETrxQ0,Grant Street Tavern,"310 Grant Street, Pittsburgh",40.4376887,-79.9976353,"bar,restaurant,food,point_of_interest,establishment",restaurant,OPERATIONAL,4.4,96.0
ChIJL9D_dQP0NIgRMMoVadWmZBU,Subway,"950 Ridge Avenue, Pittsburgh",40.4500842,-80.0181516,"meal_takeaway,restaurant,food,point_of_interest,establishment","fast_food,restaurant",OPERATIONAL,3.7,312.0
ChIJo5IOulDxNIgRCjQSyJviOTM,Bruegger's Bagels,"429 Fourth Avenue, Pittsburgh",40.4384971,-79.9984717,"cafe,bakery,store,restaurant,food,point_of_interest,establishment",restaurant,OPERATIONAL,4.0,122.0
ChIJddZ3-lTxNIgRh9LKI1XZ1kY,3 Rivers Restaurant and Lounge,"600 Commonwealth Place, Pittsburgh",40.441727,-80.00645,"bar,restaurant,food,point_of_interest,establishment",restaurant,OPERATIONAL,4.0,93.0
ChIJv2DWlv7zNIgRTTz0tEVx4Ok,Mike's Beer Bar,"110 Federal Street, Pittsburgh",40.44799400000001,-80.0039821,"bar,restaurant,food,point_of_interest,establishment",restaurant,OPERATIONAL,4.5,1405.0
ChIJ59EdawP0NIgRRbOjAheTl7U,Taco Bell,"705 Allegheny Avenue, Pittsburgh",40.4497926,-80.0187153,"meal_takeaway,restaurant,food,point_of_interest,establishment","fast_food,restaurant",OPERATIONAL,3.2,2218.0
ChIJDQkHmlPxNIgR-RYTgv_3ExM,Buon Giorno Cafe,"20 Stanwix Street #1, Pittsburgh",40.4385416,-80.0050341,"restaurant,food,point_of_interest,establishment",restaurant,OPERATIONAL,4.5,56.0
ChIJm-T3ZwT0NIgRXhIHSZHyBB0,Modern Cafe,"862 Western Avenue, Pittsburgh",40.4521506,-80.0164403,"bar,restaurant,food,point_of_interest,establishment",restaurant,OPERATIONAL,4.5,539.0
ChIJAw0WSFbxNIgRN5MG1OSxoKA,Greer Cabaret Theater,"655 Penn Avenue, Pittsburgh",40.443224,-80.001049,"restaurant,food,point_of_interest,establishment",restaurant,OPERATIONAL,4.7,589.0
ChIJWdAveK_2NIgRLTc86K9aJpk,Altius,"1230 Grandview Avenue, Pittsburgh",40.4384823,-80.0192857,"restaurant,food,point_of_interest,establishment",restaurant,OPERATIONAL,4.7,1964.0
ChIJxTDgjgT0NIgRewoOyzRCUxE,Peppi's,"927 Western Avenue, Pittsburgh",40.4516667,-80.0175,"meal_takeaway,restaurant,food,point_of_interest,establishment","fast_food,restaurant",OPERATIONAL,4.7,1781.0
ChIJXRfMg1LxNIgRWYyXAINiALU,Trackside Restaurant | Sheraton Station Square,"Three Rivers Heritage Trail, Pittsburgh",40.4340714,-80.00596089999999,"restaurant,food,point_of_interest,establishment",restaurant,CLOSED_TEMPORARILY,4.1,89.0
ChIJL-2SmU3xNIgRRPKp2hp-8vc,Homerun Harry's,"87 West Station Square Drive, Pittsburgh",40.4337069,-80.0053751,"bar,restaurant,food,point_of_interest,establishment",restaurant,OPERATIONAL,3.9,648.0
ChIJt1OJZVbxNIgRby17EsOaQl8,Starbucks Coffee Company,"202 6th Street, Pittsburgh",40.4426,-80.00224,"cafe,store,restaurant,food,point_of_interest,establishment",restaurant,OPERATIONAL,4.1,610.0
ChIJCUPo71PxNIgR0DN7_HDvu2o,Genoa Pizza & Bar,"111 Market Street, Pittsburgh",40.438928,-80.003948,"meal_delivery,meal_takeaway,bar,restaurant,food,point_of_interest,establishment","fast_food,restaurant",OPERATIONAL,4.5,2062.0
ChIJDzpIpVbxNIgR_mgo0UY-PIg,Subway,"3 Market Square, Pittsburgh",40.44018389999999,-80.002468,"meal_takeaway,restaurant,food,point_of_interest,establishment","fast_food,restaurant",OPERATIONAL,3.5,127.0
ChIJWWjFalTxNIgRZEwdzBj_toI,Eddie Merlot's,"444 Liberty Avenue, Pittsburgh",40.4408858,-80.004724,"bar,restaurant,food,point_of_interest,establishment",restaurant,OPERATIONAL,4.6,2690.0
ChIJj8FQr1bxNIgRMi2X2oGQ9pY,Five Guys,"3 Ppg Place, Pittsburgh",40.4401286,-80.00268179999999,"meal_takeaway,restaurant,food,point_of_interest,establishment",fast_food,OPERATIONAL,4.2,1127.0
ChIJiW7LgrrxNIgREbdEK4SDRzg,Papa Allen’s Pizza & Beer,"107 Smithfield Street, Pittsburgh",40.43749560000001,-80.0005643,"meal_takeaway,meal_delivery,liquor_store,bar,store,restaurant,food,point_of_interest,establishment",fast_food,OPERATIONAL,4.4,779.0
ChIJJ1RKHFHxNIgRpVIPCvW5ZIs,Royal Mezbaan,"111 Smithfield Street Fl 1, Pittsburgh",40.4376848,-80.0005305,"meal_takeaway,restaurant,food,point_of_interest,establishment",fast_food,OPERATIONAL,4.0,432.0
ChIJKYXik1bxNIgRbgJ_mtNfjoM,No. 1 Sushi Sushi,"436 Market Street, Pittsburgh",40.441144,-80.0021479,"meal_takeaway,meal_delivery,restaurant,food,point_of_interest,establishment",fast_food,OPERATIONAL,4.6,607.0
ChIJsZZF2lbxNIgRpdJqZpHqous,Hello Bistro,"292 Forbes Avenue, Pittsburgh",40.4400451,-80.0010302,"meal_takeaway,restaurant,food,point_of_interest,establishment",fast_food,OPERATIONAL,4.0,609.0
ChIJjUwJy1DxNIgR8Q6rGrtjaVA,Subway,"414 Smithfield Street, Pittsburgh",40.4390665,-79.9991086,"meal_takeaway,restaurant,food,point_of_interest,establishment",fast_food,OPERATIONAL,3.7,116.0
ChIJNylUelrxNIgRpyOyqK_w7Co,Subway,"225 Ross Street Suite 100, Pittsburgh",40.4370117,-79.996994,"meal_takeaway,restaurant,food,point_of_interest,establishment",fast_food,OPERATIONAL,3.9,58.0
ChIJOVe7tlfxNIgROQaZO9R4M3s,Subway,"703 Liberty Avenue, Pittsburgh",40.442782,-79.99929399999999,"meal_takeaway,restaurant,food,point_of_interest,establishment",fast_food,OPERATIONAL,2.9,147.0
ChIJK0Gg3U3xNIgRJXak5sWoZQQ,Gandy Dancer Saloon,"100 West Station Square Drive, Pittsburgh",40.43338269999999,-80.0040238,"bar,meal_takeaway,night_club,restaurant,food,point_of_interest,establishment",fast_food,OPERATIONAL,4.3,275.0
ChIJ73N-3lDxNIgRUzUPEX1E2-A,Pizza Fiesta (Downtown),"14 Smithfield Street, Pittsburgh",40.437023,-80.000463,"meal_delivery,meal_takeaway,restaurant,food,point_of_interest,establishment",fast_food,OPERATIONAL,4.4,829.0
ChIJCUPo71PxNIgRAtgoTa99NOA,Sanremo's Pizza & Bar,"10 Market Street, Pittsburgh",40.4382756,-80.0040685,"meal_delivery,meal_takeaway,bar,restaurant,food,point_of_interest,establishment",fast_food,OPERATIONAL,4.7,147.0
ChIJs7k-fADxNIgRX_oqgkcr6v0,Domino's Pizza,"625 Stanwix Street, Pittsburgh",40.44296959999999,-80.0048091,"meal_delivery,meal_takeaway,restaurant,food,point_of_interest,establishment",fast_food,OPERATIONAL,2.2,62.0
ChIJJ3NgvKXvNIgRkSA-omxyDQQ,Live Fresh Cold Pressed Juice + Smoothie Bar,"120 Fifth Avenue, Pittsburgh",40.4419572,-80.00334699999999,"meal_takeaway,cafe,restaurant,food,point_of_interest,establishment",fast_food,OPERATIONAL,4.9,464.0
ChIJHcbmdZzxNIgRD6w-U-T3DWs,Okane Sushi,"245 Fourth Avenue, Pittsburgh",40.4396478,-80.0015927,"meal_takeaway,restaurant,food,point_of_interest,establishment",fast_food,OPERATIONAL,5.0,34.0
ChIJp1tqyuvxNIgROzXlw3OKjeA,Mad chicken,"535 Liberty Avenue, Pittsburgh",40.4419899,-80.00256159999999,"meal_takeaway,restaurant,food,store,point_of_interest,establishment",fast_food,OPERATIONAL,4.2,767.0
ChIJm6G6nrDxNIgROFbEEL6eRd8,PrimoHoagies,"526 Penn Avenue, Pittsburgh",40.4424039,-80.0027185,"meal_takeaway,restaurant,food,store,point_of_interest,establishment",fast_food,OPERATIONAL,4.0,94.0
ChIJk8jCsFfxNIgRYwclUUQldhg,Penn Cove Eatery,"245 7th Street, Pittsburgh",40.4427576,-79.9998267,"liquor_store,meal_takeaway,restaurant,food,store,point_of_interest,establishment",fast_food,OPERATIONAL,4.1,40.0
ChIJZ0VnWfTxNIgRzwmWRLP4sy4,The Eagle - Pittsburgh,"737 Penn Avenue, Pittsburgh",40.4437105,-79.9997072,"restaurant,meal_takeaway,food,point_of_interest,establishment",fast_food,OPERATIONAL,4.4,1281.0
ChIJpfxYllfxNIgR7rSRMdUI6NM,Arby's,"808 Liberty Avenue, Pittsburgh",40.442575,-79.9987178,"meal_takeaway,restaurant,food,store,point_of_interest,establishment",fast_food,CLOSED_TEMPORARILY,4.0,1039.0
ChIJHXnF75X1NIgR6cBG2Ih988s,Live Fresh Cold Pressed Juice + Smoothie Bar,"845 Western Avenue, Pittsburgh",40.4518421,-80.0158572,"meal_delivery,meal_takeaway,restaurant,food,point_of_interest,establishment",fast_food,OPERATIONAL,4.9,258.0
ChIJiQekhBz0NIgR57hCVpPqJYE,Light of Life Rescue Mission,"234 Voeghtly St, Pittsburgh",40.4507969,-79.9960612,"point_of_interest,establishment",food_bank,OPERATIONAL,4.3,157.0
ChIJf9S9olbxNIgRp7QQmDW0lLY,Market Square,Pittsburgh,40.4407817,-80.00248359999999,"point_of_interest,establishment","farmers_market,food_bank",OPERATIONAL,4.6,8249.0
ChIJVVWFO1fxNIgRREC5gdD3oLQ,"Urban League Of Pittsburgh, Inc. - Food Pantry","332 Fifth Ave, Pittsburgh",40.4402509,-79.9994413,"food,point_of_interest,establishment",food_bank,OPERATIONAL,4.3,4.0
ChIJBbsKoFbxNIgRfZy_c4Gysew,City Works (Market Square - Pittsburgh),"2 PPG Place, Pittsburgh",40.440575,-80.00325450000001,"bar,restaurant,food,point_of_interest,establishment",food_bank,OPERATIONAL,4.6,8171.0
ChIJb00L5njzNIgRGZtjfRpe0mA,Light of Life Rescue Mission: Outreach Center,"720 E Lacock St, Pittsburgh",40.4500967,-79.9962858,"point_of_interest,establishment",food_bank,OPERATIONAL,5.0,10.0
ChIJuVURit3zNIgRpunVsdpgoOE,Lotus Food Company,"1649 Penn Avenue, Pittsburgh",40.44970259999999,-79.9862923,"supermarket,grocery_or_supermarket,food,store,point_of_interest,establishment",grocery,OPERATIONAL,4.4,1474.0
ChIJe96CpPvzNIgR1XLc9bffY6M,Giant Eagle Supermarket,"318-320 Cedar Avenue, Pittsburgh",40.4514625,-79.99960930000002,"grocery_or_supermarket,supermarket,food,store,point_of_interest,establishment",grocery,OPERATIONAL,3.5,1923.0
ChIJ36Blk2PxNIgR71Zgkh_hdDI,Quick Schwartz Super Market Inc,"1901 Fifth Avenue, Pittsburgh",40.438522,-79.9792757,"grocery_or_supermarket,supermarket,food,store,point_of_interest,establishment",grocery,OPERATIONAL,4.3,43.0
ChIJVRGfB-PzNIgRgl3BVPkhnXY,7-Eleven,"1 Bigelow Square, Pittsburgh",40.4408471,-79.9940196,"convenience_store,cafe,liquor_store,store,restaurant,food,point_of_interest,establishment","convenience,restaurant",OPERATIONAL,3.2,56.0
ChIJNzYRIADxNIgRK40ApWZUEXw,Big Daddy's,"560 Forbes Avenue, Pittsburgh",40.4377819,-79.9952129,"convenience_store,store,food,point_of_interest,establishment",convenience,OPERATIONAL,5.0,2.0
ChIJd44S0mDxNIgRKYu6_vaqsqw,Merante Brothers Italian American Market,"6 Marion Street, Pittsburgh",40.4382822,-79.9843296,"convenience_store,grocery_or_supermarket,store,food,point_of_interest,establishment",convenience,OPERATIONAL,4.8,65.0
ChIJUfz1TQDxNIgRrRZVj0F0Ehc,Market on Liberty,"905 Liberty Avenue, Pittsburgh",40.4430724,-79.9977997,"convenience_store,store,food,point_of_interest,establishment",convenience,OPERATIONAL,3.0,2.0
ChIJC_jcQYrxNIgRngOa8IWzcFc,Ravi’s (Everything You Need),"967 Liberty Avenue, Pittsburgh",40.4436769,-79.9956009,"convenience_store,cafe,clothing_store,grocery_or_supermarket,store,restaurant,food,point_of_interest,establishment",convenience,OPERATIONAL,4.2,51.0
ChIJ_1XNvRnxNIgRMI09TDFAngQ,Shell,"1605 Fifth Avenue, Pittsburgh",40.438615,-79.98344999999999,"gas_station,convenience_store,store,food,point_of_interest,establishment",convenience,OPERATIONAL,3.6,107.0
ChIJe_WItrXxNIgRo18OZfSpgNw,Sweet Pea's,"1605 Fifth Avenue, Pittsburgh",40.4385973,-79.9834142,"convenience_store,store,food,point_of_interest,establishment",convenience,OPERATIONAL,5.0,2.0
ChIJqb-oVl_xNIgRmXaByw4hF3c,Naina Minimart,"1800 Forbes Avenue, Pittsburgh",40.4373462,-79.9813252,"convenience_store,store,food,point_of_interest,establishment",convenience,OPERATIONAL,4.3,6.0
ChIJ1YytpvvzNIgRp1VM-KZqeqQ,Sunoco,"310 Cedar Avenue, Pittsburgh",40.4511426,-80.0006647,"gas_station,convenience_store,atm,finance,store,food,point_of_interest,establishment",convenience,OPERATIONAL,2.4,42.0
ChIJzQPUu2LzNIgR4mdr4_f9-Y0,7-Eleven,"310 Cedar Avenue, Pittsburgh",40.4511539,-80.0004144,"convenience_store,cafe,liquor_store,restaurant,food,store,point_of_interest,establishment",convenience,OPERATIONAL,2.8,31.0
ChIJG7J3pdnzNIgRUwRWkagG63M,Dray Hill Convenience Store,"2152 Wylie Avenue, Pittsburgh",40.4455439,-79.977465,"convenience_store,food,store,point_of_interest,establishment",convenience,CLOSED_TEMPORARILY,,
ChIJF4HZydnzNIgR8ELgxPP4VOY,Center Hill Market,"2168 Centre Avenue, Pittsburgh",40.44522449999999,-79.9765986,"convenience_store,food,store,point_of_interest,establishment",convenience,OPERATIONAL,4.0,4.0
ChIJ_SAgzF7xNIgRhfaUQCmNNXE,Steelhead Brasserie and Wine Bar,"112 Washington Place, Pittsburgh",40.4398564,-79.9920746,"restaurant,bar,food,point_of_interest,establishment",restaurant,OPERATIONAL,3.5,48.0
ChIJX86zgOLzNIgRLAZcZrqlxGM,Penn City Grill,"1000 Penn Avenue, Pittsburgh",40.4443579,-79.9945772,"restaurant,food,point_of_interest,establishment",restaurant,OPERATIONAL,3.4,20.0
ChIJldAGdt3zNIgRjGeERIxAoAE,Primanti Bros. Restaurant and Bar,"46 18th Street, Pittsburgh",40.4507188,-79.9855812,"bar,restaurant,food,point_of_interest,establishment",restaurant,OPERATIONAL,4.5,7319.0
ChIJWc78NOLzNIgRcQKCaa4pSCU,Eleven,"1150 Smallman Street, Pittsburgh",40.44606519999999,-79.993172,"restaurant,food,point_of_interest,establishment",restaurant,OPERATIONAL,4.6,1779.0
ChIJy8kvq17xNIgRh6cfPc53b3g,Cafe Fifth Ave,"818 Fifth Avenue, Pittsburgh",40.4386764,-79.9920132,"bar,restaurant,food,point_of_interest,establishment",restaurant,OPERATIONAL,4.1,256.0
ChIJ3WOGtlnxNIgRDcTKCXS0GOw,Dunkin',"601 Grant Street, Pittsburgh",40.4410851,-79.9960134,"cafe,meal_takeaway,bakery,store,restaurant,food,point_of_interest,establishment","fast_food,restaurant",OPERATIONAL,3.7,391.0
ChIJs2c8p1nxNIgR86FIs2IuGqc,Bigelow Grille Kitchen & Bar,"1 Bigelow Square, Pittsburgh",40.4405858,-79.994395,"restaurant,bar,food,point_of_interest,establishment",restaurant,OPERATIONAL,4.0,358.0
ChIJYa1uklnxNIgRcdiC57ii42I,Eadie's Market & Catering,"500 Grant Street #1, Pittsburgh",40.43980799999999,-79.99584,"restaurant,food,point_of_interest,establishment",restaurant,OPERATIONAL,4.3,101.0
ChIJZZduw1nxNIgR-WU7rv7Qp8o,The Terrace Room,"530 William Penn Place, Pittsburgh",40.4405855,-79.9964428,"bar,restaurant,food,point_of_interest,establishment",restaurant,OPERATIONAL,4.0,104.0
ChIJP1gKhd3zNIgRnPIt3JMP6Q4,Andy's Sushi Bar,"1711 Penn Avenue, Pittsburgh",40.4500337,-79.9860046,"meal_takeaway,restaurant,food,point_of_interest,establishment","fast_food,restaurant",OPERATIONAL,4.7,345.0
ChIJGYehkVvxNIgRtcx2eWq72RU,Subway,"700 Forbes Avenue Student Union, Pittsburgh",40.4371498,-79.99300579999999,"meal_takeaway,restaurant,food,point_of_interest,establishment",fast_food,CLOSED_TEMPORARILY,2.8,13.0
ChIJA8jyCVjxNIgRaTBDzIS-Fvg,Bakersfield Penn Ave,"940 Penn Avenue, Pittsburgh",40.4440518,-79.996629,"restaurant,meal_takeaway,bar,food,point_of_interest,establishment",fast_food,OPERATIONAL,4.5,2344.0
ChIJVe5o5FfxNIgRYgvZBVTkiQM,Pizza Parma,"963 Liberty Avenue, Pittsburgh",40.44373349999999,-79.9957786,"meal_delivery,meal_takeaway,restaurant,food,point_of_interest,establishment",fast_food,OPERATIONAL,4.7,3730.0
ChIJg3MvBfvzNIgRBRpa3nA5RfY,Giant Eagle Prepared Foods,"318-320 Cedar Avenue, Pittsburgh",40.4514673,-79.99962889999999,"meal_takeaway,restaurant,food,point_of_interest,establishment","fast_food,restaurant",OPERATIONAL,4.0,51.0
ChIJQeMfFVjxNIgRc7AXSqrmnAc,Subway,"411 Seventh Avenue, Pittsburgh",40.44269079999999,-79.9961837,"meal_takeaway,restaurant,food,point_of_interest,establishment",fast_food,OPERATIONAL,3.4,75.0
ChIJg1Gg6P_xNIgRRNlkdMt6ZPY,China Wok,"1202 Fifth Avenue, Pittsburgh",40.43847470000001,-79.9887883,"restaurant,meal_takeaway,food,point_of_interest,establishment",fast_food,OPERATIONAL,3.9,253.0
ChIJLWNU5JvzNIgRL6jUyn6wqN8,Mild 2 Spicy,"951 Liberty Avenue, Pittsburgh",40.4437144,-79.99623729999999,"meal_takeaway,store,restaurant,food,point_of_interest,establishment",fast_food,OPERATIONAL,5.0,26.0
ChIJ09EneFjxNIgRypwsHoGxIE8,Condado Tacos,"971 Liberty Avenue, Pittsburgh",40.44379209999999,-79.99549449999999,"meal_takeaway,bar,restaurant,food,point_of_interest,establishment",fast_food,OPERATIONAL,4.5,4921.0
ChIJkeH5HDDxNIgRIVYWkBVWnIA,Uptown Kitchen Pizza & Wings,"1710 Forbes Avenue Suite A, Pittsburgh",40.43736699999999,-79.98226240000001,"meal_takeaway,meal_delivery,restaurant,food,point_of_interest,establishment",fast_food,OPERATIONAL,4.2,309.0
ChIJr2gHoV7xNIgR_i6P5jtAfyY,Bethlehem Haven - Food Distribution Center,"905 Watson St, Pittsburgh",40.4384519,-79.9914421,"food,point_of_interest,establishment",food_bank,OPERATIONAL,3.0,1.0
ChIJf1h9bWPxNIgR9WFCumyUZJQ,Jubilee Kitchen,"2005 Wyandotte St, Pittsburgh",40.4384783,-79.9772969,"point_of_interest,establishment",food_bank,OPERATIONAL,4.7,78.0
ChIJoSj44sTzNIgRGx6FckduH5s,Community Human Services,"2525 Liberty Ave, Pittsburgh",40.454082,-79.97829159999999,"point_of_interest,establishment",food_bank,OPERATIONAL,4.4,59.0
ChIJf1h9bWPxNIgRlFYKbVil6Uo,Jubilee Association - Food Distribution Center,"2005 Wyandotte St, Pittsburgh",40.4385191,-79.97738,"food,point_of_interest,establishment",food_bank,OPERATIONAL,5.0,4.0
ChIJ41z6CN3zNIgR_ECPHXVS9Nc,Roland's Seafood Grill,"1904 Penn Ave, Pittsburgh",40.4507292,-79.9842789,"bar,restaurant,food,point_of_interest,establishment","food_bank,restaurant",OPERATIONAL,4.3,3700.0
ChIJPTFU__7zNIgRU4h2gbG-c3w,Home Plate Club,"115 Federal St, Pittsburgh",40.44721819999999,-80.0065521,"point_of_interest,establishment",food_bank,OPERATIONAL,4.5,23.0
ChIJNQvLdd3zNIgRMv-0rmDL3I4,Open Air Market,"18th St, Pittsburgh",40.4507659,-79.98527589999999,"point_of_interest,establishment",farmers_market,OPERATIONAL,5.0,4.0
ChIJ78T44NbzNIgRP3dSEiZYaBo,Center A Plus,"2350 Centre Avenue, Pittsburgh",40.4454743,-79.9724277,"convenience_store,store,food,point_of_interest,establishment",convenience,OPERATIONAL,5.0,4.0
ChIJOfGg1oPxNIgRF85sS6liTo0,Sunoco,"301 Craft Avenue, Pittsburgh",40.4356466,-79.9609448,"gas_station,convenience_store,store,food,point_of_interest,establishment",convenience,OPERATIONAL,2.1,68.0
ChIJs6FlJwPxNIgRp-gn_FElxdg,CVS,"3422 Forbes Avenue, Pittsburgh",40.4387605,-79.9602316,"drugstore,convenience_store,clothing_store,store,health,food,point_of_interest,establishment",convenience,OPERATIONAL,3.3,102.0
ChIJ78T44NbzNIgRWPEXzPKsb9E,Sunoco,"2350 Centre Avenue, Pittsburgh",40.4455833,-79.9723138,"gas_station,convenience_store,store,food,point_of_interest,establishment",convenience,OPERATIONAL,2.6,13.0
ChIJW3A13YXxNIgRYXXg25VhVtc,One Stop Mini Mart,"3601 Boulevard of the Allies, Pittsburgh",40.43471390000001,-79.9543,"convenience_store,atm,finance,store,food,point_of_interest,establishment",convenience,OPERATIONAL,4.5,39.0
ChIJOcuMIv3xNIgRxakwAW_OxM0,Market 24,"301 Craft Avenue, Pittsburgh",40.4355391,-79.96082229999999,"convenience_store,store,food,point_of_interest,establishment",convenience,OPERATIONAL,3.1,7.0
ChIJWRBks3_zNIgR35_lOcTDfr8,Centre Ave Market,"2228 Centre Avenue, Pittsburgh",40.4451225,-79.9749676,"convenience_store,store,food,point_of_interest,establishment",convenience,OPERATIONAL,5.0,9.0
ChIJJ3PQ4dbzNIgRqhhLrq_ZEHg,Market 24,"2350 Centre Avenue, Pittsburgh",40.4455074,-79.9723928,"convenience_store,store,food,point_of_interest,establishment",convenience,OPERATIONAL,,
ChIJY5zWcIfxNIgR-1SK-ORs3ts,Hir Brothers LLC,"260 Atwood Street, Pittsburgh",40.439635,-79.956186,"convenience_store,food,store,point_of_interest,establishment",convenience,CLOSED_TEMPORARILY,,
ChIJ15GhcYfxNIgR1H9XldNLUxw,It's Dogg'n It,"260 Atwood Street, Pittsburgh",40.4397019,-79.9560546,"convenience_store,liquor_store,food,store,point_of_interest,establishment",convenience,OPERATIONAL,3.5,61.0
ChIJ2SjnaobxNIgR6UjCDY7hZjQ,A&K convenience store,"3459 Ward Street, Pittsburgh",40.436415,-79.954341,"convenience_store,food,store,point_of_interest,establishment",convenience,OPERATIONAL,4.5,14.0
ChIJuzOydFTxNIgR44lzdWhtBSM,Oakland convenience store,"3459 Ward Street, Pittsburgh",40.43641660000001,-79.9543332,"convenience_store,food,store,point_of_interest,establishment",convenience,OPERATIONAL,4.9,23.0
ChIJBT_vH-PzNIgRR8wEZheufaQ,Markets at Sutherland,"3735 Sutherland Drive, Pittsburgh",40.4458418,-79.9626104,"convenience_store,food,store,point_of_interest,establishment",convenience,OPERATIONAL,5.0,1.0
ChIJQRsgg4jxNIgRzhBN6AHbUgk,Frenchi's Deli & Market,"449 Atwood Street, Pittsburgh",40.4371953,-79.95258489999999,"convenience_store,food,store,point_of_interest,establishment",convenience,OPERATIONAL,4.7,187.0
ChIJ2ad1ytHzNIgRh2wQHJ90cnQ,Samba Mini Mart,"2520 Bedford Avenue, Pittsburgh",40.45072750000001,-79.9721607,"convenience_store,food,store,point_of_interest,establishment",convenience,OPERATIONAL,4.7,6.0
ChIJw6RcwCnyNIgR6Ls6fE_x9wI,Primanti Bros. Restaurant and Bar,"3803 Forbes Avenue, Pittsburgh",40.44176789999999,-79.9569149,"bar,restaurant,food,point_of_interest,establishment",restaurant,OPERATIONAL,4.3,1922.0
ChIJ-1R-5SnyNIgRKb70_DsecYU,Pamela's Diner,"3703 Forbes Avenue, Pittsburgh",40.4412741,-79.9575778,"restaurant,food,point_of_interest,establishment",restaurant,OPERATIONAL,4.5,1639.0
ChIJ4xNi4ynyNIgRU6IpTDdsfrM,Starbucks Coffee Company,"Iroquois Building, 3618 Forbes Avenue, Pittsburgh",40.44093,-79.95761999999999,"cafe,store,restaurant,food,point_of_interest,establishment",restaurant,OPERATIONAL,4.2,449.0
ChIJYWiRwSnyNIgRRiyWeUcn9FM,Panera Bread,"3800 Forbes Avenue, Pittsburgh",40.4416766,-79.95654909999999,"cafe,meal_takeaway,bakery,store,restaurant,food,point_of_interest,establishment","fast_food,restaurant",OPERATIONAL,3.6,327.0
ChIJGalfsYbxNIgRhlQHym6y0-g,Panera Bread,"3401 Boulevard of the Allies, Pittsburgh",40.436272,-79.95811599999999,"cafe,meal_takeaway,bakery,store,restaurant,food,point_of_interest,establishment","fast_food,restaurant",OPERATIONAL,4.1,1272.0
ChIJmyZSvCnyNIgRudsdwbZLMDw,Five Guys,"117 South Bouquet Street, Pittsburgh",40.442255,-79.956713,"meal_takeaway,restaurant,food,point_of_interest,establishment","fast_food,restaurant",OPERATIONAL,4.3,1253.0
ChIJjfwiuinyNIgRey6wSiNVUAg,Dunkin',"3907 Forbes Avenue, Pittsburgh",40.4422279,-79.9563471,"meal_takeaway,bakery,cafe,store,restaurant,food,point_of_interest,establishment","fast_food,restaurant",OPERATIONAL,3.7,583.0
ChIJhfAZwIDxNIgROd3TTvyfqeo,Jimmy John's,"115 Oakland Avenue Campus, Pittsburgh",40.4419496,-79.95723629999999,"restaurant,food,point_of_interest,establishment",restaurant,OPERATIONAL,4.0,179.0
ChIJdVCquinyNIgR2oRCbBuyh3A,Hemingway's Cafe,"3911 Forbes Avenue, Pittsburgh",40.4422489,-79.95618879999999,"bar,restaurant,food,point_of_interest,establishment",restaurant,OPERATIONAL,4.3,1118.0
ChIJB8suhyjyNIgROsd4vPcFiDU,The Porch,"221 Schenley Drive, Pittsburgh",40.4427046,-79.95306360000001,"bar,restaurant,food,point_of_interest,establishment",restaurant,OPERATIONAL,4.1,2103.0
ChIJ29KOwCnyNIgRmEDv65sc9hA,Noodles and Company,"3805 Forbes Avenue Suite 101, Pittsburgh",40.441833,-79.9568795,"restaurant,meal_takeaway,store,food,point_of_interest,establishment","fast_food,restaurant",OPERATIONAL,4.2,609.0
ChIJiwd0_inyNIgRNEnkdvQOwvw,Hello Bistro,"3605 Forbes Avenue, Pittsburgh",40.44098899999999,-79.9583471,"meal_takeaway,restaurant,food,point_of_interest,establishment","fast_food,restaurant",OPERATIONAL,4.0,679.0
ChIJnYeF6ynyNIgRpvE8GG_enX0,"Sushi Atarashi - Sushi, Poke & Bento","120 Oakland Avenue, Pittsburgh",40.44170870000001,-79.9573391,"meal_takeaway,restaurant,food,point_of_interest,establishment","fast_food,restaurant",OPERATIONAL,4.3,596.0
ChIJd14Rc17xNIgRMq985izx13w,Pizza Milano,"1304 Fifth Avenue, Pittsburgh",40.438587,-79.98796399999999,"bar,restaurant,food,point_of_interest,establishment",restaurant,OPERATIONAL,4.1,1187.0
ChIJ6TMXpl7xNIgR4-vh9b4eCeg,Souper Bowl,"910 Fifth Avenue, Pittsburgh",40.4387199,-79.9912827,"bar,night_club,restaurant,food,point_of_interest,establishment",restaurant,OPERATIONAL,4.4,431.0
ChIJw7kWe4fxNIgRNi3MzDaZuAI,Antoon's Pizza,"247 Atwood Street, Pittsburgh",40.440064,-79.95621059999999,"restaurant,food,point_of_interest,establishment",restaurant,OPERATIONAL,4.4,282.0
ChIJMRkulSnyNIgRFX20W4CdRes,Oishii Bento,"119 Oakland Avenue, Pittsburgh",40.44188990000001,-79.95715450000002,"restaurant,food,point_of_interest,establishment",restaurant,OPERATIONAL,4.6,754.0
ChIJ2Tf5pCnyNIgRyENX85bm4pE,Chick-fil-A,"University of Pittsburgh - Petersen Event Center, 3719 Terrace Street, Pittsburgh",40.4439697,-79.96237719999999,"restaurant,food,point_of_interest,establishment",restaurant,OPERATIONAL,3.6,156.0
ChIJw-xxVofxNIgRPoR9kR0qQaU,Piada Italian Street Food,"3600 Forbes Avenue, Pittsburgh",40.4405492,-79.9580649,"store,restaurant,food,point_of_interest,establishment",restaurant,OPERATIONAL,4.4,1982.0
ChIJdZghGivyNIgRy71lPKpCs1w,Sub Connection,"3719 Terrace Street, Pittsburgh",40.4440927,-79.9622693,"restaurant,food,point_of_interest,establishment",restaurant,OPERATIONAL,,
ChIJGyjB5ynyNIgRv8tuNHX4US4,McDonald's,"3708 Forbes Avenue, Pittsburgh",40.441228,-79.957259,"cafe,store,restaurant,food,point_of_interest,establishment",restaurant,OPERATIONAL,3.2,1434.0
ChIJP6hIlSnyNIgRRIKYd7itnC0,Chick-n Grille,"121 Oakland Avenue, Pittsburgh",40.44187600000001,-79.957109,"meal_takeaway,restaurant,food,point_of_interest,establishment","fast_food,restaurant",OPERATIONAL,4.3,201.0
ChIJLQyxHSryNIgRvsaMdRFuWsc,Prince of India Restaurant,"3614 Fifth Avenue, Pittsburgh",40.4415109,-79.9585431,"meal_takeaway,restaurant,food,point_of_interest,establishment","fast_food,restaurant",OPERATIONAL,3.9,643.0
ChIJBTuXQ4bxNIgR7TJ8xDJVYkk,Semple Street Pizza & Loaded Fries,"410 Semple Street, Pittsburgh",40.4368056,-79.95476889999999,"restaurant,meal_takeaway,food,point_of_interest,establishment","fast_food,restaurant",CLOSED_TEMPORARILY,4.3,529.0
ChIJBc4tejnzNIgRDPGJ2Ctr_gU,Oakhill Fish and Chicken,"504 Oak Hill Drive, Pittsburgh",40.44328489999999,-79.96972749999999,"restaurant,meal_takeaway,food,point_of_interest,establishment",fast_food,OPERATIONAL,4.1,68.0
ChIJXdy7OHnzNIgR6hFKz15Z_fo,Panera Bread,"3550 Terrace Street, Pittsburgh",40.4425133,-79.961826,"cafe,meal_takeaway,bakery,store,restaurant,food,point_of_interest,establishment",fast_food,OPERATIONAL,2.7,21.0
ChIJTwNy7ynyNIgRY6S430w4EM8,Subway,"3707 Forbes Avenue, Pittsburgh",40.44135000000001,-79.9575382,"meal_takeaway,restaurant,food,point_of_interest,establishment",fast_food,OPERATIONAL,4.0,281.0
ChIJwa8K8MbzNIgRdkBi8pwcpGo,"Sushi Atarashi - Sushi, Poke & Bento","200 Lothrop Street 11th floor, Pittsburgh",40.4429556,-79.9608648,"meal_takeaway,restaurant,food,point_of_interest,establishment",fast_food,OPERATIONAL,3.8,9.0
ChIJ4zrgoMTzNIgRYm7bLQClNKs,Layne's Chicken Fingers- Pittsburgh,"3621 Forbes Avenue, Pittsburgh",40.44112080000001,-79.9578147,"meal_takeaway,meal_delivery,restaurant,food,point_of_interest,establishment",fast_food,OPERATIONAL,4.2,217.0
ChIJv6IOVZDzNIgRirX8FXReMAQ,K-Town Snack Bar,"210 Oakland Avenue, Pittsburgh",40.4412282,-79.9567258,"meal_takeaway,restaurant,food,point_of_interest,establishment",fast_food,OPERATIONAL,4.4,264.0
ChIJy9Po4h7yNIgR_nLyDFmCL6g,India On Wheels,"4422 Bigelow Boulevard, Pittsburgh",40.4451656,-79.95556959999999,"meal_takeaway,restaurant,food,point_of_interest,establishment",fast_food,OPERATIONAL,4.4,163.0
ChIJIVrEqV7xNIgRHxt4Qv1Rvx8,Bethlehem Haven,"905 Watson St, Pittsburgh",40.4384569,-79.9914912,"point_of_interest,establishment",food_bank,OPERATIONAL,2.8,62.0
ChIJNRjc6X_xNIgRhXvV7E7TE-U,The Corner,"200 Robinson St, Pittsburgh",40.440482,-79.9654151,"cafe,food,store,point_of_interest,establishment",food_bank,OPERATIONAL,4.9,14.0
ChIJyaw9igTyNIgRHLiD1e05wPE,CVS,"5600 Wilkins Avenue, Pittsburgh",40.44380519999999,-79.92762619999999,"drugstore,convenience_store,clothing_store,health,store,food,point_of_interest,establishment",convenience,OPERATIONAL,3.2,74.0
ChIJnywBMCXyNIgR_5Z8vCAy_dY,Sunoco,"195 North Craig Street, Pittsburgh",40.44946789999999,-79.9507948,"gas_station,convenience_store,atm,finance,store,food,point_of_interest,establishment",convenience,OPERATIONAL,2.2,28.0
ChIJBffz7TryNIgRLh4UG6hfYJQ,CVS,"4610 Centre Avenue, Pittsburgh",40.45177169999999,-79.95159369999999,"drugstore,convenience_store,clothing_store,health,store,food,point_of_interest,establishment",convenience,OPERATIONAL,2.8,242.0
ChIJTQ3q3SHyNIgRm1vAnIVxhZU,Entropy+,"University Center, 5032 Forbes Avenue, Pittsburgh",40.44296660000001,-79.9420756,"convenience_store,store,food,point_of_interest,establishment",convenience,OPERATIONAL,1.8,31.0
ChIJz3P9lULzNIgRk_2Z1ADbyNQ,7-Eleven,"195 North Craig Street, Pittsburgh",40.4493747,-79.9510138,"convenience_store,cafe,liquor_store,store,restaurant,food,point_of_interest,establishment",convenience,OPERATIONAL,3.4,31.0
ChIJaZRsnybyNIgRWid8HF7P3VM,Subway,"418 South Craig Street, Pittsburgh",40.4446808,-79.9488762,"meal_takeaway,restaurant,food,point_of_interest,establishment","fast_food,restaurant",OPERATIONAL,3.1,250.0
ChIJAcntoSbyNIgRJ_tqs7HosP8,Starbucks Coffee Company,"425 South Craig Street, Pittsburgh",40.44459389999999,-79.9485198,"cafe,store,restaurant,food,point_of_interest,establishment",restaurant,OPERATIONAL,4.1,672.0
ChIJbZevISTyNIgRmAk5MgJN5NY,Ali Baba Restaurant,"404 South Craig Street, Pittsburgh",40.44508009999999,-79.9488817,"restaurant,food,point_of_interest,establishment",restaurant,OPERATIONAL,4.4,595.0
ChIJjx4DoCbyNIgRa4xgF5MtWX8,Union Grill Oakland,"413 South Craig Street, Pittsburgh",40.444802,-79.94851799999999,"bar,restaurant,food,point_of_interest,establishment",restaurant,OPERATIONAL,4.5,1794.0
ChIJwaWqIiTyNIgRTdPU35k894M,EatUnique,"305 South Craig Street, Pittsburgh",40.44560250000001,-79.94858339999999,"restaurant,food,point_of_interest,establishment",restaurant,OPERATIONAL,4.4,493.0
ChIJzwS4zTryNIgRGmSRESQtGHo,Butterjoint,"208 North Craig Street, Pittsburgh",40.4501541,-79.95077669999999,"restaurant,bar,food,point_of_interest,establishment",restaurant,OPERATIONAL,4.5,802.0
ChIJf6IoLiXyNIgRrEV-nBTpOnA,Food For Thought Deli,"196 North Craig Street, Pittsburgh",40.4496936,-79.9505512,"meal_takeaway,store,restaurant,food,point_of_interest,establishment","fast_food,restaurant",OPERATIONAL,4.6,329.0
ChIJn5pnWB_yNIgR9toCB8xF8gk,Au Bon Pain,"Cohon University Center, 5000 Forbes Avenue, Pittsburgh",40.4439197,-79.9423267,"cafe,store,restaurant,food,point_of_interest,establishment",restaurant,OPERATIONAL,3.3,201.0
ChIJDxKskE3yNIgRZVoDJ9pI2OE,Dijlah Restaurant and Cafe,"416 Semple Street, Pittsburgh",40.43660559999999,-79.95462619999999,"restaurant,food,point_of_interest,establishment",restaurant,OPERATIONAL,4.3,645.0
ChIJpfU6JCDyNIgRBJaVl6Aj8cQ,The Exchange Restaurant,"1st Floor, 4980 Margaret Morrison Street, Pittsburgh",40.4415745,-79.9420131,"restaurant,food,point_of_interest,establishment",restaurant,OPERATIONAL,4.7,60.0
ChIJv4gOQCjyNIgReYiPT5uzNRc,Einstein Bros. Bagels,"230 S Bouquet St Benedum Hall, Pittsburgh",40.441386,-79.9545819,"bakery,cafe,store,restaurant,food,point_of_interest,establishment",restaurant,OPERATIONAL,2.8,70.0
ChIJYzFIayHyNIgRriYN9SbgOo0,Hunan Express,"Hamerschlag Drive, Pittsburgh",40.44323430000001,-79.94545389999999,"restaurant,food,point_of_interest,establishment",restaurant,OPERATIONAL,3.2,47.0
ChIJa0d4wiHyNIgRUdUengVkt-U,Schatz Dining Room,"University Center, 5032 Forbes Avenue, Pittsburgh",40.4430797,-79.94256709999999,"restaurant,food,point_of_interest,establishment",restaurant,OPERATIONAL,3.9,123.0
ChIJK8_lkybyNIgR43zvp69dapA,The Cafe Carnegie,"4400 Forbes Avenue, Pittsburgh",40.443891,-79.948976,"cafe,bar,store,restaurant,food,point_of_interest,establishment",restaurant,OPERATIONAL,4.0,220.0
ChIJlV4y5yHyNIgRaaYa1zk7vYw,El Gallo de Oro,"5000 Forbes Avenue, Pittsburgh",40.4431595,-79.9419764,"restaurant,food,point_of_interest,establishment",restaurant,OPERATIONAL,3.4,78.0
ChIJuY1kwinyNIgRXavpCzppwNk,Stack'd Oakland,"3716 Forbes Avenue, Pittsburgh",40.44132529999999,-79.9568899,"restaurant,food,point_of_interest,establishment",restaurant,OPERATIONAL,4.3,1743.0
ChIJhQOupibyNIgReBoACHik1Jw,Chipotle Mexican Grill,"4611 Forbes Avenue, Pittsburgh",40.4446441,-79.9481105,"restaurant,food,point_of_interest,establishment",restaurant,OPERATIONAL,3.1,923.0
ChIJd3hRoCbyNIgR_0WAdbtJq5E,Sushi Fuku,"415 South Craig Street #3708, Pittsburgh",40.44468699999999,-79.94856999999999,"restaurant,food,point_of_interest,establishment",restaurant,OPERATIONAL,4.4,511.0
ChIJow9HHSnyNIgRoRs_E9gDDeQ,Starbucks Coffee Company,"4022 Fifth Avenue, Pittsburgh",40.44344,-79.95571,"cafe,store,restaurant,food,point_of_interest,establishment",restaurant,OPERATIONAL,4.2,365.0
ChIJRxOXPyTyNIgRjMgvDNxh39A,Crêpes Parisiennes,"207 South Craig Street, Pittsburgh",40.44605399999999,-79.948695,"cafe,store,restaurant,food,point_of_interest,establishment",restaurant,OPERATIONAL,4.5,671.0
ChIJtQ_i3inyNIgRFnjm8Qyamig,Pizza Romano,"3715 Forbes Avenue, Pittsburgh",40.4414218,-79.95736149999999,"restaurant,food,point_of_interest,establishment",restaurant,CLOSED_TEMPORARILY,3.7,566.0
ChIJS2PZjCnyNIgRj-zty1L2RSc,Rita's Italian Ice & Frozen Custard,"3712 Fifth Avenue, Pittsburgh",40.4419133,-79.957926,"store,restaurant,food,point_of_interest,establishment",restaurant,CLOSED_TEMPORARILY,4.4,103.0
ChIJb4-q6inyNIgR-w9Vd5a_dpg,Szechuan Express,"125 Oakland Avenue, Pittsburgh",40.4417953,-79.95708479999999,"restaurant,food,point_of_interest,establishment",restaurant,OPERATIONAL,4.2,557.0
ChIJh39tef2Gj4AR0rCRdkJDRl4,Tamarind Flavor of India,"257 North Craig Street, Pittsburgh",40.4511502,-79.95195319999999,"restaurant,food,point_of_interest,establishment",restaurant,OPERATIONAL,4.3,1371.0
ChIJUTBeoYfxNIgRgiqy1IKXjiw,Las Palmas Pittsburgh #2,"326 Atwood Street, Pittsburgh",40.43889730000001,-79.9553129,"restaurant,food,point_of_interest,establishment",restaurant,OPERATIONAL,4.5,560.0
ChIJq44LzDryNIgRHxci5Tkq-5w,Little Nippers 2,"216 North Craig Street, Pittsburgh",40.450388,-79.950885,"meal_delivery,meal_takeaway,restaurant,food,point_of_interest,establishment",fast_food,OPERATIONAL,4.2,208.0
ChIJTY6wvZTzNIgRSrzuVfOPKcs,Dunkin',"4560 Centre Avenue, Pittsburgh",40.4516556,-79.9522664,"meal_takeaway,bakery,cafe,restaurant,food,store,point_of_interest,establishment",fast_food,OPERATIONAL,3.5,110.0
ChIJPTdJXADzNIgRvl_XXT-t9s4,CMU Pantry,"Residence On Fifth, 4700 Fifth Ave, Pittsburgh",40.4468338,-79.94697590000001,"grocery_or_supermarket,store,food,point_of_interest,establishment",food_bank,OPERATIONAL,5.0,1.0
ChIJqxxSBv_xNIgRHpqI1G1fn18,Giant Eagle Supermarket,"1901 Murray Avenue, Pittsburgh",40.4354495,-79.9226013,"grocery_or_supermarket,supermarket,store,food,point_of_interest,establishment",grocery,OPERATIONAL,4.0,1697.0
ChIJfb-mG__xNIgR6twavQA66HI,Murray Avenue Kosher,"1916 Murray Avenue, Pittsburgh",40.43556390000001,-79.9229944,"supermarket,grocery_or_supermarket,store,food,point_of_interest,establishment",grocery,OPERATIONAL,4.5,142.0
ChIJFWbuuADyNIgRYShQuP2H4RU,Food Shoppe,"5878 Northumberland Street, Pittsburgh",40.44156100000001,-79.920557,"supermarket,grocery_or_supermarket,store,food,point_of_interest,establishment",grocery,OPERATIONAL,4.8,135.0
ChIJMWsnJADyNIgRw4CWZZRWuTY,Panda Supermarket,"5816-5818 Forbes Avenue, Pittsburgh",40.4379242,-79.9222397,"supermarket,grocery_or_supermarket,store,food,point_of_interest,establishment",grocery,OPERATIONAL,4.5,699.0
ChIJldI8Z-7zNIgRPnKre6InwfA,Ebisu Japanese Life Store,"5846 Forbes Avenue, Pittsburgh",40.43775960000001,-79.92117089999999,"convenience_store,food,store,point_of_interest,establishment",convenience,OPERATIONAL,4.6,76.0
ChIJ6ex9DwDyNIgR_QCeyxEys2g,Forbes Convenience & Smoke,"5880 1/2 Forbes Avenue, Pittsburgh",40.4379255,-79.9197745,"convenience_store,food,store,point_of_interest,establishment",convenience,OPERATIONAL,5.0,4.0
ChIJUWlACQDyNIgREUt5L5b1ccw,Dunkin',"5889 Forbes Avenue, Pittsburgh",40.4382003,-79.91960089999999,"bakery,cafe,meal_takeaway,store,restaurant,food,point_of_interest,establishment","fast_food,restaurant",OPERATIONAL,3.8,673.0
ChIJl_sqJADyNIgRQFP6M9vWblk,Bangkok Balcony,"5846 Forbes Avenue, Pittsburgh",40.4379276,-79.92115539999999,"restaurant,food,point_of_interest,establishment",restaurant,OPERATIONAL,4.2,380.0
ChIJZU5v0vbtNIgRMii7ACbO6JI,Point Brugge Cafe,"401 Hastings Street, Pittsburgh",40.4500837,-79.9139125,"bar,restaurant,food,point_of_interest,establishment",restaurant,OPERATIONAL,4.6,1336.0
ChIJU-45Yv_xNIgRciJEiRDX_LU,Silk Elephant,"1712 Murray Avenue, Pittsburgh",40.4375175,-79.9231221,"bar,restaurant,food,point_of_interest,establishment",restaurant,OPERATIONAL,4.2,633.0
ChIJG-eFCADyNIgRTaCHY2zqm1w,How Lee Chinese Restaurant,"5888 Forbes Avenue, Pittsburgh",40.43786,-79.919485,"restaurant,food,point_of_interest,establishment",restaurant,OPERATIONAL,3.9,697.0
ChIJXR5HGADyNIgRlG94zJiYKZE,Ramen Bar,"5860 Forbes Avenue, Pittsburgh",40.437857,-79.92054399999999,"restaurant,food,point_of_interest,establishment",restaurant,OPERATIONAL,4.5,1899.0
ChIJ61wg0QHyNIgRGRmJqljJB1I,Uncle Sam's Submarines,"5808 Forbes Avenue, Pittsburgh",40.4379527,-79.9225611,"restaurant,food,point_of_interest,establishment",restaurant,OPERATIONAL,4.3,562.0
ChIJjWC6Ef_xNIgRyJodJrEpjAc,Sichuan Gourmet,"1900 Murray Avenue, Pittsburgh",40.4358226,-79.9230998,"restaurant,food,point_of_interest,establishment",restaurant,OPERATIONAL,4.0,728.0
ChIJ9S82MADyNIgRMTV9OOXunwg,Gaby et Jules Patisseries et Macarons,"5837 Forbes Avenue, Pittsburgh",40.4382489,-79.9215439,"bakery,store,restaurant,food,point_of_interest,establishment",restaurant,OPERATIONAL,4.6,559.0
ChIJleE02AHyNIgRsQ8kBSbcncw,Waffallonia,"1709 Murray Avenue, Pittsburgh",40.4377054,-79.9228411,"store,restaurant,food,point_of_interest,establishment",restaurant,OPERATIONAL,4.6,600.0
ChIJY7-zEQDyNIgRnr2vhjLZ77w,Everyday Noodles,"5875 Forbes Avenue, Pittsburgh",40.4382538,-79.92010189999999,"restaurant,food,point_of_interest,establishment",restaurant,OPERATIONAL,4.6,2203.0
ChIJz2YHEADyNIgR3i06eMICpDM,Aladdin's Eatery Squirrel Hill,"5878 Forbes Avenue, Pittsburgh",40.4379249,-79.9198734,"restaurant,food,point_of_interest,establishment",restaurant,OPERATIONAL,4.5,881.0
ChIJt-D2X5_zNIgRz9ps_RHI-Og,Turkish Kebab House,"5819 Forbes Avenue, Pittsburgh",40.4381737,-79.92219039999999,"restaurant,food,point_of_interest,establishment",restaurant,OPERATIONAL,4.5,1031.0
ChIJqzSjBQDyNIgREmwXVaJNHj0,Rita's Italian Ice & Frozen Custard,"5880 Forbes Avenue, Pittsburgh",40.4378658,-79.919798,"store,restaurant,food,point_of_interest,establishment",restaurant,CLOSED_TEMPORARILY,4.6,196.0
ChIJ_TOmxfbtNIgREOzdauNQIus,Pino's,"6738 Reynolds Street, Pittsburgh",40.45027369999999,-79.91448869999999,"bar,restaurant,food,point_of_interest,establishment",restaurant,OPERATIONAL,4.6,439.0
ChIJxYa44v7xNIgRM0tbj-YIWG4,Dobrá Tea Pittsburgh,"1937 Murray Avenue, Pittsburgh",40.4349597,-79.9226309,"store,restaurant,food,point_of_interest,establishment",restaurant,OPERATIONAL,4.7,1098.0
ChIJ-7t67_7xNIgRT00uAV8ynN4,Napoli Pizzeria,"2006 Murray Avenue, Pittsburgh",40.4344143,-79.92299059999999,"meal_delivery,restaurant,food,point_of_interest,establishment",restaurant,OPERATIONAL,4.3,637.0
ChIJ5zBe-P_tNIgRMzm5yHn9g0k,Starbucks Coffee Company,"6304 Forbes Avenue, Pittsburgh",40.43772999999999,-79.91917,"cafe,store,restaurant,food,point_of_interest,establishment",restaurant,OPERATIONAL,4.4,483.0
ChIJEfGbKwDyNIgR-iKYm8ZnK9U,Mediterranean Grill,"5835 Forbes Avenue, Pittsburgh",40.4382611,-79.92163,"restaurant,food,point_of_interest,establishment",restaurant,OPERATIONAL,4.6,316.0
ChIJ8dgFY__xNIgRCzjxWltwItw,Bruegger's Bagels,"1719 Murray Avenue, Pittsburgh",40.4374253,-79.9227208,"bakery,cafe,store,restaurant,food,point_of_interest,establishment",restaurant,OPERATIONAL,4.0,209.0
ChIJLbFh7P7xNIgRQH3D2nSSXI8,"Pinskers Wine, Books, & Judaica Center","2028 Murray Avenue, Pittsburgh",40.434041,-79.9231187,"book_store,liquor_store,store,restaurant,food,point_of_interest,establishment",restaurant,OPERATIONAL,4.6,43.0
ChIJg4iqU1zxNIgRpPPslHG6YxA,Took Took 98 | Thai Street Food Restaurant,"2018 Murray Avenue, Pittsburgh",40.4342014,-79.9231289,"restaurant,food,point_of_interest,establishment",restaurant,OPERATIONAL,4.3,340.0
ChIJLdxtgfvxNIgRQ4RI-YZ_gNk,African Cuisine Bar & Hookah Lounge,"2030 Murray Avenue, Pittsburgh",40.43395599999999,-79.9231398,"bar,restaurant,food,point_of_interest,establishment",restaurant,CLOSED_TEMPORARILY,4.5,20.0
ChIJy4AT9-LxNIgRZyAiiPJU6xo,African Eats Cuisine,"2032 Murray Avenue, Pittsburgh",40.43389000000001,-79.9231726,"restaurant,food,point_of_interest,establishment",restaurant,CLOSED_TEMPORARILY,4.1,576.0
ChIJ77RBegDxNIgRVX9uqzQaClg,The Mediterranean Table,"2108 Murray Avenue, Pittsburgh",40.4333755,-79.9232016,"restaurant,food,point_of_interest,establishment",restaurant,OPERATIONAL,4.9,1045.0
ChIJve-ShMLxNIgR1SM4MA7VL2A,Kung Fu Tea,"2107 Murray Avenue, Pittsburgh",40.4334844,-79.922853,"cafe,restaurant,food,point_of_interest,establishment",restaurant,OPERATIONAL,4.4,238.0
ChIJMaOoKfDxNIgRRtdwslgnQNY,Maya Sushi,"2103 Murray Avenue, Pittsburgh",40.43351239999999,-79.9228115,"restaurant,food,point_of_interest,establishment",restaurant,OPERATIONAL,4.6,223.0
ChIJI0R77fvxNIgRG0-lSmX0iY0,Shabbox,"2118 Murray Avenue, Pittsburgh",40.4331258,-79.9231794,"restaurant,food,point_of_interest,establishment",restaurant,CLOSED_TEMPORARILY,5.0,1.0
ChIJVVVJhf7xNIgRO6i9n8IDVUk,Yukiyama Japanese Restaurant,"2121 Murray Avenue, Pittsburgh",40.43312689999999,-79.9228921,"restaurant,food,point_of_interest,establishment",restaurant,OPERATIONAL,4.2,187.0
ChIJx8-wQdzxNIgRkbReNVtFhdk,Papelón Venezuelan Arepa Bar,"1923 Murray Avenue, Pittsburgh",40.4352858,-79.9226983,"meal_takeaway,restaurant,food,point_of_interest,establishment","fast_food,restaurant",OPERATIONAL,4.8,163.0
ChIJc_tfmv7xNIgR_4d4axfUesE,Top Chef Sushi,"2121 Murray Avenue, Pittsburgh",40.43309399999999,-79.9227463,"restaurant,food,point_of_interest,establishment",restaurant,OPERATIONAL,5.0,1.0
ChIJTZI2vU_xNIgRUptka-9QjUw,Squirrel Hill Market,"2130 Murray Avenue, Pittsburgh",40.4328831,-79.9232093,"grocery_or_supermarket,store,restaurant,food,point_of_interest,establishment",restaurant,OPERATIONAL,4.6,155.0
ChIJS4w6F__xNIgRHBCgNlvm6hY,"Pastoli's Pizza, Pasta & Paisans","1900 Murray Avenue, Pittsburgh",40.4358863,-79.92301599999999,"restaurant,food,point_of_interest,establishment",restaurant,OPERATIONAL,4.4,530.0
ChIJXXc4Ds3xNIgRaOuJGK8Eq-k,Fresh Garden Kitchen-鑫福源,"2209 Murray Avenue, Pittsburgh",40.4324962,-79.9228998,"restaurant,food,point_of_interest,establishment",restaurant,OPERATIONAL,4.2,53.0
ChIJuVzGI9vxNIgRqH7ZtQXGYYE,New York Super Subs,"1827 Murray Avenue, Pittsburgh",40.4363773,-79.922735,"restaurant,food,point_of_interest,establishment",restaurant,OPERATIONAL,4.6,203.0
ChIJrYxVSgDxNIgRN34zzur-iPs,Casa del Tequila Fine Eatery,"1731 Murray Avenue, Pittsburgh",40.43710859999999,-79.92268109999999,"restaurant,food,point_of_interest,establishment",restaurant,OPERATIONAL,4.9,75.0
ChIJc7q2DTvxNIgR5K3SOPvVKUw,diners 2+1,"1722 Murray Avenue 3rd floor, Pittsburgh",40.4372107,-79.92312249999999,"meal_delivery,restaurant,food,point_of_interest,establishment",restaurant,OPERATIONAL,4.5,304.0
ChIJ6WqCYf_xNIgRLF0LEZn2XH0,T-Swirl Crepe,"1714 Murray Avenue, Pittsburgh",40.4374483,-79.92314569999999,"store,restaurant,food,point_of_interest,establishment",restaurant,OPERATIONAL,4.6,378.0
ChIJCf4rh9jxNIgRL_6dlkxAA6I,Viet Nom Nom,"1715 Murray Avenue, Pittsburgh",40.4375581,-79.92279870000002,"restaurant,food,point_of_interest,establishment",restaurant,OPERATIONAL,4.5,149.0
ChIJh9UePtzzNIgRsWPBOb3uS9w,Upstreet Diner,"1711 Murray Avenue, Pittsburgh",40.4375731,-79.922727,"restaurant,food,point_of_interest,establishment",restaurant,OPERATIONAL,4.4,268.0
ChIJTZb5YB7xNIgRdHOkZcXzVzE,Elegant Edge Catering Company,"5915 Beacon Street #6, Pittsburgh",40.435666,-79.919525,"restaurant,food,point_of_interest,establishment",restaurant,OPERATIONAL,4.8,52.0
ChIJqxy5YxLxNIgR08_o1-S1bo8,Manna by Elegant Edge,"5915 Beacon Street, Pittsburgh",40.43566639999999,-79.9195251,"meal_takeaway,restaurant,food,point_of_interest,establishment","fast_food,restaurant",OPERATIONAL,4.9,7.0
ChIJM-v2OP_xNIgRVzgjctl9JaE,JFCS Pittsburgh,"5743 Bartlett St, Pittsburgh",40.43612479999999,-79.9238642,"point_of_interest,establishment",food_bank,OPERATIONAL,4.6,85.0
ChIJDegvr53tNIgR3mmQRGc5NKU,ALDI,"401 Penn Avenue, Wilkinsburg",40.445452,-79.889206,"supermarket,grocery_or_supermarket,food,store,point_of_interest,establishment",grocery,OPERATIONAL,4.3,83.0
ChIJx2Rx5MLtNIgRdwOnqXV0qoQ,Walgreens,"7628 Penn Avenue Walgreens, Pittsburgh",40.4466674,-79.8944356,"drugstore,convenience_store,clothing_store,health,store,food,point_of_interest,establishment",convenience,OPERATIONAL,3.2,80.0
ChIJxwODGsPtNIgRP2_AGCLjr1I,Sunoco,"7701 Penn Avenue, Wilkinsburg",40.44670780000001,-79.89323929999999,"gas_station,atm,convenience_store,finance,store,food,point_of_interest,establishment",convenience,OPERATIONAL,3.3,24.0
ChIJV7pMzMTtNIgRWkoKBSJtwFk,GetGo,"408 Penn Avenue, Pittsburgh",40.4449887,-79.88947569999999,"convenience_store,gas_station,car_repair,store,food,point_of_interest,establishment",convenience,OPERATIONAL,3.6,36.0
ChIJwf2ude_tNIgRiUDdthrmWRk,Frick Park Market,"7103 Reynolds Street, Pittsburgh",40.4472204,-79.9051045,"convenience_store,store,food,point_of_interest,establishment",convenience,OPERATIONAL,4.9,244.0
ChIJRa4F0sTtNIgR6DpN8Elm6Xs,GetGo Café + Market,"408 Penn Avenue, Pittsburgh",40.44490359999999,-79.8892255,"gas_station,cafe,convenience_store,store,food,point_of_interest,establishment",convenience,OPERATIONAL,2.8,92.0
ChIJuy1k89PtNIgRgbGmeeBldxk,Hanini Market and Subs (Wilkinsburg),"1105 Franklin Avenue, Pittsburgh",40.4390952,-79.8787914,"convenience_store,atm,finance,store,food,point_of_interest,establishment",convenience,OPERATIONAL,3.9,81.0
ChIJCSRFlD7tNIgRjTLyuFMFt9k,A&M Market,"320 Coal Street, Pittsburgh",40.43577129999999,-79.88273339999999,"convenience_store,store,food,point_of_interest,establishment",convenience,OPERATIONAL,4.7,9.0
ChIJodEHeNDtNIgRG8ZMqinG2lA,Dhale Market,"811 Wood Street, Pittsburgh",40.4424653,-79.8856732,"convenience_store,store,food,point_of_interest,establishment",convenience,OPERATIONAL,4.6,5.0
ChIJh2VfbdDtNIgR4IYd6LRqoLU,B's Restaurant,"902 Wood Street, Pittsburgh",40.4430174,-79.8849998,"convenience_store,store,food,point_of_interest,establishment",convenience,OPERATIONAL,4.0,14.0
ChIJ42Yz-CPtNIgRFb2zep09wTU,Bosslyfe1,"616 Penn Avenue, Pittsburgh",40.4435931,-79.88523909999999,"convenience_store,store,food,point_of_interest,establishment",convenience,OPERATIONAL,,
ChIJzV-yHsPtNIgRB8MqUeZRSak,Subway,"7714 Penn Avenue, Pittsburgh",40.44635779999999,-79.8939654,"meal_takeaway,restaurant,food,point_of_interest,establishment","fast_food,restaurant",OPERATIONAL,3.8,255.0
ChIJXUu-tNrtNIgRafsyeSQJA68,KFC,"509 Penn Avenue, Wilkinsburg",40.4445808,-79.88661689999999,"restaurant,food,point_of_interest,establishment",restaurant,OPERATIONAL,3.6,627.0
ChIJq1hYRLHtNIgRdCtW_bZslaA,Bosphorus Mediterranean Cuisine,"7600 Forbes Avenue, Pittsburgh",40.4394608,-79.8973926,"restaurant,food,point_of_interest,establishment",restaurant,OPERATIONAL,4.6,978.0
ChIJBXsjpODtNIgRG6z6bTSjwNc,Park Pizza & Cream,"7600 Forbes Avenue, Pittsburgh",40.4395609,-79.8974166,"restaurant,food,point_of_interest,establishment",restaurant,OPERATIONAL,4.3,230.0
ChIJI-tEd9DtNIgR59mwtGJt5pU,Soul Food Connection,"819 Wood Street, Pittsburgh",40.4425442,-79.8854781,"restaurant,food,point_of_interest,establishment",restaurant,OPERATIONAL,4.5,229.0
ChIJXRrgsujtNIgRWwtHCcC6TG0,The Café at the Frick,"7227 Reynolds Street, Pittsburgh",40.447593,-79.901679,"cafe,store,restaurant,food,point_of_interest,establishment",restaurant,OPERATIONAL,4.4,285.0
ChIJH8JDCNDtNIgRRod0cPfa23Q,Salvatore's Pizza House,"612 Penn Avenue, Pittsburgh",40.44359000000001,-79.88557949999999,"restaurant,food,point_of_interest,establishment",restaurant,OPERATIONAL,4.4,1333.0
ChIJJ3kj1cTtNIgR9IZXuH8vpZs,McDonald's,"430 Penn Avenue, Pittsburgh",40.4446356,-79.88866809999999,"cafe,store,restaurant,food,point_of_interest,establishment",restaurant,OPERATIONAL,2.9,1676.0
ChIJqXr2PsPtNIgRwLgSS75mbwg,Wendy's,"116 Peebles Street, Wilkinsburg",40.4461558,-79.8931801,"restaurant,food,point_of_interest,establishment",restaurant,OPERATIONAL,3.3,1405.0
ChIJrYHqMdLtNIgRVi-ryq4xPqY,Penn Fish & chicken - Wilkinsburg,"1000 Penn Avenue, Pittsburgh",40.441728,-79.87930150000001,"restaurant,food,point_of_interest,establishment",restaurant,OPERATIONAL,4.1,288.0
ChIJT2VbCRvvNIgRmRFQP6K9iXw,Frick Park Tavern,"1100 South Braddock Avenue, Swissvale",40.4327021,-79.8941907,"restaurant,food,point_of_interest,establishment",restaurant,OPERATIONAL,4.6,221.0
ChIJawup6WjvNIgRfJmT-4-VErA,Live Fresh Cold Pressed Juice + Smoothie Bar,"1104 South Braddock Avenue, Pittsburgh",40.43253989999999,-79.8940149,"restaurant,food,point_of_interest,establishment",restaurant,OPERATIONAL,4.9,148.0
ChIJDTkCj6XvNIgRwX6Hw7O-XuA,Famous Cafe,"1103 South Braddock Avenue, Pittsburgh",40.4328001,-79.89377089999999,"restaurant,cafe,food,point_of_interest,establishment",restaurant,OPERATIONAL,4.6,497.0
ChIJjUAiVXTuNIgRx_uIV_2oEws,61B Cafe,"1108 South Braddock Avenue, Pittsburgh",40.4323962,-79.8939493,"cafe,restaurant,food,point_of_interest,establishment",restaurant,OPERATIONAL,4.3,254.0
ChIJPbf6Ku7vNIgRmEP17RTpFfU,Hemlock House,"1126 South Braddock Avenue, Swissvale",40.43216139999999,-79.8937624,"restaurant,bar,food,point_of_interest,establishment",restaurant,OPERATIONAL,4.6,240.0
ChIJhf_eEmztNIgRtb3sUYxdgag,Dive Bar & Grille (Regent Square),"607 South Braddock Avenue, Pittsburgh",40.4394009,-79.89720779999999,"restaurant,food,point_of_interest,establishment",restaurant,OPERATIONAL,4.2,261.0
ChIJ86PaahnmNIgRhj0SfqApAp8,Rockaway Pizzeria,"1137 South Braddock Avenue, Pittsburgh",40.43203279999999,-79.893236,"restaurant,food,point_of_interest,establishment",restaurant,OPERATIONAL,4.5,806.0
ChIJd6t7bKjtNIgRHcA-CrxDtDw,Bonjour Breakfast Cafe,"7610 Forbes Avenue, Pittsburgh",40.4395902,-79.8971203,"restaurant,food,point_of_interest,establishment",restaurant,CLOSED_TEMPORARILY,4.5,26.0
ChIJxaSNlRjzNIgReWE47uj9z_Y,El Chucho Food Truck Pittsburgh,"600 Pitt Street, Pittsburgh",40.441532,-79.8887811,"restaurant,food,point_of_interest,establishment",restaurant,OPERATIONAL,5.0,29.0
ChIJk1l9eNrtNIgRvr175TNC7Jk,Wilkinsburg Community Ministry,"704 Wood St, Pittsburgh",40.4414316,-79.8858182,"point_of_interest,establishment",food_bank,OPERATIONAL,4.7,50.0
ChIJva3eFNrtNIgRYle3QCYefnk,St. James Ministries- Saint Mary Magdalene Parish,"723 Rebecca Ave, Pittsburgh",40.4402099,-79.8852502,"point_of_interest,establishment",food_bank,OPERATIONAL,4.1,9.0
ChIJyRPcftrtNIgRchXDXJdISUM,Chain of Hope Food Pantry - Food Distribution Center,"611 South Ave, Pittsburgh",40.4425237,-79.8861833,"food,point_of_interest,establishment",food_bank,OPERATIONAL,4.0,2.0
ChIJodCAm9DtNIgR2WmSjHRU-08,St. James Church - St. Mary Magdalene Parish,"718 Franklin Ave, Pittsburgh",40.4405493,-79.8849652,"church,place_of_worship,point_of_interest,establishment",food_bank,OPERATIONAL,4.6,54.0
ChIJkzcoXdDtNIgRRBoysY4celw,Wilkinsburg Thursday Market,"739 Penn Ave, Pittsburgh",40.4435152,-79.88361499999999,"point_of_interest,establishment",farmers_market,OPERATIONAL,4.4,17.0
ChIJ412AOCvsNIgR9RX1mBNGc7Y,bp,"625 Ardmore Boulevard, Pittsburgh",40.43709399999999,-79.873488,"gas_station,supermarket,grocery_or_supermarket,store,food,point_of_interest,establishment",grocery,OPERATIONAL,2.9,30.0
ChIJD3nb2DHsNIgRpRu5FajJlq4,The Avenue,"1618 Penn Avenue, Pittsburgh",40.44288459999999,-79.8670083,"convenience_store,store,food,point_of_interest,establishment",convenience,OPERATIONAL,3.4,5.0
ChIJk2Q599HtNIgRZSPwRbN832g,Jean’s Southern Cuisine,"807 Wallace Avenue, Pittsburgh",40.4437851,-79.8805148,"restaurant,food,point_of_interest,establishment",restaurant,CLOSED_TEMPORARILY,4.3,274.0
ChIJqTNHt9HtNIgRaGDt_O_wA5Q,Fireside Caribbean Restaurant,"796 Penn Avenue, Pittsburgh",40.4427253,-79.8821579,"restaurant,food,point_of_interest,establishment",restaurant,OPERATIONAL,4.4,827.0
ChIJvwywU5ftNIgRiFC2ddY1L9Q,Happy Mart Kitchen,"1100 Penn Avenue, Pittsburgh",40.4409628,-79.8774662,"restaurant,food,point_of_interest,establishment",restaurant,OPERATIONAL,3.7,3.0
ChIJcXYvybHtNIgRhogrSzsr018,Perfection At Its Best Catering,"764 Penn Avenue, Wilkinsburg",40.44299599999999,-79.88298410000002,"restaurant,food,point_of_interest,establishment",restaurant,OPERATIONAL,4.5,51.0
ChIJLSSPhtrtNIgRU7-0N5Gk5to,Nancy's Revival,"616 South Avenue, Pittsburgh",40.4421025,-79.8862729,"restaurant,food,point_of_interest,establishment",restaurant,OPERATIONAL,4.3,784.0
ChIJL2ivctDtNIgRMOJIqezHEeQ,Wood & Penn Restaurant & Tobacco,"902 Wood Street, Pittsburgh",40.4430174,-79.8849998,"restaurant,food,point_of_interest,establishment",restaurant,OPERATIONAL,,
ChIJHXQH4wntNIgROLYWSmj51eM,Unique Cuisine Catering,"1027 Wood Street, Pittsburgh",40.444378,-79.8844561,"restaurant,food,point_of_interest,establishment",restaurant,OPERATIONAL,5.0,2.0
ChIJwWWdrjPsNIgRdvl7HeizUeg,Royal Caribbean Takeout & Delivery,"1568 Montier Street, Pittsburgh",40.4459083,-79.87113149999999,"restaurant,food,point_of_interest,establishment",restaurant,OPERATIONAL,4.2,435.0
ChIJI0pyepPtNIgRuyXbdj4LCkA,Rockin Ribs,"1695 Laketon Road, Pittsburgh",40.4492047,-79.867651,"restaurant,food,point_of_interest,establishment",restaurant,OPERATIONAL,4.6,57.0
ChIJa6OFXePrNIgR1e-_XZYr4_M,Wilkins Township SHOP 'n SAVE,"3335 William Penn Highway, Pittsburgh",40.4329144,-79.81763339999999,"grocery_or_supermarket,supermarket,food,store,point_of_interest,establishment",grocery,OPERATIONAL,4.3,1789.0
ChIJHVt5DezrNIgRqr3FeKAzfok,Sunoco,"3899 Old William Penn Highway, Pittsburgh",40.444241,-79.8135632,"gas_station,convenience_store,food,store,point_of_interest,establishment",convenience,OPERATIONAL,3.3,16.0
ChIJ9U50MvXrNIgRZozvrAhjpOs,Sunoco,"600 Rodi Road, Pittsburgh",40.4494572,-79.8274234,"gas_station,convenience_store,food,store,point_of_interest,establishment",convenience,OPERATIONAL,3.3,23.0
ChIJGzilFzDrNIgRx2KR15oOXcM,7-Eleven,"600 Rodi Road, Pittsburgh",40.4491953,-79.82749059999999,"convenience_store,liquor_store,cafe,restaurant,food,store,point_of_interest,establishment","convenience,restaurant",OPERATIONAL,2.7,11.0
ChIJhYoejfbrNIgRkbsMY4jzsHI,Inndigo Blue,"699 Rodi Road, Pittsburgh",40.4429877,-79.8262733,"restaurant,food,point_of_interest,establishment",restaurant,OPERATIONAL,4.1,60.0
ChIJC8GrfLjrNIgRKWlyZnarKVI,Jefferson Hideaway,"1172 Jefferson Heights Road, Penn Hills Township",40.4446102,-79.8133687,"bar,restaurant,food,point_of_interest,establishment",restaurant,OPERATIONAL,4.5,39.0
ChIJ3U-7vZ7qNIgRAflskiRjINE,"Q&M's Fish, Chik & Ribs","655 Rodi Road, Penn Hills Township",40.4464108,-79.8268022,"restaurant,food,point_of_interest,establishment",restaurant,OPERATIONAL,4.4,73.0
ChIJRbFytAnlNIgR0HJTVpMOybs,Vickey's Soul Grill Restaurant & Catering,"655 Rodi Road, Penn Hills Township",40.4466041,-79.8267889,"restaurant,food,point_of_interest,establishment",restaurant,OPERATIONAL,4.2,179.0
ChIJ4RZxXGDrNIgRuppwUOtZb48,Patel Brothers,"312 Mall Plaza Boulevard, Monroeville",40.43456,-79.785576,"supermarket,grocery_or_supermarket,store,food,point_of_interest,establishment",grocery,OPERATIONAL,4.4,1518.0
ChIJT4IpvdLrNIgRFepDwpLIzD4,Olive Garden Italian Restaurant,"260 Mall Plaza Boulevard, Monroeville",40.434082,-79.78691300000001,"meal_takeaway,bar,restaurant,food,point_of_interest,establishment","fast_food,restaurant",OPERATIONAL,4.2,3410.0
ChIJ972l1cvrNIgRyHsW7mAW5aM,Udipi Cafe,"4141 Old William Penn Highway, Monroeville",40.4434295,-79.79038849999999,"restaurant,food,point_of_interest,establishment",restaurant,OPERATIONAL,4.2,2495.0
ChIJW6XnDRDqNIgRVP6nyzPeJQY,Vocelli Pizza,"326 Mall Plaza Boulevard, Monroeville",40.43470299999999,-79.784886,"meal_takeaway,meal_delivery,restaurant,food,point_of_interest,establishment","fast_food,restaurant",OPERATIONAL,3.9,167.0
ChIJEylFmTHqNIgRWoWk1XX8Ltw,Pizza Hut,"3747 William Penn Highway, Monroeville",40.4373559,-79.7869766,"meal_takeaway,meal_delivery,restaurant,food,point_of_interest,establishment","fast_food,restaurant",OPERATIONAL,3.3,341.0
ChIJp4pAX83rNIgRXpgZUvFoWSw,KFC,"3770 William Penn Highway, Monroeville",40.4355617,-79.7859763,"restaurant,food,point_of_interest,establishment",restaurant,OPERATIONAL,3.5,753.0
ChIJK9FXpNLrNIgR2QzaqYq6q0U,Taipei-Tokyo,"304 Mall Boulevard, Monroeville",40.434345,-79.78554749999999,"restaurant,food,point_of_interest,establishment",restaurant,OPERATIONAL,4.5,1170.0
ChIJCS_mi9LrNIgRbkiVOWNDoik,Patron Mexican Grill,"245 Mall Plaza Boulevard, Monroeville",40.434791,-79.7874476,"bar,restaurant,food,point_of_interest,establishment",restaurant,CLOSED_TEMPORARILY,4.2,1494.0
ChIJzWRn3oTBNIgRICeDudsZovk,Bob Evans,"3737 William Penn Highway, Monroeville",40.4358788,-79.7883662,"meal_takeaway,restaurant,food,point_of_interest,establishment","fast_food,restaurant",OPERATIONAL,3.8,1969.0
ChIJoV5cm9LrNIgR9aMz_cgoPvY,McDonald's,"3760 William Penn Highway, Monroeville",40.43537989999999,-79.7868924,"cafe,restaurant,food,store,point_of_interest,establishment",restaurant,OPERATIONAL,3.2,2194.0
ChIJWWW-Ue_rNIgRuC3thP3LCVY,Sam's Club Cafe,"3621 William Penn Highway, Monroeville",40.43650359999999,-79.79943569999999,"cafe,meal_takeaway,restaurant,food,point_of_interest,establishment","fast_food,restaurant",OPERATIONAL,5.0,1.0
ChIJ2TTWYjLqNIgRdtoevuS0Jjs,Pizza Marsala,"2677 Monroeville Boulevard, Monroeville",40.4356661,-79.7824037,"meal_delivery,restaurant,food,point_of_interest,establishment",restaurant,OPERATIONAL,4.4,625.0
ChIJw13Ev7vrNIgRDf0ujabNUyo,Haveli - Savor the Essence,"245 Mall Plaza Boulevard, Monroeville",40.4347922,-79.78743399999999,"restaurant,food,point_of_interest,establishment",restaurant,OPERATIONAL,4.6,113.0
ChIJwxsEF83rNIgRMicNAp_2tm4,Mintt Indian Cuisine - Monroeville,"3747 William Penn Highway, Monroeville",40.4376954,-79.785631,"restaurant,food,point_of_interest,establishment",restaurant,OPERATIONAL,4.3,1484.0
ChIJ6bo-GMrrNIgR5FxniYHq7kM,Wingstop,"3814 William Penn Highway, Monroeville",40.43598180000001,-79.7830438,"restaurant,food,point_of_interest,establishment",restaurant,OPERATIONAL,4.4,129.0
ChIJ6TOb4R_rNIgRf4PLkOq0qv8,Moe's Southwest Grill,"3810 William Penn Highway, Monroeville",40.4359865,-79.7829787,"restaurant,food,point_of_interest,establishment",restaurant,OPERATIONAL,3.9,162.0
ChIJh4FjdUvqNIgR_IQCn6-B9Ow,Garden City United Methodist,"500 Laurel Dr, Monroeville",40.4490845,-79.7818154,"church,place_of_worship,point_of_interest,establishment",food_bank,OPERATIONAL,4.6,16.0
ChIJbaw7T7_rNIgRK1ok6HCSoLk,Penn Hills Community Garden,"1162 Jefferson Rd, Penn Hills Township",40.4480238,-79.80200719999999,"point_of_interest,establishment",food_bank,OPERATIONAL,4.7,23.0
ChIJo1KE6g_rNIgR7devh7OiKDo,Western Pa Search & Rescue Development Center,"1405 Frey Rd, Pittsburgh",40.4516703,-79.7986519,"point_of_interest,establishment",food_bank,OPERATIONAL,4.7,12.0
ChIJ-1UwmjrqNIgR3UaJnCKI1wE,bp,"3984 Monroeville Boulevard, Monroeville",40.436515,-79.773392,"gas_station,supermarket,grocery_or_supermarket,store,food,point_of_interest,establishment",grocery,OPERATIONAL,2.8,24.0
ChIJxT0jn1frNIgRDEefuyyMY5Y,Target Grocery,"4004 Monroeville Boulevard, Monroeville",40.43422880000001,-79.7727414,"grocery_or_supermarket,supermarket,store,food,point_of_interest,establishment",grocery,OPERATIONAL,4.2,53.0
ChIJefZrZqbrNIgRr8zlqClDE08,ALDI,"3995 William Penn Highway, Monroeville",40.43872400000001,-79.7723754,"supermarket,grocery_or_supermarket,store,food,point_of_interest,establishment",grocery,OPERATIONAL,4.5,291.0
ChIJFYbfkDDqNIgRZyjX6yOmvCU,Sheetz,"3954 William Penn Highway, Monroeville",40.4377183,-79.7743167,"convenience_store,gas_station,car_wash,liquor_store,cafe,store,restaurant,food,point_of_interest,establishment","convenience,restaurant",OPERATIONAL,3.5,202.0
ChIJt66VNNHrNIgR8d7I8wr9FpA,CVS,"3893 William Penn Highway, Monroeville",40.43781260000001,-79.7791912,"drugstore,convenience_store,clothing_store,store,health,food,point_of_interest,establishment",convenience,OPERATIONAL,3.4,127.0
ChIJR75DozrqNIgRFFjJPA2b-gU,GetGo Gas Station,"4000 Monroeville Boulevard, Monroeville",40.4352951,-79.77271089999999,"gas_station,cafe,convenience_store,store,food,point_of_interest,establishment",convenience,OPERATIONAL,3.6,41.0
ChIJe4gxidPrNIgRfzPxYdPXEhc,Monroeville Convenience Store,"4341 Old William Penn Highway, Monroeville",40.4432887,-79.7737439,"convenience_store,store,food,point_of_interest,establishment",convenience,OPERATIONAL,5.0,2.0
ChIJiQS82j7qNIgR4JYyl-Lg-Ms,Puff Discount Tobacco,"222 Center Road, Monroeville",40.4404679,-79.7671045,"convenience_store,store,food,point_of_interest,establishment",convenience,OPERATIONAL,4.4,46.0
ChIJse-wmDvqNIgRNMBq13k2XW4,Mad Mex Monroeville,"Miracle Mile, 4100 William Penn Highway, Monroeville",40.4372821,-79.7687923,"bar,restaurant,food,point_of_interest,establishment",restaurant,OPERATIONAL,4.2,1518.0
ChIJsR7bjTrqNIgRR5rLqoNpL7s,Eat'n Park,"3987 Monroeville Boulevard, Monroeville",40.4366898,-79.77244809999999,"meal_takeaway,restaurant,food,point_of_interest,establishment","fast_food,restaurant",OPERATIONAL,4.0,2473.0
ChIJgWmhCz7qNIgRRWQbeP13Ovc,Panera Bread,"4172 William Penn Highway, Monroeville",40.438351,-79.765068,"cafe,bakery,meal_takeaway,store,restaurant,food,point_of_interest,establishment","fast_food,restaurant",OPERATIONAL,3.8,1065.0
ChIJV6o7ZzrqNIgRyKDx7ETrhAc,Wooden Nickel,"4006 Berger Lane, Monroeville",40.4371951,-79.7726078,"restaurant,food,point_of_interest,establishment",restaurant,OPERATIONAL,4.3,766.0
ChIJJWva7DLqNIgRIJ0u9BTPAI4,India Garden,"4065 William Penn Highway, Monroeville",40.4402276,-79.7694916,"restaurant,food,point_of_interest,establishment",restaurant,OPERATIONAL,3.9,676.0
ChIJra09-zvqNIgRKBGiniBLIeU,El Campesino - Monroeville,"4097 William Penn Highway, Monroeville",40.4397785,-79.7685805,"restaurant,food,point_of_interest,establishment",restaurant,OPERATIONAL,4.2,1627.0
ChIJyxy1EjHqNIgR-qkvOSguAtA,Five Guys,"3845 Northern Pike, Monroeville",40.4386597,-79.77762659999999,"meal_takeaway,restaurant,food,point_of_interest,establishment","fast_food,restaurant",OPERATIONAL,4.3,1028.0
ChIJ44-s-cz5NIgRr0F43ZiEcwE,The Honey Baked Ham Company,"4025 William Penn Highway, Monroeville",40.4392304,-79.7714539,"restaurant,meal_delivery,grocery_or_supermarket,store,food,point_of_interest,establishment",restaurant,OPERATIONAL,4.4,92.0
ChIJg0-FGDHqNIgR7lTWgwDtLpc,Primanti Bros. Restaurant and Bar,"3847 Northern Pike, Monroeville",40.4385542,-79.7769208,"bar,restaurant,food,point_of_interest,establishment",restaurant,OPERATIONAL,4.2,2331.0
ChIJ70zQhD7qNIgRszRtOsr_JzI,Subway,"4145 William Penn Highway Suite 7, Monroeville",40.4393806,-79.76584989999999,"meal_takeaway,restaurant,food,point_of_interest,establishment","fast_food,restaurant",OPERATIONAL,3.4,181.0
ChIJAbwd2xXqNIgRA9tDkvc6ivY,Outback Steakhouse,"3000 Mosside Boulevard, Monroeville",40.4383399,-79.7591169,"meal_takeaway,bar,restaurant,food,point_of_interest,establishment","fast_food,restaurant",OPERATIONAL,4.1,2816.0
ChIJ8aHP4zDqNIgRCGfU8Q45gQY,Blaze Pizza,"3939 William Penn Highway, Monroeville",40.43815620000001,-79.7764349,"restaurant,food,point_of_interest,establishment",restaurant,OPERATIONAL,4.5,2061.0
ChIJU5ZCNjrqNIgRBw1vakT5KKc,Esta Esta Restaurant,"4000 William Penn Highway, Monroeville",40.43818239999999,-79.7713553,"restaurant,food,point_of_interest,establishment",restaurant,OPERATIONAL,4.3,451.0
ChIJGwPYJzrqNIgRxlrqT1jxA5A,Carhop's Subshop,"4019 William Penn Highway, Monroeville",40.4392086,-79.77153059999999,"restaurant,food,point_of_interest,establishment",restaurant,OPERATIONAL,4.8,504.0
ChIJOfEdujvqNIgRVTpRg3yjq1Y,Anthony's Coal Fired Pizza & Wings,"2740 Stroschein Road, Monroeville",40.4379577,-79.7689651,"meal_takeaway,meal_delivery,store,restaurant,food,point_of_interest,establishment","fast_food,restaurant",OPERATIONAL,4.4,1201.0
ChIJQX7xoT7qNIgRS0Kw54joM7w,Chipotle Mexican Grill,"4137 William Penn Highway, Monroeville",40.4391682,-79.7669308,"restaurant,food,point_of_interest,establishment",restaurant,OPERATIONAL,3.2,2293.0
ChIJzwqCgD7qNIgR0PMUsBg3udI,Panda Express,"4155 William Penn Highway, Monroeville",40.43926870000001,-79.7653076,"restaurant,food,point_of_interest,establishment",restaurant,OPERATIONAL,3.6,832.0
ChIJKeEJ8zvqNIgR4ayq_gNBOl4,Starbucks Coffee Company,"4185 William Penn Highway, Monroeville",40.43936,-79.76308,"cafe,store,restaurant,food,point_of_interest,establishment",restaurant,OPERATIONAL,4.1,971.0
ChIJqeI16jDqNIgRbs4_dcCSZTM,Red Lobster,"3941 William Penn Highway, Monroeville",40.43842,-79.775312,"restaurant,food,point_of_interest,establishment",restaurant,OPERATIONAL,4.2,2726.0
ChIJszsrCT7qNIgRTNNP-PmckyQ,Penn Station East Coast Subs,"4203 William Penn Highway, Monroeville",40.4396484,-79.76190609999999,"meal_takeaway,restaurant,food,point_of_interest,establishment","fast_food,restaurant",OPERATIONAL,4.3,830.0
ChIJ0f9REzzqNIgRWtqilq9kZFI,Napoli Pizza,"4230 William Penn Highway Unit A, Monroeville",40.4374524,-79.7652079,"restaurant,food,point_of_interest,establishment",restaurant,OPERATIONAL,4.1,448.0
ChIJUz1VEjrqNIgRdS7sINFN6ug,Denny's,"3980 William Penn Highway, Monroeville",40.4380163,-79.7723924,"restaurant,food,point_of_interest,establishment",restaurant,OPERATIONAL,4.0,2708.0
ChIJGb9dv0vqNIgRIFbN_zrPfBE,Meglio's Pizza & Sandwiches,"500 Garden City Drive #1a, Monroeville",40.4482906,-79.7804137,"meal_delivery,restaurant,food,point_of_interest,establishment",restaurant,OPERATIONAL,4.6,202.0
ChIJm49zfz7qNIgRS9iqKjSj-us,Chick-fil-A,"4040 William Penn Highway, Monroeville",40.4384308,-79.7667864,"restaurant,food,point_of_interest,establishment",restaurant,OPERATIONAL,4.5,3308.0
ChIJYYlIRzrqNIgRIEq5lUfhLVw,Wendy's,"3990 William Penn Highway, Monroeville",40.4380964,-79.7718395,"restaurant,food,point_of_interest,establishment",restaurant,OPERATIONAL,3.3,1288.0
ChIJgbilRjvqNIgRERoqu4G2v9w,Rosecliff Tavern,"4040 Monroeville Boulevard, Monroeville",40.4350137,-79.7690406,"bar,restaurant,food,point_of_interest,establishment",restaurant,OPERATIONAL,4.4,618.0
ChIJO6PbbTrqNIgRLkqrVkP9MXg,Arby's,"3974 William Penn Highway, Monroeville",40.4380079,-79.7728504,"meal_takeaway,restaurant,food,store,point_of_interest,establishment","fast_food,restaurant",OPERATIONAL,4.1,706.0
ChIJG6DZiTvqNIgRTt90HkcjQok,Fortune Star,"4070 William Penn Highway, Monroeville",40.43732680000001,-79.7681005,"restaurant,food,point_of_interest,establishment",restaurant,OPERATIONAL,4.3,2253.0
ChIJMXPDW0DqNIgRxEWWWBOW0C4,Fox's Pizza Den,"4400 Old William Penn Highway #1, Monroeville",40.4452105,-79.76504109999999,"meal_delivery,restaurant,food,point_of_interest,establishment",restaurant,OPERATIONAL,3.4,111.0
ChIJ3dta86nrNIgRfZ7Ft0MPETY,Bistro at the Courtyard,"3962 William Penn Highway, Monroeville",40.4371672,-79.7732855,"restaurant,food,point_of_interest,establishment",restaurant,OPERATIONAL,,
ChIJ5WXDuj_rNIgRLlm_AdX-_hM,Taco Bell,"3971 William Penn Highway, Monroeville",40.43875500000001,-79.774354,"meal_takeaway,restaurant,food,point_of_interest,establishment","fast_food,restaurant",OPERATIONAL,3.1,158.0
ChIJMUSfKH_rNIgRhODn2XvpqBc,MISSION BBQ,"3975 William Penn Highway suite 100, Monroeville",40.4387699,-79.77368249999999,"restaurant,food,point_of_interest,establishment",restaurant,OPERATIONAL,4.6,558.0
ChIJCb4VlafrNIgRnCT3lrNDuQw,Jersey Mike's Subs,"3975 William Penn Highway, Monroeville",40.438805,-79.7733731,"meal_takeaway,restaurant,food,store,point_of_interest,establishment","fast_food,restaurant",OPERATIONAL,4.1,70.0
ChIJb3awaRnrNIgRdhMZMffoJwY,honeygrow,"3975 William Penn Highway Suite 300, Monroeville",40.438805,-79.7733731,"restaurant,food,point_of_interest,establishment",restaurant,OPERATIONAL,4.6,293.0
ChIJYwiWKwbrNIgRnK9ytEKEqRk,Hello Bistro,"Miracle Mile Shopping Center, 4100 William Penn Highway, Monroeville",40.4379579,-79.7684824,"meal_takeaway,restaurant,food,point_of_interest,establishment","fast_food,restaurant",OPERATIONAL,3.8,515.0
ChIJU42NWxDqNIgRYA90iD_iBQk,Sunoco,"2700 Mosside Boulevard, Monroeville",40.4344573,-79.7533718,"gas_station,convenience_store,food,store,point_of_interest,establishment",convenience,OPERATIONAL,2.7,21.0
ChIJgfuM8DzrNIgROodLVDpURVU,GetGo Gas Station,"317 Old Haymaker Road, Monroeville",40.4455928,-79.7596803,"gas_station,convenience_store,cafe,food,store,point_of_interest,establishment",convenience,OPERATIONAL,3.8,374.0
ChIJ_aCEtxDqNIgRJeYez-3Vy6U,Gateway Grill,"4251 Northern Pike, Monroeville",40.4341319,-79.756095,"bar,restaurant,food,point_of_interest,establishment",restaurant,OPERATIONAL,4.4,2838.0
ChIJ7dFatRbqNIgR2sPqXksUVsc,Max & Erma's,"2740 Mosside Boulevard, Monroeville",40.4367679,-79.7573109,"bar,restaurant,food,point_of_interest,establishment",restaurant,OPERATIONAL,4.3,2370.0
ChIJXx_tQhDqNIgRL7VBZPHkkmU,Domino's Pizza,"4305 Northern Pike, Monroeville",40.434911,-79.75356959999999,"meal_takeaway,meal_delivery,restaurant,food,point_of_interest,establishment","fast_food,restaurant",OPERATIONAL,3.0,394.0
ChIJK0z3UEDqNIgRGzYt2PQF2YQ,Fellinis Pizzeria,"4415 Old William Penn Highway, Monroeville",40.44612120000001,-79.7636108,"restaurant,food,point_of_interest,establishment",restaurant,CLOSED_TEMPORARILY,4.0,109.0
ChIJw_P2QhDqNIgR0amJeLoO188,New China House,"4309 Northern Pike, Monroeville",40.4348242,-79.7533639,"meal_delivery,restaurant,food,point_of_interest,establishment",restaurant,OPERATIONAL,3.9,206.0
ChIJtwK_LxDqNIgRoOscPfW_EcQ,McDonald's,"4317 Northern Pike, Monroeville",40.434471,-79.7517635,"cafe,store,restaurant,food,point_of_interest,establishment",restaurant,OPERATIONAL,3.5,1317.0
ChIJIyCm4A_qNIgRn2jm8Q1KypA,Dad's Pub & Grub,"4320 Northern Pike, Monroeville",40.4339012,-79.7509376,"bar,restaurant,food,point_of_interest,establishment",restaurant,OPERATIONAL,4.6,1826.0
ChIJsbIht_brNIgRGLavPteLZwQ,Penn Gyros & Kebab,"4251 Northern Pike suite 4, Monroeville",40.4341118,-79.7557545,"restaurant,food,point_of_interest,establishment",restaurant,OPERATIONAL,4.5,244.0
ChIJhXqRyVDrNIgRZRsAQVwzfpI,Farmer's Fridge,"Located right outside East cafe near lobby, 2775 Mosside Boulevard, Monroeville",40.43664400000001,-79.75979199999999,"restaurant,food,point_of_interest,establishment",restaurant,OPERATIONAL,,
ChIJ_46K4OvrNIgR0mjRzEXWJWc,Starbucks Coffee Company,"4301 Northern Pike, Monroeville",40.43443,-79.75265999999999,"cafe,store,restaurant,food,point_of_interest,establishment",restaurant,OPERATIONAL,4.0,85.0
ChIJBdrqNgDrNIgR4387NNLbWMI,Plaza Azteca Monroeville,"4300 Northern Pike, Monroeville",40.4337396,-79.7518115,"restaurant,food,point_of_interest,establishment",restaurant,OPERATIONAL,4.6,156.0
ChIJxfypa9zGYVMRIV_NqY9nyUo,Nrgize,"4100 William Penn Highway Suite 43 Suite 43, Monroeville",40.4373444,-79.7669731,"restaurant,food,store,point_of_interest,establishment",restaurant,OPERATIONAL,4.6,61.0
ChIJ3YrvksTrNIgRbvu3Wnb-KGY,Big Rig’s BBQ,"226 Center Road, Monroeville",40.4405082,-79.76709149999999,"restaurant,food,point_of_interest,establishment",restaurant,OPERATIONAL,4.8,1032.0
ChIJlTo6WzrrNIgRjjM0FR8Etes,Tree Haus Night Cafe,"4099 William Penn Highway FL 10, Monroeville",40.43911289999999,-79.76988840000001,"restaurant,food,point_of_interest,establishment",restaurant,OPERATIONAL,3.0,2.0
ChIJC2zndv7rNIgRFi2qc6vs-38,China Palace Monroeville,"4059 William Penn Highway, Monroeville",40.44036529999999,-79.7697106,"restaurant,food,point_of_interest,establishment",restaurant,OPERATIONAL,4.2,161.0
ChIJnelJsnrBNIgR8-Oi8ARxtmg,Rita's Italian Ice & Frozen Custard,"4029 William Penn Highway, Monroeville",40.439031,-79.771166,"restaurant,food,store,point_of_interest,establishment",restaurant,OPERATIONAL,5.0,4.0
ChIJ3QNxq8vrNIgRDACvG6T4E2Q,The Burger Den,"3980 William Penn Highway, Monroeville",40.43802840000001,-79.77237459999999,"restaurant,food,point_of_interest,establishment",restaurant,OPERATIONAL,4.0,21.0
ChIJLaxh1_zrNIgR1fUzmwgkuWU,Lahore Spice,"4400 Old William Penn Highway, Monroeville",40.44530639999999,-79.7647102,"restaurant,food,point_of_interest,establishment",restaurant,OPERATIONAL,4.7,105.0
ChIJ-XPbsSrrNIgRx93hPmTwxKY,Happy's Eatery,"4376 Old William Penn Highway, Monroeville",40.4434259,-79.7688624,"restaurant,food,point_of_interest,establishment",restaurant,OPERATIONAL,4.8,86.0
ChIJ4Q6mY-HrNIgRgsheGHeS1MQ,New India Grill,"4401 Old William Penn Highway, Monroeville",40.4458217,-79.7646315,"restaurant,food,point_of_interest,establishment",restaurant,OPERATIONAL,4.9,308.0
ChIJAdfL5ecHmqYR5FsFlu1qgto,Ebbie’s Craft Kitchen and Catering,"4366 Old William Penn Highway, Monroeville",40.4428099,-79.7704419,"restaurant,food,point_of_interest,establishment",restaurant,OPERATIONAL,4.8,40.0
ChIJjb-y70DqNIgRqzTOgim8Csw,La Barbe Restaurant,"4397 Old William Penn Highway, Monroeville",40.4454509,-79.7659977,"bar,restaurant,food,point_of_interest,establishment",restaurant,OPERATIONAL,4.0,90.0
ChIJ9dCaSYPBNIgRvrV0DE5kOOI,Sheetz,"4723 William Penn Highway, Monroeville",40.435131,-79.7328186,"convenience_store,gas_station,car_wash,liquor_store,cafe,store,restaurant,food,point_of_interest,establishment","convenience,restaurant",OPERATIONAL,4.3,709.0
ChIJ91dJWgDBNIgRua2gR7gLwaY,Burger King,"1737 Golden Mile Highway, Monroeville",40.44197399999999,-79.7137343,"restaurant,food,point_of_interest,establishment",restaurant,OPERATIONAL,4.3,165.0
ChIJC6d2MbnBNIgRFk1KpWRwA68,Golden Goblet,"1741 Golden Mile Highway, Monroeville",40.442639,-79.7138049,"restaurant,food,point_of_interest,establishment",restaurant,OPERATIONAL,4.2,412.0
ChIJf_cmur7BNIgR-cZrrmblMH4,ALDI,"1766 Golden Mile Highway, Monroeville",40.444462,-79.712707,"supermarket,grocery_or_supermarket,store,food,point_of_interest,establishment",grocery,OPERATIONAL,4.4,967.0
ChIJvSlnfQrqNIgR6adcbvShGew,CVS,"1775 Golden Mile Highway, Monroeville",40.4445587,-79.7140983,"drugstore,convenience_store,clothing_store,health,store,food,point_of_interest,establishment",convenience,OPERATIONAL,3.1,69.0
ChIJG0bNQ7nBNIgRMD-FioRMPHo,Vocelli Pizza,"1786 Golden Mile Highway, Monroeville",40.4452748,-79.7129456,"meal_delivery,meal_takeaway,restaurant,food,point_of_interest,establishment","fast_food,restaurant",OPERATIONAL,3.5,165.0
ChIJc99EAbnBNIgRD3252tEaMOs,Dunkin',"1803 Golden Mile Highway, Plum",40.4464739,-79.7144343,"meal_takeaway,bakery,cafe,restaurant,food,store,point_of_interest,establishment","fast_food,restaurant",OPERATIONAL,3.5,386.0
ChIJ17VTUbjBNIgRxgImGlFr5IY,Bishop's Pizza,"1811 Golden Mile Highway, Pittsburgh",40.44721699999999,-79.714463,"restaurant,food,point_of_interest,establishment",restaurant,OPERATIONAL,4.5,95.0
ChIJWSBGl7nBNIgRYujrWxb4Q2E,Pugliano's Italian Grill,"1808 Golden Mile Highway, Pittsburgh",40.4473911,-79.7133296,"restaurant,food,point_of_interest,establishment",restaurant,OPERATIONAL,4.1,1238.0
ChIJtZjVqbfBNIgR3vIzrzMTvSM,Eighty Acres Kitchen & Bar,"1910 New Texas Road, Pittsburgh",40.4512661,-79.7146322,"restaurant,food,point_of_interest,establishment",restaurant,OPERATIONAL,4.6,630.0
ChIJ2W7uPbnBNIgRQ-IAaJV4trM,Rudy's Subs,"1794 Golden Mile Highway, Monroeville",40.4455035,-79.712985,"restaurant,food,point_of_interest,establishment",restaurant,OPERATIONAL,4.4,241.0
ChIJpfkTn7nBNIgR12RZvHo4txM,Arby's,"1806 Route 286, Golden Mile Highway, Pittsburgh",40.4470173,-79.7134086,"meal_takeaway,restaurant,food,store,point_of_interest,establishment","fast_food,restaurant",OPERATIONAL,4.3,417.0
ChIJMc1uGNLBNIgRmfuCkxcM0Oo,Koi Steakhouse & Sushi Bar,"1782 Golden Mile Highway, Monroeville",40.4451758,-79.7128563,"restaurant,food,point_of_interest,establishment",restaurant,OPERATIONAL,4.4,148.0
ChIJFSm7pbPBNIgRK23FfbD5r28,McDonald's,"1865 New Texas Road, Pittsburgh",40.4506068,-79.714159,"restaurant,food,point_of_interest,establishment",restaurant,OPERATIONAL,3.5,725.0
ChIJV6MOGRlFNIgRwfs65VnViSU,Farmer's Fridge,"Located in the main break room, 17 William Drive, Imperial",40.452928,-80.303927,"restaurant,food,point_of_interest,establishment",restaurant,OPERATIONAL,,
ChIJcQEWb45bNIgRMKj1QMezkOE,Mjs Steel City,"682 Cliff Mine Road, Coraopolis",40.4546527,-80.2163719,"bar,restaurant,food,point_of_interest,establishment",restaurant,OPERATIONAL,4.4,269.0
ChIJk0ujbNpdNIgRaPdrs-OhKtQ,Farmer's Fridge,"Located in the employee breakroom, 177 McClaren Road, Coraopolis",40.4652157,-80.2230849,"restaurant,food,point_of_interest,establishment",restaurant,OPERATIONAL,,
ChIJ4RmMhoNbNIgRzPnL2Yi2E7s,West Ridge Church,"100 Gorwood Dr, Coraopolis",40.4572495,-80.22690980000002,"church,place_of_worship,point_of_interest,establishment",food_bank,OPERATIONAL,5.0,25.0
ChIJ372PGtRbNIgRRZ0vdb8ve1k,The Local Farmstead,"292 Logan Rd, Imperial",40.4507088,-80.2282469,"point_of_interest,establishment",farmers_market,OPERATIONAL,5.0,3.0
ChIJIUQ8L8xbNIgRXkX2nUu-nGw,Ruby's Wine House,"3069 Cliff Mine Road, Coraopolis",40.45323379999999,-80.1980052,"bar,restaurant,food,point_of_interest,establishment",restaurant,OPERATIONAL,4.8,280.0
ChIJg4QNfABbNIgRePpm_FN0IuQ,The Runner Stone Mill House Restaurant & Bar,"777 Aten Road, Coraopolis",40.4601744,-80.19287659999999,"restaurant,food,point_of_interest,establishment",restaurant,OPERATIONAL,4.8,4.0
ChIJf5JlbZtbNIgR5scc7JnFfYk,Dunkin',"781 Aten Road, Coraopolis",40.458515,-80.1912893,"meal_takeaway,bakery,cafe,restaurant,food,store,point_of_interest,establishment","fast_food,restaurant",OPERATIONAL,3.4,734.0
ChIJrfAd40pZNIgRfrfCH8hQ83k,ALDI,"100 Costco Drive, Pittsburgh",40.457504,-80.16672899999999,"supermarket,grocery_or_supermarket,food,store,point_of_interest,establishment",grocery,OPERATIONAL,4.5,1041.0
ChIJFweZ8FJZNIgRvnHjIWu4pvE,Outback Steakhouse,"1400 Market Place Boulevard, Coraopolis",40.4574051,-80.1792073,"meal_takeaway,bar,restaurant,food,point_of_interest,establishment","fast_food,restaurant",OPERATIONAL,4.3,1872.0
ChIJG3oyg0tZNIgR36MvL_i-Ogw,IHOP,"1002 Sutherland Drive, Pittsburgh",40.4564637,-80.1693422,"restaurant,food,point_of_interest,establishment",restaurant,OPERATIONAL,3.6,2894.0
ChIJ1ZvRJktZNIgRo_Fz46OptNM,Chick-fil-A,"120 Andrew Drive, Pittsburgh",40.45105089999999,-80.17501759999999,"restaurant,food,point_of_interest,establishment",restaurant,OPERATIONAL,4.5,4313.0
ChIJJ1pDcElZNIgRAHhPpbSaYI8,Ya Fei,"1980 Park Manor Boulevard, Pittsburgh",40.4542895,-80.1691768,"restaurant,food,point_of_interest,establishment",restaurant,OPERATIONAL,4.2,583.0
ChIJlTVoGDZZNIgR4YTtw82GEjs,Starbucks Coffee Company,"1050 Park Manor Boulevard, Pittsburgh",40.45266,-80.16444,"cafe,store,restaurant,food,point_of_interest,establishment",restaurant,OPERATIONAL,4.3,586.0
ChIJe4IELVBZNIgR5vNbCeR5alc,Industry Public House - North Fayette,"140 Andrew Drive, Pittsburgh",40.4518568,-80.176828,"bar,restaurant,food,point_of_interest,establishment",restaurant,OPERATIONAL,4.4,2995.0
ChIJBVrABktZNIgRrofNkvnaQAE,Plaza Azteca Méxican Restaurant | Robinson Township,"1000 Sutherland Drive, Pittsburgh",40.4565869,-80.1684066,"restaurant,food,point_of_interest,establishment",restaurant,OPERATIONAL,4.4,2795.0
ChIJlTVoGDZZNIgRisWzF8kS4qo,Ichiban Hibachi & Sushi Bar,"1160 Park Manor Boulevard, Pittsburgh",40.4535573,-80.1623386,"restaurant,food,point_of_interest,establishment",restaurant,OPERATIONAL,4.1,1359.0
ChIJHf1pGDZZNIgR07xCI5hz5bQ,Deluca's Diner,"1110 Park Manor Boulevard, Pittsburgh",40.45302059999999,-80.1624576,"restaurant,food,point_of_interest,establishment",restaurant,OPERATIONAL,4.5,1397.0
ChIJ_8BEqllZNIgR-Bp6w3q1GZM,Starbucks Coffee Company,"300 Davis Boulevard, Pittsburgh",40.4502532,-80.1734809,"cafe,store,restaurant,food,point_of_interest,establishment",restaurant,OPERATIONAL,4.4,756.0
ChIJQ843wDZZNIgRQcMUZvLa9AI,Cold Stone Creamery,"6509 Robinson Centre Drive, Pittsburgh",40.4552435,-80.1620018,"bakery,store,restaurant,food,point_of_interest,establishment",restaurant,OPERATIONAL,4.4,535.0
ChIJ55jChRtZNIgR7ml4uIkDrJY,Texas Roadhouse,"130 Andrew Drive, Pittsburgh",40.4517583,-80.1758409,"restaurant,food,point_of_interest,establishment",restaurant,OPERATIONAL,4.4,773.0
ChIJw72xzz9ZNIgRX3hy6LnIvus,IKEA Restaurant,"2001 Park Manor Boulevard, Pittsburgh",40.4521539,-80.16775369999999,"restaurant,food,point_of_interest,establishment",restaurant,OPERATIONAL,4.3,99.0
ChIJqVYhzJtZNIgRQxdRm_CBssM,Taco Bell,"121 Costco Drive, Pittsburgh",40.4577876,-80.1679036,"meal_takeaway,restaurant,food,point_of_interest,establishment","fast_food,restaurant",OPERATIONAL,3.8,839.0
ChIJQyLBE09ZNIgRlN4GUIw2rzw,Hastina - Royal Indian Cuisine,"1120 Park Manor Boulevard suite b, Pittsburgh",40.4531691,-80.16251559999999,"restaurant,food,point_of_interest,establishment",restaurant,OPERATIONAL,4.1,741.0
ChIJ97WDLs1ZNIgRpKWVMELc5Qo,Slice on Broadway - Robinson,"1124 Park Manor Boulevard, Pittsburgh",40.4533326,-80.1624985,"restaurant,food,point_of_interest,establishment",restaurant,OPERATIONAL,4.7,278.0
ChIJ_xanmhVZNIgR21r_-HBN_dw,BubbleFish,"1140 Park Manor Boulevard, Pittsburgh",40.45344069999999,-80.1624768,"restaurant,food,point_of_interest,establishment",restaurant,OPERATIONAL,4.9,308.0
ChIJ4e97uzdZNIgRg_WkJDC1dRQ,Subway,"100 Robinson Centre Drive Unit Fc-3, Pittsburgh",40.4538163,-80.1573523,"meal_takeaway,restaurant,food,point_of_interest,establishment","fast_food,restaurant",OPERATIONAL,2.8,44.0
ChIJuQdQBeFYNIgRvoBDgGLbWZc,All Star,"6302 Robinson Centre Drive, Pittsburgh",40.452781,-80.160204,"bar,restaurant,food,point_of_interest,establishment",restaurant,OPERATIONAL,4.3,591.0
ChIJVVVVyTNZNIgRsvWBpb9oUZU,Charleys Cheesesteaks,"100 Robinson Centre Drive Space FC-1, Pittsburgh",40.4537913,-80.1571623,"restaurant,food,point_of_interest,establishment",restaurant,OPERATIONAL,3.8,176.0
ChIJd51DBeFYNIgRF6Zp63YbC_c,Chick-fil-A,"100 Robinson Centre Drive FC-5, Pittsburgh",40.4535183,-80.15747139999999,"restaurant,food,point_of_interest,establishment",restaurant,OPERATIONAL,4.3,1159.0
ChIJ7x6DszNZNIgRqPE_T8x_3Sg,Starbucks Coffee Company,"Center Mall, 100 Robinson Centre Drive, Pittsburgh",40.45446,-80.15704,"cafe,store,restaurant,food,point_of_interest,establishment",restaurant,OPERATIONAL,3.9,140.0
ChIJgT25y5FZNIgR4hWFLC8MBco,Sheetz,"5554 Steubenville Pike, McKees Rocks",40.4520656,-80.1293018,"convenience_store,gas_station,car_wash,liquor_store,cafe,store,restaurant,food,point_of_interest,establishment","convenience,restaurant",OPERATIONAL,3.7,401.0
ChIJed7OJMxYNIgRC4SCLES_McY,Vocelli Pizza,"5644 Steubenville Pike, McKees Rocks",40.4517568,-80.13154829999999,"meal_delivery,restaurant,food,point_of_interest,establishment",restaurant,OPERATIONAL,4.1,173.0
ChIJJyHgN9JYNIgR9ZsKYvRcnGI,Subway,"2 Beaver Grade Road, McKees Rocks",40.4525757,-80.13313839999999,"meal_takeaway,restaurant,food,point_of_interest,establishment","fast_food,restaurant",CLOSED_TEMPORARILY,3.0,54.0
ChIJfxhPcclYNIgRBM69hDjAV0U,Juliano's Restaurant & Catering,"In Robinson, 5476 Steubenville Pike, McKees Rocks",40.4502416,-80.12611439999999,"restaurant,food,point_of_interest,establishment",restaurant,OPERATIONAL,4.7,1311.0
ChIJ_9joMMFZNIgRFM7gPZC1LFY,Saigon88 Express,"5500 Steubenville Pike, McKees Rocks",40.4505208,-80.1268509,"restaurant,food,point_of_interest,establishment",restaurant,OPERATIONAL,4.8,241.0
ChIJIX717BxZNIgRGrLlyGtyRZQ,"M O O N S U S H I (Sushi, Ramen, Teriyaki/ Hibachi Express)","100 Robinson Centre Drive FC6, Pittsburgh",40.4534827,-80.1576468,"restaurant,food,point_of_interest,establishment",restaurant,OPERATIONAL,4.0,59.0
ChIJH9HoujNZNIgR0ZhrT1PoM8A,CHINA MAX,"100 Robinson Centre Drive, Pittsburgh",40.45354200000001,-80.1576434,"restaurant,food,point_of_interest,establishment",restaurant,OPERATIONAL,2.9,87.0
ChIJkSvXQ5BZNIgRYelqW4KEgrU,Sushi Bomb,"6302 Robinson Centre Drive, Pittsburgh",40.4525261,-80.1601908,"restaurant,food,point_of_interest,establishment",restaurant,OPERATIONAL,4.5,2436.0
ChIJEy_NC_b1NIgR8S7dQjH5BWw,Giant Eagle Supermarket,"1800 McKees Rocks Road, McKees Rocks",40.4678497,-80.09736629999999,"grocery_or_supermarket,supermarket,store,food,point_of_interest,establishment",grocery,OPERATIONAL,3.9,1452.0
ChIJD3tg9vX1NIgRuxj2OVrHE1Q,GetGo Gas Station,"1809 McKees Rocks Road, McKees Rocks",40.46774380000001,-80.09622329999999,"gas_station,cafe,convenience_store,store,food,point_of_interest,establishment",convenience,OPERATIONAL,2.6,17.0
ChIJ935a4Vb1NIgRF9OnGjZjbvA,GetGo Gas Station,"1250 Chartiers Avenue, McKees Rocks",40.4654037,-80.0735085,"gas_station,cafe,convenience_store,store,food,point_of_interest,establishment",convenience,OPERATIONAL,3.1,66.0
ChIJb9pBLvT1NIgRiTY-50W4PAA,Rockefeller's Grille,"1833 McKees Rocks Road, McKees Rocks",40.4680611,-80.09488259999999,"bar,restaurant,food,point_of_interest,establishment",restaurant,OPERATIONAL,4.3,1235.0
ChIJq4Fo9vX1NIgRN0CN4oguaqI,Bob's Diner,"1815 McKees Rocks Road, McKees Rocks",40.4679653,-80.0957723,"cafe,restaurant,food,point_of_interest,establishment",restaurant,OPERATIONAL,4.4,829.0
ChIJS83V7ST1NIgRc-sgPTWpu68,Taco Bell,"230 Langer Way, McKees Rocks",40.4690596,-80.09655579999999,"restaurant,food,point_of_interest,establishment",restaurant,OPERATIONAL,3.1,300.0
ChIJ65N2mr_1NIgRyTTaNrDJKJw,Inter-Church Food Bank,"618 Russellwood Ave, McKees Rocks",40.47148199999999,-80.0732919,"food,point_of_interest,establishment",food_bank,OPERATIONAL,4.1,10.0
ChIJZaSGOcv1NIgR66Te3ET9gig,ALDI,"114 Chartiers Avenue, McKees Rocks",40.465765,-80.055964,"supermarket,grocery_or_supermarket,food,store,point_of_interest,establishment",grocery,OPERATIONAL,4.3,1120.0
ChIJ44Cj3tb1NIgRddiMw9u-wd8,United Food Mart,"3112 Chartiers Avenue, Pittsburgh",40.4536332,-80.0614732,"convenience_store,food,store,point_of_interest,establishment",convenience,OPERATIONAL,4.4,25.0
ChIJsT9GltT1NIgRmBuMCnW9KCk,Sheraden Shoppe & Kitchen,"2827 Chartiers Avenue, Pittsburgh",40.45330339999999,-80.05499259999999,"convenience_store,food,store,point_of_interest,establishment",convenience,OPERATIONAL,4.2,27.0
ChIJgU5NsNT1NIgRA_IIRmfbrPA,Sheraden Mini-Mart,"649 Hillsboro Street, Pittsburgh",40.4532197,-80.054198,"convenience_store,food,store,point_of_interest,establishment",convenience,OPERATIONAL,2.9,12.0
ChIJJXdd0vr1NIgRk1Zi9KtM9xo,Dollar General,"1225 Chartiers Avenue, McKees Rocks",40.46463,-80.07155999999999,"convenience_store,drugstore,grocery_or_supermarket,food,health,store,point_of_interest,establishment",convenience,OPERATIONAL,2.3,21.0
ChIJwf42GrP1NIgRwqZR1aVyAf4,Mckees Mart,"713 Chartiers Avenue, McKees Rocks",40.465521,-80.0620892,"convenience_store,food,store,point_of_interest,establishment",convenience,OPERATIONAL,4.2,10.0
ChIJVSbQasf1NIgR0I3N3484aWA,Dairy Mart,"412 Broadway Avenue, McKees Rocks",40.46916,-80.0687744,"convenience_store,food,store,point_of_interest,establishment",convenience,OPERATIONAL,4.2,10.0
ChIJ44It78n1NIgRZDoCDc44IqM,Pierogies Plus,"342 Island Avenue, McKees Rocks",40.4688344,-80.0600441,"restaurant,food,point_of_interest,establishment",restaurant,OPERATIONAL,4.7,1111.0
ChIJ2TuQWsn1NIgR-8tWz4t_t-k,Gavino's Pizza,"528 Chartiers Avenue, McKees Rocks",40.4652622,-80.0596788,"meal_takeaway,meal_delivery,store,restaurant,food,point_of_interest,establishment","fast_food,restaurant",OPERATIONAL,4.0,425.0
ChIJgyIe_cv1NIgR6UL59WmSF94,Rocks Landing Sports Bar & Grille,"506 Chartiers Avenue, McKees Rocks",40.46496399999999,-80.05897130000001,"bar,restaurant,food,point_of_interest,establishment",restaurant,OPERATIONAL,4.3,412.0
ChIJ7Qg5r9b1NIgRsfDQeFiPDQ0,B & M Market,"3038 Chartiers Avenue, Pittsburgh",40.4540565,-80.0598018,"grocery_or_supermarket,store,restaurant,food,point_of_interest,establishment",restaurant,OPERATIONAL,4.1,58.0
ChIJD4wS19X1NIgRd_EwUd9FIK4,Sisters Dinners,"2919 Merwyn Avenue, Pittsburgh",40.4559467,-80.05111289999999,"restaurant,food,point_of_interest,establishment",restaurant,OPERATIONAL,,
ChIJGfyhEsb1NIgRsvGHYVX2xRo,The Snack Shop,"906 Chartiers Avenue, McKees Rocks",40.4658311,-80.0659927,"restaurant,food,point_of_interest,establishment",restaurant,OPERATIONAL,4.5,26.0
ChIJLXldM3_1NIgRjWw5qEJiyN8,SHAY AND BAEEE SEAFOOD EXPRESS & MORE,"824 Chartiers Avenue, McKees Rocks",40.4659923,-80.0653025,"restaurant,food,point_of_interest,establishment",restaurant,OPERATIONAL,4.5,141.0
ChIJx0yfwWb1NIgRIEEyC9b9WLY,Carlino's pizza,"528 Chartiers Avenue, McKees Rocks",40.4652699,-80.05966839999999,"restaurant,food,point_of_interest,establishment",restaurant,OPERATIONAL,4.3,6.0
ChIJ7_SGgaT1NIgRU8srrvpQAH4,On the ROX Bar & Lounge,"506 Chartiers Avenue, McKees Rocks",40.4650959,-80.05891319999999,"bar,restaurant,food,point_of_interest,establishment",restaurant,OPERATIONAL,,
ChIJvfIB5k71NIgRnBjX8Kqs3s4,Milanes Cuban Corner,"112 Chartiers Avenue, McKees Rocks",40.46555130000001,-80.0555661,"restaurant,food,point_of_interest,establishment",restaurant,OPERATIONAL,,
ChIJ_XJi0Er0NIgRhLFBxeu3I_U,Uansa Community Room - Food Distribution Center,"Robb St, McKees Rocks",40.4711249,-80.0528533,"food,point_of_interest,establishment",food_bank,OPERATIONAL,5.0,1.0
ChIJ--iO_Mv1NIgRg5ctx9siCmI,Focus On Renewal Community Resource Center,"500 Chartiers Ave, McKees Rocks",40.4649016,-80.0587851,"point_of_interest,establishment",food_bank,OPERATIONAL,4.5,10.0
ChIJAQCM8Mv1NIgRFNTWlFgf1jU,Focus On Renewal Sto Rox Neighborhood Corp.,"420 Chartiers Ave, McKees Rocks",40.464962,-80.0583164,"point_of_interest,establishment",food_bank,OPERATIONAL,4.6,9.0
ChIJ_cUuG-_1NIgRKHp5Ct6UHWY,Street Market,"1018 West North Avenue, Pittsburgh",40.4532764,-80.0203274,"convenience_store,store,food,point_of_interest,establishment",convenience,OPERATIONAL,5.0,2.0
ChIJnTohch30NIgR3yhnVJ8oJJc,Wheelhouse,"777 Casino Drive, Pittsburgh",40.44765659999999,-80.0225727,"bar,restaurant,food,point_of_interest,establishment",restaurant,OPERATIONAL,3.9,453.0
ChIJUW5DH-f1NIgRxo_KEXoqeJU,East End Brewing - Pop up Beer Garden,"1836 Oxline Street, Pittsburgh",40.45478990000001,-80.0338553,"bar,restaurant,food,point_of_interest,establishment",restaurant,CLOSED_TEMPORARILY,4.8,9.0
ChIJESt1vln1NIgRK8nggJXi7Bs,LEGACY CAFE,"1501 Preble Avenue, Pittsburgh",40.45443969999999,-80.03251039999999,"restaurant,food,point_of_interest,establishment",restaurant,OPERATIONAL,,
ChIJ938me771NIgRY0SPssDTz4A,Roux Orleans,"1501 Preble Avenue, Pittsburgh",40.4543864,-80.0323777,"restaurant,food,point_of_interest,establishment",restaurant,OPERATIONAL,,
ChIJt62jMx30NIgRibh1mXpcjig,North Shore Cafe,"1501 Reedsdale Street 2nd Floor, Pittsburgh",40.4493329,-80.0271467,"restaurant,food,point_of_interest,establishment",restaurant,OPERATIONAL,4.5,41.0
ChIJuwg8y2_1NIgRDO41GZH7u8s,Koreyinz Bubble Tea,"1546 Fulton Street, Pittsburgh",40.4560925,-80.02498969999999,"restaurant,food,point_of_interest,establishment",restaurant,OPERATIONAL,5.0,9.0
ChIJ2_JWSAD1NIgRT1moDCx45K0,FLIPT,"777 Casino Drive, Pittsburgh",40.4476994,-80.0225767,"restaurant,food,point_of_interest,establishment",restaurant,OPERATIONAL,2.1,28.0
ChIJK2eHGgD1NIgRCQZGJyekSU4,Houfbraus,"777 Casino Drive, Pittsburgh",40.4476994,-80.0225767,"restaurant,food,point_of_interest,establishment",restaurant,OPERATIONAL,,
ChIJbdz5ZEv1NIgRB59fHPt9DgA,Martorano's Prime Pittsburgh,"777 Casino Drive, Pittsburgh",40.4476994,-80.0225767,"restaurant,food,point_of_interest,establishment",restaurant,OPERATIONAL,3.1,183.0
ChIJM_ImXwP0NIgRgEEMEoJeE9c,McDonald's,"801 Allegheny Avenue, Pittsburgh",40.45083959999999,-80.0189925,"cafe,restaurant,food,store,point_of_interest,establishment",restaurant,OPERATIONAL,2.8,2312.0
ChIJX5GVBIL1NIgRykfo3j2bR_Q,mian,"777 Casino Drive, Pittsburgh",40.4478837,-80.0221627,"restaurant,food,point_of_interest,establishment",restaurant,OPERATIONAL,1.9,40.0
ChIJjQucHA_0NIgRdXCycNQdHIU,Food Pantry,"1601 Brighton Rd, Pittsburgh",40.4579727,-80.016373,"point_of_interest,establishment",food_bank,OPERATIONAL,4.4,53.0
ChIJf7g4HA_0NIgRFrq42eDbJCo,Northside Common Ministries,"1601 Brighton Rd, Pittsburgh",40.458054,-80.016323,"point_of_interest,establishment",food_bank,OPERATIONAL,4.6,60.0
ChIJf7g4HA_0NIgRdTYn--SiiS8,Pleasant Valley Men's Shelter,"1601 Brighton Rd, Pittsburgh",40.458054,-80.016323,"point_of_interest,establishment",food_bank,OPERATIONAL,4.4,41.0
ChIJHf_2mhf0NIgRkC0VW7xc9XQ,Freeman Family Farm & Greenhouse,"1426 Juniata St, Pittsburgh",40.4566958,-80.02833590000002,"grocery_or_supermarket,food,health,store,point_of_interest,establishment",farmers_market,OPERATIONAL,4.3,30.0
ChIJWyvma2v0NIgRYOi1LBrBA1w,Kuhn's Market,"1130 Highwood Street, Pittsburgh",40.468347,-80.0266654,"grocery_or_supermarket,supermarket,food,store,point_of_interest,establishment",grocery,OPERATIONAL,3.8,692.0
ChIJV4dz7gX0NIgRpIjmJb6TWfI,Dollar General,"1215 Brighton Road, Pittsburgh",40.45501479999999,-80.01553299999999,"drugstore,convenience_store,grocery_or_supermarket,health,store,food,point_of_interest,establishment",convenience,OPERATIONAL,3.7,605.0
ChIJDS_4ZA_0NIgRzD8KRIr7dGA,Sunoco,"820 Pennsylvania Avenue, Pittsburgh",40.45610750000001,-80.0162402,"gas_station,convenience_store,store,food,point_of_interest,establishment",convenience,OPERATIONAL,3.5,261.0
ChIJDS_4ZA_0NIgRm4werE0wkBo,Quik-It Chicken,"820 Pennsylvania Avenue, Pittsburgh",40.4562612,-80.0161723,"restaurant,meal_takeaway,convenience_store,store,food,point_of_interest,establishment","convenience,fast_food,restaurant",OPERATIONAL,3.3,150.0
ChIJYcfYMsH1NIgRQpOGRnMaPGI,Quick Mart Northside,"1815 North Charles Street, Pittsburgh",40.4600857,-80.01753219999999,"convenience_store,store,food,point_of_interest,establishment",convenience,OPERATIONAL,4.4,7.0
ChIJjUqjg_XzNIgRpLs0YoebUB8,Mercy Street Express,"6 Mercy Street, Pittsburgh",40.4624909,-80.00849389999999,"convenience_store,store,food,point_of_interest,establishment",convenience,OPERATIONAL,3.9,14.0
ChIJ8fMp4Pz3NIgRI6W4Nq8JekI,Sunshine Market,"605 East Ohio Street, Pittsburgh",40.4535689,-79.99892299999999,"convenience_store,store,food,point_of_interest,establishment",convenience,OPERATIONAL,4.2,5.0
ChIJp2EIZfDzNIgRq-iQ1IuOs3Y,Max's Allegheny Tavern,"537 Suismon Street, Pittsburgh",40.4551876,-79.9997477,"bar,restaurant,food,point_of_interest,establishment",restaurant,OPERATIONAL,4.6,2313.0
ChIJOYR7bvrzNIgRU3s9yPaP8Pg,Bistro To Go Catering,"415 East Ohio Street, Pittsburgh",40.4532514,-80.0010574,"restaurant,food,point_of_interest,establishment",restaurant,OPERATIONAL,4.8,366.0
ChIJRQEFlf7zNIgRZxLBLf1DxmA,SoHo,"203 Federal Street, Pittsburgh",40.448376,-80.004509,"night_club,bar,restaurant,food,point_of_interest,establishment",restaurant,OPERATIONAL,4.1,909.0
ChIJcZXDZWryNIgRkt84lahJFck,Wise County Biscuits & Cafe,"911 Galveston Avenue, Pittsburgh",40.4522598,-80.01678969999999,"restaurant,food,point_of_interest,establishment",restaurant,OPERATIONAL,4.8,579.0
ChIJixr3YwL0NIgRIM-xM8ZFYFE,Primanti Bros.,"100 Art Rooney Avenue, Pittsburgh",40.44670790000001,-80.0168334,"restaurant,bar,food,point_of_interest,establishment",restaurant,OPERATIONAL,4.3,159.0
ChIJrd_MPQD0NIgRaQcAurQ7VPk,Tequila Cowboy,"380 North Shore Drive, Pittsburgh",40.4460747,-80.0115356,"night_club,bar,restaurant,food,point_of_interest,establishment",restaurant,OPERATIONAL,3.9,2938.0
ChIJvfMuIwD0NIgR_OKU1NP3Exw,Bar Louie - North Shore,"330 North Shore Drive Building 1B, Pittsburgh",40.4463639,-80.0106043,"night_club,bar,restaurant,food,point_of_interest,establishment",restaurant,OPERATIONAL,4.1,1946.0
ChIJg888LAD0NIgRv6CEQUat1uc,The Foundry | Table & Tap,"381 North Shore Drive, Pittsburgh",40.445705,-80.01126699999999,"bar,restaurant,food,point_of_interest,establishment",restaurant,OPERATIONAL,4.1,924.0
ChIJZapX9vjzNIgRSu7rbfVfChA,Federal Galley,"200 Children's Way, Pittsburgh",40.4515068,-80.00603389999999,"restaurant,bar,food,point_of_interest,establishment",restaurant,OPERATIONAL,4.5,2565.0
ChIJa_ZAqf_zNIgRKc3voIHKeuM,Primanti Bros.,"115 Federal Street, Pittsburgh",40.4470711,-80.00436719999999,"restaurant,bar,food,point_of_interest,establishment",restaurant,OPERATIONAL,3.5,40.0
ChIJNZRJE_rzNIgRz-s5K650GSc,Subba | Asian Restaurant,"422 East Ohio Street, Pittsburgh",40.4535954,-80.00088989999999,"restaurant,food,point_of_interest,establishment",restaurant,OPERATIONAL,4.3,429.0
ChIJVZKH5vDzNIgRtHfQm2LeeOE,Legends Eatery,"500 East North Avenue, Pittsburgh",40.4565844,-80.0014734,"restaurant,food,point_of_interest,establishment",restaurant,OPERATIONAL,4.7,617.0
ChIJHWATNfDzNIgRDHPJXMN4wFw,Huszar,"627 East North Avenue #4844, Pittsburgh",40.4567343,-79.9989119,"bar,restaurant,food,point_of_interest,establishment",restaurant,OPERATIONAL,4.6,768.0
ChIJMZ8fmvfzNIgRqO6p4m40WIw,Nana's New York Hot Dog Shop,"1110 Federal Street, Pittsburgh",40.455929,-80.00654589999999,"restaurant,food,point_of_interest,establishment",restaurant,CLOSED_TEMPORARILY,4.7,164.0
ChIJ1eGLflbxNIgRRMegRWImxNE,V3 Flatbread Pizza,"11 Fifth Avenue, Pittsburgh",40.4422388,-80.00273899999999,"restaurant,food,point_of_interest,establishment",restaurant,OPERATIONAL,4.6,343.0
ChIJ-QhLYVbxNIgR7Hk4Ca0Qesc,täkō,"214 6th Street, Pittsburgh",40.4423048,-80.0021624,"bar,restaurant,food,point_of_interest,establishment",restaurant,OPERATIONAL,4.5,1623.0
ChIJAQCw1FfxNIgR8gdJyIh-4fM,Social House 7,"123 7th Street, Pittsburgh",40.44407199999999,-80.000344,"restaurant,food,point_of_interest,establishment",restaurant,OPERATIONAL,4.0,1193.0
ChIJXXutnFbxNIgR7UUU81s_VKg,The Yard,"100 Fifth Avenue, Pittsburgh",40.4412646,-80.0027879,"bar,restaurant,food,point_of_interest,establishment",restaurant,OPERATIONAL,4.3,1695.0
ChIJGRG_kPrzNIgRJRT0EjM9vSI,Lillen's Restaurant,"535 East Ohio Street, Pittsburgh",40.45359670000001,-79.9994251,"meal_takeaway,meal_delivery,restaurant,food,point_of_interest,establishment","fast_food,restaurant",OPERATIONAL,3.8,332.0
ChIJb6K0JAT0NIgRDyAPYKZrgVw,The Sandwich Shoppe,"822 Western Avenue, Pittsburgh",40.4524706,-80.0151121,"meal_takeaway,restaurant,food,point_of_interest,establishment",fast_food,OPERATIONAL,4.7,438.0
ChIJu7VCDAD1NIgRdRzq_0w8eIM,Gus & YiaYia’s,"638 West Ohio Street, Pittsburgh",40.452236,-80.01236899999999,"meal_takeaway,restaurant,food,point_of_interest,establishment",fast_food,CLOSED_TEMPORARILY,5.0,22.0
ChIJgX5HVMjzNIgRbOZX3IGiepE,Many More Marketplace,"2767 Liberty Avenue, Pittsburgh",40.4560012,-79.975833,"supermarket,grocery_or_supermarket,store,food,point_of_interest,establishment",grocery,OPERATIONAL,4.4,946.0
ChIJbYyVTMPzNIgR5H5QfxE85Hs,WFH Oriental Market,"2306 Penn Avenue, Pittsburgh",40.4528612,-79.9811714,"supermarket,grocery_or_supermarket,store,food,point_of_interest,establishment",grocery,OPERATIONAL,4.3,789.0
ChIJi03x3L_zNIgRJIGQA1eyM1g,Shell,"1520 Spring Garden Avenue, Pittsburgh",40.464739,-79.9858806,"gas_station,convenience_store,store,food,point_of_interest,establishment",convenience,OPERATIONAL,4.0,45.0
ChIJL4gnhcDzNIgRt9nIrMpu1PI,Uni-Mart,"1601 Lowrie Street, Pittsburgh",40.4624535,-79.9831269,"convenience_store,store,food,point_of_interest,establishment",convenience,OPERATIONAL,2.8,30.0
ChIJ6yXh0W3zNIgRo1u_nGobjHs,The A-Z Strip Market Inc,"57 18th Street, Pittsburgh",40.4506663,-79.98517269999999,"convenience_store,grocery_or_supermarket,store,food,point_of_interest,establishment",convenience,OPERATIONAL,5.0,22.0
ChIJE4Rn39zzNIgReCoU59ojZys,Pamela's Diner,"60 21st Street, Pittsburgh",40.45194259999999,-79.9836547,"restaurant,food,point_of_interest,establishment",restaurant,OPERATIONAL,4.7,3208.0
ChIJUWs5GN3zNIgRPZqcckSz0q4,Kaya,"2000 Smallman Street, Pittsburgh",40.45163489999999,-79.9844461,"restaurant,food,point_of_interest,establishment",restaurant,OPERATIONAL,4.5,1942.0
ChIJfxP7L-nzNIgR9dzsPFhXrSI,Penn Brewery,"800 Vinial Street, Pittsburgh",40.4571715,-79.99150519999999,"restaurant,food,point_of_interest,establishment",restaurant,OPERATIONAL,4.2,867.0
ChIJqb4XHt3zNIgRRGgpc6DL0Lo,DeLuca's Diner,"2015 Penn Avenue, Pittsburgh",40.45155990000001,-79.98373409999999,"restaurant,food,point_of_interest,establishment",restaurant,OPERATIONAL,4.5,2438.0
ChIJu7QfWMPzNIgRRaou7cEJEUk,Mullaney's Harp & Fiddle Irish Pub,"2329 Penn Avenue, Pittsburgh",40.4534013,-79.9808322,"bar,restaurant,food,point_of_interest,establishment",restaurant,OPERATIONAL,4.5,758.0
ChIJGZjJZ8PzNIgRQYLtIGvqt0g,Wigle Whiskey Distillery,"2401 Smallman Street, Pittsburgh",40.4542531,-79.9813432,"liquor_store,bar,store,restaurant,food,point_of_interest,establishment",restaurant,OPERATIONAL,4.6,566.0
ChIJlSQhw9zzNIgRulyV3c9lAFY,Luke Wholey's Wild Alaskan Grille,"2106 Penn Avenue, Pittsburgh",40.4517418,-79.9826271,"restaurant,food,point_of_interest,establishment",restaurant,OPERATIONAL,4.5,2061.0
ChIJUczDttzzNIgRIVsSTlzSbOQ,Penn Avenue Fish Co,"2208 Penn Avenue, Pittsburgh",40.4523768,-79.98189889999999,"restaurant,food,point_of_interest,establishment",restaurant,OPERATIONAL,4.5,428.0
ChIJNdRSlcjzNIgRKztXRZ8R3os,Salem Market & Grill,"2923 Penn Avenue, Pittsburgh",40.4585382,-79.9737353,"grocery_or_supermarket,store,restaurant,food,point_of_interest,establishment",restaurant,OPERATIONAL,4.5,4351.0
ChIJp6IO5NzzNIgRrBFr-HBNTP0,Enrico Biscotti Co.,"2022 Penn Avenue, Pittsburgh",40.4513928,-79.9833003,"bakery,cafe,store,restaurant,food,point_of_interest,establishment",restaurant,OPERATIONAL,4.7,503.0
ChIJoViZxtzzNIgR--aU6Fhglr4,Pho Van Pittsburgh,"2120 Penn Avenue, Pittsburgh",40.45199830000001,-79.9824908,"restaurant,food,point_of_interest,establishment",restaurant,OPERATIONAL,4.5,1100.0
ChIJoWlLstzzNIgRDds3XRCI9mk,Bar Marco,"2216 Penn Avenue, Pittsburgh",40.4524755,-79.9815213,"bar,restaurant,food,point_of_interest,establishment",restaurant,OPERATIONAL,4.6,714.0
ChIJr5_PwVnxNIgRW6wYCkEkfv0,Bruegger's Bagels,"531 Grant Street, Pittsburgh",40.4402542,-79.9964758,"cafe,bakery,store,restaurant,food,point_of_interest,establishment",restaurant,OPERATIONAL,3.2,568.0
ChIJj_TW6dzzNIgR-ibsuSNRjGE,Colangelo's Pizza,"207 21st Street, Pittsburgh",40.4515742,-79.9827653,"cafe,meal_takeaway,restaurant,food,point_of_interest,establishment","fast_food,restaurant",OPERATIONAL,4.8,279.0
ChIJaxLB3NzzNIgRc7BqXp2MCR4,Cafe Raymond,"2009 Penn Avenue, Pittsburgh",40.4513935,-79.9837726,"bakery,meal_takeaway,store,restaurant,food,point_of_interest,establishment",fast_food,OPERATIONAL,4.5,1368.0
ChIJra_Iml3zNIgRfDFOFKl6qfI,Shake Shack The Terminal,"1767 Smallman Street, Pittsburgh",40.45112750000001,-79.9858905,"meal_takeaway,restaurant,food,point_of_interest,establishment",fast_food,OPERATIONAL,3.9,357.0
ChIJxz09MK3zNIgRy6MpyhKTl0A,PrimoHoagies,"1901 Smallman Street, Pittsburgh",40.4515529,-79.9854731,"meal_takeaway,store,restaurant,food,point_of_interest,establishment",fast_food,OPERATIONAL,3.9,131.0
ChIJMUZha1nzNIgRuii2YvwHVEE,Iron Born Pizza & Pasta | Strip District,"1806 Smallman Street, Pittsburgh",40.4511426,-79.9852132,"meal_takeaway,restaurant,food,point_of_interest,establishment",fast_food,OPERATIONAL,4.6,972.0
ChIJOZR61MDzNIgRsoLC_sqy2Os,Pane è Pronto,"2627 Penn Avenue, Pittsburgh",40.45553609999999,-79.9779523,"meal_takeaway,restaurant,food,point_of_interest,establishment",fast_food,OPERATIONAL,4.7,112.0
ChIJ_TZ3jjryNIgRtqpEUTSzkZs,Bombay Food Market,"4605 Centre Avenue #1503, Pittsburgh",40.4521243,-79.95175239999999,"supermarket,grocery_or_supermarket,store,food,point_of_interest,establishment",grocery,OPERATIONAL,4.3,815.0
ChIJl3h2oknyNIgRCj8_7YNbIDQ,bp,"4006 Liberty Avenue, Pittsburgh",40.462871,-79.957021,"gas_station,supermarket,grocery_or_supermarket,store,food,point_of_interest,establishment",grocery,OPERATIONAL,2.7,40.0
ChIJRQ2QuzvyNIgR0vzCkK6_d6I,Dollar General,"4725 Centre Avenue, Pittsburgh",40.4533649,-79.9490836,"drugstore,convenience_store,grocery_or_supermarket,health,store,food,point_of_interest,establishment",convenience,OPERATIONAL,3.9,668.0
ChIJSRt-gLXzNIgRKjLVhbiSwjU,Quick Stop,"3349 Liberty Avenue, Pittsburgh",40.4618613,-79.9665223,"convenience_store,gas_station,grocery_or_supermarket,atm,finance,store,restaurant,food,point_of_interest,establishment","convenience,restaurant",OPERATIONAL,3.2,20.0
ChIJWTuHjYzzNIgRkpA4AuQxUss,Miami Market inc.,"646 Herron Avenue, Pittsburgh",40.45243019999999,-79.9643349,"convenience_store,store,food,point_of_interest,establishment",convenience,OPERATIONAL,5.0,7.0
ChIJFT_vf7XzNIgRMcDYP-fP-Ow,Crossroads Food Mart,"3349 Liberty Avenue, Pittsburgh",40.4618326,-79.96652259999999,"convenience_store,store,food,point_of_interest,establishment",convenience,OPERATIONAL,5.0,2.0
ChIJf3Fp4UzyNIgRMEQKGVByf2c,GetGo Café + Market,"4000 Butler Street, Pittsburgh",40.4685788,-79.9618857,"gas_station,cafe,convenience_store,store,food,point_of_interest,establishment",convenience,OPERATIONAL,2.4,103.0
ChIJbwnM00jyNIgRYCdtP14CQl8,Sunoco,"4068 Penn Avenue, Pittsburgh",40.46542960000001,-79.9553218,"gas_station,convenience_store,food,store,point_of_interest,establishment",convenience,OPERATIONAL,2.8,20.0
ChIJKT2mUrXzNIgRP_zITVG6-1s,The Church Brew Works,"3525 Liberty Avenue, Pittsburgh",40.46198609999999,-79.9640806,"restaurant,bar,food,point_of_interest,establishment",restaurant,OPERATIONAL,4.3,5576.0
ChIJ8zAcVLPzNIgRhsHbKaVgfnM,Round Corner Cantina,"3720 Butler Street, Pittsburgh",40.466703,-79.964259,"bar,restaurant,food,point_of_interest,establishment",restaurant,OPERATIONAL,4.3,1064.0
ChIJ5UoaTrPzNIgR67C6D3W0d-M,Piccolo Forno,"3801 Butler Street, Pittsburgh",40.4670037,-79.9643576,"restaurant,food,point_of_interest,establishment",restaurant,OPERATIONAL,4.5,1105.0
ChIJi32qHBHyNIgRxPtrUFhiLBc,William Penn Tavern,"3810 Butler Street, Pittsburgh",40.4669023,-79.9639902,"bar,restaurant,food,point_of_interest,establishment",restaurant,OPERATIONAL,4.3,671.0
ChIJ2x9UxjDyNIgRAlU-QHejcTs,Zarra's Restaurant,"3887 Bigelow Boulevard, Pittsburgh",40.45473399999999,-79.9543154,"bar,restaurant,food,point_of_interest,establishment",restaurant,OPERATIONAL,4.2,382.0
ChIJvclwjTryNIgRWg9iEnHdW9w,Pizza Pronto Oakland,"4611 Centre Avenue, Pittsburgh",40.4521174,-79.9516206,"meal_takeaway,restaurant,food,point_of_interest,establishment","fast_food,restaurant",OPERATIONAL,4.5,706.0
ChIJNepsId3zNIgRQqFF2SGWTQI,PaPa J's Twin Plaza,"2016 Smallman Street, Pittsburgh",40.4519729,-79.9840471,"store,restaurant,food,point_of_interest,establishment",restaurant,OPERATIONAL,4.4,411.0
ChIJ4WRqjTryNIgRH-JNg7k1BRw,Subway,"4613 Centre Avenue, Pittsburgh",40.4522095,-79.9515949,"meal_takeaway,restaurant,food,point_of_interest,establishment","fast_food,restaurant",CLOSED_TEMPORARILY,2.4,27.0
ChIJEVREwDvyNIgR5I1spfNKEVY,Vocelli Pizza,"4740 Baum Boulevard, Pittsburgh",40.4540406,-79.9487748,"meal_delivery,meal_takeaway,restaurant,food,point_of_interest,establishment","fast_food,restaurant",OPERATIONAL,3.7,240.0
ChIJq7q0zTTyNIgRShTahHUtqyw,Rock Room,"1054 Herron Avenue, Pittsburgh",40.4579489,-79.9637963,"bar,restaurant,food,point_of_interest,establishment",restaurant,OPERATIONAL,4.4,306.0
ChIJ6UmZhDryNIgROqLyBEGPUGs,All India Authentic Cuisine,"315 North Craig Street, Pittsburgh",40.45225380000001,-79.95247859999999,"restaurant,food,point_of_interest,establishment",restaurant,OPERATIONAL,4.0,1716.0
ChIJC_YhYcDzNIgRVzMjLFx3HZ8,Ron's Pizza Palace,"1535 Lowrie Street Apartment 2, Pittsburgh",40.462034,-79.9839569,"meal_delivery,restaurant,food,point_of_interest,establishment",restaurant,OPERATIONAL,4.5,224.0
ChIJzV7wK0nyNIgRgtFZ1GerHV0,Tram's Kitchen,"4050 Penn Avenue, Pittsburgh",40.46540299999999,-79.955962,"restaurant,food,point_of_interest,establishment",restaurant,OPERATIONAL,4.6,673.0
ChIJR-ud98TzNIgREwnaG2ksz6k,DiAnoia's Eatery,"2549 Penn Avenue, Pittsburgh",40.4549226,-79.97877729999999,"cafe,bar,store,restaurant,food,point_of_interest,establishment",restaurant,OPERATIONAL,4.6,2305.0
ChIJLT_W39zzNIgRPoQVf7cH0A8,Casa Reyna,"2031 Penn Avenue, Pittsburgh",40.4516987,-79.9833412,"restaurant,food,point_of_interest,establishment",restaurant,CLOSED_TEMPORARILY,4.3,347.0
ChIJubqwEWHtNIgRtWvOBB7IOkk,Edgar's Best Tacos,"Corner of 18 ST &, Smallman Street in, Pittsburgh",40.45102929999999,-79.9857232,"restaurant,food,point_of_interest,establishment",restaurant,OPERATIONAL,4.6,330.0
ChIJHTOlDLXzNIgRjU4td8umbJ8,The Pittsburgh Juice Company,"3418 Penn Avenue, Pittsburgh",40.46296,-79.9665917,"restaurant,food,point_of_interest,establishment",restaurant,OPERATIONAL,4.5,174.0
ChIJGQlqROfzNIgRCx7tPrr1-Jc,PCRA,"1613 Penn Avenue, Pittsburgh",40.44912710000001,-79.98734999999999,"restaurant,food,point_of_interest,establishment",restaurant,OPERATIONAL,1.0,1.0
ChIJnUZLROfzNIgRQV-liGcW3U4,Maiku Vietnamese Pho,"1611 Penn Avenue, Pittsburgh",40.4490973,-79.98735230000001,"restaurant,food,point_of_interest,establishment",restaurant,OPERATIONAL,4.8,568.0
ChIJ4SrQ-rTzNIgRBCWal8EzERk,Morcilla,"3519 Butler Street, Pittsburgh",40.4645709,-79.9661648,"restaurant,food,point_of_interest,establishment",restaurant,OPERATIONAL,4.7,982.0
ChIJWWTKt9zzNIgRrgG3CUToFPg,S&D Polish Deli,"2204 Penn Avenue, Pittsburgh",40.4523379,-79.9820065,"store,restaurant,food,point_of_interest,establishment",restaurant,OPERATIONAL,4.6,1166.0
ChIJ3ejbFb_zNIgRbaGSDkFD6Jw,Scratch & Co.,"1720 Lowrie Street, Pittsburgh",40.4644963,-79.9823298,"bar,restaurant,food,point_of_interest,establishment",restaurant,OPERATIONAL,4.6,757.0
ChIJtcpyWLPzNIgR2RYLdF1jMVo,Long Story Short,"3705 Butler Street, Pittsburgh",40.46650410000001,-79.9647863,"bar,restaurant,food,point_of_interest,establishment",restaurant,OPERATIONAL,4.5,479.0
ChIJD4RRxDvyNIgR0zZrwL0z-IA,Pizza Hut,"4710 Baum Boulevard, Pittsburgh",40.4538756,-79.9495804,"meal_delivery,meal_takeaway,restaurant,food,point_of_interest,establishment","fast_food,restaurant",OPERATIONAL,3.9,330.0
ChIJf90kgzryNIgRFF3DT6QETbQ,Pizza Bellagio,"4635 Centre Avenue, Pittsburgh",40.4524104,-79.9506684,"restaurant,meal_delivery,meal_takeaway,food,point_of_interest,establishment",fast_food,OPERATIONAL,3.2,283.0
ChIJ1SFXkDryNIgRHIYYeKHReEI,Sultan Bey,"4601 Centre Avenue, Pittsburgh",40.4520859,-79.9519432,"grocery_or_supermarket,meal_takeaway,store,restaurant,food,point_of_interest,establishment",fast_food,OPERATIONAL,4.6,126.0
ChIJVVUibMvzNIgRVZ1yKw3j6MI,Kaibur Coffee,"3138 Dobson Street, Pittsburgh",40.4574269,-79.96586350000001,"cafe,meal_takeaway,bakery,store,restaurant,food,point_of_interest,establishment",fast_food,OPERATIONAL,4.7,420.0
ChIJgVdxJwDzNIgRrLrxT6RDIS4,Meat + Rice,"451 Melwood Avenue, Pittsburgh",40.4552939,-79.9532357,"meal_takeaway,restaurant,food,point_of_interest,establishment",fast_food,OPERATIONAL,5.0,1.0
ChIJt00WiEvzNIgRglMU0YlkQlE,Charm Thai PGH,"451 Melwood Avenue, Pittsburgh",40.4552914,-79.9532108,"meal_takeaway,restaurant,food,point_of_interest,establishment",fast_food,OPERATIONAL,4.6,31.0
ChIJ86rGJhAv7yARPK570KcoiGA,El Colibrí,"451 Melwood Avenue, Pittsburgh",40.4552617,-79.9531623,"meal_takeaway,restaurant,food,point_of_interest,establishment",fast_food,OPERATIONAL,4.8,9.0
ChIJVQAIqL7zNIgRnGaxagp1MhA,Chaai and Chaatwala,"4613 Centre Avenue, Pittsburgh",40.45220559999999,-79.9515557,"meal_takeaway,restaurant,food,point_of_interest,establishment",fast_food,OPERATIONAL,4.4,312.0
ChIJzdI9UanzNIgRVsak2zAQ0VA,Pizza Twist,"4615 Centre Avenue, Pittsburgh",40.4522434,-79.9515198,"meal_delivery,meal_takeaway,restaurant,food,point_of_interest,establishment",fast_food,CLOSED_TEMPORARILY,4.6,112.0
ChIJjf0igcvzNIgR_e0mT97h-LY,Jubilee Food Pantry,"3103 Brereton St, Pittsburgh",40.4567627,-79.9671035,"point_of_interest,establishment",food_bank,OPERATIONAL,4.2,5.0
ChIJiQYGr7TzNIgRar7C7ySNXto,Hunger Services Network - Food Distribution Center,"204 37th St, Pittsburgh",40.4659833,-79.9646027,"food,point_of_interest,establishment",food_bank,OPERATIONAL,5.0,1.0
ChIJ2878gj_yNIgR45hpz3fy6Z0,Bloomfield Saturday Market,"5050 Liberty Ave, Pittsburgh",40.4588667,-79.9445563,"point_of_interest,establishment",farmers_market,OPERATIONAL,4.7,456.0
ChIJaSEqiEzyNIgROT0ziaYJEyU,Lawrenceville Farmers Market,"115 41st St, Pittsburgh",40.4714359,-79.9639124,"point_of_interest,establishment",farmers_market,OPERATIONAL,4.7,69.0
ChIJGwCKqlLyNIgRfVOkxrkUIBY,Bay 41,"115 41st St, Pittsburgh",40.4716041,-79.9642964,"point_of_interest,establishment",farmers_market,OPERATIONAL,4.4,11.0
ChIJh5-cqkfyNIgR0Oikxdv6q_g,Linea Verde Green Market,"4619 Liberty Ave, Pittsburgh",40.462428,-79.9502103,"grocery_or_supermarket,store,food,point_of_interest,establishment",farmers_market,OPERATIONAL,4.8,99.0
ChIJ5YiScLDzNIgRvJZB7KdJLOs,Lawrenceville Market House,"4112 Butler St, Pittsburgh",40.4698584,-79.9606885,"restaurant,food,point_of_interest,establishment",farmers_market,OPERATIONAL,4.5,71.0
ChIJS1VVVRDyNIgRZH6zaKD986M,Market District Supermarket,"5550 Centre Avenue, Pittsburgh",40.4565029,-79.9346192,"grocery_or_supermarket,supermarket,store,food,point_of_interest,establishment","food_bank,grocery",OPERATIONAL,4.3,5314.0
ChIJ0cXvQA3yNIgRxeZU65tOynE,Tokyo Japanese Food Store,"5855 Ellsworth Avenue, Pittsburgh",40.4575615,-79.9292598,"grocery_or_supermarket,supermarket,store,food,point_of_interest,establishment",grocery,OPERATIONAL,4.5,407.0
ChIJGU03RBPyNIgRsceo17xVpJc,ALDI,"5631 Baum Boulevard, Pittsburgh",40.45827519999999,-79.934899,"supermarket,grocery_or_supermarket,store,food,point_of_interest,establishment",grocery,OPERATIONAL,4.5,2011.0
ChIJJ8WbBavzNIgRGXpEFO0XUhM,Fudi Asian Mart 福宝超市,"5020 Centre Avenue, Pittsburgh",40.4541858,-79.9436049,"supermarket,grocery_or_supermarket,store,food,point_of_interest,establishment",grocery,OPERATIONAL,4.3,32.0
ChIJRe1uJ2ryNIgRBggOzYdROvs,ALDI,"5200 Penn Avenue, Pittsburgh",40.464522,-79.939418,"supermarket,grocery_or_supermarket,store,food,point_of_interest,establishment",grocery,OPERATIONAL,4.5,1482.0
ChIJuzJXK3fzNIgRRGhy1I7o2eI,Whole Foods Market,"5700 Penn Avenue, Pittsburgh",40.4625517,-79.9288163,"grocery_or_supermarket,supermarket,liquor_store,health,store,food,point_of_interest,establishment",grocery,OPERATIONAL,4.3,2263.0
ChIJKXwIPnPyNIgRrxrtDDNe0zk,Walgreens,"5956 Centre Avenue Ste 4, Pittsburgh",40.4593183,-79.9267775,"drugstore,convenience_store,clothing_store,health,store,food,point_of_interest,establishment",convenience,OPERATIONAL,3.0,68.0
ChIJ5aPMIDzyNIgRO3Ge-gBPyVc,GetGo Café + Market,"4924 Baum Boulevard, Pittsburgh",40.454598,-79.9458077,"gas_station,cafe,convenience_store,store,food,point_of_interest,establishment",convenience,OPERATIONAL,2.5,226.0
ChIJt-AL0UPyNIgR-dTC8rXjnew,K2 Convenience Store,"4900 Penn Avenue, Pittsburgh",40.4649582,-79.9449053,"convenience_store,store,food,point_of_interest,establishment",convenience,OPERATIONAL,4.1,14.0
ChIJe4TtLW3yNIgR2qdaNP8PxEU,Shell,"5735 Baum Boulevard, Pittsburgh",40.458901,-79.932628,"gas_station,car_wash,convenience_store,store,food,point_of_interest,establishment",convenience,OPERATIONAL,3.9,146.0
ChIJl86PSkfyNIgRtDV8D6WOFck,Sunoco,"Liberty At, 4779 South Mathilda Street, Pittsburgh",40.460995,-79.9473563,"gas_station,convenience_store,car_repair,store,food,point_of_interest,establishment",convenience,OPERATIONAL,2.3,22.0
ChIJgRBH_XHyNIgRd5p7pO__NQI,Sunoco,"121 North Negley Avenue, Pittsburgh",40.46433700000001,-79.93036839999999,"gas_station,convenience_store,store,food,point_of_interest,establishment",convenience,OPERATIONAL,2.0,26.0
ChIJo3yvm_3zNIgRPQzyl-Ifg8o,7-Eleven,"4779 Liberty Avenue, Pittsburgh",40.4611633,-79.9472945,"convenience_store,cafe,liquor_store,store,restaurant,food,point_of_interest,establishment",convenience,OPERATIONAL,3.5,22.0
ChIJS7QZbxLyNIgRoOc-6eCN6ow,Fuel On Convenience Store,"5726 Ellsworth Avenue, Pittsburgh",40.455227,-79.931371,"convenience_store,store,food,point_of_interest,establishment",convenience,OPERATIONAL,3.3,31.0
ChIJ9TQg1s7zNIgRA3Ge-CHdW00,Sweet Pea's,"5735 Baum Boulevard, Pittsburgh",40.4590146,-79.93271539999999,"convenience_store,store,food,point_of_interest,establishment",convenience,OPERATIONAL,5.0,2.0
ChIJx9iSpQzyNIgR_SApLGX0mx0,R Market,"256 South Highland Avenue, Pittsburgh",40.4572807,-79.9253167,"grocery_or_supermarket,convenience_store,store,food,point_of_interest,establishment",convenience,OPERATIONAL,4.3,24.0
ChIJ_f394XHyNIgRX-SxWj5CAvQ,Market 24,"121 North Negley Avenue, Pittsburgh",40.4644206,-79.9304619,"convenience_store,store,food,point_of_interest,establishment",convenience,OPERATIONAL,5.0,5.0
ChIJVyjr-TvyNIgR_bA14kixa-0,Chipotle Mexican Grill,"4800 Baum Boulevard, Pittsburgh",40.4542364,-79.9474339,"restaurant,food,point_of_interest,establishment",restaurant,OPERATIONAL,3.8,1334.0
ChIJI0-gCzzyNIgR7PGHWwNwhQU,Penn Station East Coast Subs,"4815 Centre Avenue, Pittsburgh",40.45363770000001,-79.9469879,"meal_takeaway,restaurant,food,point_of_interest,establishment","fast_food,restaurant",OPERATIONAL,4.3,743.0
ChIJ4y5iaA3yNIgRlveZw8ch5ew,Soba,"5847 Ellsworth Avenue, Pittsburgh",40.45710330000001,-79.92963449999999,"restaurant,food,point_of_interest,establishment",restaurant,OPERATIONAL,4.5,685.0
ChIJxxYfM0_yNIgRM00-BqKCn3s,Brillobox,"4104 Penn Avenue, Pittsburgh",40.4656218,-79.95477149999999,"bar,restaurant,food,point_of_interest,establishment",restaurant,OPERATIONAL,4.5,670.0
ChIJLy7o3xDyNIgR-cB2KQN8G9I,Girasole,"733 Copeland Street, Pittsburgh",40.4511786,-79.934691,"restaurant,food,point_of_interest,establishment",restaurant,OPERATIONAL,4.5,1139.0
ChIJA4zo_BDyNIgRggjDcDPfPzs,Mario's East End Saloon,"5442 Walnut Street, Pittsburgh",40.4509511,-79.9338219,"bar,restaurant,food,point_of_interest,establishment",restaurant,OPERATIONAL,4.1,714.0
ChIJ1a5WTUbyNIgRjZqErFhIgMQ,Tessaro's American Bar & Hardwood Grill,"4601 Liberty Avenue, Pittsburgh",40.4627075,-79.9507294,"bar,restaurant,food,point_of_interest,establishment",restaurant,OPERATIONAL,4.5,1736.0
ChIJK0aB_hDyNIgRZTfaR-B3Ja4,Shady Grove,"5500 Walnut Street, Pittsburgh",40.45090739999999,-79.9335545,"restaurant,food,point_of_interest,establishment",restaurant,OPERATIONAL,4.3,1419.0
ChIJUU0xTEfyNIgRm45QJ4PgP2o,Subway,"4778 Liberty Avenue, Pittsburgh",40.4606046,-79.9475539,"meal_takeaway,restaurant,food,point_of_interest,establishment","fast_food,restaurant",CLOSED_TEMPORARILY,3.8,53.0
ChIJ-dHDYhTyNIgR54yWarKEhBM,Subway,"5438 1/2 Centre Avenue, Pittsburgh",40.4561704,-79.93670970000001,"meal_takeaway,restaurant,food,point_of_interest,establishment","fast_food,restaurant",OPERATIONAL,3.4,252.0
ChIJ4YqBhhXyNIgR6RZeY4TH8Us,Ritter's Diner,"5221 Baum Boulevard, Pittsburgh",40.4564001,-79.9412349,"restaurant,food,point_of_interest,establishment",restaurant,OPERATIONAL,4.2,3106.0
ChIJSegbAUfyNIgRxWUkXGV0_sM,Thai Cuisine,"4627 Liberty Avenue, Pittsburgh",40.46234,-79.9498926,"restaurant,food,point_of_interest,establishment",restaurant,OPERATIONAL,4.6,497.0
ChIJaZel8hTyNIgRRi7o_TKQFBw,Wendy's,"5422 Baum Boulevard, Pittsburgh",40.4570114,-79.9374998,"restaurant,food,point_of_interest,establishment",restaurant,OPERATIONAL,3.3,2723.0
ChIJp_sbrxHyNIgRJSCP_0F4rSE,Pamela's | P&G Diner,"5527 Walnut Street #2, Pittsburgh",40.4516908,-79.9328374,"restaurant,food,point_of_interest,establishment",restaurant,OPERATIONAL,4.5,1375.0
ChIJn4O9qBHyNIgRc9dX4Aodfz8,Mercurio's Shadyside,"5523 Walnut Street, Pittsburgh",40.4515375,-79.9329228,"store,restaurant,food,point_of_interest,establishment",restaurant,OPERATIONAL,4.6,1338.0
ChIJ17qAEELyNIgRuOAM6Sm8NMs,Spak Brothers,"5107 Penn Avenue, Pittsburgh",40.465079,-79.942512,"restaurant,food,point_of_interest,establishment",restaurant,OPERATIONAL,4.6,1250.0
ChIJqb4DQg3yNIgRyPkcGL6oQko,Umi Japanese Restaurant,"5849 Ellsworth Avenue, Pittsburgh",40.457146,-79.9295811,"restaurant,food,point_of_interest,establishment",restaurant,CLOSED_TEMPORARILY,4.5,207.0
ChIJX3bwXRTyNIgRCkbmjnSURuI,Panera Bread,"5430 Centre Avenue, Pittsburgh",40.456066,-79.93743599999999,"cafe,bakery,meal_takeaway,store,restaurant,food,point_of_interest,establishment","fast_food,restaurant",OPERATIONAL,3.9,917.0
ChIJ9RuVqkfyNIgRkMqRFmij0AE,Lot 17,"4617 Liberty Avenue, Pittsburgh",40.4624552,-79.9502692,"bar,restaurant,food,point_of_interest,establishment",restaurant,OPERATIONAL,4.5,965.0
ChIJ157INUbyNIgRIdYcEKwlsxk,Thai Gourmet,"4505 Liberty Avenue, Pittsburgh",40.463207,-79.95149800000002,"restaurant,food,point_of_interest,establishment",restaurant,OPERATIONAL,4.7,536.0
ChIJ2W2AfRTyNIgRdP7HOqHoc1Y,Pizza Palermo (Shadyside),"5440 Centre Avenue #3, Pittsburgh",40.4564096,-79.9365023,"liquor_store,meal_takeaway,store,restaurant,food,point_of_interest,establishment","fast_food,restaurant",OPERATIONAL,4.1,893.0
ChIJ7-YJEEfyNIgRO0lw1eHhKwM,Wai Wai - Bloomfield,"4717 Liberty Avenue, Pittsburgh",40.462008,-79.949185,"meal_takeaway,meal_delivery,restaurant,food,point_of_interest,establishment","fast_food,restaurant",OPERATIONAL,3.9,511.0
ChIJI0-gCzzyNIgRr_3cz4djwPo,Papa Johns Pizza,"4815 Centre Avenue, Pittsburgh",40.45359270000001,-79.9469742,"restaurant,food,point_of_interest,establishment",restaurant,OPERATIONAL,3.7,357.0
ChIJ85r6U3PyNIgRShRo4vMObTI,Mad Mex,"220 South Highland Avenue, Pittsburgh",40.458259,-79.925378,"bar,restaurant,food,point_of_interest,establishment",restaurant,OPERATIONAL,4.3,2105.0
ChIJtT84-2nyNIgRtZthPxJLhFc,People's Indian Restaurant,"5147 Penn Avenue #1, Pittsburgh",40.4649253,-79.9412052,"restaurant,food,point_of_interest,establishment",restaurant,OPERATIONAL,4.6,1010.0
ChIJVduc4RDyNIgRKpu9tiXDekw,Cappy's Cafe,"5431 Walnut Street, Pittsburgh",40.4511087,-79.9343786,"bar,restaurant,food,point_of_interest,establishment",restaurant,OPERATIONAL,4.4,342.0
ChIJrewYM23yNIgRdwJnbhH0Jmk,Big Burrito Management Office,"5740 Baum Boulevard, Pittsburgh",40.4586689,-79.93237649999999,"restaurant,food,point_of_interest,establishment",restaurant,OPERATIONAL,4.3,21.0
ChIJWQh7rAzyNIgR2SmJQjW3nAs,Noodlehead,"242 South Highland Avenue #202, Pittsburgh",40.4578006,-79.9252669,"restaurant,food,point_of_interest,establishment",restaurant,OPERATIONAL,4.6,3522.0
ChIJ9SV15TvyNIgRd5AnQOE86-U,Khalil's,"4757 Baum Boulevard, Pittsburgh",40.4544679,-79.94814629999999,"restaurant,food,point_of_interest,establishment",restaurant,OPERATIONAL,4.5,283.0
ChIJ7Z3q5z_yNIgRPjNpFPCbwh8,Silky's Pub,"5135 Liberty Avenue, Pittsburgh",40.4581703,-79.9422409,"bar,restaurant,food,point_of_interest,establishment",restaurant,OPERATIONAL,4.4,554.0
ChIJF27Hp0fyNIgRnZHhBa75CIw,Caliente Pizza & Drafthouse,"4624 Liberty Avenue, Pittsburgh",40.46203579999999,-79.9501025,"liquor_store,store,restaurant,food,point_of_interest,establishment",restaurant,OPERATIONAL,3.8,1469.0
ChIJK7NDJ3PyNIgRnm1MTAat90w,Starbucks Coffee Company,"5932 Penn Circle Eastside, Pittsburgh",40.45904,-79.9276,"cafe,store,restaurant,food,point_of_interest,establishment",restaurant,OPERATIONAL,4.3,373.0
ChIJGRSPoD7yNIgRhNkFeXywXGY,KFC,"4915 Baum Boulevard, Pittsburgh",40.45492720000001,-79.9462212,"restaurant,food,point_of_interest,establishment",restaurant,OPERATIONAL,3.4,985.0
ChIJ3fG3zUPyNIgRU9Xm67yqrSY,Pizza Fiesta (Bloomfield),"4911 Penn Avenue, Pittsburgh",40.465455,-79.944711,"meal_delivery,meal_takeaway,restaurant,food,point_of_interest,establishment","fast_food,restaurant",OPERATIONAL,4.2,434.0
ChIJz3fkUU_yNIgRz8ny6o9Dcos,Taste of India,"4320 Penn Avenue, Pittsburgh",40.46576940000001,-79.9535236,"meal_takeaway,restaurant,food,point_of_interest,establishment","fast_food,restaurant",OPERATIONAL,4.4,493.0
ChIJv-unHcvzNIgRAes227yxYVI,Masala House Indian Bistro,"5102 Baum Boulevard, Pittsburgh",40.4552906,-79.9436163,"meal_takeaway,restaurant,food,point_of_interest,establishment",fast_food,OPERATIONAL,4.5,1212.0
ChIJ_6v_Iz7yNIgRcg4UvzWQmuw,Arby's,"5189 Baum Boulevard, Pittsburgh",40.4559594,-79.94246179999999,"meal_takeaway,restaurant,food,store,point_of_interest,establishment",fast_food,OPERATIONAL,3.7,1222.0
ChIJZRkaAznzNIgROK_mml03gTQ,Layne's Chicken Fingers- Pittsburgh,"5200 Baum Boulevard, Pittsburgh",40.45558870000001,-79.9415532,"meal_delivery,meal_takeaway,restaurant,food,point_of_interest,establishment",fast_food,OPERATIONAL,4.5,245.0
ChIJqSoSWE3zNIgRC5ZZW-O1ZRI,Five Guys,"5207 Liberty Avenue Suite 101, Pittsburgh",40.45743,-79.94075,"meal_takeaway,restaurant,food,point_of_interest,establishment",fast_food,OPERATIONAL,4.1,545.0
ChIJFyg1pazzNIgRfG695w-7gN8,Jersey Mike's Subs,"5225 Liberty Avenue, Pittsburgh",40.4572906,-79.9404449,"meal_takeaway,restaurant,food,store,point_of_interest,establishment",fast_food,OPERATIONAL,4.0,230.0
ChIJ1UhbPQjzNIgRHEWiUMjOknk,Dunkin',"5241 Liberty Avenue, Pittsburgh",40.457164,-79.9401061,"meal_takeaway,bakery,cafe,restaurant,food,store,point_of_interest,establishment",fast_food,OPERATIONAL,3.7,325.0
ChIJMXaMXUzzNIgRlHo5oPuHMqk,The Spiice Route Indian Restaurant,"5501 Centre Avenue, Pittsburgh",40.4567643,-79.9363899,"meal_takeaway,restaurant,food,point_of_interest,establishment",fast_food,OPERATIONAL,4.8,71.0
ChIJOR25pQzyNIgRs3ph0-Be0BQ,Pizza Perfectta,"258 South Highland Avenue, Pittsburgh",40.4572481,-79.9253199,"meal_delivery,meal_takeaway,restaurant,food,point_of_interest,establishment","fast_food,restaurant",OPERATIONAL,4.3,658.0
ChIJr_mRpHbyNIgRUs4HGS0CflA,East End Cooperative Ministry,"entrance G*, 6140 Station St, Pittsburgh",40.4629482,-79.9222004,"point_of_interest,establishment",food_bank,OPERATIONAL,4.3,123.0
ChIJkaX8bXbyNIgR_4tZX0EG5Qg,Hamilton-larimer Liberty Park Bjwl Children's Program - Food Distribution Center,"326 Collins St, Pittsburgh",40.4632924,-79.9209992,"food,point_of_interest,establishment",food_bank,OPERATIONAL,4.0,1.0
ChIJxUnjWnbyNIgRkqFi4JJ3qbQ,Farmers' Market Coop of East Liberty,"344 Sheridan Ave, Pittsburgh",40.4643776,-79.9212721,"grocery_or_supermarket,store,food,point_of_interest,establishment",farmers_market,OPERATIONAL,4.6,73.0
ChIJDdk242XyNIgRqevRCnVhPAg,Garfield Community Farm,"509 Wicklow St, Pittsburgh",40.4690683,-79.9351849,"point_of_interest,establishment",farmers_market,OPERATIONAL,4.8,52.0
ChIJ1zoyg4rtNIgRSxPRbL-pIKM,Trader Joe's,"6343 Penn Avenue, Pittsburgh",40.4592363,-79.9191827,"grocery_or_supermarket,supermarket,food,health,store,point_of_interest,establishment",grocery,OPERATIONAL,4.6,3262.0
ChIJ6RDkZ13zNIgRB4KfciY0JZA,Target Grocery,"6231 Penn Avenue, Pittsburgh",40.4609075,-79.9212089,"grocery_or_supermarket,supermarket,food,store,point_of_interest,establishment",grocery,OPERATIONAL,4.4,25.0
ChIJEUsIiH7sNIgRtiReak0NMao,Marathon Gas,"6680 Frankstown Avenue, Pittsburgh",40.4585806,-79.9085569,"gas_station,convenience_store,store,food,point_of_interest,establishment",convenience,OPERATIONAL,2.4,24.0
ChIJU4rRYI3tNIgRgEIV0jjIO54,Sudz Brew Thru Beer Distributor,"6936 Fifth Avenue, Pittsburgh",40.4578043,-79.9082717,"convenience_store,liquor_store,store,food,point_of_interest,establishment",convenience,OPERATIONAL,4.7,22.0
ChIJ8UPaC3fyNIgR4q4K5sFgrnY,Sunoco,"514 North Highland Avenue, Pittsburgh",40.4662875,-79.92240679999999,"gas_station,convenience_store,store,food,point_of_interest,establishment",convenience,OPERATIONAL,1.7,30.0
ChIJQavP9IvtNIgRlM2S0u2kU6w,Sunoco,"6481 Frankstown Avenue, Pittsburgh",40.460668,-79.91396590000001,"gas_station,convenience_store,store,food,point_of_interest,establishment",convenience,OPERATIONAL,2.9,14.0
ChIJ0ceDeeLtNIgRjUSj5CvIwdI,MARKET 24 / FRANKSTOWN SUNOCO,"6481 Frankstown Avenue, Pittsburgh",40.4607977,-79.91397529999999,"convenience_store,store,food,point_of_interest,establishment",convenience,OPERATIONAL,,
ChIJzyg7i4vtNIgRMoQnOfyQshY,A Plus,"6481 Frankstown Avenue, Pittsburgh",40.4607828,-79.9139529,"convenience_store,store,food,point_of_interest,establishment",convenience,OPERATIONAL,4.5,4.0
ChIJjeTQk2vzNIgRvlDfV41Q2r8,HIGHLAND SUNOCO / APLUS,"514 North Highland Avenue, Pittsburgh",40.4663114,-79.92229619999999,"convenience_store,store,food,point_of_interest,establishment",convenience,OPERATIONAL,2.8,4.0
ChIJnetrqnTyNIgR7bt3L49RUTM,Casbah,"229 South Highland Avenue, Pittsburgh",40.458153,-79.9249504,"bar,restaurant,food,point_of_interest,establishment",restaurant,OPERATIONAL,4.6,1346.0
ChIJyZk6TnTuNIgRYkbnt5HepOA,Square Cafe,"134 South Highland Avenue, Pittsburgh",40.4600445,-79.9251824,"restaurant,food,point_of_interest,establishment",restaurant,OPERATIONAL,4.5,1817.0
ChIJB3remKViNIgRegh-SLz0fjI,Subway,"6022 Penn Avenue, Pittsburgh",40.4608857,-79.92410029999999,"meal_takeaway,restaurant,food,point_of_interest,establishment","fast_food,restaurant",OPERATIONAL,3.8,155.0
ChIJfwD2p3PyNIgRvbg2tg__Oz8,Tana Ethiopian Cuisine,"5929 Baum Boulevard, Pittsburgh",40.46063789999999,-79.9268814,"restaurant,food,point_of_interest,establishment",restaurant,OPERATIONAL,4.3,513.0
ChIJl-J-t4rtNIgRpEmEk601GX8,China Garden Restaurant,"6401 Penn Avenue, Pittsburgh",40.4582772,-79.9168907,"restaurant,food,point_of_interest,establishment",restaurant,OPERATIONAL,4.0,190.0
ChIJiREDo4rtNIgRJgVV4xq2qKs,McDonald's,"6361 Penn Avenue, Pittsburgh",40.4587972,-79.91849429999999,"cafe,store,restaurant,food,point_of_interest,establishment",restaurant,OPERATIONAL,2.7,1753.0
ChIJ66WvP3TyNIgR7v0bZSDsSZU,Domino's Pizza,"119 North Sheridan Avenue, Pittsburgh",40.4617199,-79.92343609999999,"meal_delivery,meal_takeaway,restaurant,food,point_of_interest,establishment","fast_food,restaurant",OPERATIONAL,2.7,644.0
ChIJ7Z96hYTyNIgRYGJl3swgnp4,Panera Bread,"136 Bakery Square Boulevard, Pittsburgh",40.45670339999999,-79.915104,"cafe,meal_takeaway,bakery,store,restaurant,food,point_of_interest,establishment","fast_food,restaurant",OPERATIONAL,3.8,479.0
ChIJERC0-YztNIgRaQpuyHiszD8,East End Brewing Company,"147 Julius Street, Pittsburgh",40.45927090000001,-79.9117796,"meal_takeaway,bar,restaurant,food,point_of_interest,establishment","fast_food,restaurant",OPERATIONAL,4.8,491.0
ChIJ_86ohnTyNIgRr-dolrlyapI,Paris 66 Bistro,"6018 Centre Avenue, Pittsburgh",40.459989,-79.92417499999999,"bar,restaurant,food,point_of_interest,establishment",restaurant,OPERATIONAL,4.3,677.0
ChIJNbURhHTyNIgRYowTatqoah4,Kelly's Bar & Lounge,"6012 Centre Avenue, Pittsburgh",40.45989159999999,-79.92439139999999,"bar,restaurant,food,night_club,point_of_interest,establishment",restaurant,OPERATIONAL,4.4,833.0
ChIJt5FxVnHyNIgRMMPbt2gTjPo,211 Tower,"211 North Whitfield Street, Pittsburgh",40.463173,-79.92526099999999,"real_estate_agency,restaurant,food,point_of_interest,establishment",restaurant,OPERATIONAL,4.4,32.0
ChIJiYlvLxHyNIgR0Zqr20MbZ9Q,Starbucks Coffee Company,"5600 Walnut Street, Pittsburgh",40.45155,-79.93167,"cafe,restaurant,food,store,point_of_interest,establishment",restaurant,OPERATIONAL,4.4,213.0
ChIJtfL375LtNIgRoaRaH6Jvl7A,Showcase Barbeque,"6800 Frankstown Avenue #1370, Pittsburgh",40.4581282,-79.905963,"restaurant,food,point_of_interest,establishment",restaurant,OPERATIONAL,4.5,1634.0
ChIJC5P7sxHyNIgR6IoKrVoD-QY,Pasha Mediterranean Restaurant,"808 Ivy Street, Pittsburgh",40.45131689999999,-79.93226,"restaurant,food,point_of_interest,establishment",restaurant,OPERATIONAL,4.4,765.0
ChIJw5DqBxHyNIgRFODaRgikWLg,Cafe Moulin,"732 Filbert Street, Pittsburgh",40.451686,-79.9332924,"cafe,restaurant,food,store,point_of_interest,establishment",restaurant,OPERATIONAL,4.6,1546.0
ChIJFZFaXXPyNIgRqHdSvWV0XJE,Chipotle Mexican Grill,"5986 Centre Avenue, East Liberty",40.4593623,-79.925885,"restaurant,food,point_of_interest,establishment",restaurant,OPERATIONAL,3.0,1299.0
ChIJ3SMtprfzNIgRuLXGhg1SABA,Sushi Too,"5432 Walnut Street, Pittsburgh",40.4509131,-79.9342266,"restaurant,food,point_of_interest,establishment",restaurant,OPERATIONAL,4.2,465.0
ChIJxUfiHxHyNIgRoQN-fAT5q9o,Lucid Juice - Shadyside,"733 Copeland Street, Pittsburgh",40.4512017,-79.9345852,"restaurant,food,point_of_interest,establishment",restaurant,OPERATIONAL,4.5,167.0
ChIJk00YdnTyNIgRMe73uy_oHww,honeygrow,"105 South Highland Avenue, Pittsburgh",40.4610524,-79.9247039,"restaurant,food,point_of_interest,establishment",restaurant,OPERATIONAL,4.4,907.0
ChIJyQ0Jh3XyNIgRqa_YXoFXgkY,The Fire Side Public House,"6290 Broad Street, Pittsburgh",40.460424,-79.919386,"bar,restaurant,food,point_of_interest,establishment",restaurant,OPERATIONAL,4.3,1173.0
ChIJAZ2LBnTyNIgRuOijoRkjvzI,Wallace's Whiskey Room & Kitchen,"123 North Highland Avenue, Pittsburgh",40.46226199999999,-79.9246101,"restaurant,food,point_of_interest,establishment",restaurant,OPERATIONAL,3.9,117.0
ChIJfcIfgRTyNIgRlnaFPGmBSX0,Nak Won Garden,"5504 Centre Avenue, Pittsburgh",40.4564574,-79.93613549999999,"restaurant,food,point_of_interest,establishment",restaurant,OPERATIONAL,3.9,538.0
ChIJc2i5EkfuNIgRzpOA4y_aYxQ,KLVN Coffee Lab,"6600 Hamilton Avenue Fl 1, Pittsburgh",40.4577964,-79.9107433,"cafe,restaurant,food,store,point_of_interest,establishment",restaurant,OPERATIONAL,4.5,438.0
ChIJOUH613PyNIgR-C5_J0gWlOM,McDonald's,"148 North Euclid Avenue, Pittsburgh",40.4630847,-79.92689159999999,"cafe,restaurant,food,store,point_of_interest,establishment",restaurant,OPERATIONAL,2.9,2039.0
ChIJVwsiqHTyNIgRA4eK4lD0_PM,Pizza Parma,"217 South Highland Avenue, Pittsburgh",40.458398,-79.924797,"meal_takeaway,meal_delivery,restaurant,food,point_of_interest,establishment","fast_food,restaurant",OPERATIONAL,4.6,1426.0
ChIJq6pueXPyNIgR_3Td6iT1jtw,Bird On The Run,"128 South Highland Avenue, Pittsburgh",40.46026370000001,-79.9251292,"meal_takeaway,restaurant,food,point_of_interest,establishment",fast_food,OPERATIONAL,4.3,962.0
ChIJv4OgAJvzNIgR4QhCNltuVD4,Woodfired Pizza,"126 South Highland Avenue, Pittsburgh",40.4602978,-79.92512599999999,"meal_takeaway,restaurant,food,point_of_interest,establishment",fast_food,OPERATIONAL,3.9,8.0
ChIJRfuKPGnzNIgR_18jx90DqIk,Condado Tacos,"6210 Penn Avenue, Pittsburgh",40.4603668,-79.92238600000002,"meal_takeaway,bar,restaurant,food,point_of_interest,establishment",fast_food,OPERATIONAL,4.6,947.0
ChIJTwXtHZTzNIgRl-8s50uuQgs,Noodles and Company,"5804 Penn Avenue, Pittsburgh",40.462295,-79.927722,"restaurant,meal_takeaway,store,food,point_of_interest,establishment","fast_food,restaurant",OPERATIONAL,3.8,53.0
ChIJ1Xe1W43tNIgRNvtkz8UfFF0,Pizza Hut,"6910 Fifth Avenue, Pittsburgh",40.4572853,-79.9085164,"meal_takeaway,meal_delivery,restaurant,food,point_of_interest,establishment","fast_food,restaurant",OPERATIONAL,3.4,36.0
ChIJK2F_FnTyNIgRVmr72GMbwUc,412 Food Rescue,"6425 Living Pl Suite 200, Pittsburgh",40.4568626,-79.91715429999999,"point_of_interest,establishment",food_bank,OPERATIONAL,4.4,39.0
ChIJlUAKt0jtNIgRSEyvE7nzKuY,Waad Mini Mart,"7006 Frankstown Avenue, Pittsburgh",40.4582976,-79.9008369,"convenience_store,store,food,point_of_interest,establishment",convenience,OPERATIONAL,4.3,69.0
ChIJF5Iyzr_tNIgR4SK_i4nsbhM,Homewoods One Stop Shop,"7201 Frankstown Avenue, Pittsburgh",40.4575196,-79.8961001,"convenience_store,store,food,point_of_interest,establishment",convenience,OPERATIONAL,3.2,11.0
ChIJpYIU7M7tNIgRJOBz4Xk81jA,The Spot Mart,"7207 Frankstown Avenue, Pittsburgh",40.4574866,-79.8958468,"convenience_store,grocery_or_supermarket,store,food,point_of_interest,establishment",convenience,OPERATIONAL,5.0,5.0
ChIJhR_iY7jtNIgRJKJAZ79fbpM,BILLY D'S CORNER STORE,"7647 Frankstown Avenue, Pittsburgh",40.4556632,-79.8881964,"convenience_store,store,food,point_of_interest,establishment",convenience,OPERATIONAL,,
ChIJtQFL_J3tNIgR7rYKLpvqZGU,King City Market & Fashion,"7900 Bennett Street, Pittsburgh",40.4539017,-79.8850923,"convenience_store,store,food,point_of_interest,establishment",convenience,OPERATIONAL,4.8,4.0
ChIJu8GYeQDtNIgRywNh8ZypaFA,Homies Smoke Plus,"1006 Lincoln Avenue, Pittsburgh",40.4639159,-79.9015577,"grocery_or_supermarket,convenience_store,store,food,point_of_interest,establishment",convenience,OPERATIONAL,4.1,9.0
ChIJh8UolLvtNIgRaxkNbb69ixw,Chadwick Convenience,"7356 Stranahan Street, Pittsburgh",40.4615687,-79.8900361,"convenience_store,store,food,point_of_interest,establishment",convenience,OPERATIONAL,4.6,11.0
ChIJC1Kxl7vtNIgRplOTRk8ajEw,Sams Market Inc,"7356 Stranahan Street, Pittsburgh",40.46156810000001,-79.89002740000001,"convenience_store,store,food,point_of_interest,establishment",convenience,OPERATIONAL,1.0,1.0
ChIJsQBsgJjtNIgRpOx6GMaqRcw,Lincoln Mini Mart Inc,"1403 Lincoln Avenue, Pittsburgh",40.468136,-79.8969879,"convenience_store,food,store,point_of_interest,establishment",convenience,OPERATIONAL,,
ChIJJxaGf6LtNIgRtA9z30UwHkw,The Market on Lincoln Ave,"1407 Lincoln Avenue, Pittsburgh",40.46820979999999,-79.8968617,"convenience_store,food,store,point_of_interest,establishment",convenience,OPERATIONAL,5.0,3.0
ChIJV6x6LsHtNIgRwp7VohSDHT4,The Dream BBQ,"7600 North Braddock Avenue, Pittsburgh",40.4529465,-79.8910319,"restaurant,food,point_of_interest,establishment",restaurant,OPERATIONAL,4.3,426.0
ChIJPSw-jertNIgRgG-xMXHio4w,Everyday Cafe,"532 North Homewood Avenue, Pittsburgh",40.453233,-79.89813649999999,"cafe,restaurant,food,store,point_of_interest,establishment",restaurant,OPERATIONAL,4.7,414.0
ChIJX4upLPXtNIgR5NxQqAui2e0,Jimmy John's,"6425 Penn Avenue, Pittsburgh",40.45714960000001,-79.9158339,"restaurant,food,point_of_interest,establishment",restaurant,OPERATIONAL,3.6,322.0
ChIJmccYg5LtNIgR2eNthmMJg_g,Hook Fish & Chicken - Homewood,"6936 Fifth Avenue, Pittsburgh",40.45782519999999,-79.9082725,"restaurant,food,point_of_interest,establishment",restaurant,OPERATIONAL,4.0,752.0
ChIJ9TDbxYrtNIgRObPCSOgy3AE,China Buffet east liberty,"6401 Penn Avenue, Pittsburgh",40.4582644,-79.9170821,"restaurant,food,point_of_interest,establishment",restaurant,OPERATIONAL,3.9,572.0
ChIJ-cBvXa7tNIgRo0MPthxhT5U,North Homewood Pizza. “NHP” Home Of The First Lamb Pepperoni Pizza In The Country!,"531 North Homewood Avenue, Pittsburgh",40.45367459999999,-79.89841050000001,"restaurant,food,point_of_interest,establishment",restaurant,OPERATIONAL,4.2,117.0
ChIJhy57tOntNIgROFIEFKXVngs,Evergreen Cafe,"7330 Penn Avenue, Pittsburgh",40.4481236,-79.8985141,"bar,restaurant,food,point_of_interest,establishment",restaurant,OPERATIONAL,4.2,228.0
ChIJQ3WwXgDtNIgRvOA4ayU10bw,X-Cafe,"6901 Lynn Way, Pittsburgh",40.45461210000001,-79.9049485,"restaurant,food,point_of_interest,establishment",restaurant,OPERATIONAL,,
ChIJ99Kv4hPtNIgRumOnFtdJKtQ,Chocolate City Lounge,"Rear Entrance, 7246 Kelly Street 2nd Floor, Pittsburgh",40.4549008,-79.8954261,"bar,restaurant,food,point_of_interest,establishment",restaurant,OPERATIONAL,5.0,4.0
ChIJiWo1K6TtNIgRMijgOmT6A1M,The Farmers Burger,"717 North Homewood Avenue Lower Level, Pittsburgh",40.4561534,-79.89709839999999,"restaurant,food,point_of_interest,establishment",restaurant,OPERATIONAL,5.0,3.0
ChIJS2UDdfHtNIgRkNzSnaGfYEg,Liz&Maggies,"717 North Homewood Avenue, Pittsburgh",40.4561534,-79.89709839999999,"restaurant,food,point_of_interest,establishment",restaurant,OPERATIONAL,,
ChIJR_xAVMPtNIgRbH2sRTImQco,D&C Sandwich Express,"6958 Kelly Street, Pittsburgh",40.456567,-79.9021186,"restaurant,food,point_of_interest,establishment",restaurant,OPERATIONAL,5.0,5.0
ChIJ75F62LTtNIgR5ogFzl85Pys,Ineffable Cà Phê,"7511 Thomas Boulevard, Pittsburgh",40.4500511,-79.8944942,"cafe,bar,store,restaurant,food,point_of_interest,establishment",restaurant,OPERATIONAL,4.4,27.0
ChIJzwyZddvtNIgRs4e3uCsS1-s,Shumans Homewood,"7210 Frankstown Avenue, Pittsburgh",40.45710619999999,-79.8959963,"restaurant,food,point_of_interest,establishment",restaurant,OPERATIONAL,4.1,259.0
ChIJzZfPDQDtNIgRD9VUUW1pWqU,homewood,"7621 Hamilton Avenue, Pittsburgh",40.4574739,-79.8963946,"restaurant,food,point_of_interest,establishment",restaurant,OPERATIONAL,,
ChIJGy-SsGTtNIgRie_THwWkF6A,ForeverHungryPgh,"6800 Frankstown Avenue suite 2, Pittsburgh",40.4580916,-79.9059784,"restaurant,food,point_of_interest,establishment",restaurant,OPERATIONAL,,
ChIJYX8MOr_tNIgRy3u8brxJ7Vc,Misha's Gallery Restaurant,"7355 Frankstown Avenue, Pittsburgh",40.45653399999999,-79.89197589999999,"restaurant,food,point_of_interest,establishment",restaurant,CLOSED_TEMPORARILY,3.0,5.0
ChIJOwdwFwDtNIgR8nLZgKTKp2U,Myza Mediterranean,"6960 Fifth Avenue, Pittsburgh",40.4584588,-79.9078633,"restaurant,food,point_of_interest,establishment",restaurant,OPERATIONAL,,
ChIJ124PqiPtNIgRA-U3vYMZElE,876 Island Spice Authentic Jamaican Restaurant,"7930 Frankstown Avenue, Pittsburgh",40.4552257,-79.8847837,"restaurant,food,point_of_interest,establishment",restaurant,OPERATIONAL,4.4,197.0
ChIJG6luoobtNIgRCJ5wclfm7fY,Golden Gai,"116 Bakery Square Boulevard, Pittsburgh",40.4563816,-79.9149438,"restaurant,food,point_of_interest,establishment",restaurant,OPERATIONAL,4.5,84.0
ChIJWXZrWqXtNIgRm2RPZqg8R8I,Starbucks Coffee Company,"114 Bakery Square Boulevard, Pittsburgh",40.45634,-79.91501,"cafe,store,restaurant,food,point_of_interest,establishment",restaurant,OPERATIONAL,4.3,180.0
ChIJw6fvbfbtNIgRqWTFkxKrJTE,täkō tôrtä,"122 Bakery Square Boulevard, Pittsburgh",40.45659179999999,-79.9149589,"restaurant,food,point_of_interest,establishment",restaurant,OPERATIONAL,4.1,311.0
ChIJ2QK_rXztNIgRGGTdR1acdls,CHARRED,"145 Bakery Square Boulevard, Pittsburgh",40.4566007,-79.91582679999999,"restaurant,food,point_of_interest,establishment",restaurant,OPERATIONAL,4.1,10.0
ChIJl6nD-7HzNIgRcECP9TxqAgI,Shaka Restaurant,"Inside City Kitchen, 145 Bakery Square Boulevard, Pittsburgh",40.4566007,-79.91582679999999,"restaurant,food,point_of_interest,establishment",restaurant,OPERATIONAL,4.1,51.0
ChIJe1edof_tNIgRnyF2CMK1J6A,Elevate,"Located in City Kitchen, 145 Bakery Square Boulevard, Pittsburgh",40.4566007,-79.91582679999999,"restaurant,food,point_of_interest,establishment",restaurant,OPERATIONAL,4.2,20.0
ChIJ63Fc-0vtNIgRw2glXcAQpoA,Alta Via Pizzeria,"169 Bakery Square Boulevard, Pittsburgh",40.456751,-79.9159542,"restaurant,food,point_of_interest,establishment",restaurant,OPERATIONAL,4.1,369.0
ChIJb-E6XA3tNIgRlOPGd5IREiw,City Kitchen,"145 Bakery Square Boulevard, Pittsburgh",40.4568223,-79.91606120000002,"restaurant,food,point_of_interest,establishment",restaurant,OPERATIONAL,4.3,356.0
ChIJ-xSPSIvtNIgROIxeTVTEcqM,Somi Restaurant,"Located inside City Kitchen at, 145 Bakery Square Boulevard, Pittsburgh",40.4568223,-79.91606120000002,"restaurant,food,point_of_interest,establishment",restaurant,OPERATIONAL,3.7,39.0
ChIJa8lXJcvtNIgRly6cfMGSMuk,Farmer's Fridge,"6425 Penn Avenue Bakery Square Located in Building 2 on the 6th floor, Pittsburgh",40.4578019,-79.9160521,"restaurant,food,point_of_interest,establishment",restaurant,OPERATIONAL,3.0,1.0
ChIJbcgHg6ftNIgRvQdlAdq3edA,LAKAVE’LOUNGE,"1502 Lincoln Avenue, Pittsburgh",40.46871,-79.8957855,"restaurant,food,point_of_interest,establishment",restaurant,OPERATIONAL,,
ChIJGW1p2SzzNIgR4BSw4waweD4,"Sushi Atarashi - Sushi, Poke & Bento","235 Shady Avenue, Pittsburgh",40.45849339999999,-79.92193739999999,"restaurant,food,point_of_interest,establishment",restaurant,OPERATIONAL,,
ChIJJykENn3zNIgR9zrTKMePUdA,CAVA,"151 Shady Avenue, Pittsburgh",40.4591656,-79.9216124,"restaurant,food,point_of_interest,establishment",restaurant,OPERATIONAL,4.8,23.0
ChIJhXkqxrftNIgRKtzs3-UPNKM,Homewood/salvation Army - Food Distribution Center,"8020 Frankstown Ave, Pittsburgh",40.4553763,-79.8836099,"food,point_of_interest,establishment",food_bank,OPERATIONAL,3.0,2.0
ChIJh3kqxrftNIgRhygTdqoji2g,Salvation Army,"8020 Frankstown Ave, Pittsburgh",40.4553734,-79.8836346,"point_of_interest,establishment",food_bank,OPERATIONAL,4.4,49.0
ChIJi1_Eur_tNIgRaARy5pHmB5U,Young Black Motivated Kings & Queens: De’Avry A. Thomas Community Center,"7300 Ridgeview Ave, Pittsburgh",40.46765260000001,-79.8858053,"point_of_interest,establishment",food_bank,OPERATIONAL,4.5,11.0
ChIJadbpTU7sNIgR9TDt5uvYOsY,bp,"8936 Frankstown Road, Pittsburgh",40.46092,-79.86715,"gas_station,supermarket,grocery_or_supermarket,store,food,point_of_interest,establishment",grocery,OPERATIONAL,3.1,34.0
ChIJq6L-2k_sNIgR727Uz6D8wXc,Giant Eagle Supermarket,"9001 Frankstown Road, Pittsburgh",40.4624143,-79.86536459999999,"grocery_or_supermarket,supermarket,store,food,point_of_interest,establishment",grocery,OPERATIONAL,3.9,903.0
ChIJc6GwtE_sNIgRb6lvH0a38YY,GetGo Gas Station,"9003 Frankstown Road, Pittsburgh",40.46199579999999,-79.86439910000001,"gas_station,convenience_store,cafe,food,store,point_of_interest,establishment",convenience,OPERATIONAL,2.8,15.0
ChIJm9JfJBbtNIgRHaxeGq7ySOU,The-Lord Made,"2209 Wilner Drive, Pittsburgh",40.4539701,-79.8676876,"convenience_store,hair_care,clothing_store,food,store,point_of_interest,establishment",convenience,OPERATIONAL,,
ChIJB-ZX-LftNIgRk9Li8e6gUqk,Honey Bees Restaurant & Catering,"2796 Robinson Boulevard, Penn Hills Township",40.4603833,-79.865667,"restaurant,food,point_of_interest,establishment",restaurant,CLOSED_TEMPORARILY,3.8,70.0
ChIJ1bJhXeftNIgRuJTvEpGpqtU,Taco Dolls,"62 Pride Road, Pittsburgh",40.462209,-79.87451639999999,"restaurant,food,point_of_interest,establishment",restaurant,OPERATIONAL,,
ChIJK86XHHbtNIgRrFtL6vUm2dg,"Sooo Delicious Chicken & Waffles,Burgers & Fries","2796 Robinson Boulevard, Penn Hills Township",40.4603833,-79.865667,"restaurant,food,point_of_interest,establishment",restaurant,OPERATIONAL,4.1,8.0
ChIJ-esDnOTtNIgRyVqDxtRLOMA,Chopstick House,"2798 Robinson Boulevard, Pittsburgh",40.4604599,-79.8655148,"restaurant,food,point_of_interest,establishment",restaurant,OPERATIONAL,3.9,55.0
ChIJP6Z4ndntNIgRk2GzrtPzctA,Second United Presbyterian Church,"300 Hay St, Pittsburgh",40.438962,-79.8886883,"church,place_of_worship,point_of_interest,establishment",food_bank,OPERATIONAL,4.7,18.0
ChIJ67Ig3s_tNIgRF_nNCqoCt8g,Better Living Community Center - Food Distribution Center,"105 Wood St, Pittsburgh",40.4444455,-79.8844002,"food,point_of_interest,establishment",food_bank,OPERATIONAL,,
ChIJsd0SNWXsNIgR61MMNt0jMr4,Dollar General,"10730 Frankstown Road, Penn Hills Township",40.4614464,-79.8401347,"convenience_store,drugstore,grocery_or_supermarket,health,store,food,point_of_interest,establishment",convenience,OPERATIONAL,3.8,254.0
ChIJH5bBNGXsNIgRAL4hQ9cZC2M,Puff Discount Tobacco,"10752 Frankstown Road, Penn Hills Township",40.4618371,-79.8404652,"convenience_store,store,food,point_of_interest,establishment",convenience,OPERATIONAL,4.0,23.0
ChIJw0kDjW_sNIgRyaqNkm2lz5M,CVS,"10600 Frankstown Road, Pittsburgh",40.4598575,-79.8421182,"drugstore,convenience_store,clothing_store,health,store,food,point_of_interest,establishment",convenience,OPERATIONAL,3.2,63.0
ChIJxcq-mm_sNIgRk3IMRQ428tA,GetGo Café + Market & WetGo Car Wash,"10525 Frankstown Road, Pittsburgh",40.4604924,-79.843199,"gas_station,convenience_store,car_wash,cafe,store,food,point_of_interest,establishment",convenience,OPERATIONAL,2.5,88.0
ChIJm7c7TGXsNIgRL210eXIDm9M,Gibson's Take Out,"10731 Frankstown Road, Penn Hills Township",40.4615624,-79.8413779,"meal_takeaway,restaurant,food,point_of_interest,establishment","fast_food,restaurant",OPERATIONAL,4.4,177.0
ChIJn6UnhG_sNIgRVF3G-1Wn5Ig,getGos,United States,40.4604903,-79.8432071,"restaurant,food,point_of_interest,establishment",restaurant,OPERATIONAL,,
ChIJ7xheQSztNIgRWj9-Os9J53k,Big Shot Bob's House of Wings - Penn Hills,"10710 Frankstown Road, Penn Hills Township",40.461193,-79.8406613,"meal_delivery,restaurant,food,point_of_interest,establishment",restaurant,OPERATIONAL,3.7,198.0
ChIJx9dSDM_tNIgRJ4cZUMqNghk,One Pot,"10718 Frankstown Road, Pittsburgh",40.4613583,-79.8406315,"restaurant,food,point_of_interest,establishment",restaurant,OPERATIONAL,4.2,64.0
ChIJq9Ins9TtNIgRoAdb9Q0KmK4,Community Forge,"1256 Franklin Ave, Wilkinsburg",40.4377062,-79.8744802,"point_of_interest,establishment",food_bank,OPERATIONAL,4.6,114.0
ChIJ-0Y_hobrNIgRtkTj6_2kvX8,Giant Eagle Supermarket,"230 Rodi Road, Pittsburgh",40.4617455,-79.8252028,"grocery_or_supermarket,supermarket,food,store,point_of_interest,establishment",grocery,OPERATIONAL,4.0,1036.0
ChIJ3-xdJ4frNIgRxbukfRCZb78,ALDI,"16 Federal Drive, Penn Hills Township",40.46370700000001,-79.827303,"supermarket,grocery_or_supermarket,food,store,point_of_interest,establishment",grocery,OPERATIONAL,4.5,669.0
ChIJYzWms3jrNIgRQjqyoMHyhA0,bp,"11835 Frankstown Road, Penn Hills Township",40.468731,-79.824319,"gas_station,car_wash,supermarket,grocery_or_supermarket,food,store,point_of_interest,establishment",grocery,OPERATIONAL,3.4,36.0
ChIJWW9woYbrNIgRt3wtqyVKCRQ,Sunoco,"214 Rodi Road, Penn Hills Township",40.4631145,-79.8242734,"gas_station,convenience_store,store,food,point_of_interest,establishment",convenience,OPERATIONAL,3.1,15.0
ChIJxUvH8cjrNIgRhpeq6EB_bkk,Hook's Market,"11632 Frankstown Road, Penn Hills Township",40.4652373,-79.82729239999999,"convenience_store,grocery_or_supermarket,store,food,point_of_interest,establishment",convenience,OPERATIONAL,4.1,28.0
ChIJA4WvcZnrNIgR4Xu6idZMO6c,Mike's Spot,"815 Universal Road, Pittsburgh",40.4611577,-79.8118825,"convenience_store,store,food,point_of_interest,establishment",convenience,OPERATIONAL,4.1,28.0
ChIJl7KAIIHrNIgRvY5mmLfm4cE,Subway,"11667 Penn Hills Drive Storeroom #12, Pittsburgh",40.4649071,-79.8268521,"meal_takeaway,restaurant,food,point_of_interest,establishment","fast_food,restaurant",OPERATIONAL,3.8,129.0
ChIJn6zlAYHrNIgRjDuX_w29_q4,The Spot ETC- Bar & Grill,"11675 Frankstown Road, Penn Hills Township",40.4666833,-79.82682779999999,"bar,restaurant,food,point_of_interest,establishment",restaurant,OPERATIONAL,4.1,447.0
ChIJLyTjDIHrNIgRLjNErB3FDeY,Papa Johns Pizza,"11700 Frankstown Road, Pittsburgh",40.4663437,-79.8256601,"restaurant,food,point_of_interest,establishment",restaurant,OPERATIONAL,3.6,278.0
ChIJd9DdrobrNIgRTVjgprak8aM,Wendy's,"208 Rodi Road, Penn Hills Township",40.4637296,-79.8244862,"restaurant,food,point_of_interest,establishment",restaurant,OPERATIONAL,2.6,832.0
ChIJH38CEIHrNIgR8S-v6CZPW-U,Vocelli Pizza,"11745 Frankstown Road, Penn Hills Township",40.4678291,-79.82557910000001,"restaurant,food,point_of_interest,establishment",restaurant,OPERATIONAL,3.3,203.0
ChIJgXh7toDrNIgRcVFaVkUM1ZY,Hook Fish & Chicken (Penn Hills),"11644 Frankstown Road, Penn Hills Township",40.4652249,-79.8271642,"meal_takeaway,restaurant,food,point_of_interest,establishment","fast_food,restaurant",OPERATIONAL,4.1,485.0
ChIJiSvThIHrNIgRi1_v5gV8ZS4,Eat'n Park,"11746 Frankstown Road, Pittsburgh",40.4674431,-79.8251573,"meal_takeaway,restaurant,food,point_of_interest,establishment","fast_food,restaurant",OPERATIONAL,4.0,1206.0
ChIJ4c46rIDrNIgR1u4WqmD_qLo,McDonald's,"11591 Frankstown Road, Pittsburgh",40.4650998,-79.8289513,"cafe,store,restaurant,food,point_of_interest,establishment",restaurant,OPERATIONAL,3.1,1468.0
ChIJHxDKTo_rNIgRI4SGyZkU-mU,Dunkin',"344 Rodi Road, Penn Hills Township",40.45823499999999,-79.8237638,"bakery,cafe,meal_takeaway,store,restaurant,food,point_of_interest,establishment","fast_food,restaurant",OPERATIONAL,3.9,745.0
ChIJrfqmB4LrNIgRyRrh75CjKAI,Domino's Pizza,"11822 Frankstown Road, Penn Hills Township",40.4689005,-79.8235832,"meal_takeaway,meal_delivery,restaurant,food,point_of_interest,establishment","fast_food,restaurant",OPERATIONAL,2.8,474.0
ChIJMT0FcYbrNIgRCZxBL-5WOT0,Long John Silver's,"300 Rodi Road, Pittsburgh",40.460874,-79.82446,"meal_takeaway,restaurant,food,point_of_interest,establishment","fast_food,restaurant",OPERATIONAL,3.6,877.0
ChIJy8qDtoDrNIgRhCBiFMDeAOE,No.1 Chinese Kitchen,"11630 Frankstown Road, Penn Hills Township",40.4651091,-79.82746379999999,"restaurant,food,point_of_interest,establishment",restaurant,OPERATIONAL,4.1,253.0
ChIJ81FK2YDrNIgR6tGZF3rQUnM,Carol of Caseys Pizza Shop,"11618 Penn Hills Drive, Penn Hills Township",40.4641544,-79.8281086,"meal_delivery,restaurant,food,point_of_interest,establishment",restaurant,OPERATIONAL,4.0,289.0
ChIJ1ToA1YDrNIgR3vlKRNuDsAI,Sichuan Palace,"60 Federal Drive, Pittsburgh",40.4623572,-79.82685409999999,"meal_takeaway,restaurant,food,point_of_interest,establishment","fast_food,restaurant",OPERATIONAL,4.0,195.0
ChIJ_7VtqYbrNIgRc2ZWKbmdSLQ,KFC,"210 Rodi Road, Pittsburgh",40.4633945,-79.8243897,"restaurant,food,point_of_interest,establishment",restaurant,OPERATIONAL,2.7,288.0
ChIJC9uSYobrNIgR1Ry8UfQa0bw,Giant Eagle Prepared Foods,"230 Rodi Road, Penn Hills Township",40.4616361,-79.8248943,"meal_takeaway,restaurant,food,point_of_interest,establishment","fast_food,restaurant",OPERATIONAL,5.0,1.0
ChIJQxBnYXPrNIgRbUeNGS6nbJs,Wingstop,"44 Federal Drive, Penn Hills Township",40.4625973,-79.8271137,"restaurant,food,point_of_interest,establishment",restaurant,OPERATIONAL,3.7,128.0
ChIJAXV4dVXrNIgR0MIfNq3LE_4,Fresh Nutrition,"28 Federal Drive, Penn Hills Township",40.4629672,-79.82728879999999,"restaurant,food,point_of_interest,establishment",restaurant,OPERATIONAL,5.0,33.0
ChIJHb2jKg_rNIgR71pkQH4ER5Q,Taco Bell,"212 Rodi Road, Pittsburgh",40.4635941,-79.8252534,"meal_takeaway,restaurant,food,point_of_interest,establishment","fast_food,restaurant",OPERATIONAL,2.9,248.0
ChIJJclU2YDrNIgRtuTYzmTyEgM,Tasty N Healthy,"11633 Penn Hills Drive, Pittsburgh",40.464491,-79.827502,"restaurant,food,point_of_interest,establishment",restaurant,OPERATIONAL,4.7,181.0
ChIJb8IbIj7rNIgRShWDmAncI8s,It's Like That BBQ Pit & Catering,"LT 1, 200 Jefferson Road, Penn Hills Township",40.464654,-79.82380859999999,"restaurant,food,point_of_interest,establishment",restaurant,OPERATIONAL,4.0,4.0
ChIJ36C6Z57rNIgRomG9Ed-qj_Q,Fun Asian Bistro,"11655 Frankstown Road, Pittsburgh",40.46625,-79.82705,"restaurant,food,point_of_interest,establishment",restaurant,OPERATIONAL,4.5,283.0
ChIJP3XHs5rrNIgRULxfw1rfNOY,Rally's,"11749 Frankstown Road, Penn Hills Township",40.4680082,-79.8254139,"restaurant,food,point_of_interest,establishment",restaurant,OPERATIONAL,4.0,817.0
ChIJbdfJvdDvNIgRDukFlnoMcQg,Kemi's Kitchen & Katering,"11101 Frankstown Road, Pittsburgh",40.46700490000001,-79.8373118,"restaurant,food,point_of_interest,establishment",restaurant,OPERATIONAL,5.0,16.0
ChIJax5xdOzrNIgR6JKK67b0VNI,Fellinis Pizzeria Penn Hills,"11748 Frankstown Road, Penn Hills Township",40.4679483,-79.8248016,"meal_delivery,restaurant,food,point_of_interest,establishment",restaurant,OPERATIONAL,3.8,155.0
ChIJt2kCq3jrNIgRICQJmC7hvH8,Rita's Italian Ice & Frozen Custard,"11833 Frankstown Road, Penn Hills Township",40.4693862,-79.8239907,"store,restaurant,food,point_of_interest,establishment",restaurant,CLOSED_TEMPORARILY,4.5,425.0
ChIJEf_-YAHrNIgRjEvtCK1kudM,Penn Hills Service Association,"2519 Main St, Penn Hills Township",40.4709929,-79.7888222,"point_of_interest,establishment",food_bank,OPERATIONAL,4.4,30.0
ChIJEf_-YAHrNIgRB54gN78psIc,Food Distribution Center - Penn Hills Service Association,"2519 Main St, Penn Hills Township",40.4709482,-79.78887019999999,"food,point_of_interest,establishment",food_bank,OPERATIONAL,4.0,3.0
ChIJnx0VTIfrNIgRDhIPu97dGZc,Food Factor 412,"4339 Old William Penn Highway, Monroeville",40.4427708,-79.7745444,"restaurant,food,point_of_interest,establishment",restaurant,CLOSED_TEMPORARILY,4.0,1.0
ChIJa_p3g8_BNIgRWU4zQwKX0UA,Palmieri's,"951 Old Frankstown Road, Plum",40.4519819,-79.72710719999999,"restaurant,food,point_of_interest,establishment",restaurant,OPERATIONAL,4.3,259.0
ChIJbeJ1P1LANIgRVLNxW_qQErI,SHOP ‘n SAVE,"2362 Golden Mile Highway, Pittsburgh",40.4622065,-79.7049019,"grocery_or_supermarket,supermarket,food,store,point_of_interest,establishment",grocery,OPERATIONAL,3.8,423.0
ChIJFz4oB1DANIgRwzljdH3oQbU,Holiday Park Shopping Center,"2362 Golden Mile Highway, Pittsburgh",40.46237789999999,-79.7048739,"shopping_mall,supermarket,grocery_or_supermarket,food,store,point_of_interest,establishment",grocery,OPERATIONAL,4.1,533.0
ChIJrU6471HANIgRKlY3XHcyJnY,Dollar General,"2409 Pennsylvania 286, Plum",40.46480040000001,-79.7058193,"drugstore,convenience_store,grocery_or_supermarket,food,health,store,point_of_interest,establishment",convenience,OPERATIONAL,3.6,90.0
ChIJ3wqGIPfBNIgRSq4qG0dVF4c,Sheetz,"950 Presque Isle Drive, Plum",40.463274,-79.7059515,"convenience_store,car_wash,liquor_store,food,store,point_of_interest,establishment",convenience,OPERATIONAL,3.6,37.0
ChIJOamn_03ANIgREYCvJwvNyto,Subway,"930 Presque Isle Drive, Pittsburgh",40.462376,-79.70656079999999,"meal_takeaway,restaurant,food,point_of_interest,establishment","fast_food,restaurant",CLOSED_TEMPORARILY,3.5,99.0
ChIJewTeBFDANIgRidkpURkak2g,Azan Wok,"2352 Golden Mile Highway A, Pittsburgh",40.461755,-79.70492999999999,"restaurant,food,point_of_interest,establishment",restaurant,OPERATIONAL,4.2,321.0
ChIJYYGqAFDANIgRyg3bEVV2s2Q,Fox's Pizza Den Plum Boro,"2374 Golden Mile Highway, Plum",40.4627817,-79.7046414,"meal_delivery,restaurant,food,point_of_interest,establishment",restaurant,OPERATIONAL,4.2,109.0
ChIJL52m_k3ANIgRxXHt4RMuls4,Conca D'oro Pizzeria,"926 Presque Isle Drive, Pittsburgh",40.4624993,-79.7065781,"meal_delivery,restaurant,food,point_of_interest,establishment",restaurant,OPERATIONAL,4.7,215.0
ChIJF5MMHsrBNIgRXDWzMkiwtFE,Charleys Cheesesteaks & Wings,"2396 Golden Mile Highway, Plum",40.46315240000001,-79.7050215,"restaurant,food,point_of_interest,establishment",restaurant,OPERATIONAL,4.4,212.0
ChIJ10vjsUPANIgR_EAEOB6yg8E,Grandslam Pizza,"417 Old Abers Creek Road On, Golden Mile Highway, Plum",40.4679744,-79.70611720000001,"meal_delivery,meal_takeaway,restaurant,food,point_of_interest,establishment","fast_food,restaurant",OPERATIONAL,4.1,222.0
ChIJjyqPE1zBNIgRMplL6TXrRKg,Brothers Beer,"2604 Golden Mile Highway, Pittsburgh",40.46968639999999,-79.70595809999999,"liquor_store,bar,restaurant,food,store,point_of_interest,establishment",restaurant,OPERATIONAL,4.8,21.0
ChIJxw1ogVHANIgRYBj5f5o4lKw,Plum Food Pantry,"81 Sandune Dr, Pittsburgh",40.4638904,-79.703709,"food,point_of_interest,establishment",food_bank,OPERATIONAL,4.6,13.0
ChIJyyTenn3ANIgRQ54cyJOcs6Y,Holiday Park United Methodist Church,"81 Sandune Dr, Pittsburgh",40.4637907,-79.7039676,"church,place_of_worship,point_of_interest,establishment",food_bank,OPERATIONAL,4.9,19.0
ChIJ56u11CVZNIgRlHoDb_q4ywE,Creators' Kitchen as Seen on TikTok,"6600 Robinson Centre Drive, Pittsburgh",40.4553252,-80.1607235,"restaurant,food,point_of_interest,establishment",restaurant,OPERATIONAL,1.0,1.0
ChIJXevIBhpfNIgRTD5KioGjoQ4,Rossi's Market,"64 Forest Grove Road, Coraopolis",40.48119109999999,-80.13072489999999,"convenience_store,atm,finance,food,store,point_of_interest,establishment",convenience,OPERATIONAL,4.0,37.0
ChIJO4g7_Yr1NIgRcEtE6TXEoV4,bp,"2 Heckel Road, McKees Rocks",40.4743783,-80.0949558,"gas_station,car_wash,supermarket,grocery_or_supermarket,food,store,point_of_interest,establishment",grocery,OPERATIONAL,4.1,28.0
ChIJH4rRver1NIgRFBGPld5A1Vw,Dollar General,"500 Pine Hollow Road, McKees Rocks",40.47408069999999,-80.0973813,"drugstore,convenience_store,grocery_or_supermarket,health,store,food,point_of_interest,establishment",convenience,OPERATIONAL,3.6,286.0
ChIJDZ9iqWFfNIgRnrX4D5WmSm0,Super Mart,"1761 Pine Hollow Road, McKees Rocks",40.4757354,-80.10046559999999,"convenience_store,store,food,point_of_interest,establishment",convenience,OPERATIONAL,4.3,11.0
ChIJO4g7_Yr1NIgRgaOx3z2ELrM,7-Eleven,"2 Heckel Road, McKees Rocks",40.4741587,-80.0947486,"convenience_store,cafe,liquor_store,store,restaurant,food,point_of_interest,establishment","convenience,restaurant",OPERATIONAL,3.8,31.0
ChIJH4rRver1NIgRYlUEeApHWaU,Subway,"500 Pine Hollow Road, McKees Rocks",40.4752471,-80.09892599999999,"meal_takeaway,restaurant,food,point_of_interest,establishment","fast_food,restaurant",OPERATIONAL,3.3,195.0
ChIJH4rRver1NIgRVFzbJQZ5eRY,Hunan Wok Chinese Takeout,"500 Pine Hollow Road, McKees Rocks",40.4739561,-80.0972431,"restaurant,food,point_of_interest,establishment",restaurant,OPERATIONAL,3.9,157.0
ChIJrc-UB2FfNIgR-dGX1w_19uc,Picasso's Pizza & Pasta,"1770 Pine Hollow Road, McKees Rocks",40.4766283,-80.10089049999999,"meal_delivery,restaurant,food,point_of_interest,establishment",restaurant,OPERATIONAL,4.1,256.0
ChIJW2ho9vX1NIgRNMn01yTtx-k,Angelia's Italian Grille,"12 Fairhaven Road, McKees Rocks",40.4749518,-80.09985379999999,"restaurant,meal_delivery,meal_takeaway,liquor_store,bar,store,food,point_of_interest,establishment","fast_food,restaurant",OPERATIONAL,4.1,329.0
ChIJq37tymFfNIgRikRkYwS1zdk,Wendy's,"1705 Pine Hollow Road, McKees Rocks",40.47555070000001,-80.0994824,"restaurant,food,point_of_interest,establishment",restaurant,OPERATIONAL,3.2,863.0
ChIJr2hDx-r1NIgRen_NvPAnPtE,McDonald's,"600 Pine Hollow Road, McKees Rocks",40.47394029999999,-80.0956964,"cafe,store,restaurant,food,point_of_interest,establishment",restaurant,OPERATIONAL,3.0,1059.0
ChIJkzukZwBfNIgRMnaUkp2YZKg,Mama Lena's Firehouse Grille,"13 Fairhaven Road, McKees Rocks",40.47444830000001,-80.09911439999999,"restaurant,food,point_of_interest,establishment",restaurant,CLOSED_TEMPORARILY,,
ChIJmb82n6ZfNIgR8vxM0E4vxLY,Sophia's Restaurant & Event Venue,"318 Forest Grove Road, Coraopolis",40.4809737,-80.1071413,"restaurant,food,point_of_interest,establishment",restaurant,OPERATIONAL,4.4,49.0
ChIJFaudp531NIgRUEFxnkA4bYY,JD's Joint,"564 Pine Hollow Road, McKees Rocks",40.47481379999999,-80.09807289999999,"restaurant,food,point_of_interest,establishment",restaurant,OPERATIONAL,4.1,74.0
ChIJkz2wmIr1NIgRrrwntvLqbQc,Kenmawr Plaza,"500 Pine Hollow Rd, McKees Rocks",40.4739738,-80.097263,"shopping_mall,point_of_interest,establishment",food_bank,OPERATIONAL,4.4,455.0
ChIJw_NW0Nr1NIgR3BS0ogHoFRk,Ecuatorianos en el mundo,"812 Broadway Avenue, McKees Rocks",40.47326079999999,-80.0751147,"convenience_store,store,food,point_of_interest,establishment",convenience,OPERATIONAL,4.8,10.0
ChIJZyACxr_1NIgRhZw4-oqcjik,Galaxy Market,"801 Broadway Avenue, McKees Rocks",40.47285979999999,-80.0747729,"convenience_store,store,food,point_of_interest,establishment",convenience,OPERATIONAL,3.5,43.0
ChIJqwwHp7_1NIgRE9svlIXBLsA,Hook Fish and Chicken,"700 Broadway Avenue, McKees Rocks",40.4725619,-80.07317929999999,"restaurant,food,point_of_interest,establishment",restaurant,OPERATIONAL,4.2,449.0
ChIJnagIBr_1NIgRrvqbqqcAtZU,Fox's Pizza Den - McKees Rocks,"659 Woodward Avenue, McKees Rocks",40.4727219,-80.07273219999999,"meal_delivery,restaurant,food,point_of_interest,establishment",restaurant,OPERATIONAL,3.9,369.0
ChIJlQTQt7_1NIgR8OCyUORpHw8,Mama Lena’s Pizza,"732 Broadway Avenue, McKees Rocks",40.47296360000001,-80.0743995,"meal_takeaway,meal_delivery,restaurant,food,point_of_interest,establishment","fast_food,restaurant",OPERATIONAL,4.4,648.0
ChIJrb0cc7_1NIgR4XHDE41Sy3Q,The Parkway Theater & Film Lounge,"644 Broadway Avenue, McKees Rocks",40.47194820000001,-80.0725132,"movie_theater,bar,restaurant,food,point_of_interest,establishment",restaurant,OPERATIONAL,4.8,283.0
ChIJVT6QO7f1NIgRd_2d9VYCWPs,Fabs Restaurant,"811 Broadway Avenue, McKees Rocks",40.4728814,-80.0752383,"restaurant,food,point_of_interest,establishment",restaurant,CLOSED_TEMPORARILY,4.1,111.0
ChIJ9dgGGRL1NIgR-0rLe2ZvLkE,Rainbow Hibachi,"807 Broadway Avenue, McKees Rocks",40.4728325,-80.07507869999999,"restaurant,food,point_of_interest,establishment",restaurant,OPERATIONAL,3.7,87.0
ChIJT7aBxBb1NIgR1uj51zjnK7E,The soul shack,"719 Broadway Avenue, McKees Rocks",40.4725627,-80.0741019,"restaurant,food,point_of_interest,establishment",restaurant,OPERATIONAL,,
ChIJe5Wjhyj1NIgRJd2uIm_Y9do,Au’Driana’s II,"719 Broadway Avenue, McKees Rocks",40.4725427,-80.07409059999999,"restaurant,food,point_of_interest,establishment",restaurant,CLOSED_TEMPORARILY,5.0,11.0
ChIJnfI4VwD1NIgRUNM1nv3Q-Oc,Kirklands Bussin,"647 Broadway Avenue, McKees Rocks",40.4718504,-80.0729375,"restaurant,food,point_of_interest,establishment",restaurant,OPERATIONAL,4.5,74.0
ChIJaVmyIAD1NIgRVy8wrJmozlw,Safari Eats,"644 Broadway Avenue, McKees Rocks",40.4720258,-80.0724354,"restaurant,food,point_of_interest,establishment",restaurant,OPERATIONAL,,
ChIJq7vXbAD1NIgR-tSG4wDCraU,Pupusas y Antojitos Helen,"642 Broadway Avenue, McKees Rocks",40.47197,-80.0723616,"restaurant,food,point_of_interest,establishment",restaurant,OPERATIONAL,4.9,58.0
ChIJpUwLa7f1NIgRvy_idPPD1oE,bp,"801 Island Avenue, McKees Rocks",40.47373,-80.06329,"gas_station,supermarket,grocery_or_supermarket,store,food,point_of_interest,establishment",grocery,OPERATIONAL,3.1,7.0
ChIJQZC9P7b1NIgR7HkhapdLfMk,Doughboy's Pizza,"508 Island Avenue, McKees Rocks",40.4709198,-80.0605913,"meal_takeaway,restaurant,food,point_of_interest,establishment","fast_food,restaurant",OPERATIONAL,4.4,1167.0
ChIJjbsZh0j1NIgR8HScMF1rpds,A&E Eat’z,"706 Island Avenue #2716, McKees Rocks",40.47279710000001,-80.0617156,"meal_takeaway,restaurant,food,point_of_interest,establishment","fast_food,restaurant",OPERATIONAL,4.6,55.0
ChIJcUwjV7b1NIgRzdrSm0ADwmI,Speedy Cafe,"50 Angelina Avenue, McKees Rocks",40.472584,-80.06044589999999,"restaurant,food,point_of_interest,establishment",restaurant,OPERATIONAL,2.9,7.0
ChIJsyO-iLP1NIgRH2V8gfE8bVI,Becker's Cafe,"315 Olivia Street, McKees Rocks",40.4746699,-80.05710359999999,"bar,restaurant,food,point_of_interest,establishment",restaurant,OPERATIONAL,3.9,177.0
ChIJvWKZpEL0NIgRABxLHOn5_Us,Hanini Market and Subs (Northside),"3245 Brighton Road, Pittsburgh",40.47639280000001,-80.03191120000001,"convenience_store,food,store,point_of_interest,establishment",convenience,OPERATIONAL,3.3,94.0
ChIJdQQwj2r0NIgRhys5Q5QZ8J0,New Big Corner Store,"1300 Woodland Avenue, Pittsburgh",40.4691582,-80.03023429999999,"convenience_store,food,store,point_of_interest,establishment",convenience,OPERATIONAL,4.1,13.0
ChIJpcZf3VP1NIgRf8IKmJK3CwE,K Stop Convenience,"2903 Brighton Road, Pittsburgh",40.4716106,-80.02731519999999,"convenience_store,food,store,point_of_interest,establishment",convenience,OPERATIONAL,1.0,2.0
ChIJ7zpiPCf1NIgRn7VZPxOqv9k,Brighton Mini Mart,"3889 Brighton Road, Pittsburgh",40.4867796,-80.0371327,"convenience_store,food,store,point_of_interest,establishment",convenience,OPERATIONAL,4.9,14.0
ChIJCZt9jGr0NIgRnHFkByewW6g,Cafe On the Corner,"2700 Shadeland Avenue, Pittsburgh",40.4692099,-80.0300121,"cafe,restaurant,food,point_of_interest,establishment",restaurant,CLOSED_TEMPORARILY,4.8,91.0
ChIJ0wO9t0b0NIgR1aZ3xP_Knco,Don's Diner,"1729 Eckert Street, Pittsburgh",40.4716414,-80.0373424,"restaurant,food,point_of_interest,establishment",restaurant,OPERATIONAL,4.6,349.0
ChIJp914Rc3zNIgRYJdIMp6cYAs,Z-Best Barbeque Chicken & Ribs,"3184 McClure Avenue, Pittsburgh",40.4737812,-80.0349482,"restaurant,food,point_of_interest,establishment",restaurant,OPERATIONAL,4.5,369.0
ChIJNcn3HWj0NIgRSw7-siX98oE,Wiseguys Pizza,"1223 Woods Run Avenue, Pittsburgh",40.4763889,-80.03111109999999,"meal_delivery,restaurant,food,point_of_interest,establishment",restaurant,OPERATIONAL,4.1,327.0
ChIJswalHGj0NIgRIH3BwknvkCs,Steel City Sports Bar & Grub,"1216 Woods Run Avenue, Pittsburgh",40.4765653,-80.0306078,"bar,meal_takeaway,store,restaurant,food,point_of_interest,establishment","fast_food,restaurant",OPERATIONAL,4.0,528.0
ChIJe02f2ln0NIgRuSKZiAt1vyg,Miller's Seafood House,"3853 California Avenue, Pittsburgh",40.4851677,-80.0419134,"bar,restaurant,food,point_of_interest,establishment",restaurant,OPERATIONAL,3.9,358.0
ChIJ7WeBIaf1NIgRUhUutFl8HT4,Flavors Famous Street Food,"3231 Brighton Road, Pittsburgh",40.4758776,-80.0315512,"meal_takeaway,restaurant,food,point_of_interest,establishment","fast_food,restaurant",OPERATIONAL,4.5,460.0
ChIJaa78xV70NIgR2lYFoRs3cyU,Pittsburgh Fish & Chicken,"1312 Benton Avenue, Pittsburgh",40.484478,-80.036452,"restaurant,food,point_of_interest,establishment",restaurant,OPERATIONAL,4.1,304.0
ChIJ4Wd7F1_0NIgRIhCtOZ4bIKU,St Cyril of Alexandria Church - Christ Our Savior Parish,"3854 Brighton Rd, Pittsburgh",40.4855375,-80.0358256,"church,place_of_worship,point_of_interest,establishment",food_bank,OPERATIONAL,4.6,36.0
ChIJnw3jHHb0NIgRZVGrGEDMmfw,Perry Market,"2601 Perrysville Avenue, Pittsburgh",40.4710857,-80.0087704,"convenience_store,store,food,point_of_interest,establishment",convenience,OPERATIONAL,3.8,171.0
ChIJt64vUw_0NIgR2CXerCskbtA,Wilson's Bar-B-Q,"2615 Perrysville Avenue, Pittsburgh",40.4713791,-80.0091568,"restaurant,food,point_of_interest,establishment",restaurant,CLOSED_TEMPORARILY,4.2,167.0
ChIJsy6SvvfzNIgRTl_IG4-Rel8,Hook Fish & Chicken - Northside,"1221 Federal Street, Pittsburgh",40.45643,-80.00711319999999,"restaurant,food,point_of_interest,establishment",restaurant,OPERATIONAL,4.1,553.0
ChIJaZkHl_f1NIgRDo8-Ih0S-68,ShadoBeni - Trinidadian Vegan Cuisine,"1534 Brighton Road, Pittsburgh",40.4578275,-80.0156868,"restaurant,food,point_of_interest,establishment",restaurant,OPERATIONAL,4.9,304.0
ChIJKcgUmvfzNIgRBLShl8PA9U8,El Burro,"1108 Federal Street, Pittsburgh",40.4559021,-80.0065765,"restaurant,food,point_of_interest,establishment",restaurant,OPERATIONAL,4.2,793.0
ChIJu3erOvX1NIgR8m3CItyhabY,Mayfly Market and Deli,"1327 Arch Street, Pittsburgh",40.4572618,-80.0095307,"grocery_or_supermarket,cafe,store,restaurant,food,point_of_interest,establishment",restaurant,OPERATIONAL,4.7,185.0
ChIJTySFk8PzNIgR9oYnssqat_A,THE LUNCH BOX,"1307 Federal Street, Pittsburgh",40.45721179999999,-80.00781359999999,"restaurant,food,point_of_interest,establishment",restaurant,OPERATIONAL,5.0,21.0
ChIJbXv84wX0NIgRocFxXgoWztk,Riggs Lounge,"1206 Brighton Road, Pittsburgh",40.45477459999999,-80.0146713,"night_club,bar,restaurant,food,point_of_interest,establishment",restaurant,OPERATIONAL,4.5,247.0
ChIJ_as8sbL1NIgRJRfXN8tX704,Fry Bar,"1100 Galveston Avenue, Pittsburgh",40.453665,-80.0169147,"restaurant,food,point_of_interest,establishment",restaurant,OPERATIONAL,4.8,101.0
ChIJjwuJs67zNIgRf-pZyHcOnq0,Pauline's Caribbean Soul Cuisine,"1204 Federal Street, Pittsburgh",40.4561256,-80.0065359,"restaurant,food,point_of_interest,establishment",restaurant,OPERATIONAL,4.4,231.0
ChIJ0SixagDzNIgRDn22Kp7MurU,Cucina Alfabeto,"40 West North Avenue, Pittsburgh",40.4555452,-80.0074976,"restaurant,food,point_of_interest,establishment",restaurant,OPERATIONAL,4.1,48.0
ChIJHTiqjPfzNIgR_55twfYmRoo,Alphabet City,"40 West North Avenue, Pittsburgh",40.4555128,-80.0075047,"book_store,store,restaurant,food,point_of_interest,establishment",restaurant,OPERATIONAL,4.8,116.0
ChIJ0axKmvfzNIgRdOPqQczWrDs,Badamo’s Pizza - Northside,"1106 Federal Street, Pittsburgh",40.4558354,-80.00650329999999,"restaurant,food,point_of_interest,establishment",restaurant,OPERATIONAL,4.6,727.0
ChIJMzWe57bzNIgR4SsDfxtCmOA,Breadbox PGH,"4 East North Avenue, Pittsburgh",40.45570549999999,-80.0064239,"restaurant,food,point_of_interest,establishment",restaurant,OPERATIONAL,4.9,34.0
ChIJlXdold_zNIgRRKRtgM1ICKE,Dollar General,"1930 Spring Garden Avenue, Pittsburgh",40.4695733,-79.98644370000001,"drugstore,convenience_store,grocery_or_supermarket,health,store,food,point_of_interest,establishment",convenience,OPERATIONAL,4.0,37.0
ChIJwU4VXLjzNIgRtg5K3uu7uYs,Redfin Blues,"100 Waterfront Drive, Pittsburgh",40.4634077,-79.9775453,"bar,restaurant,food,point_of_interest,establishment",restaurant,CLOSED_TEMPORARILY,4.2,1844.0
ChIJB3CJ5vDzNIgRi6HoleDHYN4,Cool Beans Taco Truck,"500 East North Avenue, Pittsburgh",40.45659570000001,-80.0014987,"restaurant,food,point_of_interest,establishment",restaurant,OPERATIONAL,4.9,80.0
ChIJ54EGk-vzNIgRT1NSK86AsiU,Riviera Pizza & Pasta,"1213 Spring Garden Avenue, Pittsburgh",40.46006999999999,-79.99109399999999,"meal_delivery,restaurant,food,point_of_interest,establishment",restaurant,OPERATIONAL,3.7,281.0
ChIJ28bpBwDzNIgR9cjJ71WUIUg,Uzbek Food,"1926 Spring Garden Avenue, Pittsburgh",40.4694319,-79.986429,"restaurant,food,point_of_interest,establishment",restaurant,OPERATIONAL,4.7,101.0
ChIJrwUcMADzNIgRlj30FGijJkE,House of Shish Kebabs,"1926 Spring Garden Avenue, Pittsburgh",40.4694319,-79.986429,"restaurant,food,point_of_interest,establishment",restaurant,OPERATIONAL,4.5,68.0
ChIJN8eH3b_zNIgRqYgBP4sq8yw,"Marshall's, Ltd.","1520 Spring Garden Avenue, Pittsburgh",40.46479279999999,-79.98594369999999,"gas_station,store,restaurant,food,point_of_interest,establishment",restaurant,OPERATIONAL,4.6,115.0
ChIJ80AdGhnzNIgRuy7GqzWKZeI,Riviera Express,"1213 Spring Garden Avenue, Pittsburgh",40.460057,-79.991113,"restaurant,food,point_of_interest,establishment",restaurant,OPERATIONAL,4.3,8.0
ChIJv-h4F53zNIgRjhtVF5kI5H0,Hog's Head Bar and Grill,"3433 Spring Garden Avenue, Pittsburgh",40.4824238,-79.9962106,"bar,restaurant,food,point_of_interest,establishment",restaurant,OPERATIONAL,4.6,651.0
ChIJ-6roCurzNIgRjTcSLTAsu9Y,Brehm's Return,"1354 Goettmann Street, Pittsburgh",40.4595872,-79.98630419999999,"bar,restaurant,food,point_of_interest,establishment",restaurant,OPERATIONAL,4.6,273.0
ChIJ1QoHqfrzNIgRXO5PEaJO_vs,China Taste Restaurant,"630 East Ohio Street, Pittsburgh",40.45411199999999,-79.998119,"restaurant,food,point_of_interest,establishment",restaurant,OPERATIONAL,4.2,325.0
ChIJReLa5-_zNIgRj2_pLh7ZKpQ,Verdetto's | Bar & Restaurant,"814 Madison Avenue, Pittsburgh",40.45527779999999,-79.99694439999999,"bar,restaurant,food,point_of_interest,establishment",restaurant,OPERATIONAL,4.3,250.0
ChIJU-E_KhvzNIgRfi53Eoj79i8,Fig & Ash,"514 East Ohio Street, Pittsburgh",40.4537583,-80.0001581,"restaurant,food,point_of_interest,establishment",restaurant,OPERATIONAL,4.7,876.0
ChIJx_dVIsHzNIgRVOx-Y_MMsvQ,EYV,"424 East Ohio Street, Pittsburgh",40.4536202,-80.0008352,"restaurant,food,point_of_interest,establishment",restaurant,OPERATIONAL,4.8,172.0
ChIJA3kY2RXzNIgRWPYnoWTQco8,CHAI NEW YORK,"435 East Ohio Street, Pittsburgh",40.4534178,-80.0004965,"restaurant,food,point_of_interest,establishment",restaurant,OPERATIONAL,,
ChIJ-2C3sPfzNIgRpVpqW11Hncs,Siempre Algo,"414 East Ohio Street, Pittsburgh",40.453526,-80.00108279999999,"bar,restaurant,food,point_of_interest,establishment",restaurant,OPERATIONAL,4.6,312.0
ChIJt394afrzNIgRULgSSDQIPog,Butter Fat,"404 East Ohio Street, Pittsburgh",40.4534239,-80.0014028,"restaurant,food,point_of_interest,establishment",restaurant,OPERATIONAL,,
ChIJB-brKWjzNIgRoEfIRvz0FU8,The Smash Shack,"401 East Ohio Street, Pittsburgh",40.4531771,-80.0014724,"restaurant,food,point_of_interest,establishment",restaurant,OPERATIONAL,4.8,115.0
ChIJH6QxSqjzNIgRSX5qeDa74Uo,North Hills Community Outreach - Millvale Office,"416 Lincoln Ave, Pittsburgh",40.4809551,-79.9726993,"food,point_of_interest,establishment",food_bank,OPERATIONAL,4.7,28.0
ChIJHx8qoanzNIgRJc4_A4E36GM,Millvale Food + Energy Hub,"112 E Sherman St, Millvale",40.4799436,-79.9713279,"point_of_interest,establishment",food_bank,OPERATIONAL,4.8,26.0
ChIJcWYUSqjzNIgRpn44TyeVNEw,Millvale Community Center,"416 Lincoln Ave, Millvale",40.4809099,-79.9727249,"point_of_interest,establishment",food_bank,OPERATIONAL,5.0,7.0
ChIJze13-FbyNIgRpHUt-YaZR9s,Sunoco,"5013 Butler Street, Pittsburgh",40.4782356,-79.956047,"gas_station,convenience_store,atm,finance,store,food,point_of_interest,establishment","convenience,food_bank",OPERATIONAL,2.1,37.0
ChIJd181_qjzNIgRmSzlU8BNmWM,Sunoco,"300 Grant Avenue, Millvale",40.4795655,-79.9722123,"gas_station,convenience_store,store,food,point_of_interest,establishment",convenience,OPERATIONAL,2.3,18.0
ChIJ59kNZy3zNIgRb8GCy72EySw,7-Eleven,"300 Grant Avenue, Millvale",40.4796602,-79.9721247,"convenience_store,cafe,liquor_store,store,restaurant,food,point_of_interest,establishment","convenience,restaurant",OPERATIONAL,2.7,18.0
ChIJk_axrxjzNIgR7gEOhUR0VFc,Millvale Convenience Store,"215 North Avenue, Millvale",40.4813479,-79.9748389,"convenience_store,store,food,point_of_interest,establishment",convenience,OPERATIONAL,5.0,4.0
ChIJKWVj-FbyNIgR3Ozuj9XW1Vk,Aplus,"5013 Butler Street, Pittsburgh",40.4782588,-79.9562225,"convenience_store,store,food,point_of_interest,establishment",convenience,OPERATIONAL,,
ChIJM3Qvg2_zNIgR9ePbpSQ2ZUo,Grub & Co,"5013 Butler Street, Pittsburgh",40.4782401,-79.9560576,"convenience_store,store,food,point_of_interest,establishment",convenience,OPERATIONAL,,
ChIJQ5CNUQbzNIgR0foJ8Avkj5E,Millvale Corner Store,"544 North Avenue, Millvale",40.484997,-79.972826,"convenience_store,store,food,point_of_interest,establishment",convenience,OPERATIONAL,4.2,15.0
ChIJZ95LMBrzNIgR9ocRRpCZ9BU,Snacks & Dice,"601 52nd Street, Pittsburgh",40.4787993,-79.9519358,"convenience_store,store,food,point_of_interest,establishment",convenience,OPERATIONAL,5.0,5.0
ChIJCfyoZ6nzNIgRL5QlxkTYtbE,Subway,"124 Grant Avenue, Millvale",40.4785009,-79.97008439999999,"meal_takeaway,restaurant,food,point_of_interest,establishment","fast_food,restaurant",OPERATIONAL,4.2,177.0
ChIJv6siiU3yNIgRY1K4PUwSTvY,Industry Public House,"4305 Butler Street, Pittsburgh",40.47092200000001,-79.960374,"bar,restaurant,food,point_of_interest,establishment",restaurant,OPERATIONAL,4.2,1814.0
ChIJPcu-9wbzNIgRb9WEeyA2mGU,Sidelines Bar & Grill,"621 Evergreen Avenue, Pittsburgh",40.485491,-79.97248599999999,"bar,restaurant,food,point_of_interest,establishment",restaurant,OPERATIONAL,4.3,802.0
ChIJ66LSFVLyNIgRtZXizJSCCGk,New Amsterdam,"4421 Butler Street, Pittsburgh",40.472149,-79.95953,"night_club,bar,restaurant,food,point_of_interest,establishment",restaurant,OPERATIONAL,4.1,764.0
ChIJfdbjNknyNIgRfLIY5-dxlQQ,Fazio's Pizza,"4028 Penn Avenue, Pittsburgh",40.46527080000001,-79.95683509999999,"restaurant,food,point_of_interest,establishment",restaurant,OPERATIONAL,4.5,467.0
ChIJFWbwNU_yNIgRFCEuSZi60Es,Caffé Mona La Bistro,"4200 Penn Avenue, Pittsburgh",40.46567799999999,-79.9542656,"cafe,store,restaurant,food,point_of_interest,establishment",restaurant,OPERATIONAL,4.5,1116.0
ChIJ9y_Onk3yNIgRg1Zzijr0ge4,Geppetto Cafe,"4121 Butler Street, Pittsburgh",40.47008049999999,-79.9609069,"cafe,restaurant,food,store,point_of_interest,establishment",restaurant,OPERATIONAL,4.7,1229.0
ChIJb026fVHyNIgRp717s78G9n0,The Abbey on Butler Street,"4635 Butler Street, Pittsburgh",40.4738272,-79.9584053,"restaurant,cafe,bar,food,point_of_interest,establishment",restaurant,OPERATIONAL,4.3,2294.0
ChIJecOqDajzNIgR9FecW2nyS0s,Bar 3 Millvale,"217 North Avenue, Millvale",40.4814083,-79.9748153,"bar,restaurant,food,point_of_interest,establishment",restaurant,CLOSED_TEMPORARILY,4.5,286.0
ChIJZ5fFx6vzNIgR4IEc-0-hA7Q,Strange Roots Experimental Ales,"501 East Ohio Street, Millvale",40.47877500000001,-79.96818100000002,"bar,restaurant,food,point_of_interest,establishment",restaurant,OPERATIONAL,4.5,310.0
ChIJ4at4NE_yNIgRDPjJG9F_BQQ,Los Cabos Mexican Restaurant,"4110 Penn Avenue, Pittsburgh",40.465667,-79.95455,"bar,restaurant,food,point_of_interest,establishment",restaurant,OPERATIONAL,4.3,506.0
ChIJR1p9kFbyNIgRDZ210Bg9nvk,Stinky's Bar & Grill,"4901 Hatfield Street, Pittsburgh",40.4776845,-79.95771669999999,"bar,restaurant,food,point_of_interest,establishment",restaurant,OPERATIONAL,4.4,908.0
ChIJyTyxT7TzNIgRnMNKpyk-XEM,Salonika Imports,"3509 Smallman Street, Pittsburgh",40.4647526,-79.96782309999999,"grocery_or_supermarket,restaurant,food,store,point_of_interest,establishment",restaurant,OPERATIONAL,4.8,74.0
ChIJZymKEajzNIgR44saWOLvQ8w,Lincoln's P&G Diner,"232 North Avenue, Pittsburgh",40.4813816,-79.9742484,"restaurant,food,point_of_interest,establishment",restaurant,OPERATIONAL,4.7,1359.0
ChIJoacKHk3yNIgRuTyIvX6tIHY,Wendy's,"4001 Butler Street, Pittsburgh",40.469128,-79.96232359999999,"restaurant,food,point_of_interest,establishment",restaurant,OPERATIONAL,3.0,1961.0
ChIJeQFFbQbzNIgRVVDCBkLo4_k,Franks Pizza & Chicken Inc,"641 North Avenue, Millvale",40.486731,-79.973503,"meal_delivery,restaurant,food,point_of_interest,establishment",restaurant,OPERATIONAL,4.4,401.0
ChIJf3_qIU7yNIgRV2wqYv_dOiI,Kelly's Korner,"285 45th Street, Pittsburgh",40.4706761,-79.9569121,"bar,restaurant,food,point_of_interest,establishment",restaurant,OPERATIONAL,4.6,141.0
ChIJ_83TCKnzNIgRLYasLp7swIc,Nova Cafe Millvale,"224 Grant Avenue, Pittsburgh",40.4792789,-79.97171039999999,"store,restaurant,food,point_of_interest,establishment",restaurant,OPERATIONAL,4.5,126.0
ChIJmTdGy0fyNIgRnBcu5zadtoQ,China House,"4506 Liberty Avenue, Pittsburgh",40.46283709999999,-79.95167719999999,"restaurant,food,point_of_interest,establishment",restaurant,OPERATIONAL,4.1,215.0
ChIJu8lO6bTzNIgRTk57p9qMxLQ,Frankie's Extra Long,"3535 Butler Street, Pittsburgh",40.4649824,-79.96585019999999,"restaurant,food,point_of_interest,establishment",restaurant,OPERATIONAL,4.6,615.0
ChIJZ5ZEkM7zNIgRbD1UL6cJ2m0,El Rincon Oaxaqueño,"3817 Butler Street, Pittsburgh",40.46756699999999,-79.9642672,"restaurant,food,point_of_interest,establishment",restaurant,OPERATIONAL,4.6,68.0
ChIJJdPcGIrzNIgR4he_3_nQQxM,COLOMBINO Coffee,"3817 Butler Street, Pittsburgh",40.4675693,-79.9642338,"cafe,store,restaurant,food,point_of_interest,establishment",restaurant,OPERATIONAL,4.7,138.0
ChIJm-4CqZzzNIgR7EX7MH7PMTg,The Nook,"3811 Butler Street, Pittsburgh",40.4672205,-79.9641709,"cafe,store,restaurant,food,point_of_interest,establishment",restaurant,OPERATIONAL,4.6,620.0
ChIJP9e7G-jzNIgRkZGSNYvfzGU,Brooklyn Bagel at Arsenal,"3915 Butler Street, Pittsburgh",40.467886,-79.96362959999999,"restaurant,food,point_of_interest,establishment",restaurant,OPERATIONAL,4.3,216.0
ChIJDRzTaXTyNIgRr-Lofpxky2w,Macaron Bar Lawrenceville,"3629 Butler Street, Pittsburgh",40.4662706,-79.9649122,"bakery,store,restaurant,food,point_of_interest,establishment",restaurant,OPERATIONAL,4.5,105.0
ChIJTdlGrlzzNIgRIQf1pxrBMXc,Over Eden,"177 40th Street, Pittsburgh",40.469456,-79.9629301,"night_club,bar,restaurant,food,point_of_interest,establishment",restaurant,OPERATIONAL,3.9,383.0
ChIJv3LUorTzNIgRvwY5DAgTA1s,Driftwood Oven,"3615 Butler Street, Pittsburgh",40.46588969999999,-79.96511799999999,"bakery,store,restaurant,food,point_of_interest,establishment",restaurant,OPERATIONAL,4.7,1014.0
ChIJrzelqffzNIgRnDkl4GRkyd8,Brick Shop,"177 40th Street, Pittsburgh",40.46934479999999,-79.9628448,"bar,restaurant,food,point_of_interest,establishment",restaurant,OPERATIONAL,4.3,52.0
ChIJbTN0U7PzNIgRbg-WVM1LlSU,Umami,"202 38th Street, Pittsburgh",40.4666498,-79.9642252,"restaurant,food,point_of_interest,establishment",restaurant,OPERATIONAL,4.6,1065.0
ChIJGyHKJrP3NIgRsdwacPEvZDg,Pita My Shawarma,"3716 Butler Street, Pittsburgh",40.46660230000001,-79.96426,"restaurant,bar,food,point_of_interest,establishment",restaurant,OPERATIONAL,4.4,466.0
ChIJ0TkalrTzNIgR3WQ1VOvp8Jg,Burghers Brewing Company Lawrenceville Tap House,"3601 Butler Street, Pittsburgh",40.46550839999999,-79.9653805,"bar,restaurant,food,point_of_interest,establishment",restaurant,OPERATIONAL,4.2,687.0
ChIJTQPE-rTzNIgRoMiCLq3FCBs,Poulet Bleu,"3517 Butler Street, Pittsburgh",40.464531,-79.96617599999999,"restaurant,food,point_of_interest,establishment",restaurant,OPERATIONAL,4.6,485.0
ChIJb_VOfAvzNIgRKdCh4uarLc8,Spice Delight Vegan and Vegetarian Restaurant,"3513A Butler Street, Pittsburgh",40.464408,-79.9663065,"restaurant,food,point_of_interest,establishment",restaurant,OPERATIONAL,4.7,85.0
ChIJwfaFMAXzNIgRkweT0rMrsR0,Cilantro & Ajo Lawrenceville,"4017 Butler Street, Pittsburgh",40.4693027,-79.9618624,"restaurant,food,point_of_interest,establishment",restaurant,OPERATIONAL,4.7,101.0
ChIJBz2zA7XzNIgRZbcBa1o8x_c,Senti Restaurant,"3473 Butler Street, Pittsburgh",40.463778,-79.966774,"restaurant,food,point_of_interest,establishment",restaurant,OPERATIONAL,4.6,449.0
ChIJZ7lhHsj1NIgRi2cgsq74AH0,La Vostra Pizza,"4053 Butler Street, Pittsburgh",40.4694062,-79.96156119999999,"restaurant,food,point_of_interest,establishment",restaurant,OPERATIONAL,4.5,51.0
ChIJVV4HnqLxNIgRxbPYfPin_Wo,Mi Empanada,"4034 Butler Street, Pittsburgh",40.4693291,-79.9612259,"restaurant,food,point_of_interest,establishment",restaurant,OPERATIONAL,4.5,277.0
ChIJL3ujxP3zNIgR9aqygXcUHAY,Condado Tacos,"4300 Butler Street, Pittsburgh",40.4706352,-79.9601584,"meal_takeaway,bar,restaurant,food,point_of_interest,establishment",fast_food,OPERATIONAL,4.6,2421.0
ChIJubRmpF3zNIgRtEE5f1jcmRY,Iron Born Pizza | Millvale,"413 Grant Avenue, Pittsburgh",40.4800685,-79.9736961,"meal_takeaway,restaurant,food,point_of_interest,establishment","fast_food,restaurant",OPERATIONAL,4.4,640.0
ChIJByWbqoDzNIgRIYQGeZ3DGHU,Pizza Lupo,"5123 Butler Street, Pittsburgh",40.479054,-79.95548099999999,"meal_delivery,meal_takeaway,restaurant,food,point_of_interest,establishment","fast_food,restaurant",OPERATIONAL,4.8,609.0
ChIJ1xOABSDzNIgRjqUpv4PX2AE,Las Chicas,"624 North Avenue, Pittsburgh",40.4862334,-79.97307119999999,"meal_takeaway,restaurant,food,point_of_interest,establishment","fast_food,restaurant",OPERATIONAL,5.0,15.0
ChIJr2zAWVXzNIgRfUXEuOwvNoE,Harvie,"28 McCandless Ave, Pittsburgh",40.4829564,-79.9550012,"grocery_or_supermarket,store,food,point_of_interest,establishment",farmers_market,OPERATIONAL,4.7,525.0
ChIJLfcRf5bzNIgR3cpSjuiWFio,ALDI,"450 56th Street, Pittsburgh",40.483331,-79.948527,"supermarket,grocery_or_supermarket,store,food,point_of_interest,establishment",grocery,OPERATIONAL,4.5,66.0
ChIJ2yPqm_fyNIgRrX4_XAqLAjw,Pusadee's Garden,"5319 Butler Street, Pittsburgh",40.4825605,-79.9519684,"restaurant,food,point_of_interest,establishment",restaurant,OPERATIONAL,4.7,1198.0
ChIJo5vWsfbyNIgREEFv8eWTR9A,Hop Farm Brewing Company,"5601 Butler Street, Pittsburgh",40.4845124,-79.9480268,"bar,restaurant,food,point_of_interest,establishment",restaurant,OPERATIONAL,4.6,290.0
ChIJU1c6EUfyNIgRg8gKJwQNl4c,Pleasure Bar,"4729 Liberty Avenue, Pittsburgh",40.4617028,-79.9486917,"bar,restaurant,food,point_of_interest,establishment",restaurant,OPERATIONAL,4.2,675.0
ChIJzSCE0kPyNIgRBzJJwOyniQE,Phở Minh,"4917 Penn Avenue, Pittsburgh",40.4653614,-79.94452179999999,"restaurant,food,point_of_interest,establishment",restaurant,CLOSED_TEMPORARILY,4.4,324.0
ChIJifg4qkfyNIgR78eJjin8_cI,Sausalido,"4621 Liberty Avenue, Pittsburgh",40.462443,-79.950098,"restaurant,food,point_of_interest,establishment",restaurant,OPERATIONAL,4.7,125.0
ChIJn862SEfyNIgRVibDFUOQzsI,Angelo's Pizzeria,"4768 Liberty Avenue, Pittsburgh",40.4607398,-79.9478879,"restaurant,food,point_of_interest,establishment",restaurant,OPERATIONAL,4.3,729.0
ChIJLfzKFEfyNIgR6L1Z3Rj0Q2c,Ginza Japanese Restaurant,"4734 Liberty Avenue, Pittsburgh",40.4613895,-79.9488118,"restaurant,food,point_of_interest,establishment",restaurant,OPERATIONAL,4.5,434.0
ChIJv80hSkfyNIgRNZnI9Dxc-n4,Starbucks Coffee Company,"4765 Liberty Avenue, Pittsburgh",40.46109,-79.94758,"cafe,restaurant,food,store,point_of_interest,establishment",restaurant,OPERATIONAL,4.3,327.0
ChIJMRYpAzzyNIgRZiBHq4lVht8,Mia Pizza Wings & Gyro,"4901 Baum Boulevard, Pittsburgh",40.4547321,-79.94653509999999,"restaurant,food,point_of_interest,establishment",restaurant,OPERATIONAL,3.4,205.0
ChIJiYokHjzyNIgRtnsi_6a_MPk,Einstein Bros. Bagels,"4910 Baum Boulevard, Pittsburgh",40.45455099999999,-79.946125,"bakery,cafe,restaurant,food,store,point_of_interest,establishment",restaurant,OPERATIONAL,4.2,394.0
ChIJV9x5pxXyNIgR5rO9GDHxInE,Starbucks Coffee Company,"5310 Liberty Avenue, Pittsburgh",40.45577999999999,-79.93951,"cafe,restaurant,food,store,point_of_interest,establishment",restaurant,OPERATIONAL,4.4,408.0
ChIJcahYNUbyNIgRkh-YFLBrnyk,Pizza Italia,"4512 Liberty Avenue, Pittsburgh",40.46273180000001,-79.9515103,"meal_delivery,restaurant,food,point_of_interest,establishment",restaurant,OPERATIONAL,4.4,172.0
ChIJ-8RWsHvyNIgRRdLk4GjZtDQ,Mt. Ararat Community Activity Center,"745 N Negley Ave, Pittsburgh",40.47118529999999,-79.9269431,"point_of_interest,establishment",food_bank,OPERATIONAL,4.1,19.0
ChIJ57mYsoLyNIgRpXbDwNR4OpM,On The Fly,"7338 Butler Street, Pittsburgh",40.4876259,-79.9198471,"convenience_store,store,food,point_of_interest,establishment",convenience,OPERATIONAL,2.7,9.0
ChIJzRu8mX_yNIgRIXXPzSRbLMU,Teppanyaki Kyoto,"5808 Bryant Street, Pittsburgh",40.47575379999999,-79.9204268,"bar,restaurant,food,point_of_interest,establishment",restaurant,OPERATIONAL,4.7,593.0
ChIJF8gWyH_yNIgR54cOZfU6tXw,Joseph Tambellini Restaurant,"5701 Bryant Street, Pittsburgh",40.4765163,-79.9214926,"restaurant,food,point_of_interest,establishment",restaurant,OPERATIONAL,4.6,483.0
ChIJvTL5iH_yNIgRdO6KVGjHGXM,Smiling Banana Leaf,"5901 Bryant Street, Pittsburgh",40.4758509,-79.9195763,"restaurant,food,point_of_interest,establishment",restaurant,OPERATIONAL,4.4,900.0
ChIJV7Ep6nbyNIgRZRxAbwKeAF8,Vento’s Pizza,"420 North Highland Avenue, Pittsburgh",40.4643946,-79.9232727,"restaurant,food,point_of_interest,establishment",restaurant,OPERATIONAL,4.3,757.0
ChIJtfj1dHTyNIgRufxtaSnXwO4,Capri Pizzeria and Bar,"6001 Penn Avenue, Pittsburgh",40.46153819999999,-79.9246154,"bar,restaurant,food,point_of_interest,establishment",restaurant,OPERATIONAL,4.0,434.0
ChIJG4Wlv3_yNIgRD72vwwni040,Park Place Pub,"5719-5721 Bryant Street, Pittsburgh",40.47620000000001,-79.9209463,"bar,restaurant,food,point_of_interest,establishment",restaurant,OPERATIONAL,4.5,302.0
ChIJNVE5jpnzNIgRDWp7rqeTgfY,Bryant Street Tavern,"5801 Bryant Street, Pittsburgh",40.4761763,-79.9205714,"restaurant,food,point_of_interest,establishment",restaurant,OPERATIONAL,4.2,65.0
ChIJg0PTuiLzNIgRZiDiEC0UMCM,Applewood Smoke Burger Company,"5719 Bryant Street, Pittsburgh",40.4763295,-79.9208785,"restaurant,food,point_of_interest,establishment",restaurant,OPERATIONAL,4.8,234.0
ChIJWUhDIV3rNIgRQxO6uLEN9fw,Antojitos Hondurenos and More,"250 North Highland Avenue, Pittsburgh",40.46353499999999,-79.9234975,"restaurant,food,point_of_interest,establishment",restaurant,OPERATIONAL,4.2,34.0
ChIJmWLN6GnzNIgRo8_Bfz1dHAw,BLUE SKY KITCHEN & BAR,"211 North Whitfield Street, Pittsburgh",40.4630916,-79.92535819999999,"restaurant,bar,food,point_of_interest,establishment",restaurant,CLOSED_TEMPORARILY,4.4,313.0
ChIJGQTpEtLzNIgRHJME6IMBpzM,Sia's Garden Grown,"220 North Highland Avenue, Pittsburgh",40.4629299,-79.92379570000001,"restaurant,food,point_of_interest,establishment",restaurant,CLOSED_TEMPORARILY,4.9,69.0
ChIJwU6FLvLzNIgRD4-prrBmsKY,Reva Modern Indian Cuisine,"220 North Highland Avenue, Pittsburgh",40.4629221,-79.92378339999999,"restaurant,food,point_of_interest,establishment",restaurant,OPERATIONAL,4.6,463.0
ChIJ4WOC0srzNIgR_tT5SlVi_Ao,Dancing Crab Thai East Liberty,"6018 Broad Street, Pittsburgh",40.4619996,-79.9238991,"restaurant,food,point_of_interest,establishment",restaurant,OPERATIONAL,4.6,183.0
ChIJw9ZYznPyNIgRXZJI7YPAVR8,Clean Juice,"5829 Penn Avenue, Pittsburgh",40.46242900000001,-79.9271586,"health,store,restaurant,food,point_of_interest,establishment",restaurant,OPERATIONAL,4.3,248.0
ChIJfdzHQ4_zNIgROcZfrwEpiM8,Fish Nor Fowl,"5523 Penn Avenue, Pittsburgh",40.4641074,-79.9314395,"restaurant,food,point_of_interest,establishment",restaurant,OPERATIONAL,4.5,318.0
ChIJobsW9brzNIgRjfMhou33eQ4,Wingstop,"5810 Penn Avenue, Pittsburgh",40.46219380000001,-79.92769659999999,"restaurant,food,point_of_interest,establishment",restaurant,OPERATIONAL,4.2,201.0
ChIJLxC-5I7zNIgRjFJUj8zU2iU,Pizza,"5700 Penn Avenue, Pittsburgh",40.4625517,-79.9288163,"restaurant,food,point_of_interest,establishment",restaurant,OPERATIONAL,,
ChIJ_xbBinPyNIgR5I6bKzW6Xc4,Margaux,"5947 Penn Avenue, Pittsburgh",40.4616588,-79.9249802,"cafe,bar,store,restaurant,food,point_of_interest,establishment",restaurant,OPERATIONAL,4.5,381.0
ChIJ2U961ErzNIgR_Q6HvAae7_s,Duo's,"5906 Penn Avenue, Pittsburgh",40.4618256,-79.92658589999999,"restaurant,food,point_of_interest,establishment",restaurant,OPERATIONAL,4.7,407.0
ChIJVzB5oHjzNIgRqHgbfO7E9Lo,Farmer's Fridge,"Located in the West Wing, 141 South Saint Clair Street MK, Pittsburgh",40.4623,-79.92882,"restaurant,food,point_of_interest,establishment",restaurant,OPERATIONAL,5.0,1.0
ChIJJ5Vo3wXzNIgR5dwpSgzW7_I,Gyro Guys,"6025 Penn Avenue, Pittsburgh",40.461385,-79.92363999999999,"restaurant,food,point_of_interest,establishment",restaurant,OPERATIONAL,4.8,75.0
ChIJf2CLlcPzNIgRggMdWyYaYgo,Moonlit Burgers Garfield,"5491 Penn Avenue, Pittsburgh",40.4643005,-79.9326205,"restaurant,food,point_of_interest,establishment",restaurant,OPERATIONAL,4.8,20.0
ChIJeSSmJRLtNIgRBOgP766JQ7I,Eat'n Park,"849 Freeport Road, Pittsburgh",40.48702850000001,-79.89176239999999,"meal_takeaway,restaurant,food,point_of_interest,establishment","fast_food,restaurant",OPERATIONAL,3.9,1447.0
ChIJKYxxdsfsNIgRZsmnJBFzihQ,Taco Bell,"825 Freeport Road, Pittsburgh",40.4875718,-79.8950038,"meal_takeaway,restaurant,food,point_of_interest,establishment","fast_food,restaurant",OPERATIONAL,3.3,922.0
ChIJEcChihvtNIgRpEzz0XFp3Jo,Fox Chapel Plaza,"1101-1195 Freeport Rd, Pittsburgh",40.4880526,-79.88102289999999,"shopping_mall,point_of_interest,establishment",food_bank,OPERATIONAL,4.3,763.0
ChIJQffli7XsNIgRTB_uHRHqzQk,Market District Supermarket,"Waterworks Plaza, 910 Freeport Rd, Pittsburgh",40.4884011,-79.8938411,"grocery_or_supermarket,store,food,point_of_interest,establishment",food_bank,OPERATIONAL,4.4,2213.0
ChIJ-VxiqRPtNIgR0YeU8bWls60,Giant Eagle Market District Water Works,"910 Freeport Rd, Pittsburgh",40.48829569999999,-79.89380609999999,"grocery_or_supermarket,pharmacy,health,store,food,point_of_interest,establishment",food_bank,OPERATIONAL,4.1,558.0
ChIJB_w6i-LsNIgRtBN8BnU2hfI,Baja Bar & Grill,"1366 Old Freeport Road, Pittsburgh",40.48558980000001,-79.8724615,"bar,restaurant,food,point_of_interest,establishment",restaurant,OPERATIONAL,4.3,344.0
ChIJ7UC_s3jtNIgRi275tVnfwDg,Chaz’s Kitchen,"663 Arbor Court, Pittsburgh",40.4858172,-79.8853809,"restaurant,food,point_of_interest,establishment",restaurant,OPERATIONAL,4.8,13.0
ChIJUV9ncGztNIgROVvr-WUewtU,Taipei Chinese Restaurant,"1124 Freeport Road, Pittsburgh",40.48762130000001,-79.88059659999999,"restaurant,food,point_of_interest,establishment",restaurant,OPERATIONAL,4.4,273.0
ChIJc5r1Y5XtNIgRHna9s-nKRJs,Graze Craze Charcuterie Boards & Boxes,"1153 Old Freeport Road, Pittsburgh",40.48784860000001,-79.87872709999999,"meal_delivery,store,restaurant,food,point_of_interest,establishment",restaurant,OPERATIONAL,4.9,28.0
ChIJeXsyPxztNIgRQU8o6puhbbM,Nancettas Ristorante,"1200 Old Freeport Road, Pittsburgh",40.4881175,-79.8781777,"restaurant,food,point_of_interest,establishment",restaurant,OPERATIONAL,4.0,213.0
ChIJx0AInnztNIgR0dwkxQKMMHg,T.O.C Jerk Center,"260 Coal Hollow Road, Verona",40.474343,-79.8492629,"restaurant,food,point_of_interest,establishment",restaurant,OPERATIONAL,5.0,1.0
ChIJrVOUVZftNIgRjKQwY6XMuWk,Addison Avenue Catering,"4727 Verona Road, Verona",40.47691520000001,-79.8474918,"meal_delivery,meal_takeaway,restaurant,food,point_of_interest,establishment","fast_food,restaurant",OPERATIONAL,4.9,57.0
ChIJKxzmA5vsNIgRfhpdFzPWKtg,Della Sala's Pizza,"5527 Verona Road, Verona",40.4827258,-79.8378171,"restaurant,food,point_of_interest,establishment",restaurant,OPERATIONAL,4.8,622.0
ChIJ6xdceJDsNIgR_CQ_Q9N_1_4,Rosedale Food Pantry,"5501 3rd St, Verona",40.482724,-79.8409808,"food,point_of_interest,establishment",food_bank,OPERATIONAL,4.8,64.0
ChIJ6xdceJDsNIgRCGwHkCXR4Ns,Rosedale United Methodist Church,"5501 3rd St, Verona",40.4827573,-79.8407175,"church,place_of_worship,point_of_interest,establishment",food_bank,OPERATIONAL,4.2,5.0
ChIJe5H-jo_sNIgRC9jfjozwAKY,New Vision Community Church - Food Distribution Center,"1620 Randolph Ln, Verona",40.478612,-79.84145389999999,"food,point_of_interest,establishment",food_bank,OPERATIONAL,5.0,1.0
ChIJf0aUBWbrNIgRM0bjpXfrOjs,bp,"6106 Saltsburg Road, Verona",40.484379,-79.818615,"gas_station,supermarket,grocery_or_supermarket,store,food,point_of_interest,establishment",grocery,OPERATIONAL,4.2,46.0
ChIJo0iNwh9SwYkREx4W7Db2FHk,Walgreens,"6201 Saltsburg Road, Pittsburgh",40.48532389999999,-79.8163853,"drugstore,convenience_store,clothing_store,health,store,food,point_of_interest,establishment",convenience,OPERATIONAL,3.9,50.0
ChIJyxpN5WTrNIgRXbdihsE3WcE,DG Market,"12818 Frankstown Road, Pittsburgh",40.48070609999999,-79.82194419999999,"grocery_or_supermarket,convenience_store,drugstore,health,home_goods_store,store,food,point_of_interest,establishment",convenience,OPERATIONAL,3.8,401.0
ChIJ6WTgAGbrNIgRyowXoQYq7PE,7-Eleven,"6106 Saltsburg Road, Verona",40.48424660000001,-79.8186216,"convenience_store,cafe,liquor_store,store,restaurant,food,point_of_interest,establishment","convenience,restaurant",OPERATIONAL,3.2,36.0
ChIJ4_H3rXjrNIgRV-IroPyqqAE,Food Mart,"11837 Frankstown Road, Penn Hills Township",40.4698842,-79.82361200000001,"convenience_store,store,food,point_of_interest,establishment",convenience,OPERATIONAL,,
ChIJcXpta53rNIgRYh2Fdr6mhHs,Penn Hills Convenience,"12120 Frankstown Road, Penn Hills Township",40.47114759999999,-79.8198872,"convenience_store,store,food,point_of_interest,establishment",convenience,OPERATIONAL,5.0,5.0
ChIJHyiUNXjrNIgRzkvgDnpEUuA,Fiore Food Services,"12120 Frankstown Road, Penn Hills Township",40.471123,-79.819795,"convenience_store,store,food,point_of_interest,establishment",convenience,OPERATIONAL,5.0,7.0
ChIJgWhmw3nrNIgR_o3XvmgRN9E,Fox's Pizza Den,"12244 Frankstown Road, Pittsburgh",40.47226449999999,-79.819125,"meal_delivery,restaurant,food,point_of_interest,establishment",restaurant,OPERATIONAL,3.9,148.0
ChIJCXSf8GTrNIgRuJIreQZWUoI,Frankstown Wood-Fired Pizza,"12911 Frankstown Road, Penn Hills Township",40.4813468,-79.82201719999999,"restaurant,food,point_of_interest,establishment",restaurant,OPERATIONAL,4.8,293.0
ChIJVTx06mXrNIgR4JR8VsBvuIE,Pasqualino's Italian Restaurant,"13032 Frankstown Road, Penn Hills Township",40.4826145,-79.81970609999999,"restaurant,food,point_of_interest,establishment",restaurant,OPERATIONAL,4.6,1015.0
ChIJIbuEEGbrNIgRV1kdEsPgBs0,Arby's,"6105 Saltsburg Road, Verona",40.4847109,-79.8191839,"meal_takeaway,store,restaurant,food,point_of_interest,establishment","fast_food,restaurant",OPERATIONAL,4.0,1104.0
ChIJI6ER5mXrNIgRUdpv_ls91uE,Donut Shack DINER,"13041 Frankstown Road, Penn Hills Township",40.483323,-79.81994999999999,"restaurant,food,point_of_interest,establishment",restaurant,OPERATIONAL,4.4,234.0
ChIJa2BP22jrNIgRYwqW_6FwtcQ,Pasquale's Pizzeria,"6221 Saltsburg Road, Penn Hills Township",40.48465340000001,-79.8158856,"meal_delivery,restaurant,food,point_of_interest,establishment",restaurant,OPERATIONAL,4.2,348.0
ChIJcwkKEUvrNIgRye85EzzU4aw,Taqueria El Mariachi,"6277 Saltsburg Road, Penn Hills Township",40.4842042,-79.815134,"restaurant,food,point_of_interest,establishment",restaurant,OPERATIONAL,4.7,167.0
ChIJ-WXfax3rNIgRfBEWHvuCsSM,ALDI,"7350 Saltsburg Road, Penn Hills Township",40.477511,-79.786034,"supermarket,grocery_or_supermarket,food,store,point_of_interest,establishment",grocery,OPERATIONAL,4.4,740.0
ChIJ0YfqyxzrNIgREIJFjnilG2E,Dollar General,"7248 Saltsburg Road, Pittsburgh",40.4760545,-79.78821420000001,"drugstore,convenience_store,grocery_or_supermarket,health,store,food,point_of_interest,establishment",convenience,OPERATIONAL,3.8,370.0
ChIJU_CDj2zrNIgRRsxmPyApqmc,Sunoco,"6500 Saltsburg Road, Penn Hills Township",40.48246659999999,-79.8094278,"gas_station,convenience_store,store,food,point_of_interest,establishment",convenience,OPERATIONAL,3.3,13.0
ChIJIdbgcB3rNIgRMUgpPS0WyrE,Subway,"7343 Saltsburg Road Unit A, Pittsburgh",40.4781243,-79.7858383,"meal_takeaway,restaurant,food,point_of_interest,establishment","fast_food,restaurant",OPERATIONAL,2.6,94.0
ChIJN53VHx3rNIgR-VzPA2q93mI,Pizza Hut,"7301 Saltsburg Road, Penn Hills Township",40.4773844,-79.78756159999999,"meal_takeaway,meal_delivery,restaurant,food,point_of_interest,establishment","fast_food,restaurant",OPERATIONAL,3.8,415.0
ChIJQTAZ0BzrNIgRpknH3EkV7LU,Chef Chen,"7211 Saltsburg Road, Penn Hills Township",40.4773315,-79.7886302,"restaurant,food,point_of_interest,establishment",restaurant,OPERATIONAL,4.3,204.0
ChIJA8J88o7sNIgR4iMLDj6uwQk,Universal Pizza,"2558 Main Street, Penn Hills Township",40.4718092,-79.78741509999999,"meal_delivery,restaurant,food,point_of_interest,establishment",restaurant,OPERATIONAL,4.5,244.0
ChIJAXuBPR3rNIgRYHdC6LFgzsU,Mohan's Restaurant,"7324 Saltsburg Road, Pittsburgh",40.4771658,-79.78673700000002,"liquor_store,bar,store,restaurant,food,point_of_interest,establishment",restaurant,OPERATIONAL,4.3,1010.0
ChIJnd8m3BzrNIgRMS2G9OVuZjo,McDonald's,"7277 Saltsburg Road, Penn Hills Township",40.4771926,-79.78809129999999,"cafe,store,restaurant,food,point_of_interest,establishment",restaurant,OPERATIONAL,3.2,812.0
ChIJp2Vlu-TqNIgROa0XWlOra2M,Pizza Palermo (Penn Hills),"7343 Saltsburg Road, Pittsburgh",40.4780556,-79.7858333,"meal_takeaway,meal_delivery,restaurant,food,point_of_interest,establishment","fast_food,restaurant",OPERATIONAL,4.1,386.0
ChIJu0jBK-XrNIgR8zIl4erMnIk,Super Smash Burgh,"6520 Saltsburg Road, Pittsburgh",40.482006,-79.8091701,"restaurant,food,point_of_interest,establishment",restaurant,CLOSED_TEMPORARILY,4.2,97.0
ChIJ-f4SWOLrNIgR5FOt0MNzOuU,Fresh Prep Pgh,"6515 Saltsburg Road, Pittsburgh",40.48276559999999,-79.8091285,"restaurant,food,point_of_interest,establishment",restaurant,OPERATIONAL,4.7,13.0
ChIJFYdebl3rNIgR1JuF1aIyuVw,Dunkin',"7315 Saltsburg Road, Penn Hills Township",40.47763999999999,-79.7872721,"cafe,meal_takeaway,bakery,store,restaurant,food,point_of_interest,establishment","fast_food,restaurant",OPERATIONAL,3.6,271.0
ChIJLdK-GpPqNIgRUUWJMHh3_uk,Puff (discount) Tobacco,"7901 Saltsburg Road, Pittsburgh",40.476793,-79.7604251,"convenience_store,food,store,point_of_interest,establishment",convenience,OPERATIONAL,4.3,6.0
ChIJr91ryOTqNIgRRadcRLFo9Oc,Plum Convenience,"7615 Saltsburg Road, Pittsburgh",40.4762422,-79.77837629999999,"convenience_store,food,store,point_of_interest,establishment",convenience,OPERATIONAL,3.9,15.0
ChIJ_cwTlAXrNIgRBXrmKNq4_V4,Dollar General,"960 Unity Trestle Road, Plum",40.4795509,-79.76385379999999,"convenience_store,drugstore,grocery_or_supermarket,food,health,store,point_of_interest,establishment",convenience,OPERATIONAL,4.2,69.0
ChIJfbn8jTjqNIgR0wRG7I46eUA,Gia Visto,"7505 Saltsburg Road, Pittsburgh",40.4769006,-79.7823842,"restaurant,food,point_of_interest,establishment",restaurant,OPERATIONAL,4.2,108.0
ChIJFY89_O_qNIgRgFxgGheUPBw,Stockman's Pizza,"7678 Saltsburg Road, Pittsburgh",40.4750106,-79.7731708,"restaurant,food,point_of_interest,establishment",restaurant,OPERATIONAL,4.3,157.0
ChIJN4AiFGLrNIgRINfiZXDOXzo,Shrodi's - Cucina di Maria,"7625 Saltsburg Road, Pittsburgh",40.4759481,-79.7771435,"restaurant,food,point_of_interest,establishment",restaurant,OPERATIONAL,4.3,118.0
ChIJPbuS1uzqNIgRwYhI2bnVG3M,Cash & Carry,"7920 Saltsburg Road, Pittsburgh",40.477446,-79.7591484,"convenience_store,store,food,point_of_interest,establishment",convenience,OPERATIONAL,4.1,14.0
ChIJ6ZU6dpTqNIgR2oOy3p1nk_Q,John Anthony's Restaurant and Lounge,"115 Center New Texas Road, Pittsburgh",40.47854090000001,-79.75865329999999,"meal_takeaway,night_club,bar,restaurant,food,point_of_interest,establishment","fast_food,restaurant",OPERATIONAL,4.4,563.0
ChIJ3U-7vZ7qNIgRlimV2voZV_0,Shooti's Bar and Grille,"100 Boyce Park Drive, Pittsburgh",40.4777604,-79.74485949999999,"bar,restaurant,food,point_of_interest,establishment",restaurant,OPERATIONAL,4.3,375.0
ChIJI5pitmfANIgRYzdEGBew2rY,Amili's Pizzeria Plum,"2816 Golden Mile Highway, Plum",40.4795395,-79.70523779999999,"meal_takeaway,meal_delivery,restaurant,food,point_of_interest,establishment","fast_food,restaurant",CLOSED_TEMPORARILY,4.0,167.0
ChIJPX_AiWzANIgRGoV9Gk8TqnA,J L Stewarts Too,"9755 Saltsburg Road, Pittsburgh",40.4855614,-79.7146491,"bar,restaurant,food,point_of_interest,establishment",restaurant,OPERATIONAL,4.4,140.0
ChIJT_XTXh1DNIgRvP9Gwra0qqI,Lu-Lou's,"1725 U.S. 30, Clinton",40.4905009,-80.33197280000002,"restaurant,food,point_of_interest,establishment",restaurant,OPERATIONAL,4.3,489.0
ChIJw2d3wTWikIcRIXzwM27BQfk,Janoski's Farm and Greenhouse,"1714 US-30, Clinton",40.4918162,-80.3309695,"store,point_of_interest,establishment",farmers_market,OPERATIONAL,4.7,2112.0
ChIJQyCAqjpANIgRhK3iGMSSfUU,Shell,"1424 Lincoln Highway US-30, Clinton",40.49324259999999,-80.3063647,"gas_station,convenience_store,store,restaurant,food,point_of_interest,establishment","convenience,restaurant",OPERATIONAL,3.7,91.0
ChIJQZR37VZDNIgR2JuUyDan66Y,Sweet Pea's,"1424 U.S. 30, Clinton",40.4933614,-80.30628580000001,"convenience_store,store,food,point_of_interest,establishment",convenience,OPERATIONAL,4.6,10.0
ChIJw2d3wTWikIcRPRPNhqXJwvE,G Man Pizza Deli,"1424 U.S. 30, Clinton",40.49346800000001,-80.30618079999999,"restaurant,food,point_of_interest,establishment",restaurant,CLOSED_TEMPORARILY,3.6,17.0
ChIJv_-REzpDNIgRHL_Z8RyVUmA,Dollar General,"1110 Clinton Road, Clinton",40.49456559999999,-80.28836869999999,"convenience_store,drugstore,grocery_or_supermarket,health,store,food,point_of_interest,establishment",convenience,OPERATIONAL,4.2,218.0
ChIJPRWQ-UFDNIgR5LaNYHu2ip0,Stella's,"9 Matchette Road, Clinton",40.4916176,-80.2974155,"restaurant,food,point_of_interest,establishment",restaurant,OPERATIONAL,4.2,110.0
ChIJR91ixe5DNIgRnRqM4CFMKfQ,Aroma Stone Hearth Pizza,"1246 U.S. 30, Clinton",40.4887725,-80.29436559999999,"meal_takeaway,restaurant,food,point_of_interest,establishment","fast_food,restaurant",OPERATIONAL,4.7,217.0
ChIJqyaA2sJcNIgRUYUslS6qMF0,Sunoco,"1201 Airport Boulevard, Pittsburgh",40.4944328,-80.2673767,"gas_station,convenience_store,atm,finance,store,food,point_of_interest,establishment",convenience,OPERATIONAL,2.7,77.0
ChIJha57FypdNIgRrGL-B91xa7E,7-Eleven,"1601 Airport Boulevard, Pittsburgh",40.4941636,-80.2671989,"convenience_store,cafe,liquor_store,store,restaurant,food,point_of_interest,establishment","convenience,restaurant",OPERATIONAL,3.1,10.0
ChIJB7tFWANdNIgRAmQx4IYQoiA,TD's Deli,"1601 Airport Boulevard, Pittsburgh",40.4941573,-80.2672142,"bakery,store,restaurant,food,point_of_interest,establishment",restaurant,OPERATIONAL,,
ChIJl4Ekyz1dNIgRQ4CrYVe8at8,Bellfarm Kitchen and Bar,"1111 Airport Boulevard, Coraopolis",40.4968357,-80.25983049999999,"restaurant,food,point_of_interest,establishment",restaurant,OPERATIONAL,3.5,73.0
ChIJPTHopMJcNIgRgX4JVrQWQLU,ATM,"1201 Airport Blvd, Imperial",40.4942331,-80.26726459999999,"atm,finance,point_of_interest,establishment",food_bank,OPERATIONAL,3.0,2.0
ChIJqyaA2sJcNIgRn3jO_E79QZg,Rite Aid,"1000 Airport Boulevard, Pittsburgh",40.49628729999999,-80.2465718,"drugstore,convenience_store,food,health,store,point_of_interest,establishment",convenience,CLOSED_TEMPORARILY,4.1,19.0
ChIJX2RXGsNcNIgRba-yGdioogY,Bruegger's Bagels,"1000 Airport Blvd Space SE, 10A/B, Pittsburgh",40.4945048,-80.2448517,"cafe,bakery,store,restaurant,food,point_of_interest,establishment",restaurant,OPERATIONAL,3.8,176.0
ChIJ-bczmJJdNIgRZ1C4xlC5vEw,Chick-fil-A,"1000 Airport Boulevard, Pittsburgh",40.49588540000001,-80.24620019999999,"restaurant,food,point_of_interest,establishment",restaurant,OPERATIONAL,3.9,240.0
ChIJ21brD7pdNIgRNkixzio7FKI,Dunkin',"Term A Post Security, 1000 Airport Boulevard, Coraopolis",40.49579500000001,-80.256135,"cafe,meal_takeaway,bakery,store,restaurant,food,point_of_interest,establishment","fast_food,restaurant",OPERATIONAL,2.3,31.0
ChIJDaHN6DldNIgRJ7_2GGyPxfM,Buford's Kitchen,"INT ARPRT, 1000 Airport Boulevard floor 2, Pittsburgh",40.49589049999999,-80.25620119999999,"bar,restaurant,food,point_of_interest,establishment",restaurant,OPERATIONAL,3.7,44.0
ChIJ40xokcZdNIgRykUBXHuOA2c,Farmer's Fridge,"Located at the entrance to Concourse D in Pittsburgh International Airport, 1000 Airport Blvd Concource D, Pittsburgh",40.4959429,-80.255033,"restaurant,food,point_of_interest,establishment",restaurant,OPERATIONAL,,
ChIJLXXAr8JcNIgRwlwaGIJYpew,Farmer's Fridge,"Found at the entrance to Concourse C in Pittsburgh International Airport, 1000 Airport Blvd Concource C, Pittsburgh",40.4959429,-80.255033,"restaurant,food,point_of_interest,establishment",restaurant,OPERATIONAL,,
ChIJgaZtR8tdNIgR-ENk2WHMi_I,Farmer's Fridge,"Baggage Claim Located in the center of Pittsburgh International Baggage claim, 1000 Airport Boulevard, Pittsburgh",40.4959429,-80.255033,"restaurant,food,point_of_interest,establishment",restaurant,OPERATIONAL,,
ChIJewsX8y1dNIgRJEthDRID_2s,Caribou Coffee,"1000 Airport Boulevard, Pittsburgh",40.4960508,-80.2552682,"cafe,store,restaurant,food,point_of_interest,establishment",restaurant,OPERATIONAL,3.0,2.0
ChIJr5lqn1hdNIgR6gV9UrPNgNI,Farmer's Fridge,"Pittsburgh International Airport, Concourse C in, 1000 Airport Blvd Found at the entrance to, Pittsburgh",40.495276,-80.246708,"restaurant,food,point_of_interest,establishment",restaurant,OPERATIONAL,1.0,1.0
ChIJ7wNib09dNIgREvUFqIsaZ08,Primanti Bros. Restaurant and Bar,"1000 Airport Boulevard, Pittsburgh",40.4953039,-80.24616790000002,"bar,restaurant,food,point_of_interest,establishment",restaurant,OPERATIONAL,4.2,245.0
ChIJF1Gkg-9cNIgRMD2E2deA43o,BAD EGG Breakfast Bar,"1000 Airport Boulevard, Pittsburgh",40.495265,-80.2458413,"restaurant,food,point_of_interest,establishment",restaurant,OPERATIONAL,1.5,6.0
ChIJH6Z8_-ZdNIgRvrAhfBCFnTc,Franktuary,"Terminal B, 1000 Airport Boulevard, Moon Township",40.494106,-80.2443126,"restaurant,food,point_of_interest,establishment",restaurant,CLOSED_TEMPORARILY,4.2,5.0
ChIJE_JmJBRdNIgRZo6HgvhxCi4,JOE & THE JUICE,"1000 Airport Boulevard Airport, Pittsburgh",40.4950723,-80.2452474,"cafe,meal_takeaway,store,restaurant,food,point_of_interest,establishment","fast_food,restaurant",OPERATIONAL,3.7,129.0
ChIJsc-CVtBdNIgRVRfGWm5XBUg,Farmer's Fridge,"Find this fridge located across from Gate B34 next to the Mobile Accessories vending machine, 1000 Airport Boulevard, Pittsburgh",40.494084,-80.24417199999999,"restaurant,food,point_of_interest,establishment",restaurant,OPERATIONAL,5.0,1.0
ChIJRZ_Bg-VcNIgRcCY3inQK4QY,Shake Shack,"1000 Airport Boulevard, Pittsburgh",40.49612959999999,-80.2463234,"restaurant,food,point_of_interest,establishment",restaurant,OPERATIONAL,3.3,12.0
ChIJp4cWeeVcNIgRgWt3iltycbU,Jimmy John's,"1000 Airport Boulevard, Pittsburgh",40.4961133,-80.2458343,"meal_delivery,meal_takeaway,restaurant,food,point_of_interest,establishment","fast_food,restaurant",OPERATIONAL,1.7,10.0
ChIJI5DvyMJcNIgRcf4rjV4DbrY,Dunkin',"1000 Airport Boulevard, Coraopolis",40.4961012,-80.2455104,"cafe,meal_takeaway,bakery,store,restaurant,food,point_of_interest,establishment","fast_food,restaurant",CLOSED_TEMPORARILY,3.6,107.0
ChIJbQUoe-VcNIgRdcdA2WrQqak,Sambazon Acai Bowls,"1000 Airport Boulevard, Pittsburgh",40.4961441,-80.2454161,"restaurant,food,point_of_interest,establishment",restaurant,OPERATIONAL,5.0,2.0
ChIJa1c3l4RdNIgRryHjsLSh5UA,Penn Brewery,"1000 Airport Boulevard, Pittsburgh",40.49669189999999,-80.2443325,"bar,restaurant,food,point_of_interest,establishment",restaurant,OPERATIONAL,4.0,107.0
ChIJCV2N1axdNIgRUnMR3zQ4rF4,Local Craft Kitchen & Bar,"Pittsburgh International Airport, 1000 Airport Boulevard, Pittsburgh",40.4969409,-80.24466869999999,"bar,restaurant,food,point_of_interest,establishment",restaurant,OPERATIONAL,4.3,154.0
ChIJmVB9BwddNIgRtdih3EgmU3I,Farmer's Fridge,"next to the ""Sound"" vending machine, Gate A8, 1000 Airport Blvd This Fridge is located Pittsburgh International Airport, Pittsburgh",40.4969,-80.244562,"restaurant,food,point_of_interest,establishment",restaurant,OPERATIONAL,5.0,3.0
ChIJb1J7Ee1dNIgRWBHfQok7SGg,Wigle,"floor 3, Terminal A, Third Street, Moon Township",40.4971827,-80.2439868,"restaurant,food,point_of_interest,establishment",restaurant,OPERATIONAL,3.1,24.0
ChIJZVQJm1JcNIgRi5XFkbRVByA,bp,"9411 University Boulevard, Moon Township",40.502179,-80.221992,"gas_station,supermarket,grocery_or_supermarket,food,store,point_of_interest,establishment",grocery,OPERATIONAL,3.0,29.0
ChIJ1aj8HE1cNIgRpXyF-JEGX30,Pittsburgh Area Commissary,"79 Soldiers Lane, Moon Township",40.50160179999999,-80.2184894,"grocery_or_supermarket,supermarket,food,store,point_of_interest,establishment",grocery,OPERATIONAL,4.7,567.0
ChIJSRTa2lJcNIgRi_ekIkzZp2I,Sheetz,"9002 University Boulevard, Moon Township",40.5032544,-80.223079,"convenience_store,gas_station,car_wash,cafe,liquor_store,store,restaurant,food,point_of_interest,establishment","convenience,restaurant",OPERATIONAL,3.5,200.0
ChIJkQsc81JcNIgROKv5Q0CJRqw,Eat'n Park,"9516 University Boulevard, Moon Township",40.5017629,-80.222437,"meal_takeaway,restaurant,food,point_of_interest,establishment","fast_food,restaurant",OPERATIONAL,4.1,1825.0
ChIJm8P_QrtdNIgRX77AoHkrJP8,Arby's,"9100 University Boulevard, Moon Township",40.5025543,-80.2226731,"meal_takeaway,store,restaurant,food,point_of_interest,establishment","fast_food,restaurant",OPERATIONAL,4.2,540.0
ChIJQ6783b5dNIgRMzE2JGdKpMo,Tropical Smoothie Cafe,"9898 University Boulevard Suite 60, Moon Township",40.50053800000001,-80.2229109,"cafe,restaurant,food,point_of_interest,establishment",restaurant,OPERATIONAL,4.5,257.0
ChIJcXPOYp1dNIgRt0_aYp9rNtM,Five Guys,"9898 University Boulevard Suite 30, Moon Township",40.50082159999999,-80.2231147,"meal_takeaway,restaurant,food,point_of_interest,establishment","fast_food,restaurant",OPERATIONAL,4.4,105.0
ChIJ9WicBzhdNIgR47f6EyHZ2J0,Jersey Mike's Subs,"9898 University Boulevard Suite 40, Moon Township",40.50075999999999,-80.22292999999999,"meal_takeaway,store,restaurant,food,point_of_interest,establishment","fast_food,restaurant",OPERATIONAL,3.6,184.0
ChIJ0eE7alJcNIgRnGCTFzuA9xU,Los Mariachis,"9898 University Boulevard Suite 90, Moon Township",40.500596,-80.2224495,"restaurant,food,point_of_interest,establishment",restaurant,OPERATIONAL,4.1,614.0
ChIJ7-Ngde9dNIgR6Q2m0X6QCEw,Panera Bread,"9898 University Boulevard, Moon Township",40.5010992,-80.223145,"cafe,bakery,meal_takeaway,store,restaurant,food,point_of_interest,establishment","fast_food,restaurant",OPERATIONAL,3.4,303.0
ChIJJWR64FJcNIgRnYJ_9Sq_S3Q,Hilton Garden Inn Pittsburgh Airport,"9600 University Boulevard, Moon Township",40.5020566,-80.2234387,"lodging,restaurant,food,point_of_interest,establishment",restaurant,OPERATIONAL,4.4,896.0
ChIJmfm03OldNIgRoSTcSlb8gTU,Original Hometown Pizza,"9155 University Boulevard, Moon Township",40.5031031,-80.22184399999999,"meal_takeaway,meal_delivery,restaurant,food,point_of_interest,establishment","fast_food,restaurant",OPERATIONAL,4.7,121.0
ChIJIc4ZuMxdNIgRF9kmpKAY8EA,Hyeholde Restaurant,"1516 Coraopolis Heights Road, Coraopolis",40.5043929,-80.2030707,"restaurant,food,point_of_interest,establishment",restaurant,OPERATIONAL,4.7,762.0
ChIJ781CmcpdNIgRkJ8cPk8vhM0,Subway,"1136 Thorn Run Road Ext #B, Coraopolis",40.5053955,-80.20922879999999,"meal_takeaway,restaurant,food,point_of_interest,establishment","fast_food,restaurant",OPERATIONAL,2.8,84.0
ChIJ781CmcpdNIgRTpac_Lkcsi4,Pizza Bella,"1136 Thorn Run Road Ste G1, Carnot-Moon",40.5057299,-80.2095245,"meal_takeaway,meal_delivery,store,restaurant,food,point_of_interest,establishment","fast_food,restaurant",OPERATIONAL,4.4,174.0
ChIJZauF20pcNIgRCztg-PWTMYQ,Casa Amigos Tequila Bar & Grill,"333 Rouser Road, Moon Township",40.50208780000001,-80.21234419999999,"restaurant,food,point_of_interest,establishment",restaurant,OPERATIONAL,4.5,1067.0
ChIJNbEMmMpdNIgRYjUv4QzMR-A,Bruegger's Bagels,"1134 Thorn Run Road Extension, Coraopolis",40.50525,-80.2085704,"bakery,cafe,store,restaurant,food,point_of_interest,establishment",restaurant,OPERATIONAL,3.9,374.0
ChIJLSe6tF9dNIgRGwPdKIv1bzk,Curry Mouth,"1136 Thorn Run Road ste E, Coraopolis",40.5055896,-80.20924140000001,"restaurant,food,point_of_interest,establishment",restaurant,OPERATIONAL,5.0,323.0
ChIJCduFz2JeNIgRe2G5M3pxXu8,Uni-Mart,"1300 Coraopolis Heights Road, Coraopolis",40.50146790000001,-80.17558009999999,"convenience_store,gas_station,store,food,point_of_interest,establishment",convenience,OPERATIONAL,2.5,22.0
ChIJReokTk5fNIgRlcZA7Tg2Kwo,FruiTastik,"1315 Coraopolis Heights Road Suite 2002, Moon Twp",40.5009183,-80.1775739,"restaurant,food,point_of_interest,establishment",restaurant,OPERATIONAL,4.9,67.0
ChIJY01ajK5fNIgRKUINdo-N5ks,Kosbar Ranch,"363 Coraopolis Road, Coraopolis",40.503391,-80.130566,"bar,restaurant,food,point_of_interest,establishment",restaurant,OPERATIONAL,4.4,269.0
ChIJ_SP0Fo9fNIgRbLoiihFiUFE,"All American Grating, Inc.","3001 Grand Avenue, Pittsburgh",40.50363240000001,-80.1011323,"supermarket,grocery_or_supermarket,store,food,point_of_interest,establishment",grocery,OPERATIONAL,5.0,1.0
ChIJXYk0VVr1NIgRXm1XdtD38uU,Jabby Joe's,"1562 Island Avenue, McKees Rocks",40.4889113,-80.07905099999999,"restaurant,food,point_of_interest,establishment",restaurant,OPERATIONAL,4.4,428.0
ChIJOeshiQT1NIgR9Fed4LhUIgk,Kuhn's Market,"661 Lincoln Avenue, Bellevue",40.49719399999999,-80.060188,"grocery_or_supermarket,supermarket,store,food,point_of_interest,establishment",grocery,OPERATIONAL,4.1,1087.0
ChIJdd7vMQ_1NIgRPLtLfNx3oBY,bp,"901 Ohio River Boulevard, Pittsburgh",40.49564000000001,-80.066724,"gas_station,supermarket,grocery_or_supermarket,store,food,point_of_interest,establishment",grocery,OPERATIONAL,2.3,24.0
ChIJWc81avf0NIgRtCY_9PDFxJg,Giant Eagle Supermarket,"4110 Brighton Road, Pittsburgh",40.4892217,-80.0442083,"grocery_or_supermarket,supermarket,store,food,point_of_interest,establishment",grocery,OPERATIONAL,3.9,829.0
ChIJr2d4OwL1NIgRl68mNYuZh80,Dollar General,"491 Lincoln Avenue, Bellevue",40.4952188,-80.0553935,"drugstore,convenience_store,grocery_or_supermarket,food,health,store,point_of_interest,establishment",convenience,OPERATIONAL,3.8,479.0
ChIJRbbiBQf1NIgRzJH_KtkziAo,Sunoco,"4528 Ohio River Boulevard, Bellevue",40.4920559,-80.0613856,"gas_station,convenience_store,atm,finance,food,store,point_of_interest,establishment",convenience,OPERATIONAL,1.9,44.0
ChIJr13Ccgf1NIgRGaC0KUD7-Vg,Shell,"4501 Ohio River Boulevard, Pittsburgh",40.491287,-80.061334,"gas_station,convenience_store,car_wash,restaurant,food,store,point_of_interest,establishment","convenience,restaurant",OPERATIONAL,3.9,59.0
ChIJ-Sf1Ev70NIgREGEGFriVrmw,CVS,"355 Lincoln Avenue, Bellevue",40.4934355,-80.052379,"drugstore,convenience_store,clothing_store,food,health,store,point_of_interest,establishment",convenience,OPERATIONAL,2.9,117.0
ChIJW2jcDAf1NIgRaC2QT6srDz8,Food Mart,"4501 Ohio River Boulevard, Pittsburgh",40.4913053,-80.06138,"convenience_store,food,store,point_of_interest,establishment",convenience,OPERATIONAL,,
ChIJeTbUjU_1NIgROfdbRCARMdk,Pit Stop Express,"4501 Ohio River Boulevard, Pittsburgh",40.49128870000001,-80.0613303,"convenience_store,gas_station,car_wash,food,store,point_of_interest,establishment",convenience,OPERATIONAL,4.0,56.0
ChIJv5_T-Kr1NIgRTC72TQPjaYg,Snack Shop,"4215 Ohio River Boulevard, Pittsburgh",40.48746019999999,-80.0561336,"convenience_store,food,store,point_of_interest,establishment",convenience,OPERATIONAL,,
ChIJM7DkMw_1NIgReoh9cUobs6E,Par Mar Store 204,"901 Ohio River Boulevard, Pittsburgh",40.495754,-80.06645999999999,"convenience_store,food,store,point_of_interest,establishment",convenience,OPERATIONAL,,
ChIJGR4hRvb1NIgRBkGBBZhR9eU,Cogo's,"620 Lincoln Avenue, Bellevue",40.4975216,-80.0590007,"convenience_store,food,store,point_of_interest,establishment",convenience,OPERATIONAL,4.8,4.0
ChIJi-bgKRP1NIgRRBL-1mMe33M,Ben Avon Mini Mart,"200 Division Avenue, Pittsburgh",40.5039732,-80.0753793,"convenience_store,gas_station,food,store,point_of_interest,establishment",convenience,OPERATIONAL,4.3,21.0
ChIJi-bgKRP1NIgRZ2frzi0i5ko,ATM (Belany's Mini Mart),"200 Division Avenue, Pittsburgh",40.50396569999999,-80.07540139999999,"atm,convenience_store,finance,food,store,point_of_interest,establishment",convenience,OPERATIONAL,5.0,2.0
ChIJ-bbQnwj1NIgRi3JDFXDrjxY,Eat'n Park,"1002 Ohio River Boulevard, Pittsburgh",40.4941249,-80.0649332,"meal_takeaway,restaurant,food,point_of_interest,establishment","fast_food,restaurant",OPERATIONAL,4.0,2240.0
ChIJcYYcAwb1NIgRUS2zuQdxLMU,Subway,"971 Ohio River Boulevard, Pittsburgh",40.4946473,-80.0644427,"meal_takeaway,restaurant,food,point_of_interest,establishment","fast_food,restaurant",OPERATIONAL,3.9,237.0
ChIJEYDeeAP1NIgRDOJC5eC3Xc0,Pizza Ephesus (Bellevue),"501 Lincoln Avenue, Bellevue",40.495497,-80.055789,"meal_delivery,restaurant,food,point_of_interest,establishment",restaurant,OPERATIONAL,3.9,289.0
ChIJXdGgvQP1NIgRBnVrDuK1WGk,Dari-Villa Restaurant,"559 Lincoln Avenue, Bellevue",40.496348,-80.05761799999999,"restaurant,food,point_of_interest,establishment",restaurant,OPERATIONAL,4.6,440.0
ChIJl-pwugj1NIgRdFP9rOV5_Ns,Dunkin',"940 Ohio River Boulevard, Avalon",40.4946448,-80.06576009999999,"cafe,meal_takeaway,bakery,store,restaurant,food,point_of_interest,establishment","fast_food,restaurant",OPERATIONAL,3.7,499.0
ChIJj7ySlgP1NIgRkXAxUfRfPbA,Grille 565,"565 Lincoln Avenue, Pittsburgh",40.4964169,-80.05782160000001,"bar,restaurant,food,point_of_interest,establishment",restaurant,OPERATIONAL,4.5,537.0
ChIJBYjx_f30NIgReQYBVSS_cnI,Good L'Oven Cookie Shop,"419 Lincoln Avenue, Bellevue",40.494166,-80.0532547,"bakery,store,restaurant,food,point_of_interest,establishment",restaurant,OPERATIONAL,4.7,202.0
ChIJzwM6c_70NIgRNpZ20ll0FSo,Papa Johns Pizza,"357 Lincoln Avenue, Bellevue",40.4936554,-80.05246679999999,"restaurant,food,point_of_interest,establishment",restaurant,OPERATIONAL,3.3,185.0
ChIJe0wuiIr1NIgRXEk31l0RsjY,Mia Madre Trattoria,"649 California Avenue, Avalon",40.5011754,-80.067173,"restaurant,food,point_of_interest,establishment",restaurant,OPERATIONAL,4.6,277.0
ChIJ485t1vj0NIgRWvPTN26wOJ8,Thai Tamarind Noodle & Rice,"513 Lincoln Avenue, Bellevue",40.4957013,-80.0560739,"restaurant,food,point_of_interest,establishment",restaurant,OPERATIONAL,4.6,675.0
ChIJpTkQrwf1NIgREgG75DktVqU,McDonald's,"4557 Ohio River Boulevard, Pittsburgh",40.4921511,-80.0621863,"cafe,store,restaurant,food,point_of_interest,establishment",restaurant,OPERATIONAL,3.2,2371.0
ChIJ2feyBAL1NIgRbFXW3m98LoA,Pizza Hut,"481 Lincoln Avenue, Bellevue",40.49507,-80.05520849999999,"meal_delivery,meal_takeaway,restaurant,food,point_of_interest,establishment","fast_food,restaurant",OPERATIONAL,3.9,567.0
ChIJeRApgwP1NIgRr7ab5RzL2gc,China Sea Chinese Restaurant,"610 Lincoln Avenue, Bellevue",40.4972056,-80.0583585,"meal_delivery,restaurant,food,point_of_interest,establishment",restaurant,OPERATIONAL,4.0,424.0
ChIJucxxowP1NIgR5OilbCFCS5Q,Joe's Rusty Nail Restaurant,"560 Lincoln Avenue, Bellevue",40.496663,-80.05738099999999,"restaurant,food,point_of_interest,establishment",restaurant,OPERATIONAL,4.6,836.0
ChIJNatzAP70NIgR8Kee_Ham_Iw,R & B's Pizza Place,"421 Lincoln Avenue, Bellevue",40.49423060000001,-80.0534242,"meal_takeaway,restaurant,food,point_of_interest,establishment","fast_food,restaurant",OPERATIONAL,4.1,395.0
ChIJqW0yygj1NIgRLbCLQlBFvcU,Burger King,"920 Ohio River Boulevard, Avalon",40.49499349999999,-80.0662833,"restaurant,food,point_of_interest,establishment",restaurant,OPERATIONAL,3.6,1013.0
ChIJ3wTB1Rv1NIgR-zYgM0oFM-Q,Big Shot Bob’s Avalon - The Original,"344 Union Avenue, Pittsburgh",40.5036656,-80.0618525,"meal_delivery,restaurant,food,point_of_interest,establishment",restaurant,OPERATIONAL,4.4,502.0
ChIJLVaMDYtfNIgRp2NeeppNCw0,KFC,"4306 Ohio River Boulevard, Bellevue",40.4884129,-80.0566405,"restaurant,food,point_of_interest,establishment",restaurant,OPERATIONAL,3.3,845.0
ChIJteciFQb1NIgRG_Sreb5vmiU,Wendy's,"1015 Ohio River Boulevard, Avalon",40.4941225,-80.0635886,"restaurant,food,point_of_interest,establishment",restaurant,OPERATIONAL,3.1,1010.0
ChIJsapo8Kr1NIgRajOhGHUMjAE,Arby's,"4260 Ohio River Boulevard, Bellevue",40.487669,-80.0556819,"meal_takeaway,store,restaurant,food,point_of_interest,establishment","fast_food,restaurant",OPERATIONAL,4.1,934.0
ChIJndE5IBL1NIgRqngiYVqjKiM,Pizza Pronto Pizza and Gyro House,"518 California Avenue, Pittsburgh",40.502209,-80.0706483,"meal_delivery,meal_takeaway,restaurant,food,point_of_interest,establishment","fast_food,restaurant",OPERATIONAL,4.4,423.0
ChIJW4-dGKv1NIgRYFA7b1oo8Bk,BeanThru,"4221 Ohio River Boulevard, Pittsburgh",40.48662230000001,-80.0548997,"cafe,bakery,store,restaurant,food,point_of_interest,establishment",restaurant,OPERATIONAL,4.8,605.0
ChIJS33qI0n1NIgRsGyjMCCGIbw,Popeyes Louisiana Kitchen,"4575 Ohio River Boulevard, Bellevue",40.49258,-80.06317,"restaurant,food,point_of_interest,establishment",restaurant,OPERATIONAL,4.1,344.0
ChIJx1V91hf1NIgRhuy-LeaZLa0,Wingstop,"4500 Ohio River Boulevard, Bellevue",40.4912791,-80.06067379999999,"restaurant,food,point_of_interest,establishment",restaurant,OPERATIONAL,3.9,261.0
ChIJXQzcBtn1NIgR8IRS4jDHCTc,Starbucks Coffee Company,"850 Ohio River Boulevard, Pittsburgh",40.4958,-80.06756,"cafe,store,restaurant,food,point_of_interest,establishment",restaurant,OPERATIONAL,4.2,204.0
ChIJvdAjQw_1NIgR-0rEZsEb0ZE,Jackman Inn,"918 Jackman Avenue #2808, Pittsburgh",40.4964098,-80.0655057,"bar,restaurant,food,point_of_interest,establishment",restaurant,OPERATIONAL,4.5,256.0
ChIJXZJZc-f1NIgRn4fuFb2vnW0,Valkyrie Doughnuts PGH,"601 Lincoln Avenue, Bellevue",40.4967691,-80.0584746,"bakery,store,restaurant,food,point_of_interest,establishment",restaurant,CLOSED_TEMPORARILY,4.3,71.0
ChIJCwFUlgP1NIgRJIE0Q3mXePA,565 Live - Speakeasy & Stage,"565 Lincoln Avenue - Downstairs Level, Bellevue",40.4965209,-80.05775450000002,"bar,restaurant,food,point_of_interest,establishment",restaurant,OPERATIONAL,4.8,117.0
ChIJn-c8sLv1NIgRxUkl2yMRZlE,Lucky Bites,"549 Lincoln Avenue Suite 102, Bellevue",40.4962786,-80.05724579999999,"restaurant,food,point_of_interest,establishment",restaurant,OPERATIONAL,4.9,68.0
ChIJhcZ4Xin1NIgRJGr6vrn_9RU,Indian Curry King ( Bellevue),"531 Lincoln Avenue, Bellevue",40.4960298,-80.0567185,"restaurant,food,point_of_interest,establishment",restaurant,CLOSED_TEMPORARILY,4.3,271.0
ChIJKVeC1B71NIgR_JyGk57q2SA,EVIA Greek Restaurant,"564 Lincoln Avenue, Bellevue",40.4966341,-80.0575037,"restaurant,food,point_of_interest,establishment",restaurant,OPERATIONAL,4.6,261.0
ChIJKbYfIzf1NIgR4Vy-gDHRViM,Tavern Pizza,"600 Lincoln Avenue, Bellevue",40.49703909999999,-80.0582635,"bar,restaurant,food,point_of_interest,establishment",restaurant,OPERATIONAL,4.3,391.0
ChIJcUhssQP1NIgRCkrSkx7XmlI,Lincoln Avenue Brewery,"538 Lincoln Avenue, Pittsburgh",40.4962984,-80.0567071,"bar,restaurant,food,point_of_interest,establishment",restaurant,OPERATIONAL,4.6,630.0
ChIJf0zozEj1NIgRyM9GNLPoX9o,Pizza Bella (Bellevue),"616 Lincoln Avenue, Bellevue",40.4974949,-80.0586854,"restaurant,food,point_of_interest,establishment",restaurant,OPERATIONAL,5.0,8.0
ChIJ-0UmIgD1NIgRxcmOqORLYTM,Haven Cafe Bellevue,"6 North Balph Avenue, Bellevue",40.49579719999999,-80.0553077,"restaurant,food,point_of_interest,establishment",restaurant,OPERATIONAL,5.0,27.0
ChIJbaQVxuj1NIgRemVOJA2Nbng,Wunderbar Coffee and Bistro,"411 Lincoln Avenue Suite 1, Bellevue",40.4941184,-80.05299029999999,"restaurant,food,point_of_interest,establishment",restaurant,OPERATIONAL,4.8,145.0
ChIJU7TUSGP1NIgRUkLLl9uhXNE,202 Hometown Tacos,"407 Lincoln Avenue, Bellevue",40.4941025,-80.05280739999999,"bar,restaurant,food,point_of_interest,establishment",restaurant,OPERATIONAL,4.3,762.0
ChIJ9ejYQw71NIgR2WwvdcUrOaY,Revival on Lincoln,"366 Lincoln Avenue, Bellevue",40.4943086,-80.0522881,"restaurant,food,point_of_interest,establishment",restaurant,OPERATIONAL,4.7,372.0
ChIJi1xOxDb1NIgRGGuqoA_xzLY,Umai Thai and Sushi,"172 Lincoln Avenue, Bellevue",40.49127089999999,-80.04757790000001,"restaurant,food,point_of_interest,establishment",restaurant,OPERATIONAL,4.6,77.0
ChIJ-26JDyT1NIgR_pZksWPJN8g,North Boroughs Food Pantry,"939 California Ave, Pittsburgh",40.49909239999999,-80.0623071,"food,point_of_interest,establishment",food_bank,OPERATIONAL,3.3,3.0
ChIJ35mtUeD1NIgRnAdwrxx-c5g,North Hills Community Outreach,"939 California Ave, Pittsburgh",40.4990957,-80.0623171,"point_of_interest,establishment",food_bank,OPERATIONAL,4.4,8.0
ChIJ4c8brgP1NIgRdEbpT81SdIU,Enjoy Bellevue,"18 Hawley Ave, Bellevue",40.4965566,-80.05650949999999,"point_of_interest,establishment",food_bank,OPERATIONAL,,
ChIJAZXpIwX1NIgRf3KYA2X2lrw,Greenstone United Methodist Church,"939 California Ave, Avalon",40.4991219,-80.0622319,"church,place_of_worship,point_of_interest,establishment",food_bank,OPERATIONAL,4.5,29.0
ChIJM4eKvAb1NIgRnHu63_cdTmk,North Hills Community Outreach - North Boroughs Office,"939 California Ave, Pittsburgh",40.4991306,-80.06228089999999,"food,point_of_interest,establishment",food_bank,OPERATIONAL,5.0,3.0
ChIJ37j_ZAL1NIgR7Bwx3W5vvQE,Bellevue Farmers Market,"34 N Balph Ave, Bellevue",40.4965156,-80.0543,"point_of_interest,establishment",farmers_market,OPERATIONAL,4.3,35.0
ChIJz-glOo_0NIgRBqGavLDqnIE,Center Point Convenience Store,"4061 Perrysville Avenue, Pittsburgh",40.4923556,-80.021723,"convenience_store,store,food,point_of_interest,establishment",convenience,OPERATIONAL,4.8,15.0
ChIJDYClFV71NIgRhvMb_CtJ2L4,Ida's Sandwich Shop,"3921 Perrysville Avenue, Pittsburgh",40.49032949999999,-80.01883049999999,"restaurant,food,store,point_of_interest,establishment",restaurant,OPERATIONAL,4.6,193.0
ChIJA6JJtGLzNIgRICd2GWO1Nak,bp,"4260 Evergreen Road, Pittsburgh",40.495281,-80.00787100000001,"gas_station,supermarket,grocery_or_supermarket,store,food,point_of_interest,establishment",grocery,OPERATIONAL,4.1,47.0
ChIJ2bcdCFX1NIgR7N-lNKdExBk,Perry Express,"3904 Perrysville Avenue, Pittsburgh",40.48971329999999,-80.01809999999999,"convenience_store,store,food,point_of_interest,establishment",convenience,OPERATIONAL,,
ChIJxY5Vh3D1NIgR8O2wtScixjc,Pgh Dawg House,Pittsburgh,40.49202630000001,-80.0143306,"meal_takeaway,restaurant,food,point_of_interest,establishment","fast_food,restaurant",OPERATIONAL,,
ChIJcxRgBgb1NIgREsMYayFa7ho,Enjoy! Meal Solutions,"4520 Valley View Street, Pittsburgh",40.4990881,-80.0109681,"restaurant,food,point_of_interest,establishment",restaurant,OPERATIONAL,5.0,7.0
ChIJfbwbwhbzNIgRTx0w1Qdw7dU,SHOP 'n SAVE,"1620 Babcock Boulevard, Millvale",40.49912399999999,-79.97912110000001,"grocery_or_supermarket,supermarket,store,food,point_of_interest,establishment",grocery,OPERATIONAL,4.0,667.0
ChIJB5uj-gTzNIgR0sIgYUONhZs,bp,"1001 Evergreen Road Pittsburgh, Millvale",40.49045,-79.9717,"gas_station,supermarket,grocery_or_supermarket,store,food,point_of_interest,establishment",grocery,OPERATIONAL,2.6,50.0
ChIJJ6mC7RDzNIgRP7aECEKy1Wo,Sunoco,"1329 Babcock Boulevard, Millvale",40.4957949,-79.9768485,"gas_station,atm,convenience_store,finance,store,food,point_of_interest,establishment",convenience,OPERATIONAL,2.1,27.0
ChIJmUj5oRvzNIgRy5zZkDWU388,Dollar General,"1701 Babcock Boulevard, Millvale",40.4996483,-79.98083919999999,"drugstore,convenience_store,grocery_or_supermarket,health,store,food,point_of_interest,establishment",convenience,OPERATIONAL,4.2,203.0
ChIJc5p7phXzNIgRxCalShw7QJ8,The Flame Barbeque,"1805 Babcock Boulevard, Pittsburgh",40.5015714,-79.9832474,"restaurant,food,point_of_interest,establishment",restaurant,OPERATIONAL,3.3,35.0
ChIJuRKBxtjzNIgR1s03-gUbq0U,Fornello Pizzeria,"1256 Evergreen Avenue, Pittsburgh",40.4949248,-79.975786,"restaurant,food,point_of_interest,establishment",restaurant,OPERATIONAL,4.7,253.0
ChIJdVP4khDzNIgRYIzAhTkTdoM,Rita's Italian Ice & Frozen Custard,"1320 Babcock Boulevard, Pittsburgh",40.496091,-79.976441,"store,restaurant,food,point_of_interest,establishment",restaurant,CLOSED_TEMPORARILY,4.6,466.0
ChIJ5_3M_njzNIgRVK0QsnBaUMQ,Ruckus Cafe (Shaler),"1707 Babcock Boulevard, Pittsburgh",40.5005224,-79.9810945,"restaurant,art_gallery,cafe,store,food,point_of_interest,establishment",restaurant,OPERATIONAL,4.6,407.0
ChIJNcHalxDzNIgRPVc2ebSZtvc,Ford's Tavern,"1402 Evergreen Avenue, Pittsburgh",40.4963126,-79.976062,"bar,meal_takeaway,restaurant,food,point_of_interest,establishment","fast_food,restaurant",OPERATIONAL,4.4,63.0
ChIJUUsxHFPzNIgR7JI0P48xA4E,Caesars Alehouse & Eatery,"623 North Avenue, Millvale",40.4860543,-79.97329839999999,"bar,restaurant,food,point_of_interest,establishment",restaurant,OPERATIONAL,4.6,141.0
ChIJQQ9urQTzNIgR7VgT3deDMQI,Tasty Taquitos,"301 North Avenue, Pittsburgh",40.4818167,-79.97431859999999,"restaurant,food,point_of_interest,establishment",restaurant,OPERATIONAL,4.8,98.0
ChIJ47pOfZPzNIgRY_j6yEEmhLA,Millvale Market,"524 Grant Avenue Floor 1, Millvale",40.4809667,-79.9747855,"grocery_or_supermarket,cafe,store,restaurant,food,point_of_interest,establishment",restaurant,OPERATIONAL,4.5,65.0
ChIJC8pHiajzNIgRZT-3zgGzF38,Asgard Raw Dog & Cat Food,"10 Sedgwick Street, Pittsburgh",40.4796371,-79.9744644,"store,restaurant,food,point_of_interest,establishment",restaurant,OPERATIONAL,4.7,87.0
ChIJL34Y8nLzNIgR3Qp6i7lC7XM,Taproom 616,"616 North Avenue, Millvale",40.48590950000001,-79.9729409,"restaurant,bar,food,point_of_interest,establishment",restaurant,OPERATIONAL,,
ChIJ87dkzcTzNIgRQ_0EH32O5gc,Fox's Pizza Den,"401 Grant Avenue, Pittsburgh",40.47981860000001,-79.9733086,"restaurant,food,point_of_interest,establishment",restaurant,OPERATIONAL,4.4,127.0
ChIJxVy9G6nzNIgRLFFQap_SmqM,Grist House Craft Brewery,"10 East Sherman Street, Pittsburgh",40.4787139,-79.9722824,"bar,restaurant,food,point_of_interest,establishment",restaurant,OPERATIONAL,4.8,734.0
ChIJKVh9ZJPyNIgRukGVEuDBCkM,Pittsburgh Sandwich Society Food Truck,"501E East Ohio Street, Pittsburgh",40.4787536,-79.9681918,"restaurant,food,point_of_interest,establishment",restaurant,OPERATIONAL,4.6,133.0
ChIJbcJEVVbyNIgRqNV9hr7lGX4,Spirit,"242 51st Street, Pittsburgh",40.4786379,-79.9565781,"restaurant,meal_delivery,night_club,bar,food,point_of_interest,establishment",restaurant,OPERATIONAL,4.6,1493.0
ChIJYYWWt3HzNIgRdbh0dC_GfCA,Oishii Donburi,"5227 Butler Street, Pittsburgh",40.4811116,-79.95425759999999,"restaurant,food,point_of_interest,establishment",restaurant,OPERATIONAL,4.6,373.0
ChIJuRYuMSbzNIgRtIlpZyP4PjM,Lolev Beer,"5247 Butler Street, Pittsburgh",40.48162169999999,-79.95385759999999,"bar,restaurant,food,point_of_interest,establishment",restaurant,OPERATIONAL,4.8,173.0
ChIJeWWKpRLzNIgRRIcitDNXHAs,ippa Pittsburgh,"5241 Butler Street, Pittsburgh",40.4813528,-79.95401009999999,"restaurant,food,point_of_interest,establishment",restaurant,OPERATIONAL,,
ChIJAeVyyVfyNIgRJl5qfH2SbDs,Dive Bar & Grille (Lawrenceville),"5147 Butler Street, Pittsburgh",40.47967879999999,-79.9550826,"bar,restaurant,food,point_of_interest,establishment",restaurant,OPERATIONAL,4.4,936.0
ChIJk8LxzX_zNIgROyn2KZl4J24,Zen Asian Diner,"5100 Butler Street, Pittsburgh",40.4783482,-79.9554342,"restaurant,food,point_of_interest,establishment",restaurant,OPERATIONAL,4.0,104.0
ChIJA8iHbgDzNIgRhXDP6i-tV9I,Pesaro's Pizza,"5424 Butler Street, Pittsburgh",40.4831374,-79.9503367,"restaurant,food,point_of_interest,establishment",restaurant,OPERATIONAL,4.2,232.0
ChIJx_Xv4R3zNIgRTRJgPYYvyNo,Cuddy’s Soul Food@Lawrencehall,"4609 Butler Street, Pittsburgh",40.47324649999999,-79.95882460000001,"restaurant,food,point_of_interest,establishment",restaurant,OPERATIONAL,3.9,66.0
ChIJd3GeTEfzNIgRWwRXvso94LI,"La Palapa, Mezcal & Cocina","4609 Butler Street, Pittsburgh",40.47324649999999,-79.95882460000001,"restaurant,food,point_of_interest,establishment",restaurant,OPERATIONAL,4.5,8.0
ChIJT6B4EELzNIgRvec4atFU0SM,LOADED at Lawrence Hall,"4609 Butler Street, Pittsburgh",40.47324649999999,-79.95882460000001,"restaurant,food,point_of_interest,establishment",restaurant,OPERATIONAL,4.4,7.0
ChIJY7vxeg3zNIgRbP8LKtK3xXc,Lawrence Hall,"4609 Butler Street, Pittsburgh",40.47324649999999,-79.95882460000001,"restaurant,food,point_of_interest,establishment",restaurant,OPERATIONAL,4.2,298.0
ChIJa0KmcmvzNIgRe89DrhsVJkM,Kazoku Sushi @Lawrence Hall,"4609 Butler Street Lawrence Hall, Pittsburgh",40.47324649999999,-79.95882460000001,"restaurant,food,point_of_interest,establishment",restaurant,OPERATIONAL,4.0,8.0
ChIJO38KU7rzNIgR7KDaInpmlh4,Rising Crust Pizzeria,"183 Butler Street, Etna",40.4933512,-79.948587,"restaurant,food,point_of_interest,establishment",restaurant,OPERATIONAL,4.8,135.0
ChIJq6q6V-ryNIgRAKw2HGm5H-E,Bread Of Life Food Pantry,"94 Locust St, Etna",40.4979669,-79.94473339999999,"food,point_of_interest,establishment",food_bank,OPERATIONAL,4.9,11.0
ChIJNXhmBZTyNIgRF5z9CCb-Wlg,Circle K,"501 North Main Street, Sharpsburg",40.49482140000001,-79.93671119999999,"convenience_store,atm,meal_takeaway,finance,cafe,store,restaurant,food,point_of_interest,establishment","convenience,fast_food,restaurant",OPERATIONAL,3.3,93.0
ChIJH0V5AkvzNIgRTo78I-xhsdg,Keystone Vapors And Convenience Store Etna,"358 Butler Street, Etna",40.49662689999999,-79.943692,"convenience_store,meal_takeaway,store,restaurant,food,point_of_interest,establishment","convenience,fast_food,restaurant",OPERATIONAL,3.9,49.0
ChIJMeHd5OryNIgRbZ-HUtC4e8k,Store Xpress,"Bridge Street, Etna",40.4978395,-79.9436703,"convenience_store,store,food,point_of_interest,establishment",convenience,OPERATIONAL,1.0,1.0
ChIJMXNV8-ryNIgRXPF257oAaXU,Etna Express,"421 Butler Street #2106, Pittsburgh",40.4987481,-79.9441714,"convenience_store,store,food,point_of_interest,establishment",convenience,OPERATIONAL,4.1,22.0
ChIJY2r93f70NIgRTYyuaQbVByQ,7-Eleven,"22 Grant Avenue, Etna",40.5040831,-79.9486201,"convenience_store,cafe,liquor_store,store,restaurant,food,point_of_interest,establishment","convenience,restaurant",OPERATIONAL,3.5,36.0
ChIJSwksOMDyNIgRkP-SqVRDHQQ,Pizza Hut,"550 Butler Street, Etna",40.5005636,-79.9432247,"meal_takeaway,meal_delivery,restaurant,food,point_of_interest,establishment","fast_food,restaurant",OPERATIONAL,3.8,315.0
ChIJx7uIQJfyNIgR2H_ZeotSwMs,Krazy Karen's,"1000 North Canal Street, Pittsburgh",40.4947572,-79.9324936,"bar,restaurant,food,point_of_interest,establishment",restaurant,OPERATIONAL,4.3,161.0
ChIJi-71IsDyNIgRLLv1roZzQzs,Subway,"500 Butler Street Suite 100, Etna",40.5003831,-79.9430847,"meal_takeaway,restaurant,food,point_of_interest,establishment","fast_food,restaurant",OPERATIONAL,3.3,83.0
ChIJMah88J7yNIgR6jk7t77zufs,Gino Bros Pizza Bar,"713 Main Street, Sharpsburg",40.49446510000001,-79.9347533,"bar,restaurant,food,point_of_interest,establishment",restaurant,OPERATIONAL,4.2,522.0
ChIJoSn9hevyNIgRBYpehK-Fhc0,E Town Bar & Grill,"304 Butler Street, Pittsburgh",40.4953954,-79.9452233,"bar,restaurant,food,point_of_interest,establishment",restaurant,OPERATIONAL,4.6,558.0
ChIJeZjZAuvyNIgRrlF_zW7ITyA,Cop Out Pierogies,"350 Butler Street, Pittsburgh",40.4962078,-79.9440616,"restaurant,food,point_of_interest,establishment",restaurant,OPERATIONAL,4.8,407.0
ChIJxcFzDWfzNIgRqoS-FdQDcHU,Frozen chicken supplier,"Butler Street, Pittsburgh",40.4851749,-79.94629789999999,"store,restaurant,food,point_of_interest,establishment",restaurant,OPERATIONAL,,
ChIJhYoqNADzNIgRRj-lA7xRTRU,Reno's Deli,"342 Butler Street, Pittsburgh",40.496139,-79.944288,"restaurant,food,point_of_interest,establishment",restaurant,OPERATIONAL,4.8,20.0
ChIJ66UGuxPzNIgR6PU7Pa3uDPs,Hong Kong Taste,"366 Butler Street, Etna",40.4967683,-79.9437313,"restaurant,food,point_of_interest,establishment",restaurant,OPERATIONAL,3.5,70.0
ChIJi00kCQPzNIgRzjukcb4TVh4,Senza,"372 Butler Street, Pittsburgh",40.49685909999999,-79.94382209999999,"restaurant,food,point_of_interest,establishment",restaurant,OPERATIONAL,4.7,76.0
ChIJFfHe-oPzNIgRrDQMtsSgysY,Il Forno Pizza,"376 Butler Street, Pittsburgh",40.4970705,-79.9436985,"restaurant,food,point_of_interest,establishment",restaurant,OPERATIONAL,4.3,8.0
ChIJMV5Ibr3zNIgRkME2odX3Pt4,Etna Slice House,"376 Butler Street, Pittsburgh",40.4970705,-79.9436985,"meal_takeaway,restaurant,food,point_of_interest,establishment","fast_food,restaurant",CLOSED_TEMPORARILY,4.8,49.0
ChIJ8e_CBY_zNIgRNXkx03Ejrn0,Rear End Gastropub & Garage,"399 Butler Street, Pittsburgh",40.4976218,-79.9441501,"restaurant,food,point_of_interest,establishment",restaurant,OPERATIONAL,4.4,512.0
ChIJm8Kc_OryNIgRJ473-3WwBHo,Big Mike's Tavern & Grill,"396 Butler Street, Etna",40.4976194,-79.9437322,"meal_takeaway,bar,restaurant,food,point_of_interest,establishment","fast_food,restaurant",OPERATIONAL,4.1,142.0
ChIJK1hW6YTyNIgRTqozUZYSdHw,The Bulldog Pub,"1818 Morningside Avenue, Pittsburgh",40.4867684,-79.9266313,"bar,restaurant,food,point_of_interest,establishment",restaurant,OPERATIONAL,4.7,599.0
ChIJJQ-pzR7zNIgRVbA03SzhY8I,Uncorked,"703 Main Street, Pittsburgh",40.4945064,-79.93498819999999,"restaurant,food,point_of_interest,establishment",restaurant,OPERATIONAL,4.7,80.0
ChIJUXaRoGX3NIgRhrYGMlDCoFM,The Brinery,"914 Main Street, Sharpsburg",40.4947606,-79.9330028,"restaurant,food,point_of_interest,establishment",restaurant,OPERATIONAL,4.7,235.0
ChIJj1-GJpfyNIgRWt-hZMv-K-o,Big Shot Bob's House of Wings - Sharpsburg,"918 Main Street, Sharpsburg",40.49471559999999,-79.93294449999999,"restaurant,food,point_of_interest,establishment",restaurant,OPERATIONAL,3.7,169.0
ChIJlfFv_vLzNIgRy795I8vXuDE,Polska Laska,"1100 North Canal Street, Pittsburgh",40.4952332,-79.9309622,"restaurant,food,point_of_interest,establishment",restaurant,OPERATIONAL,4.9,162.0
ChIJ3eJzZoTyNIgRFwR6eZysncc,Eddie's Pizza Haus,"1744 Chislett Street, Pittsburgh",40.4851514,-79.9258397,"meal_delivery,restaurant,food,point_of_interest,establishment",restaurant,OPERATIONAL,4.6,208.0
ChIJp3t89snzNIgRXZN9p5xqZng,Sharpsburg Food Pantry,"210 Garnier St, Pittsburgh",40.4959614,-79.9365023,"point_of_interest,establishment",food_bank,OPERATIONAL,4.0,4.0
ChIJ7_2iA2XyNIgReGMO7b5stBI,Valley View Presbyterian Church,"601 N Aiken Ave, Pittsburgh",40.4709,-79.9327707,"church,place_of_worship,point_of_interest,establishment",food_bank,OPERATIONAL,4.4,11.0
ChIJQdXg6ZjyNIgRcYwG-H_nabQ,Amoco,"1501 North Canal Street, Pittsburgh",40.496634,-79.926272,"gas_station,supermarket,grocery_or_supermarket,store,food,point_of_interest,establishment",grocery,OPERATIONAL,4.3,4.0
ChIJO6yIQ57yNIgR09gRFx-Asbw,Dollar General,"1811 Main Street, Sharpsburg",40.49433940000001,-79.9210711,"drugstore,convenience_store,grocery_or_supermarket,food,health,store,point_of_interest,establishment",convenience,OPERATIONAL,3.8,260.0
ChIJ-a_zwpjyNIgRkZ0Jwg3qsVY,Coen Markets,"1501 North Canal Street, Sharpsburg",40.4966748,-79.9259907,"convenience_store,gas_station,meal_takeaway,cafe,restaurant,food,store,point_of_interest,establishment","convenience,fast_food,restaurant",OPERATIONAL,3.7,52.0
ChIJlwGehW7tNIgRmXI-RHo6Iu8,Sunoco,"304 Freeport Road, Aspinwall",40.4892679,-79.90317999999999,"gas_station,convenience_store,food,store,point_of_interest,establishment",convenience,OPERATIONAL,1.8,19.0
ChIJJxz2kG7tNIgRkLtJU8pyxo4,Cornerstone Restaurant & Bar,"301 Freeport Road, Aspinwall",40.489567,-79.90327599999999,"bar,restaurant,food,point_of_interest,establishment",restaurant,OPERATIONAL,4.3,655.0
ChIJj9G7-GXtNIgR3zBjezp8fGY,Efes Mediterranean Pizza,"50 Freeport Road #300, Aspinwall",40.49144829999999,-79.9080287,"meal_delivery,restaurant,food,point_of_interest,establishment",restaurant,OPERATIONAL,4.4,369.0
ChIJFcC7m27tNIgRFI8aFDqbQ7g,Pasquale's Pizzeria,"309 Freeport Road, Aspinwall",40.489469,-79.90298419999999,"meal_delivery,meal_takeaway,restaurant,food,point_of_interest,establishment","fast_food,restaurant",OPERATIONAL,4.3,177.0
ChIJj4ojx27tNIgRx_QkYjIhYMk,Casa Del Sole Pizza,"222 1st Street, Aspinwall",40.49042559999999,-79.90409559999999,"restaurant,food,point_of_interest,establishment",restaurant,OPERATIONAL,4.6,168.0
ChIJE5YAUp3yNIgRIJAi9h5VJmc,Lock & Dam Dog Shop,"7331 Butler Street, Pittsburgh",40.4880211,-79.91988099999999,"store,restaurant,food,point_of_interest,establishment",restaurant,CLOSED_TEMPORARILY,4.7,370.0
ChIJjxN8I-zzNIgRxvATjHEU5Kk,Village Market,"7370 Baker Street, Pittsburgh",40.48352269999999,-79.9210548,"restaurant,food,point_of_interest,establishment",restaurant,OPERATIONAL,4.0,1.0
ChIJxVd0I2ntNIgR0HWArl8uf3s,Jambo Grill,Pittsburgh,40.48452919999999,-79.91843899999999,"restaurant,food,point_of_interest,establishment",restaurant,OPERATIONAL,2.5,65.0
ChIJl9Idur_tNIgRC4qSnGye370,Swahili Pizza,"F3MJ+QP, Pittsburgh",40.4844678,-79.91812519999999,"restaurant,food,point_of_interest,establishment",restaurant,OPERATIONAL,2.0,4.0
ChIJY4Uyv8bzNIgR89Ztvg_SXlA,Dragon Palace,"1714 Main Street, Pittsburgh",40.4948646,-79.9226032,"restaurant,food,point_of_interest,establishment",restaurant,OPERATIONAL,4.4,343.0
ChIJZ88vbADtNIgR3y6fvMHmeWg,Ranucci's,"2218 Main Street, Pittsburgh",40.4935873,-79.9145357,"restaurant,food,point_of_interest,establishment",restaurant,OPERATIONAL,4.7,50.0
ChIJC-wFCPHtNIgRglq3iBRQUQw,Foxhole Tavern,"211 Commercial Avenue, Pittsburgh",40.49038789999999,-79.9046284,"restaurant,food,point_of_interest,establishment",restaurant,OPERATIONAL,4.8,21.0
ChIJs443ym7tNIgRHZNnFDOR-ik,Caliente Pizza & Drafthouse,"225 Commercial Avenue, Aspinwall",40.490291,-79.904024,"restaurant,food,point_of_interest,establishment",restaurant,OPERATIONAL,4.3,915.0
ChIJhQt73O7tNIgRjR4Nt8E_h_0,AVVA Modern Mediterranean Cuisine,"235 Commercial Avenue, Aspinwall",40.4900195,-79.90345479999999,"restaurant,food,point_of_interest,establishment",restaurant,OPERATIONAL,4.7,189.0
ChIJyXV4P2ztNIgRIAzbI1mW0G0,Feast Gourmet Market and Eatery,"27 Brilliant Avenue, Aspinwall",40.48971909999999,-79.90120540000001,"grocery_or_supermarket,store,restaurant,food,point_of_interest,establishment",restaurant,OPERATIONAL,4.7,91.0
ChIJA33CSGztNIgRnsDuTbLB5ZQ,Spice Affair,"US, 8 Brilliant Avenue, Pittsburgh",40.4891011,-79.9007209,"restaurant,food,point_of_interest,establishment",restaurant,OPERATIONAL,4.5,785.0
ChIJ327s1hvtNIgRAfVeZ5GUoIs,bp,"100 Fox Chapel Road, Pittsburgh",40.489103,-79.883029,"gas_station,supermarket,grocery_or_supermarket,store,food,point_of_interest,establishment",grocery,OPERATIONAL,2.8,18.0
ChIJS7_fRRrtNIgRHb8J39vQBjY,GetGo,"1081 Freeport Road, Pittsburgh",40.48809689999999,-79.8837072,"convenience_store,store,food,point_of_interest,establishment",convenience,OPERATIONAL,2.5,11.0
ChIJS7_fRRrtNIgRLli4QdY0CPY,GetGo Café + Market & WetGo Car Wash,"1081 Freeport Road, Pittsburgh",40.4879793,-79.88356089999999,"gas_station,car_wash,cafe,convenience_store,store,food,point_of_interest,establishment",convenience,OPERATIONAL,2.9,108.0
ChIJ327s1hvtNIgRJel56Qz9PmE,Easy Trip,"100 Fox Chapel Road, Pittsburgh",40.4893524,-79.88256659999999,"convenience_store,gas_station,store,food,point_of_interest,establishment",convenience,CLOSED_TEMPORARILY,4.5,2.0
ChIJe59DvhPtNIgRQHy359SGF0E,Burgatory,"932 Freeport Road, Pittsburgh",40.4891458,-79.8929315,"bar,restaurant,food,point_of_interest,establishment",restaurant,OPERATIONAL,4.2,1751.0
ChIJ836TLjaTNIgRGOfP_5Qt6yw,Subway,"1039 Freeport Road Room #27, Pittsburgh",40.4882715,-79.8855605,"meal_takeaway,restaurant,food,point_of_interest,establishment","fast_food,restaurant",OPERATIONAL,3.2,94.0
ChIJYbWigLXsNIgRVKwrXkzaj8g,Aladdin's Eatery Fox Chapel,"929 Freeport Road, Pittsburgh",40.4880547,-79.88816240000001,"restaurant,food,point_of_interest,establishment",restaurant,OPERATIONAL,4.3,410.0
ChIJQ06KcDWTNIgR_KOB-hCyPO8,Ichiban Hibachi & Sushi Bar,"983 Freeport Road, Pittsburgh",40.48805559999999,-79.88694439999999,"restaurant,food,point_of_interest,establishment",restaurant,OPERATIONAL,4.3,1478.0
ChIJB3sjdsfsNIgR2rV5Lh1JcBI,Chili's Grill & Bar,"855 Freeport Road, Pittsburgh",40.486973,-79.891114,"restaurant,bar,food,point_of_interest,establishment",restaurant,OPERATIONAL,4.0,1345.0
ChIJmQXUvBHtNIgRx7a8ckWj4Xo,McDonald's,"907 Freeport Road, Pittsburgh",40.4869576,-79.8896773,"cafe,restaurant,food,store,point_of_interest,establishment",restaurant,OPERATIONAL,3.6,1219.0
ChIJ0VPq8RvtNIgRj5Ga8BZOeHA,Chipotle Mexican Grill,"1027 Freeport Road, Pittsburgh",40.48808859999999,-79.8854891,"restaurant,food,point_of_interest,establishment",restaurant,OPERATIONAL,3.0,933.0
ChIJcyYHp8rsNIgRHsRu6o0h96k,Panera Bread,"942 Freeport Road, Pittsburgh",40.4891773,-79.8925407,"cafe,meal_takeaway,bakery,restaurant,food,store,point_of_interest,establishment","fast_food,restaurant",OPERATIONAL,3.9,474.0
ChIJhQxuGDaTNIgRooR0K7xcCc4,Five Guys,"1029 Freeport Road, Pittsburgh",40.4880804,-79.88554959999999,"meal_takeaway,restaurant,food,point_of_interest,establishment","fast_food,restaurant",OPERATIONAL,4.4,461.0
ChIJP-ftn8rsNIgRKFmLqVQEOs4,Uncle Sam’s Sandwich Bar,"936 Freeport Road, Pittsburgh",40.48918340000001,-79.8928436,"restaurant,food,point_of_interest,establishment",restaurant,OPERATIONAL,4.3,554.0
ChIJweotuhHtNIgRWG1WxQOvrtI,Italian Village Trattoria,"938 Freeport Road, Pittsburgh",40.48910509999999,-79.8926757,"meal_delivery,bar,restaurant,food,store,point_of_interest,establishment",restaurant,OPERATIONAL,4.0,564.0
ChIJ-d12ncfsNIgRdZGi3XtccTQ,Wendy's,"891 Freeport Road, Pittsburgh",40.486926,-79.89063349999999,"restaurant,food,point_of_interest,establishment",restaurant,OPERATIONAL,3.5,632.0
ChIJBYtuefrtNIgRu38pr1mGCJw,Farmer's Fridge,"Located in the cafeteria, 815 Freeport Road, Pittsburgh",40.4890951,-79.8967347,"restaurant,food,point_of_interest,establishment",restaurant,OPERATIONAL,,
ChIJ13K0kUDtNIgRBTZWdoV4cDE,It's Just Wings,"855 Freeport Road, Pittsburgh",40.486973,-79.891114,"meal_delivery,meal_takeaway,restaurant,food,point_of_interest,establishment","fast_food,restaurant",OPERATIONAL,2.3,11.0
ChIJkV88YX7tNIgR0DvVOjv5xQc,Rival,"911 Freeport Road, Pittsburgh",40.48698069999999,-79.8889277,"restaurant,food,point_of_interest,establishment",restaurant,OPERATIONAL,4.2,194.0
ChIJkbA4mGHtNIgRI8Wn6MsBYVI,Zen Ramen & Poke,"977 Freeport Road, Pittsburgh",40.48793749999999,-79.88707459999999,"restaurant,food,point_of_interest,establishment",restaurant,OPERATIONAL,4.2,208.0
ChIJq4abLwDtNIgRA-EW5dMFvRE,Starbucks Coffee Company,"1028 Freeport Road, Pittsburgh",40.48678,-79.88716,"cafe,store,restaurant,food,point_of_interest,establishment",restaurant,OPERATIONAL,4.3,35.0
ChIJzd4VsErtNIgRHQa3VqDnbgI,Mad Mex Waterworks,"1041 Freeport Road, Pittsburgh",40.4884157,-79.88551799999999,"restaurant,food,point_of_interest,establishment",restaurant,OPERATIONAL,4.2,644.0
ChIJdWI1rsjtNIgRkbphnmqKxfk,Farmer's Fridge,"Located next to the cafeteria in the seating area near existing vending, 1010 Delafield Road, Pittsburgh",40.494918,-79.888001,"restaurant,food,point_of_interest,establishment",restaurant,OPERATIONAL,,
ChIJDXMV1__tNIgRPTBCflmTHsw,Alta Via,"46 Fox Chapel Road, Pittsburgh",40.4883051,-79.8827649,"restaurant,food,point_of_interest,establishment",restaurant,OPERATIONAL,4.4,480.0
ChIJ2bAS2yHtNIgRKnrypJFSNOE,Local Provisions,"1111 Freeport Road, Pittsburgh",40.4881435,-79.8822003,"restaurant,food,point_of_interest,establishment",restaurant,OPERATIONAL,4.5,113.0
ChIJR4Ahxf3tNIgRtlHB4Yd7um8,Viva La Vida Mexican Bar & Grill,"1141 Freeport Road, Pittsburgh",40.4884107,-79.8809619,"restaurant,food,point_of_interest,establishment",restaurant,OPERATIONAL,4.7,1028.0
ChIJO_re-1DtNIgRM7Jm7wMRdRI,Chick-fil-A,"1175 Freeport Road, Pittsburgh",40.4882815,-79.87970229999999,"restaurant,food,point_of_interest,establishment",restaurant,OPERATIONAL,4.1,818.0
ChIJFXoxAB7tNIgRgUTMEbQoTpY,Jimmy Wan's Restaurant & Lounge,"1337 Old Freeport Road Rd9, Pittsburgh",40.4888759,-79.8746326,"meal_delivery,night_club,bar,restaurant,food,point_of_interest,establishment",restaurant,OPERATIONAL,4.4,1033.0
ChIJleYVAejsNIgRAJV0j-c3rs4,Nonni's Pizza,"254 Freeport Road, Blawnox",40.49259199999999,-79.863051,"meal_takeaway,meal_delivery,restaurant,food,point_of_interest,establishment","fast_food,restaurant",OPERATIONAL,3.5,231.0
ChIJ1V5OA-jsNIgRHbpa292sdpQ,Nox's Tavern & Grille,"720 Blaw Avenue, Pittsburgh",40.4924645,-79.86265619999999,"bar,restaurant,food,point_of_interest,establishment",restaurant,OPERATIONAL,4.6,703.0
ChIJT25WXsLsNIgR3Rj0iA-uyDA,Starlite Lounge,"364 Freeport Road, Pittsburgh",40.4940191,-79.8602891,"night_club,bar,restaurant,food,point_of_interest,establishment",restaurant,OPERATIONAL,4.5,369.0
ChIJ2e79pcLsNIgRfTHrI-wY-tQ,Dietch's Bar & Grille,"272 Freeport Road, Pittsburgh",40.4929689,-79.8625943,"bar,restaurant,food,point_of_interest,establishment",restaurant,OPERATIONAL,4.4,144.0
ChIJl_9_Th7tNIgRHQIxMhiG12A,Mercurio’s O’Hara,"1335 Freeport Road # 2, Pittsburgh",40.4897333,-79.873836,"restaurant,food,point_of_interest,establishment",restaurant,OPERATIONAL,4.5,397.0
ChIJ8-9kRp3tNIgR4A2Z8dbtCAI,Tepache Mexican Kitchen & Bar,"1374 Freeport Road, Pittsburgh",40.4893099,-79.8727112,"restaurant,food,point_of_interest,establishment",restaurant,OPERATIONAL,4.7,592.0
ChIJk5f_LxLtNIgR2wt4ZIrTchE,Jersey Mike's Subs,"171 Freeport Road, Blawnox",40.4919178,-79.86566979999999,"meal_takeaway,restaurant,food,store,point_of_interest,establishment","fast_food,restaurant",OPERATIONAL,4.0,150.0
ChIJD4UBTJ_tNIgRd2c8SjCUfHw,Clean Eatz,"175 Freeport Road, Pittsburgh",40.49189550000001,-79.8656419,"meal_delivery,cafe,restaurant,food,health,store,point_of_interest,establishment",restaurant,OPERATIONAL,4.3,79.0
ChIJrzf3HwDtNIgR7xVH7S4zfuY,King Fried Chicken,"268 Freeport Road, Blawnox",40.4928384,-79.862658,"restaurant,food,point_of_interest,establishment",restaurant,OPERATIONAL,3.9,21.0
ChIJ4wDPNDrtNIgR4TZPBEZsIvo,Giuseppe's Pizzeria,"268 Freeport Road, Blawnox",40.4928384,-79.862658,"meal_delivery,meal_takeaway,restaurant,food,point_of_interest,establishment","fast_food,restaurant",CLOSED_TEMPORARILY,4.3,23.0
ChIJZQBnWtftNIgR8Mpxs8UJz4w,Maenam Thai,"330 Freeport Road, Blawnox",40.49356849999999,-79.8613549,"restaurant,food,point_of_interest,establishment",restaurant,OPERATIONAL,4.8,319.0
ChIJvzldj8ftNIgRzJDvgTOYtdk,Gordo’s Cafe & Cantina,"900 Gamma Drive, Pittsburgh",40.5000656,-79.86477699999999,"restaurant,food,point_of_interest,establishment",restaurant,OPERATIONAL,4.1,8.0
ChIJO87Fn8XsNIgRGfG4XU85Eqk,Route 28 Bar & Grill,"180 Gamma Drive Building A, Pittsburgh",40.5011154,-79.8606463,"bar,restaurant,food,point_of_interest,establishment",restaurant,OPERATIONAL,4.1,238.0
ChIJ8_Jzlr3tNIgRIJqjkrOikOM,The Bocce House of Pittsburgh LLC,"641 Alpha Drive Suite B, Pittsburgh",40.5053597,-79.8712874,"bar,restaurant,food,store,point_of_interest,establishment",restaurant,OPERATIONAL,5.0,19.0
ChIJAY4XYtDsNIgR30_-x_VpivM,Center For Organ Recovery,"204 Sigma Dr, Pittsburgh",40.50452420000001,-79.8655077,"point_of_interest,establishment",food_bank,OPERATIONAL,4.6,56.0
ChIJxWAZULrsNIgRBlAa1Dkq7I4,Giant Eagle Supermarket,"200 Allegheny River Boulevard, Verona",40.4992036,-79.8445572,"grocery_or_supermarket,supermarket,store,food,point_of_interest,establishment",grocery,OPERATIONAL,4.2,816.0
ChIJ-SVwEsfsNIgRhuRTCZmY8NQ,APlus,"806 Freeport Road, Blawnox",40.4988262,-79.85303309999999,"convenience_store,store,food,point_of_interest,establishment",convenience,OPERATIONAL,,
ChIJFbBIgezsNIgRJ1ccMQO_1Mc,Prime Communications Llp,"136 Allegheny River Boulevard, Verona",40.4985556,-79.8449052,"restaurant,food,point_of_interest,establishment",restaurant,OPERATIONAL,,
ChIJJzvnBk2TNIgRsYYTzevghnk,Freedom Square Diner,"148 Allegheny River Boulevard, Verona",40.4986292,-79.8448841,"restaurant,food,point_of_interest,establishment",restaurant,OPERATIONAL,4.6,734.0
ChIJc0c_jrvsNIgRbvzRSUQv1Gs,McDonald's,"70 Allegheny River Boulevard, Verona",40.4967334,-79.8449716,"cafe,store,restaurant,food,point_of_interest,establishment",restaurant,OPERATIONAL,3.2,747.0
ChIJzxhngezsNIgR64VuSqC-NBA,Dragon Chinese Restaurant,"140 Allegheny River Boulevard, Verona",40.498463,-79.84492689999999,"restaurant,food,point_of_interest,establishment",restaurant,OPERATIONAL,4.0,200.0
ChIJS4cKuzzzNIgRnULvgUmg1Oc,Soul Pasta,"314 Arch Street, Verona",40.5000247,-79.84708959999999,"store,restaurant,food,point_of_interest,establishment",restaurant,OPERATIONAL,5.0,61.0
ChIJ6c16PijtNIgR17HtECP3Xvc,Acclamation Brewing,"314 Arch Street, Verona",40.5000247,-79.84708959999999,"bar,restaurant,food,point_of_interest,establishment",restaurant,OPERATIONAL,4.7,158.0
ChIJC42LT7rsNIgRuKwIe6sXlZY,Giant Eagle Prepared Foods,"200 Allegheny River Boulevard, Verona",40.4993311,-79.84448309999999,"meal_takeaway,restaurant,food,point_of_interest,establishment","fast_food,restaurant",OPERATIONAL,,
ChIJ__9j1VqTNIgRgpvSVPg_02o,Off the Rails Barbeque and Drafthouse,"549 Allegheny River Boulevard, Verona",40.5034087,-79.8430365,"bar,restaurant,food,point_of_interest,establishment",restaurant,OPERATIONAL,4.6,785.0
ChIJDZk3YF3rNIgRK2cDQUQpdBE,Sunoco,"280 Hulton Road, Verona",40.48911489999999,-79.82000459999999,"gas_station,convenience_store,store,food,point_of_interest,establishment",convenience,OPERATIONAL,3.2,23.0
ChIJndQTD6_sNIgRaxJKvokfGes,Verona Village Inn,"551 Wildwood Avenue, Verona",40.502456,-79.83757399999999,"restaurant,food,point_of_interest,establishment",restaurant,OPERATIONAL,4.6,938.0
ChIJKY5iRF3rNIgR5nT0Vt8OJz0,Pirollo's Delicatessen,"307 Hulton Road, Verona",40.4897213,-79.8194377,"grocery_or_supermarket,store,restaurant,food,point_of_interest,establishment",restaurant,OPERATIONAL,4.5,205.0
ChIJw9aFLS_rNIgRPspywWE8aXY,Community Supermarket,"1117 Milltown Road, Verona",40.4986122,-79.79066759999999,"supermarket,pharmacy,grocery_or_supermarket,health,store,food,point_of_interest,establishment",grocery,OPERATIONAL,4.3,961.0
ChIJObcOTEnrNIgRUxaE3KxXFAM,K & G Supermart,"1043 Hamil Road, Verona",40.502525,-79.81257599999999,"convenience_store,store,food,point_of_interest,establishment",convenience,OPERATIONAL,3.7,3.0
ChIJ-_e_VO3rNIgRwy9Y9xnm6Dc,Dollar General,"1108 Milltown Road, Verona",40.49861999999999,-79.78952,"drugstore,convenience_store,grocery_or_supermarket,health,store,food,point_of_interest,establishment",convenience,OPERATIONAL,3.4,18.0
ChIJo81oTN_qNIgR7Se8vjiNLAg,Franco's Pizza,"138 Unity Trestle Road, Plum",40.4905628,-79.78385349999999,"meal_delivery,restaurant,food,point_of_interest,establishment",restaurant,OPERATIONAL,3.8,136.0
ChIJgbCtbCHrNIgR2-N7A6HvmZ8,Fitz Willys Kitchen and Catering LLC,"2514B Leechburg Road, Pittsburgh",40.4916296,-79.7857702,"restaurant,food,point_of_interest,establishment",restaurant,OPERATIONAL,4.9,31.0
ChIJ4eY3sTvrNIgRQrhnHOfWhxM,Karim Halal Food,"1039 Hamil Road, Verona",40.5024878,-79.8126241,"restaurant,food,point_of_interest,establishment",restaurant,CLOSED_TEMPORARILY,4.8,51.0
ChIJJ-22ON_qNIgR3aoS69ZgceQ,Monico's Bar & Grille,"3435 Universal Road, Pittsburgh",40.4902393,-79.7835245,"bar,restaurant,food,point_of_interest,establishment",restaurant,OPERATIONAL,4.3,169.0
ChIJ0W6623nrNIgRQYLr_R7NfIc,Penn Hills Municipal Shopping Center,"12250 Frankstown Rd, Penn Hills Township",40.471976,-79.8191375,"shopping_mall,point_of_interest,establishment",food_bank,OPERATIONAL,4.1,114.0
ChIJha2Qt97qNIgRXMT-ktlX5kQ,Sunoco,"255 Unity Trestle Road, Pittsburgh",40.4900224,-79.7805683,"gas_station,convenience_store,food,store,point_of_interest,establishment",convenience,OPERATIONAL,2.6,21.0
ChIJQ2MaENzqNIgR3N-eIns6Rcw,Unity Tobacco Outlet,"325 Unity Trestle Road, Plum",40.489746,-79.7785706,"convenience_store,food,store,point_of_interest,establishment",convenience,OPERATIONAL,4.3,6.0
ChIJA4mQFNzqNIgRwNNDOrgvbPo,Lelulo's Pizzeria,"415 Unity Trestle Road, Plum",40.4893835,-79.77707880000001,"meal_delivery,restaurant,food,point_of_interest,establishment",restaurant,OPERATIONAL,4.5,673.0
ChIJLRmzbwDrNIgRT2gcv1EXztQ,Calabrese Pizzeria,"311 Unity Trestle Road, Plum",40.4899958,-79.7792879,"restaurant,food,point_of_interest,establishment",restaurant,OPERATIONAL,4.6,65.0
ChIJSxmJazWVNIgROo1WDdvcAjs,Nesbit's Lanes,"3501 Leechburg Road, Pittsburgh",40.5055874,-79.7634496,"bowling_alley,meal_takeaway,restaurant,food,point_of_interest,establishment","fast_food,restaurant",OPERATIONAL,4.7,446.0
ChIJnb9ETECVNIgR1pM8LlTbJ_g,Plum Boro Monday Market,"550 Center New Texas Rd, Plum",40.49429809999999,-79.75088459999999,"point_of_interest,establishment",farmers_market,OPERATIONAL,4.8,8.0
ChIJyTx5dA_BNIgRmuqZFZFyW2E,Dollar General,"9969 Saltsburg Road, Pittsburgh",40.4899251,-79.7083265,"convenience_store,drugstore,grocery_or_supermarket,health,store,food,point_of_interest,establishment",convenience,OPERATIONAL,3.2,5.0
ChIJE3y4T33ANIgRMCyTNeTUXO4,Dairy Queen Grill & Chill,"3900 Golden Mile Highway, Murrysville",40.4868012,-79.6968278,"restaurant,food,store,point_of_interest,establishment",restaurant,OPERATIONAL,4.1,655.0
ChIJR3gP1hRBNIgR5UuxYTxtB_A,Route 30 Pizzeria,"589 U.S. 30, Clinton",40.5143914,-80.36585409999999,"restaurant,food,point_of_interest,establishment",restaurant,OPERATIONAL,4.6,70.0
ChIJix4ErCpCNIgRIozk0qcNZfQ,Little Traverse Inn,"613 U.S. 30, Clinton",40.5162124,-80.3656311,"bar,restaurant,food,point_of_interest,establishment",restaurant,OPERATIONAL,4.4,227.0
ChIJT4cVDZtBNIgRKuhFDFaMwKc,RJT Ice Cream,"631 Lincoln Highway, Clinton",40.5169439,-80.3666203,"store,restaurant,food,point_of_interest,establishment",restaurant,OPERATIONAL,4.6,84.0
ChIJK2bHlgNdNIgRRpbtaQttAzY,Appian Way Cafe & Lounge,"418 Moon Clinton Road, Moon Township",40.5094942,-80.23943720000001,"restaurant,night_club,bar,food,point_of_interest,establishment",restaurant,OPERATIONAL,4.3,162.0
ChIJgUgNxqRdNIgR0XmPM-FlIno,bp,"921 Brodhead Road, Coraopolis",40.51752,-80.22189,"gas_station,supermarket,grocery_or_supermarket,store,food,point_of_interest,establishment",grocery,OPERATIONAL,2.3,18.0
ChIJw4otH-F7NYgR-BZhwPDfyUg,Giant Eagle Supermarket,"5990 University Boulevard #4, Coraopolis",40.52187129999999,-80.2200465,"grocery_or_supermarket,supermarket,store,food,point_of_interest,establishment",grocery,OPERATIONAL,4.1,1585.0
ChIJ_3ZvLS9dNIgRjX7RH_WG9Cw,ALDI,"2830 Gracy Center Way Ste. 100, Moon Township",40.517798,-80.217141,"supermarket,grocery_or_supermarket,store,food,point_of_interest,establishment",grocery,OPERATIONAL,4.6,375.0
ChIJQcT_QrtdNIgRrP_Ja0Xua64,Walgreens,"6906 University Boulevard, Moon Township",40.5176734,-80.22120509999999,"drugstore,convenience_store,clothing_store,health,store,food,point_of_interest,establishment",convenience,OPERATIONAL,3.5,56.0
ChIJXTvDTrtdNIgR9rnLWXGQh5s,"Sunoco Mini Mart (Vape Shop, Geek Bar Pulse, Breeze Pro, CBD, Kratom & Glass Shop)","6700 University Boulevard, Coraopolis",40.5177717,-80.2204831,"gas_station,convenience_store,store,food,point_of_interest,establishment",convenience,OPERATIONAL,4.7,47.0
ChIJ074wT7tdNIgRjStaPjJPkPk,Sunoco,"6700 University Boulevard, Coraopolis",40.5177918,-80.2204871,"gas_station,convenience_store,store,food,point_of_interest,establishment",convenience,OPERATIONAL,3.8,35.0
ChIJgXSUe7tdNIgR7Xl36fqozAs,GetGo Gas Station,"6507 University Boulevard, Coraopolis",40.5183033,-80.2187258,"gas_station,cafe,convenience_store,store,food,point_of_interest,establishment",convenience,OPERATIONAL,3.0,44.0
ChIJSyaG3KRdNIgReGnvt_T2B5w,Par Mar Stores,"921 Brodhead Road, Coraopolis",40.5168572,-80.22206589999999,"convenience_store,store,food,point_of_interest,establishment",convenience,OPERATIONAL,1.0,1.0
ChIJFY7jo61dNIgRES0Bf1Jwhp0,Primanti Bros. Restaurant and Bar,"8651 University Boulevard, Moon Township",40.5066688,-80.2227501,"bar,restaurant,food,point_of_interest,establishment",restaurant,OPERATIONAL,4.3,3382.0
ChIJ7dVSmq9dNIgR93h8Kd_MFSI,Angelia's Pizza,"202 Moon Clinton Road, Moon Township",40.5131248,-80.22339319999999,"restaurant,food,point_of_interest,establishment",restaurant,OPERATIONAL,4.2,342.0
ChIJkdYMD7ddNIgRW5rgz1s0nDY,Mario's Restaurant & Bar,"935 Beaver Grade Road, Coraopolis",40.5114101,-80.21308619999999,"restaurant,food,point_of_interest,establishment",restaurant,CLOSED_TEMPORARILY,4.2,274.0
ChIJLy1rN61dNIgRXcQnZn9gPQg,Pizza Hut,"8609 University Boulevard, Coraopolis",40.5072623,-80.22263149999999,"meal_takeaway,meal_delivery,restaurant,food,point_of_interest,establishment","fast_food,restaurant",OPERATIONAL,3.9,503.0
ChIJy-lF3q1dNIgRwFzPamSYK_U,Bob Evans,"8405 University Boulevard, Moon Township",40.508639,-80.22246439999999,"meal_takeaway,restaurant,food,point_of_interest,establishment","fast_food,restaurant",OPERATIONAL,4.2,1335.0
ChIJrRZkcspdNIgRKjr0uXFga3U,Armstrong's,"1136 Thorn Run Road, Coraopolis",40.50648079999999,-80.2092478,"restaurant,food,point_of_interest,establishment",restaurant,OPERATIONAL,4.4,1166.0
ChIJ08i296hdNIgRFI78dzUymF4,Cardello Pizza,"261 Moon Clinton Road, Moon Township",40.51267,-80.22923399999999,"meal_takeaway,meal_delivery,restaurant,food,point_of_interest,establishment","fast_food,restaurant",OPERATIONAL,4.1,292.0
ChIJZbias6VdNIgRIOjsOi0-YXU,Subway,"7500 University Boulevard, Moon Township",40.5164096,-80.2247648,"meal_takeaway,restaurant,food,point_of_interest,establishment","fast_food,restaurant",OPERATIONAL,2.8,43.0
ChIJD1yyJrtdNIgRK_4sIucOQy8,Starbucks Coffee Company,"K-Mart Plaza, 825 Beaver Grade Road, Moon Township",40.51646,-80.21994000000001,"cafe,store,restaurant,food,point_of_interest,establishment",restaurant,OPERATIONAL,4.2,700.0
ChIJcch9Hq1dNIgRzEtVG4yJFms,Wings Suds & Spuds,"8806 University Boulevard, Coraopolis",40.50546699999999,-80.22350759999999,"bar,restaurant,food,point_of_interest,establishment",restaurant,OPERATIONAL,4.3,1229.0
ChIJ2e7MSqxdNIgRF7KWkmYWo_s,Eggs N'at,"8556 University Boulevard, Moon Township",40.50754730000001,-80.2235693,"restaurant,food,point_of_interest,establishment",restaurant,OPERATIONAL,4.7,1216.0
ChIJk_zf1KRdNIgRKHFj5tJeERY,Dunkin',"830 Beaver Grade Road, Coraopolis",40.51634240000001,-80.2211689,"bakery,cafe,meal_takeaway,store,restaurant,food,point_of_interest,establishment","fast_food,restaurant",OPERATIONAL,3.9,628.0
ChIJh48hqbBdNIgRbIR-5sOJkQU,Aj Bambino pizzeria,"910 Beaver Grade Road, Coraopolis",40.51204360000001,-80.21530419999999,"meal_takeaway,restaurant,food,point_of_interest,establishment","fast_food,restaurant",OPERATIONAL,3.7,346.0
ChIJy5brBa1dNIgRwJjTKrhyBTg,Wendy's,"8703 University Boulevard, Moon Township",40.5060183,-80.2226611,"restaurant,food,point_of_interest,establishment",restaurant,OPERATIONAL,3.8,1037.0
ChIJkdYMD7ddNIgRxklhxMH1bH0,Vocelli Pizza,"935 Beaver Grade Road, Moon Township",40.5113419,-80.2129229,"meal_takeaway,meal_delivery,restaurant,food,point_of_interest,establishment","fast_food,restaurant",OPERATIONAL,3.7,123.0
ChIJI4VlnrxdNIgR2x_7r9bx2A0,Kiyoshi Bistro,"6506 University Boulevard, Coraopolis",40.518999,-80.21907279999999,"restaurant,food,point_of_interest,establishment",restaurant,OPERATIONAL,4.3,710.0
ChIJBY0sDbtdNIgRIpQurRm1SCo,McDonald's,"2805 Gracy Center Way, Moon Township",40.5169546,-80.2195079,"cafe,restaurant,food,store,point_of_interest,establishment",restaurant,OPERATIONAL,3.4,994.0
ChIJX-hbzaRdNIgRtnNLyCB-0AE,KFC,"6901 University Boulevard, Coraopolis",40.5169867,-80.2205609,"restaurant,food,point_of_interest,establishment",restaurant,OPERATIONAL,3.9,811.0
ChIJTxbsILddNIgRhLzlj7zGq0U,Sea Shell Bar,"932 Beaver Grade Road, Moon Township",40.51089040000001,-80.21405229999999,"bar,restaurant,food,point_of_interest,establishment",restaurant,OPERATIONAL,4.3,419.0
ChIJU3_NsL5dNIgRgosAXD7j3RI,Caroline's Restaurant,"8402 University Boulevard, Moon Township",40.50906570000001,-80.2244364,"restaurant,food,point_of_interest,establishment",restaurant,OPERATIONAL,4.5,192.0
ChIJWQ9DP2ddNIgRntzvEpM1DCA,Rita's Italian Ice & Frozen Custard,"214 Moon Clinton Road, Coraopolis",40.5130845,-80.2238768,"restaurant,food,store,point_of_interest,establishment",restaurant,OPERATIONAL,4.2,32.0
ChIJn1O9hQddNIgR11TnYeOtYJA,Jimmy John's,"846 Beaver Grade Road, Coraopolis",40.51550630000001,-80.2196499,"restaurant,food,point_of_interest,establishment",restaurant,OPERATIONAL,3.6,31.0
ChIJIYeeNb1dNIgRzmCbgGzjqM0,Chipotle Mexican Grill,"927 Brodhead Road, Coraopolis",40.51727289999999,-80.22237369999999,"restaurant,food,point_of_interest,establishment",restaurant,OPERATIONAL,2.1,844.0
ChIJ03FK6ENdNIgRI93mpFsxi90,Forgotten Taste Pierogies LLC,"910 Beaver Grade Road, Coraopolis",40.5120942,-80.21545119999999,"restaurant,food,point_of_interest,establishment",restaurant,OPERATIONAL,4.7,556.0
ChIJjzJ6JgBdNIgRW9dHTrLhUiY,Chick-fil-A,"2812 Gracy Center Way, Moon Township",40.5170283,-80.21843369999999,"restaurant,food,point_of_interest,establishment",restaurant,OPERATIONAL,3.4,156.0
ChIJ-5WRXrxdNIgROD78AjCDKZk,Brighton Hot Dog Shoppe,"5990 University Boulevard, Moon Township",40.52073419999999,-80.2197458,"restaurant,food,point_of_interest,establishment",restaurant,OPERATIONAL,4.3,342.0
ChIJw6DXAwBdNIgRbdPj1rP-0xc,Beverly’s Pizza and Italian Kitchen,"5990 University Boulevard, Moon Township",40.520266,-80.2188974,"restaurant,food,point_of_interest,establishment",restaurant,OPERATIONAL,1.0,1.0
ChIJ51CsDF5dNIgRWwrwpDLjEkM,Pizza Fiesta (Moon Twp),"5990 University Boulevard, Coraopolis",40.5207068,-80.21953090000001,"restaurant,meal_delivery,meal_takeaway,food,point_of_interest,establishment","fast_food,restaurant",OPERATIONAL,4.7,299.0
ChIJTymJIL1dNIgRnzStTirU1b0,Tokyo Hibachi & Sushi,"Moon Plaza, 5990 University Boulevard Suite 18, Moon Township",40.52082119999999,-80.2195784,"restaurant,food,point_of_interest,establishment",restaurant,OPERATIONAL,4.2,204.0
ChIJs2_oLr1dNIgRdIAO8Z6Uj28,Giant Eagle Prepared Foods,"5990 University Boulevard, Moon Township",40.5217469,-80.2204544,"meal_takeaway,restaurant,food,point_of_interest,establishment","fast_food,restaurant",OPERATIONAL,5.0,3.0
ChIJ2Sq5UKVdNIgR92Mizsx2c8Q,West Hills Food Pantry,"522 Carnot Rd, Moon Township",40.5148896,-80.22149309999999,"food,point_of_interest,establishment",food_bank,OPERATIONAL,5.0,31.0
ChIJlxCFyrpdNIgRXjbNyDbrqwQ,Sharon Community Presbyterian Church,"522 Carnot Rd, Moon Township",40.5141873,-80.2215459,"church,place_of_worship,point_of_interest,establishment",food_bank,OPERATIONAL,4.2,23.0
ChIJd0n11w5eNIgRmf_DWrv3f6Q,Burger King,"5940 University Boulevard, Coraopolis",40.52187680000001,-80.218032,"restaurant,food,point_of_interest,establishment",restaurant,OPERATIONAL,3.8,393.0
ChIJ02tmhGVdNIgRDmTURena6n8,Mike & Tony's Gyros,"5980 University Boulevard, Moon Township",40.5202985,-80.21818329999999,"restaurant,food,point_of_interest,establishment",restaurant,OPERATIONAL,4.5,1397.0
ChIJPfLTuNZdNIgReOghTNjq3j4,Wingstop,"5990 University Boulevard Suite 21, Coraopolis",40.5209437,-80.2197754,"restaurant,food,point_of_interest,establishment",restaurant,OPERATIONAL,3.9,156.0
ChIJhzvsGt5dNIgRw5KRiJHadu8,Uni-Mart,"101 Fern Hollow Road, Moon Township",40.520995,-80.1928825,"convenience_store,store,food,point_of_interest,establishment",convenience,OPERATIONAL,3.8,63.0
ChIJb-acxGpeNIgRjZCdahE3mmc,Uni-Mart,"852 5th Avenue, Coraopolis",40.5182693,-80.16722709999999,"convenience_store,store,food,point_of_interest,establishment",convenience,OPERATIONAL,4.0,60.0
ChIJZZf5Bt5dNIgRR0KUQ5_0Whk,Pizza Decasa,"101 Fern Hollow Road, Coraopolis",40.52099619999999,-80.1929614,"meal_delivery,restaurant,food,store,point_of_interest,establishment",restaurant,OPERATIONAL,4.0,263.0
ChIJJ1y-iRJeNIgR0CMyof_LYFU,Subway,"427 5th Avenue, Moon Township",40.5224377,-80.17534239999999,"meal_takeaway,restaurant,food,point_of_interest,establishment","fast_food,restaurant",OPERATIONAL,4.0,96.0
ChIJQ_MjshReNIgR0z6LSFk1oPU,The Sauce Pot,"807 5th Avenue, Coraopolis",40.5198249,-80.1699155,"restaurant,food,point_of_interest,establishment",restaurant,OPERATIONAL,4.6,158.0
ChIJ3-8vUwBfNIgRCmq_vaEqyHw,Cafe Gianna,"701 5th Avenue, Coraopolis",40.5205586,-80.1716309,"restaurant,food,point_of_interest,establishment",restaurant,OPERATIONAL,4.8,75.0
ChIJjznLsxReNIgR-Ff49AdketY,Five Stars Honduras Restaurant,"809 5th Avenue, Coraopolis",40.5197978,-80.16982829999999,"restaurant,food,point_of_interest,establishment",restaurant,OPERATIONAL,4.6,225.0
ChIJ_WvFOkBeNIgRYxzASNdnN08,Coraopolis Community Development Foundation,"923 5th Ave, Coraopolis",40.518167,-80.1658719,"point_of_interest,establishment",food_bank,OPERATIONAL,4.8,12.0
ChIJy9-Jc-pfNIgRYxQLp-grNfM,Coraopolis Community Food Bank,"923 5th Ave, Coraopolis",40.5181639,-80.16587539999999,"point_of_interest,establishment",food_bank,OPERATIONAL,5.0,3.0
ChIJyasjEkFeNIgR5kd6fmJbQ4w,Coraopolis United Methodist Church,"1205 Ridge Ave, Coraopolis",40.5150875,-80.1616985,"church,place_of_worship,point_of_interest,establishment",food_bank,OPERATIONAL,4.6,29.0
ChIJE48mvWpeNIgRMzmaSd4TCcA,Dollar General,"926 5th Avenue, Coraopolis",40.5177742,-80.16562139999999,"drugstore,convenience_store,grocery_or_supermarket,food,health,store,point_of_interest,establishment",convenience,OPERATIONAL,3.4,329.0
ChIJe7f1q0heNIgRj39QpvE-bGM,Speedy Food Mart,"1602 5th Avenue, Coraopolis",40.51326659999999,-80.15357999999999,"convenience_store,food,store,point_of_interest,establishment",convenience,OPERATIONAL,4.3,41.0
ChIJp6rYSBVeNIgR9SbBUi6z1WQ,Fast Stop,"879 4th Avenue, Coraopolis",40.5196095,-80.16640129999999,"convenience_store,gas_station,food,store,point_of_interest,establishment",convenience,OPERATIONAL,2.7,3.0
ChIJ-ZeU7kleNIgRZwkLAXWPWKo,Paradise Island Bowl and Beach,"7601 Grand Avenue, Pittsburgh",40.5169933,-80.1494656,"bowling_alley,bar,restaurant,food,point_of_interest,establishment",restaurant,OPERATIONAL,4.3,1364.0
ChIJNQt6P0BeNIgRNasby3S8Igk,Zuko's Pizza,"1009 5th Avenue, Coraopolis",40.517424,-80.1639051,"meal_takeaway,restaurant,food,point_of_interest,establishment","fast_food,restaurant",OPERATIONAL,4.6,209.0
ChIJ0Q8GrkheNIgRKvWhPQFfMC4,Nicco's Pizzaria,"1610 5th Avenue, Coraopolis",40.5132574,-80.15339680000001,"meal_delivery,restaurant,food,point_of_interest,establishment",restaurant,CLOSED_TEMPORARILY,3.7,215.0
ChIJ_87wRUBeNIgRqeQ54aMJ-6Q,Anthony Jr's Restaurant & Pizzeria,"1024 5th Avenue, Coraopolis",40.51693819999999,-80.1634558,"restaurant,food,point_of_interest,establishment",restaurant,OPERATIONAL,4.3,704.0
ChIJo2GXZUBeNIgRFJQOfej24Y0,McDonald's,"1010 4th Avenue, Coraopolis",40.517861,-80.1631057,"cafe,store,restaurant,food,point_of_interest,establishment",restaurant,OPERATIONAL,3.3,853.0
ChIJf8kiAkZeNIgRpzUgzDGXIY0,Big Shot Bob's House of Wings - Coraopolis,"1534 5th Avenue, Coraopolis",40.513438,-80.154122,"atm,finance,restaurant,food,point_of_interest,establishment",restaurant,OPERATIONAL,4.1,276.0
ChIJ96C8DEBeNIgRJGjIZrSNZQk,Segneri's,"907 5th Avenue, Coraopolis",40.5184028,-80.1663591,"restaurant,food,point_of_interest,establishment",restaurant,OPERATIONAL,4.5,272.0
ChIJl9xrNEdeNIgRtU3pai3XSPA,Pizzeria,"1225 4th Avenue, Coraopolis",40.5169734,-80.15944689999999,"restaurant,food,point_of_interest,establishment",restaurant,OPERATIONAL,4.7,160.0
ChIJKzfcvEheNIgRrBAUCtW9Oqk,Cafe A Mano,"401 Ferree Street, Coraopolis",40.51409269999999,-80.15325059999999,"cafe,restaurant,food,point_of_interest,establishment",restaurant,OPERATIONAL,4.9,109.0
ChIJ6Z7u-J1fNIgRK9-Jg_SN3rk,Caribbean- Nation Style Grocery,"1002 5th Avenue, Coraopolis",40.5173903,-80.16432890000002,"grocery_or_supermarket,store,restaurant,food,point_of_interest,establishment",restaurant,OPERATIONAL,5.0,19.0
ChIJN6_lyk1fNIgRYEDnTioe7EI,Fit4life Fresh Bar,"427 Mill Street, Coraopolis",40.5175612,-80.16407009999999,"restaurant,food,point_of_interest,establishment",restaurant,OPERATIONAL,5.0,9.0
ChIJn1-SUUBeNIgRiRGgd8Sgwmo,Lviv European Kitchen Pierogies Restaurant Catering LLC,"940 5th Avenue, Coraopolis",40.517556,-80.1651378,"restaurant,meal_takeaway,food,point_of_interest,establishment","fast_food,restaurant",OPERATIONAL,4.1,88.0
ChIJ_eoRG6hfNIgRFdTqwmIpBiY,Snappy's Taphouse,"415 Mill Street, Coraopolis",40.51797550000001,-80.1638337,"restaurant,bar,food,point_of_interest,establishment",restaurant,OPERATIONAL,4.5,70.0
ChIJc8ZWMiJfNIgRXS3YdbsiZv0,China Taste,"909 5th Avenue, Coraopolis",40.5184047,-80.1662612,"restaurant,food,point_of_interest,establishment",restaurant,OPERATIONAL,3.8,64.0
ChIJJSSXi8RfNIgRe7ar__rB7jg,The Steel Shaker,"870 4th Avenue, Coraopolis",40.5193457,-80.1667332,"bar,restaurant,food,point_of_interest,establishment",restaurant,OPERATIONAL,4.4,65.0
ChIJEwZbZrpfNIgRfLmDrdlFF14,Ice House Bistro,"7600 Grand Avenue, Pittsburgh",40.51868229999999,-80.1506034,"restaurant,food,point_of_interest,establishment",restaurant,OPERATIONAL,5.0,3.0
ChIJhUZilRReNIgRsCnyu00R3Tg,La Poblanita,"801 4th Avenue, Coraopolis",40.5207259,-80.1695057,"restaurant,food,point_of_interest,establishment",restaurant,OPERATIONAL,4.5,1043.0
ChIJgaG8WbdfNIgRDt5324UEeMY,Speedy Café,"5701 Grand Avenue, Pittsburgh",40.5119212,-80.1321215,"restaurant,convenience_store,food,store,point_of_interest,establishment","convenience,restaurant",OPERATIONAL,3.8,63.0
ChIJsddpYt1fNIgR9AeiytM7wbU,Sheetz,"5800 Grand Avenue, Pittsburgh",40.51311319999999,-80.1332264,"convenience_store,gas_station,cafe,restaurant,food,store,point_of_interest,establishment","convenience,restaurant",OPERATIONAL,3.7,41.0
ChIJnRSYGrxfNIgRbK86dZRJWL8,Carmody's Grille,"4905 Grand Avenue, Pittsburgh",40.5100323,-80.1253163,"bar,restaurant,food,point_of_interest,establishment",restaurant,OPERATIONAL,4.5,1268.0
ChIJsyjq4WD1NIgRZMHid5nSI40,bp,"8136 Ohio River Boulevard, Pittsburgh",40.51082999999999,-80.09412800000001,"gas_station,supermarket,grocery_or_supermarket,store,food,point_of_interest,establishment",grocery,OPERATIONAL,3.7,23.0
ChIJ3fO7HWH1NIgRv1lqF4hl81E,7-Eleven,"8136 Ohio River Boulevard, Pittsburgh",40.5105857,-80.0941069,"convenience_store,liquor_store,cafe,store,restaurant,food,point_of_interest,establishment","convenience,restaurant",OPERATIONAL,3.3,39.0
ChIJK-R0BmH1NIgRu5cFoZiLQgs,House of Lee,"8145 Ohio River Boulevard, Pittsburgh",40.5100195,-80.0951113,"night_club,bar,restaurant,food,point_of_interest,establishment",restaurant,OPERATIONAL,3.8,448.0
ChIJ00fTxGb1NIgRL6EhamMRA50,Cafe Notte | Italian Restaurant & Bar,"8070 Ohio River Boulevard, Pittsburgh",40.50961789999999,-80.0917427,"bar,restaurant,food,point_of_interest,establishment",restaurant,OPERATIONAL,4.4,444.0
ChIJ8UQFoYxfNIgRuCDBEqxVBtk,Emsworth Inn,"197 Hazelwood Avenue, Emsworth",40.5128346,-80.1039851,"bar,restaurant,food,point_of_interest,establishment",restaurant,OPERATIONAL,4.5,167.0
ChIJ72_9rYpfNIgRNzgqx_QSqbY,Chev & Rachel's Family Diner,"233 Center Avenue, Emsworth",40.5130417,-80.0987545,"restaurant,food,point_of_interest,establishment",restaurant,OPERATIONAL,4.8,362.0
ChIJCZhIkV71NIgRHAjW3rEjfM8,Sunny Jim's Tavern est 1934,"255 Camp Horne Road, Pittsburgh",40.51725539999999,-80.09386669999999,"bar,restaurant,food,point_of_interest,establishment",restaurant,OPERATIONAL,4.3,1423.0
ChIJK3OiXbqLZUAR8EU1lpm7W0A,Eclipse Vending Systems LLC,"300 Camp Horne Road, Pittsburgh",40.5178342,-80.09126760000001,"meal_takeaway,store,restaurant,food,point_of_interest,establishment","fast_food,restaurant",OPERATIONAL,5.0,5.0
ChIJhdmZSwD1NIgR1-dVf9wAONM,Little Al's Pizzeria,"300 Camp Horne Road, Pittsburgh",40.5177275,-80.0913388,"restaurant,food,point_of_interest,establishment",restaurant,OPERATIONAL,4.4,17.0
ChIJIWKj6TD1NIgR1BjlokoX4O0,Giant Eagle Supermarket,"132 Ben Avon Heights Road, Pittsburgh",40.5216658,-80.0690333,"grocery_or_supermarket,supermarket,store,food,point_of_interest,establishment",grocery,OPERATIONAL,4.2,1573.0
ChIJ1TJBjzD1NIgREYGvVVajaeE,GetGo Gas Station,"156 Ben Avon Heights Road, Pittsburgh",40.5215067,-80.06787659999999,"gas_station,convenience_store,cafe,food,store,point_of_interest,establishment",convenience,OPERATIONAL,3.4,26.0
ChIJGQ6WpDD1NIgRdjNCLdd1png,Giant Eagle Prepared Foods,"132 Ben Avon Heights Road, Pittsburgh",40.5214467,-80.0692708,"meal_takeaway,restaurant,food,point_of_interest,establishment","fast_food,restaurant",OPERATIONAL,4.0,1.0
ChIJ5_ecujD1NIgRX_ZUkm-T7x4,Curbside Express,"132 Ben Avon Heights Road, Pittsburgh",40.5215237,-80.0692291,"restaurant,food,point_of_interest,establishment",restaurant,OPERATIONAL,,
ChIJuSg4d9v0NIgRwC9BwhBCY5o,Danny's Bar & Grill,"1511 Center Avenue, Pittsburgh",40.514514,-80.0448624,"bar,restaurant,food,point_of_interest,establishment",restaurant,OPERATIONAL,4.6,271.0
ChIJE_QPDAP1NIgRjfr9nzxnra0,Assumption Roman Catholic Church - Regina Coeli Parish,"45 N Sprague Ave, Pittsburgh",40.4974452,-80.057435,"church,place_of_worship,point_of_interest,establishment",food_bank,OPERATIONAL,4.8,114.0
ChIJ-YxLR8b0NIgROSHL_OWgzbA,Giant Eagle Supermarket,"Park SC, 1029 West View Park Drive, West View",40.51686029999999,-80.0389965,"grocery_or_supermarket,supermarket,store,food,point_of_interest,establishment",grocery,OPERATIONAL,4.1,856.0
ChIJq_BwPsj0NIgRmswlMcFnx0E,Dollar General,"425 Perry Highway, West View",40.5192336,-80.0325556,"drugstore,convenience_store,grocery_or_supermarket,health,store,food,point_of_interest,establishment",convenience,OPERATIONAL,4.2,217.0
ChIJ0yHhl7j0NIgRT--9StxIy-g,Sunoco,"5457 Perrysville Road, Pittsburgh",40.51376969999999,-80.0306086,"gas_station,convenience_store,store,food,point_of_interest,establishment",convenience,OPERATIONAL,3.7,13.0
ChIJ_3FEu7_0NIgRFa9DTSmKFKE,Sweet Pea's,"5340 Perry Highway, Pittsburgh",40.5116891,-80.0311779,"convenience_store,store,food,point_of_interest,establishment",convenience,OPERATIONAL,4.1,35.0
ChIJzdNIEMj0NIgRD-WGfqqTdf8,Shell,"411 Perry Highway, Pittsburgh",40.51837399999999,-80.031886,"gas_station,convenience_store,store,food,point_of_interest,establishment",convenience,OPERATIONAL,4.0,31.0
ChIJs0RJCtv0NIgR3bwxTFaAG2Y,Center Convenience,"1498 Center Avenue, Pittsburgh",40.5152565,-80.0450692,"convenience_store,store,food,point_of_interest,establishment",convenience,OPERATIONAL,4.4,9.0
ChIJy_bLSYX1NIgRu3HdXXbgRNE,Shell,"5340 Perrysville Road, Pittsburgh",40.511684,-80.031289,"gas_station,convenience_store,store,food,point_of_interest,establishment",convenience,OPERATIONAL,5.0,2.0
ChIJS1gTbOD1NIgRQC5bNI95Q7I,Sweet Pea's,"411 Perry Highway, West View",40.5184054,-80.0320381,"convenience_store,store,food,point_of_interest,establishment",convenience,OPERATIONAL,3.4,8.0
ChIJt5atZcn0NIgRFA8CpPkZjt0,7-Eleven,"525 Perry Highway, Pittsburgh",40.522475,-80.0349185,"convenience_store,cafe,liquor_store,store,restaurant,food,point_of_interest,establishment","convenience,restaurant",OPERATIONAL,3.6,43.0
ChIJKVt9xMf0NIgRpIQ5v3luLhA,Subway,"809 West View Park Drive, Pittsburgh",40.5169393,-80.0328266,"meal_takeaway,restaurant,food,point_of_interest,establishment","fast_food,restaurant",OPERATIONAL,4.4,135.0
ChIJA9JXBsj0NIgR6xMN6qfuHME,Dunkin',"800 West View Park Drive, Pittsburgh",40.51783259999999,-80.031713,"meal_takeaway,bakery,cafe,restaurant,food,store,point_of_interest,establishment","fast_food,restaurant",OPERATIONAL,3.6,699.0
ChIJz8Yudsn0NIgR68pu5K-VeGY,Mandy's Pizza,"512 Perry Highway, Pittsburgh",40.5219528,-80.0340064,"meal_delivery,restaurant,food,point_of_interest,establishment",restaurant,OPERATIONAL,4.3,590.0
ChIJ4RuE6Mf0NIgRmNBzcfDBh6E,Taco Bell,"807 West View Drive, West View",40.5170254,-80.03223430000001,"meal_takeaway,restaurant,food,point_of_interest,establishment","fast_food,restaurant",OPERATIONAL,3.4,770.0
ChIJOdSKGQb1NIgRQrI16Zz0Iec,Domino's Pizza,"1019 West View Park Drive, West View",40.5160393,-80.0385677,"meal_delivery,meal_takeaway,restaurant,food,point_of_interest,establishment","fast_food,restaurant",OPERATIONAL,2.2,463.0
ChIJSYJyrsn0NIgRq-Tx0xf09sA,Yeung's House,"463 Perry Highway, West View",40.5207286,-80.03333669999999,"restaurant,food,point_of_interest,establishment",restaurant,OPERATIONAL,4.4,325.0
ChIJfwtER8b0NIgRNEGdROQr1HY,Chan's Tea House,"1009 West View Park Drive, Pittsburgh",40.5161209,-80.03763579999999,"restaurant,food,point_of_interest,establishment",restaurant,OPERATIONAL,4.4,521.0
ChIJFes3ibf0NIgRq9GVbk6BPD4,McDonald's,"363 Perry Highway, Pittsburgh",40.51757969999999,-80.0293178,"cafe,restaurant,food,store,point_of_interest,establishment",restaurant,OPERATIONAL,3.4,1086.0
ChIJdabF3cf0NIgRZ_N7vutN08c,KFC,"804 West View Park Drive, West View",40.5174516,-80.0326832,"restaurant,food,point_of_interest,establishment",restaurant,OPERATIONAL,3.5,421.0
ChIJz4A16HytNYgRZFAllacgcyU,Big Shot Bob’s House of Wings - North Hills,"5336 Perry Highway, Pittsburgh",40.5115446,-80.030497,"restaurant,food,point_of_interest,establishment",restaurant,OPERATIONAL,4.3,230.0
ChIJuc-YQWf1NIgRi3FYNbcPek0,Howard's Tavern,"98 Center Avenue, Pittsburgh",40.5112242,-80.0274081,"bar,restaurant,food,point_of_interest,establishment",restaurant,OPERATIONAL,4.6,148.0
ChIJW9nIGEr1NIgRrLK4g4KmGvg,Severina Restaurant and Bar,"1330 Center Avenue, Pittsburgh",40.5182537,-80.0445824,"bakery,cafe,store,restaurant,food,point_of_interest,establishment",restaurant,OPERATIONAL,4.5,572.0
ChIJHe4onqb1NIgR5mfJvYv8g9o,Gino Bros Pizza Express,"809 West View Park Drive, Pittsburgh",40.5168988,-80.03277489999999,"restaurant,food,point_of_interest,establishment",restaurant,OPERATIONAL,4.6,130.0
ChIJc3XI4bf0NIgRWFiQNvHOPNo,Royal Myanmar Restaurant,"644 Center Avenue, Pittsburgh",40.51858439999999,-80.03108,"restaurant,food,point_of_interest,establishment",restaurant,OPERATIONAL,4.7,286.0
ChIJGztfNsj0NIgR7dVzogxqNd4,Isaly Co,"448 Perry Highway, West View",40.519797,-80.0324007,"restaurant,food,point_of_interest,establishment",restaurant,OPERATIONAL,4.6,284.0
ChIJh4COw3D1NIgRvtt7roZYV7E,Florence Pizza and Pasta,"461 Perry Highway, Pittsburgh",40.5205574,-80.033298,"meal_takeaway,meal_delivery,store,restaurant,food,point_of_interest,establishment","fast_food,restaurant",OPERATIONAL,4.3,109.0
ChIJwSQ_jLr0NIgRaCNWmjXJSVQ,Center Avenue Slice,"332 Center Avenue, West View",40.5157694,-80.0223556,"meal_delivery,restaurant,food,point_of_interest,establishment",restaurant,OPERATIONAL,4.4,439.0
ChIJ7dNtSMb1NIgRbH78EnST10Q,West View Hub,"435 Perry Hwy, West View",40.5195933,-80.0326498,"library,point_of_interest,establishment",food_bank,OPERATIONAL,4.9,18.0
ChIJ1a4xW670NIgRs_ZIqK2A6aU,Shop 'n Save,"184 Rochester Road, West View",40.51996870000001,-80.0179282,"grocery_or_supermarket,supermarket,food,store,point_of_interest,establishment",grocery,OPERATIONAL,4.1,586.0
ChIJRfvm-Kf0NIgR9dQznlpZ5I4,Sheetz,"3025 Babcock Boulevard, Pittsburgh",40.5149602,-80.00924499999999,"convenience_store,gas_station,car_wash,liquor_store,cafe,store,restaurant,food,point_of_interest,establishment","convenience,restaurant",OPERATIONAL,2.9,276.0
ChIJwafiSVTzNIgRQggcbj2fFt0,7-Eleven,"4775 McKnight Road, Pittsburgh",40.5212948,-80.0055859,"convenience_store,liquor_store,cafe,store,restaurant,food,point_of_interest,establishment","convenience,restaurant",OPERATIONAL,3.1,14.0
ChIJJ51xNrH0NIgRiYFW7CB6BTs,Sunoco,"100 Rochester Road, West View",40.5204708,-80.0250686,"gas_station,convenience_store,store,food,point_of_interest,establishment",convenience,OPERATIONAL,2.9,12.0
ChIJn-ICvlbzNIgRm8N8rwaEG1Q,Red Lobster,"4766 McKnight Road, Pittsburgh",40.519385,-80.00423599999999,"restaurant,food,point_of_interest,establishment",restaurant,OPERATIONAL,4.2,2557.0
ChIJPxDk0VXzNIgRxG3GMplzkw8,El Campesino North Hills,"4771 McKnight Road, Pittsburgh",40.5208632,-80.0057398,"restaurant,food,point_of_interest,establishment",restaurant,OPERATIONAL,4.3,1400.0
ChIJo0tHhbr0NIgREh0ffM21mic,Niko's Lounge,"342 Center Avenue, West View",40.5162374,-80.0220744,"bar,restaurant,food,point_of_interest,establishment",restaurant,OPERATIONAL,4.6,54.0
ChIJxdrggVDzNIgR2LCBP8MzaCw,Rico's Restaurant,"1 Rico Lane, Pittsburgh",40.514902,-80.002355,"bar,restaurant,food,point_of_interest,establishment",restaurant,OPERATIONAL,4.4,854.0
ChIJPxDk0VXzNIgR2W5wBEOmyYg,Stoke’s Grill,"4771 McKnight Road #5, Pittsburgh",40.52072340000001,-80.0056895,"restaurant,meal_takeaway,cafe,food,point_of_interest,establishment","fast_food,restaurant",OPERATIONAL,4.2,573.0
ChIJOzJoYFrzNIgRt4-dr9Q0oPI,Shenanigans Bar & Grille,"2310 Babcock Boulevard, Pittsburgh",40.5137192,-80.00085709999999,"bar,restaurant,food,night_club,point_of_interest,establishment",restaurant,OPERATIONAL,4.4,669.0
ChIJX3C3SLH0NIgR1j4R3WFBznE,Frank's Pizza & Chicken,"101 Rochester Road, Pittsburgh",40.521103,-80.024862,"meal_delivery,restaurant,food,point_of_interest,establishment",restaurant,OPERATIONAL,4.2,365.0
ChIJU9oLXFrzNIgRbpvUA_JjGOY,Lupi's Famous Pizza,"2311 Babcock Boulevard, Pittsburgh",40.513336,-80.00076109999999,"meal_delivery,restaurant,food,point_of_interest,establishment",restaurant,OPERATIONAL,3.6,231.0
ChIJJ7tg1JzvNIgRcbD07DWx-As,Hanadi's Mediterranean Food,"4721 McKnight Road, Pittsburgh",40.5179721,-80.0055555,"meal_takeaway,restaurant,food,point_of_interest,establishment","fast_food,restaurant",OPERATIONAL,4.9,379.0
ChIJCVfwpV_zNIgRdAo1Ldswgjo,Mike & Tony's Gyros,"2240 Babcock Boulevard, Pittsburgh",40.5124174,-79.9972755,"restaurant,food,point_of_interest,establishment",restaurant,OPERATIONAL,4.4,307.0
ChIJ1faLLOPzNIgRBiiu6KLWkL0,Chengdu Gourmet 2( North Hill),"4768 McKnight Road, Pittsburgh",40.52003589999999,-80.0045875,"restaurant,food,point_of_interest,establishment",restaurant,OPERATIONAL,4.2,461.0
ChIJgy0rNlTzNIgR1XHsfog8CYY,bp,"4775 McKnight Road, Pittsburgh",40.521684,-80.005517,"gas_station,supermarket,grocery_or_supermarket,store,food,point_of_interest,establishment",grocery,OPERATIONAL,3.7,29.0
ChIJX6ybRETzNIgRQsGAPzQYIkY,Monte Cello's Italian Restaurant,"2198 Babcock Boulevard, Pittsburgh",40.5111272,-79.9933571,"restaurant,food,point_of_interest,establishment",restaurant,OPERATIONAL,4.5,2028.0
ChIJKaILakTzNIgRKKajwWiwiqg,Rice King,"2199 Babcock Boulevard # 3, Pittsburgh",40.5104962,-79.9936379,"restaurant,food,point_of_interest,establishment",restaurant,OPERATIONAL,3.9,126.0
ChIJS-1feiHzNIgRx_g5y23mrP8,Caliente Pizza & Drafthouse,"2125 Babcock Boulevard, Pittsburgh",40.5092951,-79.9914948,"restaurant,meal_takeaway,meal_delivery,bar,food,point_of_interest,establishment","fast_food,restaurant",OPERATIONAL,3.7,155.0
ChIJQUxj9HHzNIgRiFEP-XDENJE,Gyroland and Bakery,"2193 Babcock Boulevard, Pittsburgh",40.5103553,-79.9933757,"bakery,store,restaurant,food,point_of_interest,establishment",restaurant,OPERATIONAL,4.5,514.0
ChIJgZjhPs_yNIgRBGH8nwrwm8s,SHOP 'n SAVE,"917 Butler Street, Pittsburgh",40.5120178,-79.95008229999999,"grocery_or_supermarket,supermarket,store,food,point_of_interest,establishment",grocery,OPERATIONAL,4.0,940.0
ChIJLZfqBNTyNIgR55lU3kFYCJw,Sunoco,"1020 Mount Royal Boulevard, Pittsburgh",40.5173831,-79.9588179,"gas_station,convenience_store,food,store,point_of_interest,establishment",convenience,OPERATIONAL,3.6,11.0
ChIJnS7u2dbyNIgRmunZJirW-jE,GetGo Gas Station,"801 Mount Royal Boulevard, Pittsburgh",40.5144179,-79.95943439999999,"gas_station,convenience_store,cafe,food,store,point_of_interest,establishment",convenience,OPERATIONAL,3.2,28.0
ChIJAwTZeCHzNIgRN3B-r415esE,7-Eleven,"1020 Mount Royal Boulevard, Pittsburgh",40.51732719999999,-79.9586618,"convenience_store,liquor_store,cafe,restaurant,food,store,point_of_interest,establishment","convenience,restaurant",OPERATIONAL,3.7,6.0
ChIJETa21DKNNIgRJFyui3IW7vE,Sheetz,"973 William Flinn Highway, Glenshaw",40.5141257,-79.95225959999999,"convenience_store,car_wash,liquor_store,food,store,point_of_interest,establishment",convenience,OPERATIONAL,3.9,341.0
ChIJD42bEdTyNIgRjydBLYOw0pI,Vocelli Pizza,"1019 Mount Royal Boulevard, Pittsburgh",40.5172904,-79.95929339999999,"meal_delivery,meal_takeaway,restaurant,food,point_of_interest,establishment","fast_food,restaurant",OPERATIONAL,3.9,100.0
ChIJm-xSSM7yNIgRyaMs2QTaw0I,McDonald's,"971 William Flinn Highway, Glenshaw",40.51336879999999,-79.95169279999999,"cafe,restaurant,food,store,point_of_interest,establishment",restaurant,OPERATIONAL,3.3,1186.0
ChIJW2NhI0bzNIgRAbuC0NcGKwY,The Blue Goose Saloon,"605 Mount Royal Boulevard, Pittsburgh",40.5124236,-79.95838619999999,"restaurant,bar,food,point_of_interest,establishment",restaurant,OPERATIONAL,4.7,264.0
ChIJFZM8R8_yNIgREKhCZv17m08,Dunkin',"911 Butler Street, Etna",40.51154200000001,-79.9482616,"meal_takeaway,bakery,cafe,restaurant,food,store,point_of_interest,establishment","fast_food,restaurant",OPERATIONAL,3.6,674.0
ChIJpWaxmEqNNIgRa7xmZGGqQpc,Angelo's Pizzeria Shaler/Glenshaw,"1410 Mount Royal Boulevard, Glenshaw",40.5221379,-79.9596306,"restaurant,food,point_of_interest,establishment",restaurant,OPERATIONAL,4.3,79.0
ChIJC_HZtMHyNIgRL5r20NAHXJU,ALDI,"880 Butler Street, Pittsburgh",40.511982,-79.94504100000002,"supermarket,grocery_or_supermarket,food,store,point_of_interest,establishment",grocery,OPERATIONAL,4.5,657.0
ChIJM1ubNc_yNIgR_zzz8JN9wAs,Sunoco,"900 Butler Street, Pittsburgh",40.5116118,-79.9466431,"gas_station,convenience_store,car_wash,store,food,point_of_interest,establishment",convenience,OPERATIONAL,2.3,25.0
ChIJTXY1pcjyNIgRDDYp6ikxB54,Monte Cello's of Shaler,"880 Butler Street, Pittsburgh",40.5110032,-79.9452014,"restaurant,food,point_of_interest,establishment",restaurant,OPERATIONAL,4.3,203.0
ChIJm2w-OM_yNIgRLbCvU8NKz_8,Burger King,"909 Butler Street, Etna",40.51113610000001,-79.9475186,"restaurant,food,point_of_interest,establishment",restaurant,OPERATIONAL,3.8,971.0
ChIJk2ctmMjyNIgR7nknzQ_fdGI,Taco Bell,"880 Butler Street, Pittsburgh",40.51074659999999,-79.945645,"meal_takeaway,restaurant,food,point_of_interest,establishment","fast_food,restaurant",OPERATIONAL,3.3,556.0
ChIJJaDhh8ryNIgRT_5LW-IdZlA,Eat'n Park,"930 Butler Street, Etna",40.5119609,-79.94767089999999,"meal_takeaway,restaurant,food,point_of_interest,establishment","fast_food,restaurant",OPERATIONAL,4.2,1396.0
ChIJZ1MZPGrzNIgRw7vOp7E5kNg,Domino's Pizza,"890 Butler Street, Pittsburgh",40.5109146,-79.9461453,"meal_takeaway,meal_delivery,restaurant,food,point_of_interest,establishment","fast_food,restaurant",OPERATIONAL,1.9,173.0
ChIJj1yjHinzNIgRmiWQyP2g76U,Sushi Go,"890 Butler Street, Pittsburgh",40.5110623,-79.9464168,"restaurant,food,point_of_interest,establishment",restaurant,OPERATIONAL,4.8,116.0
ChIJdQMmHEPzNIgR1tTg9KMTd-k,Wingstop,"880 Butler Street, Pittsburgh",40.5113858,-79.94480039999999,"restaurant,food,point_of_interest,establishment",restaurant,OPERATIONAL,4.3,48.0
ChIJ68oynpbyNIgR7wRafhfLGaI,Saint Mary Assumption - Sharpsburg Site - Food Distribution Center,"Altmeyer St, Pittsburgh",40.49555240000001,-79.93603949999999,"food,point_of_interest,establishment",food_bank,OPERATIONAL,1.0,1.0
ChIJpc5fSsLsNIgRfX8WiXdfmiY,Curbside on the Run,"1101 Powers Run Road, Pittsburgh",40.50990189999999,-79.8559106,"cafe,store,restaurant,food,point_of_interest,establishment",restaurant,OPERATIONAL,4.8,626.0
ChIJidNNMLLsNIgRaNJ4068n3eo,GetGo Café + Market,"800 Allegheny River Boulevard, Verona",40.50739059999999,-79.8434997,"gas_station,cafe,convenience_store,store,food,point_of_interest,establishment",convenience,OPERATIONAL,3.1,78.0
ChIJeYOVTUyTNIgRXPyqFavwqBE,Carnivores,"215 Allegheny Avenue, Oakmont",40.5143422,-79.8439473,"bar,restaurant,food,point_of_interest,establishment",restaurant,OPERATIONAL,4.1,1135.0
ChIJXXn01rPsNIgRa6C9fta0z50,Hula Bar & Grill,"759 East Railroad Avenue, Verona",40.5065223,-79.84379609999999,"bar,restaurant,food,point_of_interest,establishment",restaurant,OPERATIONAL,3.9,291.0
ChIJCevGU0yTNIgRgLZEShIIOdQ,Subway,"201 Allegheny Avenue Suite 1, Oakmont",40.5141935,-79.84372789999999,"meal_takeaway,restaurant,food,point_of_interest,establishment","fast_food,restaurant",OPERATIONAL,3.9,94.0
ChIJCevGU0yTNIgRwWyLUoq60-0,Vocelli Pizza,"Allegheny Plaza Two, 201 Allegheny Avenue # 5A, Oakmont",40.5141964,-79.8439607,"meal_takeaway,meal_delivery,restaurant,food,point_of_interest,establishment","fast_food,restaurant",OPERATIONAL,3.7,167.0
ChIJO8MnK0yTNIgRNDL5v51bSxA,The Pub at 333,"333 Allegheny Avenue, Oakmont",40.516092,-79.8437892,"bar,restaurant,food,point_of_interest,establishment",restaurant,OPERATIONAL,4.4,1126.0
ChIJzb5zMHmTNIgR-v_64c1dIhE,Hoffstot's Cafe Monaco,"533 Allegheny Avenue, Oakmont",40.5186528,-79.8433871,"restaurant,food,point_of_interest,establishment",restaurant,OPERATIONAL,4.5,1119.0
ChIJO07aFFOTNIgRbjYPdOQfDiQ,Leone's Pizza,"608 Allegheny River Boulevard, Oakmont",40.51934850000001,-79.84239529999999,"restaurant,food,point_of_interest,establishment",restaurant,OPERATIONAL,4.5,273.0
ChIJxwlLfEmTNIgRvl5fGSTMsJM,Oakmont Yacht Club,"11 Washington Avenue, Oakmont",40.5168768,-79.8487237,"bar,restaurant,food,point_of_interest,establishment",restaurant,OPERATIONAL,4.7,63.0
ChIJDUYC9k-TNIgRAGCnbzfcrVQ,Panera Bread,"666 Allegheny River Boulevard, Oakmont",40.5210727,-79.8415145,"cafe,meal_takeaway,bakery,store,restaurant,food,point_of_interest,establishment","fast_food,restaurant",OPERATIONAL,4.0,431.0
ChIJucOs9CvtNIgRmNEjzQoJNU8,Inner Groove Brewing,"751 East Railroad Avenue, Verona",40.50631930000001,-79.84381479999999,"bar,restaurant,food,point_of_interest,establishment",restaurant,OPERATIONAL,4.8,173.0
ChIJvaSIpdLtNIgRugCGmDH73WU,Twin Boro Bar & Grill,"811 Allegheny River Boulevard, Verona",40.50695899999999,-79.8425733,"restaurant,food,point_of_interest,establishment",restaurant,OPERATIONAL,,
ChIJHXNG_EyTNIgR_a84cu2UlEk,The Lot at Edgewater,"145 Allegheny Avenue, Oakmont",40.513459,-79.8439818,"restaurant,food,point_of_interest,establishment",restaurant,OPERATIONAL,4.4,1617.0
ChIJ0RxW2k2TNIgR1Ua7QngVdEY,Fox's Pizza Den,"314 Allegheny River Boulevard, Oakmont",40.5157702,-79.8428651,"meal_delivery,store,restaurant,food,point_of_interest,establishment",restaurant,OPERATIONAL,4.2,184.0
ChIJzTHWnbKTNIgRsbs2zW3xnFk,Pittsburgh Taco Boys,"319 Maryland Avenue, Oakmont",40.5189351,-79.8435846,"restaurant,food,point_of_interest,establishment",restaurant,OPERATIONAL,4.8,257.0
ChIJSdw_j0-TNIgRisKlTDJu9xc,Tomanetti Food Products Inc.,"625 Allegheny Avenue, Oakmont",40.5208513,-79.84289679999999,"meal_takeaway,restaurant,food,point_of_interest,establishment","fast_food,restaurant",OPERATIONAL,4.5,33.0
ChIJMWf6uE-TNIgRSd2mNwWlTQQ,Today's Organic Market,"612 Allegheny River Blvd, Oakmont",40.5194389,-79.84234,"grocery_or_supermarket,food,health,store,point_of_interest,establishment",farmers_market,OPERATIONAL,4.7,29.0
ChIJtyf-PbmUNIgR2ts4TC9ppek,Sunoco,"2000 Eastern Avenue, Verona",40.5206861,-79.8135051,"gas_station,convenience_store,car_repair,store,food,point_of_interest,establishment",convenience,OPERATIONAL,3.1,42.0
ChIJhQrDfLmUNIgRnOiAM2LzO34,7-Eleven,"2000 Eastern Avenue, Verona",40.5209511,-79.81383249999999,"convenience_store,cafe,liquor_store,store,restaurant,food,point_of_interest,establishment","convenience,restaurant",OPERATIONAL,2.9,14.0
ChIJz6HNKLLsNIgRcaMF6OQqlqo,Burger King,"Pa Turnpike East Mile Post 493 2, Verona",40.5208555,-79.81392770000001,"restaurant,food,point_of_interest,establishment",restaurant,OPERATIONAL,2.2,136.0
ChIJ3weTaUeVNIgRu8HJy3Je2mo,Bridges Greenhouse,"7108 Leechburg Rd, New Kensington",40.516851,-79.76634,"food,point_of_interest,establishment",farmers_market,OPERATIONAL,4.5,14.0
ChIJz-WrBmS_NIgR8TouCthCRuI,bp,"4541 Fairview Drive, Murrysville",40.50494,-79.67569,"gas_station,supermarket,grocery_or_supermarket,store,food,point_of_interest,establishment",grocery,OPERATIONAL,3.3,31.0
ChIJuxd0OWa_NIgRunXz7iAAoss,LaScola's Pizzeria,"2493 Greensburg Road, New Kensington",40.5053659,-79.67634129999999,"meal_delivery,restaurant,food,point_of_interest,establishment",restaurant,OPERATIONAL,4.6,184.0
ChIJc9p8qGxdNIgRK509FeYh9hc,The Hangar,"500 Flaugherty Run Road, Coraopolis",40.5266092,-80.24943119999999,"bar,restaurant,food,point_of_interest,establishment",restaurant,OPERATIONAL,4.1,861.0
ChIJc6gv1oJdNIgRGflYJAlIwkc,ATM (Happy Mini Mart Inc),"1300 Brodhead Road, Coraopolis",40.5350196,-80.2296472,"atm,convenience_store,finance,food,store,point_of_interest,establishment",convenience,OPERATIONAL,1.0,1.0
ChIJp771gJhdNIgRi9xg5N_qpcQ,Fox's Pizza Den Moon Twp.,"998 Brodhead Road, Coraopolis",40.5242115,-80.22389539999999,"restaurant,food,point_of_interest,establishment",restaurant,OPERATIONAL,4.7,184.0
ChIJFacv1oJdNIgRr0QVz85A9zw,Domino's Pizza,"1300 Brodhead Road Unit E, Moon Township",40.53500649999999,-80.22933239999999,"meal_takeaway,meal_delivery,restaurant,food,point_of_interest,establishment","fast_food,restaurant",OPERATIONAL,2.6,615.0
ChIJGdV55uBdNIgR9voJhPmRjXM,Jenny Lee Breakfast Nook,"1014 Brodhead Road, Coraopolis",40.5258285,-80.22408279999999,"cafe,restaurant,food,point_of_interest,establishment",restaurant,OPERATIONAL,4.6,155.0
ChIJD14BRtVdNIgRlD7AY2FVfsg,Four Twelve Project,"988 Brodhead Road, Coraopolis",40.52311780000001,-80.2237835,"restaurant,food,point_of_interest,establishment",restaurant,OPERATIONAL,4.6,661.0
ChIJYfn2CvVdNIgR3iT4hfvRz5E,Sheetz,"4875 University Boulevard, Coraopolis",40.5376181,-80.1987395,"convenience_store,cafe,gas_station,store,restaurant,food,point_of_interest,establishment","convenience,restaurant",OPERATIONAL,3.6,31.0
ChIJ3-Nr9lVnNIgR1yTc7niEgbo,Sewickley Community Center,"15 Chadwick St, Sewickley",40.540841,-80.19095,"point_of_interest,establishment",food_bank,OPERATIONAL,4.4,63.0
ChIJj6729VVnNIgR-64fOpNHGvM,Sewickley Food Pantry - Food Distribution Center,"15 Chadwick St, Sewickley",40.540828,-80.1910056,"food,point_of_interest,establishment",food_bank,OPERATIONAL,5.0,1.0
ChIJvz5PAwFeNIgRceS6f6xzYnE,Sewickley Farmer's Market,"200 Walnut St, Sewickley",40.5376116,-80.1847686,"point_of_interest,establishment",farmers_market,OPERATIONAL,4.6,214.0
ChIJ-TXkAKpgNIgRQ65Ya_nOQ1E,Safran's Supermarket,"429 Walnut Street, Sewickley",40.54104419999999,-80.1822703,"grocery_or_supermarket,supermarket,food,store,point_of_interest,establishment",grocery,OPERATIONAL,4.4,271.0
ChIJs9D-8wJeNIgR6t9XAP67MRw,The Slippery Mermaid Sushi Bar,"613 Beaver Street, Sewickley",40.5388166,-80.17876609999999,"night_club,bar,restaurant,food,point_of_interest,establishment",restaurant,OPERATIONAL,4.3,1073.0
ChIJDVtB3algNIgRkULSRgdjbgc,Sidelines Beer House,"518 Locust Place, Sewickley",40.5410471,-80.1804097,"bar,restaurant,food,point_of_interest,establishment",restaurant,OPERATIONAL,4.1,659.0
ChIJY5kDcQJeNIgRkt5KtNp8SAo,The Hotel and Rosa's Cantina,"509 Beaver Street, Sewickley",40.5401382,-80.17996509999999,"restaurant,bar,food,point_of_interest,establishment",restaurant,OPERATIONAL,3.9,348.0
ChIJYej-8k1nNIgRQIyxZ7MgHLY,Lucid Juice - Sewickley,"344 Beaver Street, Sewickley",40.541327,-80.18214619999999,"restaurant,food,health,point_of_interest,establishment",restaurant,OPERATIONAL,4.4,85.0
ChIJ3Wp75KlgNIgRWEjQaKR7lkc,Starbucks Coffee Company,"425 Beaver Street, Sewickley",40.54092999999999,-80.18101999999999,"cafe,restaurant,food,store,point_of_interest,establishment",restaurant,OPERATIONAL,4.4,278.0
ChIJj7ySlgP1NIgROtDIifNhVAQ,Vivo Kitchen,"432 Beaver Street, Sewickley",40.5403122,-80.1808164,"restaurant,food,point_of_interest,establishment",restaurant,OPERATIONAL,4.6,224.0
ChIJs3FP_gFeNIgRRMbZLZGOOHg,Vocelli Pizza,"422 Walnut Street, Sewickley",40.54052100000001,-80.1820896,"meal_delivery,meal_takeaway,restaurant,food,point_of_interest,establishment","fast_food,restaurant",OPERATIONAL,3.8,94.0
ChIJtVZdGAJeNIgRDjDZ5x0lVUQ,Yamayoshi Asian Fusion,"409 Broad Street, Sewickley",40.5398295,-80.1812819,"restaurant,food,point_of_interest,establishment",restaurant,OPERATIONAL,4.1,329.0
ChIJC_MUiEdfNIgRZdcEWWNpdgg,Caliente Pizza & Draft House - Sewickley,"510 Beaver Street Rear, Sewickley",40.5395522,-80.1803832,"restaurant,food,point_of_interest,establishment",restaurant,OPERATIONAL,4.0,455.0
ChIJre_tMthfNIgRjQ85KcDAOnM,Sewickley Quarter,"545 Beaver Street, Sewickley",40.5393805,-80.1791586,"restaurant,food,point_of_interest,establishment",restaurant,OPERATIONAL,4.9,162.0
ChIJB8j5LQhfNIgRv9wQjPQ0d3A,Mambo Italia,"424 Broad Street, Sewickley",40.539681,-80.1806929,"restaurant,food,point_of_interest,establishment",restaurant,OPERATIONAL,4.5,240.0
ChIJy5qaEAJeNIgRE27qqT2y51o,China Palace,"415 Broad Street, Sewickley",40.53976309999999,-80.1811881,"restaurant,food,point_of_interest,establishment",restaurant,OPERATIONAL,,
ChIJyQyrqj9nNIgRtkUKmdcTerc,Bruegger's Bagels,"422 Beaver Street, Sewickley",40.5406381,-80.18116909999999,"bakery,cafe,store,restaurant,food,point_of_interest,establishment",restaurant,OPERATIONAL,4.0,153.0
ChIJMcgOFf3xNIgRzeZ45Ml_T9U,Forma Pasta Cafe & Market,"531 Beaver Street, Sewickley",40.5396933,-80.1790254,"restaurant,cafe,food,point_of_interest,establishment",restaurant,OPERATIONAL,4.7,161.0
ChIJ15vs2KlgNIgRNTXb96tzGis,Lula,"515 Broad Street, Sewickley",40.540662,-80.18000049999999,"bar,restaurant,food,point_of_interest,establishment",restaurant,OPERATIONAL,4.3,323.0
ChIJT_j3cRZhNIgRmWTKIdKRdJ0,Moonlit Burgers Sewickley,"523 Locust Place, Sewickley",40.5414068,-80.1807345,"restaurant,food,point_of_interest,establishment",restaurant,OPERATIONAL,4.8,61.0
ChIJGTddMABhNIgRihfPG3yruik,Torogoz,"525 Locust Place, Sewickley",40.5415243,-80.1807463,"restaurant,food,point_of_interest,establishment",restaurant,OPERATIONAL,4.7,40.0
ChIJ_VaquqhgNIgRgUunhx84L7Q,Sewickley Valley YMCA,"625 Blackburn Rd, Sewickley",40.5436331,-80.17954350000001,"gym,health,point_of_interest,establishment",food_bank,OPERATIONAL,4.1,65.0
ChIJzRdq4TpeNIgRpklDoNu2FSA,Sewickley Speakeasy,"17 Ohio River Boulevard, Sewickley",40.5262322,-80.15749009999999,"restaurant,food,point_of_interest,establishment",restaurant,OPERATIONAL,4.2,250.0
ChIJoUNYr95fNIgR6HgYOgeL8Wo,Farmer's Fridge,"Located in the employee breakroom, 501 North Drive, Sewickley",40.5308305,-80.13882,"restaurant,food,point_of_interest,establishment",restaurant,CLOSED_TEMPORARILY,,
ChIJrzdsqSqLNIgR2VtrZLff1d4,Sheetz,"211 Mount Nebo Road, Pittsburgh",40.5333404,-80.0716087,"convenience_store,car_wash,gas_station,cafe,liquor_store,restaurant,food,store,point_of_interest,establishment","convenience,restaurant",OPERATIONAL,3.6,130.0
ChIJjSmDHAD1NIgRVzRrHH3yJrc,Chipotle Mexican Grill,"112 Josephs Lane, Pittsburgh",40.524817,-80.07199489999999,"restaurant,food,point_of_interest,establishment",restaurant,OPERATIONAL,2.6,30.0
ChIJUfLbH3KLNIgRHSOwWKqheDc,Coughlin's Law Kitchen and Brew Pub at Nebo Pointe,"138 Martin Lane, Pittsburgh",40.532163,-80.069244,"restaurant,food,point_of_interest,establishment",restaurant,OPERATIONAL,4.1,353.0
ChIJ84Yb-NKKNIgRNAPsn_E_oDs,bp,"501 Lowries Run Road, Pittsburgh",40.53395799999999,-80.052869,"gas_station,supermarket,grocery_or_supermarket,store,food,point_of_interest,establishment",grocery,OPERATIONAL,3.3,16.0
ChIJBWGaH5uLNIgRSXuRIjxF8cE,Target Grocery,"288 Mount Nebo Pointe Drive, Pittsburgh",40.5356908,-80.0685462,"grocery_or_supermarket,supermarket,store,food,point_of_interest,establishment",grocery,OPERATIONAL,,
ChIJUQ_azM2KNIgRWRy_461c_bw,Subway,"264 Mount Nebo Pointe Drive Unit C - 4, Pittsburgh",40.536159,-80.06638559999999,"meal_takeaway,restaurant,food,point_of_interest,establishment","fast_food,restaurant",OPERATIONAL,3.7,129.0
ChIJ-40kdMv0NIgRczUFQO8jOJc,Rochester Inn,"505 Rochester Road, Pittsburgh",40.5363984,-80.0509249,"bar,restaurant,food,point_of_interest,establishment",restaurant,OPERATIONAL,4.4,1557.0
ChIJHbNz-NKKNIgRDoa7dUUOV6M,Bruster's Real Ice Cream,"493 Lowries Run Road, Pittsburgh",40.5340206,-80.05159979999999,"bakery,restaurant,food,store,point_of_interest,establishment",restaurant,OPERATIONAL,4.7,459.0
ChIJv8hokieLNIgRdf9zu43998I,Sam's Club Cafe,"289 Mount Nebo Pointe Drive, Pittsburgh",40.5341683,-80.0679857,"cafe,meal_takeaway,restaurant,food,point_of_interest,establishment","fast_food,restaurant",OPERATIONAL,4.0,4.0
ChIJd_x4DreLNIgRX-K-kWeKfsI,Jackie Inn,"509 Rochester Road, Pittsburgh",40.53695379999999,-80.0508689,"restaurant,food,store,point_of_interest,establishment",restaurant,OPERATIONAL,4.7,164.0
ChIJ332QVCiLNIgRMcdbrjHzKkQ,WMG Garden Supply (Peach’s Farm Market),"WMG Garden & Supply, 533 Rochester Rd, Pittsburgh",40.53716259999999,-80.0512839,"grocery_or_supermarket,general_contractor,food,store,point_of_interest,establishment",farmers_market,OPERATIONAL,4.8,189.0
ChIJN9zygTmLNIgRpIhwBF5TffE,Cash & Carry oil,"1021 Perry Highway, Pittsburgh",40.5407035,-80.0363625,"convenience_store,food,store,point_of_interest,establishment",convenience,OPERATIONAL,4.0,27.0
ChIJfSO4kSiLNIgRRYvCFmxrgvM,Sir Pizza,"320 Sewickley Oakmont Road, Pittsburgh",40.53828599999999,-80.049747,"restaurant,food,point_of_interest,establishment",restaurant,OPERATIONAL,4.6,901.0
ChIJVVVRXjiLNIgRisGd7kzCF9M,Sweet Soiree,"220 Bernice Street, Pittsburgh",40.5402181,-80.0326865,"restaurant,food,point_of_interest,establishment",restaurant,OPERATIONAL,,
ChIJ6Wb3nOmLNIgRw4n3MxrJ6io,Perrytown Tap House,"1002 Perry Highway, Pittsburgh",40.53939440000001,-80.0360883,"bar,restaurant,food,point_of_interest,establishment",restaurant,OPERATIONAL,4.7,152.0
ChIJcbzKeTSLNIgRSipGAICl_s0,North Hills Food Bank,"845 Perry Hwy, Pittsburgh",40.5319928,-80.03719079999999,"food,point_of_interest,establishment",food_bank,OPERATIONAL,4.9,66.0
ChIJw2g6r1XzNIgRdQwHvoPSz4I,Kuhn's Market,"4801 McKnight Road, Pittsburgh",40.5249208,-80.00715090000001,"grocery_or_supermarket,supermarket,food,store,point_of_interest,establishment",grocery,OPERATIONAL,4.2,989.0
ChIJzUlvmVbzNIgRkylCvqj7jJg,Oriental Market佳惠超市,"7300 Old McKnight Road, Pittsburgh",40.537209,-80.010428,"supermarket,grocery_or_supermarket,food,store,point_of_interest,establishment",grocery,OPERATIONAL,4.6,1334.0
ChIJ86hYuhiLNIgRkbvvMMAX-uY,ALDI,"7221 McKnight Road, Pittsburgh",40.536736,-80.01271299999999,"supermarket,grocery_or_supermarket,food,store,point_of_interest,establishment",grocery,OPERATIONAL,,
ChIJcVhuw1WLNIgRytCF8DivvSk,Walgreens,"4885 McKnight Road, Pittsburgh",40.5298744,-80.01017449999999,"drugstore,convenience_store,clothing_store,health,store,food,point_of_interest,establishment",convenience,CLOSED_TEMPORARILY,3.1,37.0
ChIJq4f2RlKLNIgRs2dBEUPZuxs,Sunoco,"3278 Babcock Boulevard, Pittsburgh",40.5302997,-80.0177312,"gas_station,convenience_store,store,food,point_of_interest,establishment",convenience,OPERATIONAL,3.1,9.0
ChIJcVhuw1WLNIgRYXngMGM9plU,Italian Village Pizza,"4885 McKnight Road # 4 # 4, Pittsburgh",40.530108,-80.010402,"meal_delivery,restaurant,food,point_of_interest,establishment",restaurant,OPERATIONAL,4.0,312.0
ChIJA9PuEVaLNIgR7SDtmBZ3nXU,Bravo! Italian Kitchen,"4976 McKnight Road, Pittsburgh",40.5313073,-80.00925889999999,"restaurant,food,point_of_interest,establishment",restaurant,OPERATIONAL,4.2,1348.0
ChIJ0ymexFWLNIgRQlH8ehFerhY,Starbucks Coffee Company,"4885 McKnight Road, Pittsburgh",40.53019,-80.01056,"cafe,store,restaurant,food,point_of_interest,establishment",restaurant,OPERATIONAL,4.1,360.0
ChIJxw-FNFCLNIgR2lGlNuaBBrs,Papa Johns Pizza,"3336 Babcock Boulevard, Pittsburgh",40.5343721,-80.0189457,"restaurant,food,point_of_interest,establishment",restaurant,OPERATIONAL,4.0,216.0
ChIJ2Tc0LliLNIgRLKumqibSUwU,Panera Bread,"7217 McKnight Road, Pittsburgh",40.53715149999999,-80.0131005,"cafe,meal_takeaway,bakery,store,restaurant,food,point_of_interest,establishment","fast_food,restaurant",OPERATIONAL,3.9,449.0
ChIJj-9LjaGJNIgRSBRj8m41gzs,Dive Bar & Grille (North Hills),"3385 Babcock Boulevard, Pittsburgh",40.53677859999999,-80.0220744,"bar,restaurant,food,point_of_interest,establishment",restaurant,OPERATIONAL,4.3,983.0
ChIJdbiDb6qMNIgRI1KAPP5iJaE,Chipotle Mexican Grill,"4861 McKnight Road, Pittsburgh",40.5290747,-80.0087254,"restaurant,food,point_of_interest,establishment",restaurant,OPERATIONAL,3.2,1639.0
ChIJawmZX0WLNIgRaklZi7uCt8A,Sieb's Pub & Restaurant,"3382 Babcock Boulevard, Pittsburgh",40.5370626,-80.0210603,"restaurant,food,point_of_interest,establishment",restaurant,OPERATIONAL,4.6,650.0
ChIJiQCi1F6LNIgRGk0nOGZuvvY,Chili's Grill & Bar,"7404 McKnight Road, Pittsburgh",40.541182,-80.011907,"restaurant,bar,food,point_of_interest,establishment",restaurant,OPERATIONAL,4.1,1396.0
ChIJzbxZW6qMNIgRHQDY5Yvo52E,Pelegrino's Pizza & Pasta,"3275 Babcock Boulevard, Pittsburgh",40.5303073,-80.0185989,"meal_delivery,restaurant,food,point_of_interest,establishment",restaurant,OPERATIONAL,4.5,312.0
ChIJaZSQ1VTzNIgR2-ysNi2LaB4,Applebee's Grill + Bar,"North Hills Village Mall, 4801 McKnight Road, Pittsburgh",40.5252241,-80.00592689999999,"restaurant,bar,food,point_of_interest,establishment",restaurant,OPERATIONAL,4.1,1605.0
ChIJNV5a6qz0NIgRxsx0aS56ROg,Hal's Bar & Grill,"3225 Babcock Boulevard, Pittsburgh",40.5247067,-80.0163912,"bar,restaurant,food,point_of_interest,establishment",restaurant,OPERATIONAL,4.4,1225.0
ChIJuY0e-ViLNIgRcYdcY5Og55g,Eat'n Park,"7370 McKnight Road, Pittsburgh",40.5384867,-80.01117699999999,"meal_takeaway,restaurant,food,point_of_interest,establishment","fast_food,restaurant",OPERATIONAL,4.1,1369.0
ChIJcVhuw1WLNIgRGSgDsa024ho,Aladdin's Eatery McKnight,"4885 McKnight Road, Pittsburgh",40.5302566,-80.01059529999999,"restaurant,food,point_of_interest,establishment",restaurant,OPERATIONAL,4.6,529.0
ChIJw2g6r1XzNIgR1zh5WWEUD-Q,Taco Bell,"4801 McKnight Road, Pittsburgh",40.5259287,-80.00613340000001,"meal_takeaway,restaurant,food,point_of_interest,establishment","fast_food,restaurant",OPERATIONAL,3.4,1155.0
ChIJGcnU-VTzNIgRaD7uAs2c6F4,The Honey Baked Ham Company,"4780 McKnight Road, Pittsburgh",40.5233303,-80.0046777,"restaurant,meal_delivery,grocery_or_supermarket,food,store,point_of_interest,establishment",restaurant,OPERATIONAL,4.3,97.0
ChIJRdXNNquMNIgR6As_iVE_U9k,Sushi Tomo,"4812 McKnight Road, Pittsburgh",40.5257801,-80.0051233,"meal_takeaway,restaurant,food,point_of_interest,establishment","fast_food,restaurant",OPERATIONAL,4.5,1021.0
ChIJV9MEU1iLNIgRjQ_03DI2rts,Denny's,"7319 McKnight Road, Pittsburgh",40.5384764,-80.011952,"restaurant,food,point_of_interest,establishment",restaurant,OPERATIONAL,4.0,1380.0
ChIJP1fFSVmLNIgRLtCjxaeGVoU,Chick-fil-A,"7451 McKnight Road, Pittsburgh",40.5411252,-80.0131873,"restaurant,food,point_of_interest,establishment",restaurant,OPERATIONAL,4.5,2450.0
ChIJ5TKY0lTzNIgRTRAmMdH3WQU,Arby's,"4810 McKnight Road, Pittsburgh",40.5253845,-80.00499119999999,"meal_takeaway,restaurant,food,store,point_of_interest,establishment","fast_food,restaurant",OPERATIONAL,3.9,852.0
ChIJyTYlcaqMNIgRTUtuO-3qAqE,McDonald's,"4849 McKnight Road, Pittsburgh",40.5285966,-80.0083262,"cafe,restaurant,food,store,point_of_interest,establishment",restaurant,OPERATIONAL,3.3,1349.0
ChIJ9YEfi1WLNIgRyi15ESNzP4A,Bruegger's Bagels,"4885 McKnight Road, Pittsburgh",40.5299485,-80.0104199,"cafe,bakery,store,restaurant,food,point_of_interest,establishment",restaurant,OPERATIONAL,4.0,257.0
ChIJ_1yvJJqLNIgRW4jYOGIcksI,Dominic's Too Pizza and More,"3286 Babcock Boulevard, Pittsburgh",40.5309114,-80.0178134,"restaurant,food,point_of_interest,establishment",restaurant,OPERATIONAL,4.3,20.0
ChIJ-0cvsKqMNIgRcPyMGs_oLk8,Pizza Hut Express,"4801 McKnight Road, Pittsburgh",40.52617,-80.008072,"meal_takeaway,restaurant,food,point_of_interest,establishment","fast_food,restaurant",OPERATIONAL,3.0,6.0
ChIJwetO1tiLNIgRPiN1fyNYzSQ,Wingstop,"4885 McKnight Road unit #16, Pittsburgh",40.5296965,-80.01008499999999,"restaurant,food,point_of_interest,establishment",restaurant,OPERATIONAL,3.1,183.0
ChIJNVc7rd2LNIgRI6aRa1pcpLc,Pulp Juice and Smoothie Bar,"4885 McKnight Road Unit 15, Pittsburgh",40.52937769999999,-80.0096281,"restaurant,food,point_of_interest,establishment",restaurant,OPERATIONAL,4.6,9.0
ChIJOzBpdiaLNIgRjxVEs5eckZI,Roots Natural Kitchen,"4885 McKnight Road, Pittsburgh",40.5292634,-80.0094973,"restaurant,food,point_of_interest,establishment",restaurant,OPERATIONAL,4.9,170.0
ChIJ-WjzZgDzNIgR659uG_jRDC0,Hong Hot Pot & BBQ Pittsburgh,"4801 McKnight Road Suite 9991, Pittsburgh",40.5227011,-80.0064702,"restaurant,food,point_of_interest,establishment",restaurant,OPERATIONAL,4.8,1480.0
ChIJpYq1x1GLNIgRb0HnJATavN8,La Felice Pizza,"3324 Babcock Boulevard, Pittsburgh",40.5334951,-80.01846189999999,"meal_delivery,restaurant,food,point_of_interest,establishment",restaurant,OPERATIONAL,4.0,381.0
ChIJU4vD_CeNNIgRrmX7dmXJGAI,Eiwa Japanese Ramen Bar,"4860 McKnight Road, Pittsburgh",40.5293025,-80.0078657,"restaurant,food,point_of_interest,establishment",restaurant,OPERATIONAL,4.7,471.0
ChIJb76k7YuNNIgRc6M1gMEmgVo,Deniz Mediterranean Cuisine,"4846 McKnight Road, Pittsburgh",40.5285914,-80.0071087,"restaurant,food,point_of_interest,establishment",restaurant,OPERATIONAL,4.6,339.0
ChIJvcWs0VGLNIgRDcXV6mv1zv0,Handmade Pasta by Yvonne,"3333 Babcock Boulevard, Pittsburgh",40.5337664,-80.0192852,"store,restaurant,food,point_of_interest,establishment",restaurant,OPERATIONAL,4.9,34.0
ChIJQzUFVjeLNIgRj9KTatukya8,Creators' Kitchen as Seen on TikTok,"4976 McKnight Road, Pittsburgh",40.53131729999999,-80.0092592,"restaurant,food,point_of_interest,establishment",restaurant,OPERATIONAL,1.0,1.0
ChIJX_SRIaqLNIgRUiHAWWQK_Hw,Pardon My Cheesesteak,"4976 McKnight Road, Pittsburgh",40.5313189,-80.00926079999999,"restaurant,food,point_of_interest,establishment",restaurant,OPERATIONAL,2.0,8.0
ChIJUfCRQxSNNIgRXVhEug7pmow,Starbucks,"4840 McKnight Road, Pittsburgh",40.52802,-80.00622,"cafe,store,restaurant,food,point_of_interest,establishment",restaurant,OPERATIONAL,3.9,87.0
ChIJi8I0wRONNIgRIKuk0yby6Ug,Doce Taqueria,"4826 McKnight Road, Pittsburgh",40.5274246,-80.0058574,"restaurant,food,point_of_interest,establishment",restaurant,OPERATIONAL,4.5,820.0
ChIJKZLJIxqLNIgRu5PCNQApzHA,Graze Craze Charcuterie Boards & Boxes,"3336 Babcock Boulevard, Pittsburgh",40.5342352,-80.01890089999999,"restaurant,food,point_of_interest,establishment",restaurant,OPERATIONAL,4.8,35.0
ChIJh22pH1mLNIgRwclnPjL1tZ4,Jersey Mike's Subs,"7390 McKnight Road, Pittsburgh",40.5397076,-80.0115489,"meal_takeaway,store,restaurant,food,point_of_interest,establishment","fast_food,restaurant",OPERATIONAL,4.4,624.0
ChIJiTytIJ6LNIgRdI0meu3-Mk8,It's Just Wings,"7404 McKnight Road, Pittsburgh",40.541182,-80.011907,"meal_takeaway,meal_delivery,restaurant,food,point_of_interest,establishment","fast_food,restaurant",OPERATIONAL,3.3,22.0
ChIJaxV0tbWMNIgRSwI9He4S9uI,Thompson Run Market,"333 Thompson Run Road, Pittsburgh",40.5276668,-79.9887854,"convenience_store,store,food,point_of_interest,establishment",convenience,OPERATIONAL,3.8,51.0
ChIJoXyytb6MNIgRY6FFbpcBEmg,La Famiglia Gourmet Pizza Company,"605 Thompson Run Road, Pittsburgh",40.539316,-79.990892,"meal_delivery,restaurant,food,point_of_interest,establishment",restaurant,OPERATIONAL,4.3,238.0
ChIJYeteq76MNIgRFEd0aVI56B8,Wheelfish,"635 Sangree Road, Pittsburgh",40.539285,-79.9914316,"bar,restaurant,food,point_of_interest,establishment",restaurant,OPERATIONAL,4.5,752.0
ChIJ-e4p-4eLNIgRXCmBwZ5zWqs,Panda Express,"7223 McKnight Road, Pittsburgh",40.5363542,-80.0114268,"restaurant,food,point_of_interest,establishment",restaurant,OPERATIONAL,3.7,379.0
ChIJNZbYWSeNNIgRtp6XnFkv7o8,Giant Eagle Supermarket,"1671 Butler Plank Road, Glenshaw",40.537642,-79.9650712,"grocery_or_supermarket,supermarket,food,store,point_of_interest,establishment",grocery,OPERATIONAL,4.1,1034.0
ChIJ0VIDkCCNNIgR15u6rsT7eSQ,Walgreens,"1701 William Flinn Highway, Glenshaw",40.538717,-79.9634126,"drugstore,convenience_store,clothing_store,health,store,food,point_of_interest,establishment",convenience,OPERATIONAL,3.9,35.0
ChIJj2nP8CaNNIgRKAd8TWGSwRY,GetGo Café + Market & WetGo Car Wash,"1700 William Flinn Highway, Glenshaw",40.538107,-79.9617176,"gas_station,car_wash,cafe,convenience_store,store,food,point_of_interest,establishment",convenience,OPERATIONAL,3.2,98.0
ChIJRyiu5iCNNIgROb8Tnq7unas,GetGo,"1700 William Flinn Highway, Glenshaw",40.5380682,-79.9616915,"convenience_store,gas_station,store,food,point_of_interest,establishment",convenience,OPERATIONAL,4.3,17.0
ChIJRTHTaQCNNIgRtsZL_kFqKkE,CLOUD 9 Smoke Shop & Vape Store #3 (Smoke Shop Near Me),"1736 William Flinn Highway, Glenshaw",40.5391716,-79.9615209,"convenience_store,health,store,food,point_of_interest,establishment",convenience,OPERATIONAL,4.9,96.0
ChIJozDvOSqNNIgR0dEht_kaaxo,Subway,"1708 Mount Royal Boulevard #9, Glenshaw",40.5256131,-79.961951,"meal_takeaway,restaurant,food,point_of_interest,establishment","fast_food,restaurant",OPERATIONAL,3.7,90.0
ChIJD0Fd9SCNNIgR3ws4xpZ3LTE,Asian Cafe,"1724 William Flinn Highway, Glenshaw",40.539148,-79.96182639999999,"restaurant,food,point_of_interest,establishment",restaurant,OPERATIONAL,4.4,191.0
ChIJ1ePZQyqNNIgRvnwdf--prTs,Franks Pizza and Chicken,"1722 Mount Royal Boulevard, Glenshaw",40.52611890000001,-79.9623254,"meal_delivery,restaurant,food,point_of_interest,establishment",restaurant,OPERATIONAL,4.1,236.0
ChIJozDvOSqNNIgR6srXe_Yd1sM,Hunan King,"1700 Mount Royal Boulevard, Glenshaw",40.5250715,-79.9616513,"restaurant,food,point_of_interest,establishment",restaurant,OPERATIONAL,4.3,116.0
ChIJ-XRB3waNNIgRKk6XdJdMmsc,Picadeli,"1671 Butler Plank Road, Glenshaw",40.5378264,-79.9652576,"restaurant,food,point_of_interest,establishment",restaurant,OPERATIONAL,,
ChIJZwwdiEKNNIgRs3Npu5m4EU8,Middle Road Inn,"1822 Middle Road, Glenshaw",40.5386275,-79.933206,"restaurant,bar,food,point_of_interest,establishment",restaurant,OPERATIONAL,4.3,538.0
ChIJ8ZdLVpiTNIgR2g7itR3e5-E,Brick and Barrel Cross Keys,"599 Dorseyville Road, Pittsburgh",40.5377057,-79.9114627,"restaurant,bar,food,point_of_interest,establishment",restaurant,OPERATIONAL,4.5,538.0
ChIJ63VAukSTNIgRgdHXWsSp7V8,Walgreens,"324 Hulton Road, Oakmont",40.5252785,-79.8417202,"drugstore,convenience_store,clothing_store,store,health,food,point_of_interest,establishment",convenience,OPERATIONAL,3.7,21.0
ChIJXT3tX0OTNIgRy_Ohxw_pwoQ,Speedway,"303 Hulton Road, Oakmont",40.526353,-79.84194339999999,"gas_station,convenience_store,store,food,point_of_interest,establishment",convenience,OPERATIONAL,3.6,54.0
ChIJPWGSNFuTNIgRk-TGbHTXeSk,Uni-Mart,"830 Allegheny River Boulevard, Oakmont",40.5246308,-79.84069989999999,"convenience_store,store,food,point_of_interest,establishment",convenience,OPERATIONAL,4.1,11.0
ChIJcVbuBGmTNIgR-ykQAXPpRew,Zone 28,"2525 Freeport Road, Pittsburgh",40.5349182,-79.84428609999999,"bowling_alley,bar,restaurant,food,point_of_interest,establishment",restaurant,OPERATIONAL,4.2,2659.0
ChIJx0Y2DmWTNIgRn3z_EzLLkrE,Primanti Bros. Restaurant and Bar,"6 Anchor Drive, Pittsburgh",40.5390209,-79.8390557,"bar,restaurant,food,point_of_interest,establishment",restaurant,OPERATIONAL,4.3,3064.0
ChIJE3xLQEOTNIgR3xndAIyc4xE,Mighty Oak Barrel,"939 3rd Street, Oakmont",40.52737679999999,-79.842134,"bar,restaurant,food,point_of_interest,establishment",restaurant,OPERATIONAL,4.6,332.0
ChIJwQXyrESTNIgR6EZ8v7PP3QI,Mike's Wife's Bar & Grill,"905 Allegheny Avenue, Oakmont",40.5260477,-79.8410528,"bar,restaurant,food,point_of_interest,establishment",restaurant,OPERATIONAL,4.2,244.0
ChIJ6ZDhGGmTNIgRW_UOqyKLT3g,End Zone,"Bar, 2525 Freeport Road Entrance, Pittsburgh",40.53507049999999,-79.8443118,"bar,restaurant,food,point_of_interest,establishment",restaurant,OPERATIONAL,3.9,13.0
ChIJT8Fk0USTNIgRh1hN1acFLgM,Michael A's Italian,"804 Allegheny River Boulevard, Oakmont",40.5240543,-79.8411533,"bar,restaurant,food,point_of_interest,establishment",restaurant,OPERATIONAL,4.4,380.0
ChIJkcDcLEyTNIgR_Q4UTsT-15U,China House - Oakmont,"848 Allegheny River Boulevard, Oakmont",40.5251659,-79.8404888,"meal_takeaway,meal_delivery,restaurant,food,point_of_interest,establishment","fast_food,restaurant",OPERATIONAL,4.3,258.0
ChIJAQ7tYW-TNIgRnImyM6VCJ4I,Bob Evans,"1 Mariner Court, Blawnox",40.5383419,-79.8406868,"meal_takeaway,restaurant,food,point_of_interest,establishment","fast_food,restaurant",OPERATIONAL,4.2,1677.0
ChIJOfq53OSTNIgRmZoKKkGUegM,Speedy Cafe,"303 Hulton Road, Oakmont",40.5260626,-79.8419376,"restaurant,food,point_of_interest,establishment",restaurant,OPERATIONAL,4.5,2.0
ChIJ21lxOfiTNIgRn4pzwuUOH3c,Vinnie's Tavern,"814 Allegheny River Boulevard, Oakmont",40.5243312,-79.8409992,"bar,restaurant,food,point_of_interest,establishment",restaurant,OPERATIONAL,4.0,148.0
ChIJFekaGGmTNIgRP_lCAQvukqM,Rail House Restaurant,"Restaurant, 2525 Freeport Road #28, Pittsburgh",40.5349673,-79.84451519999999,"restaurant,food,point_of_interest,establishment",restaurant,OPERATIONAL,2.8,104.0
ChIJ9YPtpe6TNIgR9ZIVGG-JNao,Melanie's Bistro,"2585 Freeport Road Suite 101A, Pittsburgh",40.5364543,-79.8430741,"restaurant,food,point_of_interest,establishment",restaurant,CLOSED_TEMPORARILY,,
ChIJUds96WWTNIgRyvvJ0Sz067o,Taco Bell,"2603 Freeport Road, Pittsburgh",40.5371841,-79.840503,"meal_takeaway,restaurant,food,point_of_interest,establishment","fast_food,restaurant",OPERATIONAL,3.7,692.0
ChIJ7ykKwGKTNIgR_g_9UGfg2_U,Sheetz,"2871 Freeport Road, Pittsburgh",40.53923669999999,-79.8312066,"convenience_store,car_wash,cafe,gas_station,liquor_store,store,restaurant,food,point_of_interest,establishment","convenience,restaurant",OPERATIONAL,3.7,150.0
ChIJKXEuIb2UNIgRA5-EwUqtPkY,Sheetz,"2175 Hulton Road, Verona",40.5266492,-79.8168924,"convenience_store,car_wash,cafe,gas_station,liquor_store,store,restaurant,food,point_of_interest,establishment","convenience,restaurant",OPERATIONAL,3.7,82.0
ChIJA7JFg2OTNIgR_G49rgQL5QU,Dunkin',"2725 Freeport Road, Pittsburgh",40.5384033,-79.833928,"meal_takeaway,bakery,cafe,restaurant,food,store,point_of_interest,establishment","fast_food,restaurant",OPERATIONAL,3.7,513.0
ChIJVfQlYmOTNIgRRc-hYSj6r_k,Gino's Petit Dejeuner Breakfast,"55 Alpha Drive West suite 3, Pittsburgh",40.538832,-79.8356088,"restaurant,food,store,point_of_interest,establishment",restaurant,OPERATIONAL,4.6,401.0
ChIJd8jHnGSTNIgRUSjmwJhEHpI,Subway,"55 Alpha Drive West, Pittsburgh",40.5388895,-79.83549579999999,"meal_takeaway,restaurant,food,point_of_interest,establishment","fast_food,restaurant",CLOSED_TEMPORARILY,4.3,78.0
ChIJ43ACd2OTNIgRSa1UYfQlcG4,Denny's,"2701 Freeport Road, Pittsburgh",40.5383241,-79.8344101,"restaurant,food,point_of_interest,establishment",restaurant,OPERATIONAL,4.1,1775.0
ChIJRxQCOb6UNIgRPmNsEnnvD7A,Somma Pizza & Sports Bar,"380 Route 909, Verona",40.5274635,-79.8107246,"restaurant,food,point_of_interest,establishment",restaurant,OPERATIONAL,4.5,577.0
ChIJEeiIf2STNIgRv0oAxKa1CiI,Wendy's,"2691 Freeport Road, Pittsburgh",40.53809940000001,-79.8354229,"restaurant,food,point_of_interest,establishment",restaurant,OPERATIONAL,3.6,872.0
ChIJ9eUumWKTNIgRmo9QqtzFK60,McDonald's,"2925 Freeport Road, Pittsburgh",40.5391736,-79.8301524,"cafe,store,restaurant,food,point_of_interest,establishment",restaurant,OPERATIONAL,3.1,1226.0
ChIJq6qqqjqTNIgR0slgHGIDHSI,Burger King,"2799 Freeport Road, Pittsburgh",40.5385272,-79.83324429999999,"restaurant,food,point_of_interest,establishment",restaurant,OPERATIONAL,3.7,1088.0
ChIJ96BCbn2UNIgRHYToz68Hdlo,KFC,"1 Harmar, Landings Drive, Blawnox",40.5395046,-79.8291077,"restaurant,food,point_of_interest,establishment",restaurant,OPERATIONAL,3.6,629.0
ChIJlyOpA72UNIgRln9VgiGLwO8,Zen Restaurant and Sushi Bar,"2181 Hulton Road, Verona",40.5262623,-79.8174816,"restaurant,food,point_of_interest,establishment",restaurant,OPERATIONAL,4.5,813.0
ChIJtT7GfGOTNIgREb43z_TLKYQ,Gino Brothers Pizzeria & Bar,"55 Alpha Drive West, Pittsburgh",40.5388926,-79.83558610000001,"bar,restaurant,food,point_of_interest,establishment",restaurant,OPERATIONAL,4.4,850.0
ChIJ73KgdrKTNIgR5Qdpk33_ZPA,Starbucks,"2825 Freeport Road, Pittsburgh",40.53871,-79.83197,"cafe,store,restaurant,food,point_of_interest,establishment",restaurant,OPERATIONAL,4.3,87.0
ChIJPc8EnDyTNIgRjzpXEE3gGWc,Jersey Mike's Subs,"2825 Freeport Road Suite B, Blawnox",40.5387411,-79.8319528,"meal_takeaway,store,restaurant,food,point_of_interest,establishment","fast_food,restaurant",OPERATIONAL,4.3,217.0
ChIJ4X2RYJmTNIgR3-RUn-j32Qs,The Burger Den,"2701 Freeport Road, Pittsburgh",40.53830560000001,-79.8343576,"restaurant,food,point_of_interest,establishment",restaurant,OPERATIONAL,3.5,10.0
ChIJRxPsimSTNIgRO-9yyOXwgig,Pizza Hut Express,"2661 Freeport Road, Pittsburgh",40.5382773,-79.8366025,"meal_takeaway,restaurant,food,point_of_interest,establishment","fast_food,restaurant",OPERATIONAL,3.9,7.0
ChIJJ3--f9qVNIgRag41-h1_Qn0,Popeyes Louisiana Kitchen,"7 Landings Drive, Harmar Township",40.539748,-79.828565,"restaurant,food,point_of_interest,establishment",restaurant,OPERATIONAL,4.2,216.0
ChIJKUKXSIuTNIgRkDHj-qyTJqU,Caleb's Taco Shop,"55 Alpha Drive West, Pittsburgh",40.5388987,-79.8355594,"restaurant,food,point_of_interest,establishment",restaurant,OPERATIONAL,,
ChIJNZGUiQGVNIgRn2RsIoDYfB4,Sheetz,"1505 Pittsburgh Street, Cheswick",40.54170749999999,-79.79868239999999,"convenience_store,gas_station,car_wash,cafe,liquor_store,store,restaurant,food,point_of_interest,establishment","convenience,restaurant",OPERATIONAL,3.9,72.0
ChIJzeft1YyUNIgRRKghJFv8fB0,Sunoco,"1001 Pittsburgh Street, Cheswick",40.5410597,-79.80724529999999,"gas_station,convenience_store,store,food,point_of_interest,establishment",convenience,OPERATIONAL,2.4,11.0
ChIJC78hFfqUNIgRl5x03JApwpI,Subway,"1301 Pittsburgh Street, Cheswick",40.5413444,-79.80204549999999,"meal_takeaway,restaurant,food,point_of_interest,establishment","fast_food,restaurant",OPERATIONAL,3.9,108.0
ChIJN35ZSVuTNIgRHUtCLLXyJeA,Veltre's Pizza,"5 River Road, New Kensington",40.5302667,-79.7838831,"meal_delivery,meal_takeaway,restaurant,food,point_of_interest,establishment","fast_food,restaurant",OPERATIONAL,4.5,426.0
ChIJC-X4nfKVNIgRB81mDXJPfSE,Domino's Pizza,"1298 Pittsburgh Street, Cheswick",40.540345,-79.80225899999999,"meal_delivery,meal_takeaway,restaurant,food,point_of_interest,establishment","fast_food,restaurant",OPERATIONAL,4.1,80.0
ChIJs6QaHY2UNIgRBtoWBTOPa5A,Saliba's Subs and More,"1401 Freeport Road, Cheswick",40.5409343,-79.8093222,"restaurant,food,point_of_interest,establishment",restaurant,OPERATIONAL,4.4,319.0
ChIJn4htPfOUNIgRFc_evDlFbiA,Tailgater's,"1101 Freeport Road, Cheswick",40.54095829999999,-79.8136337,"restaurant,food,point_of_interest,establishment",restaurant,OPERATIONAL,4.2,136.0
ChIJpebh1FWVNIgR1o-MuIHxE7Q,Lower Valley Community Food Bank,"Springdale Borough Building, 325 School St, Springdale",40.54218789999999,-79.77844830000001,"food,point_of_interest,establishment",food_bank,OPERATIONAL,5.0,4.0
ChIJ7c8jxf2UNIgRk8Qihwt7p1M,Dollar General,"494 Pittsburgh Street, Springdale",40.5407819,-79.7865685,"drugstore,convenience_store,grocery_or_supermarket,health,store,food,point_of_interest,establishment",convenience,OPERATIONAL,3.7,243.0
ChIJhUm5jgGVNIgR--NA2gE39EQ,Springdale Food Mart,"627 Pittsburgh Street, Springdale",40.541473,-79.7830199,"convenience_store,store,food,point_of_interest,establishment",convenience,OPERATIONAL,,
ChIJV91gffGUNIgRqIO3Ad_HzIA,Hing Wong,"515 Pittsburgh Street, Springdale",40.5412857,-79.78536919999999,"restaurant,food,point_of_interest,establishment",restaurant,OPERATIONAL,4.6,265.0
ChIJMwMosQaVNIgR0TYdzr1_yIw,La Nova Pizzeria,"835 Pittsburgh Street, Springdale",40.54145860000001,-79.7786681,"meal_delivery,meal_takeaway,restaurant,food,point_of_interest,establishment","fast_food,restaurant",CLOSED_TEMPORARILY,3.7,294.0
ChIJ0x9O5P2UNIgRtKN5SDW-0-8,Ladles,"516 Pittsburgh Street, Springdale",40.54107429999999,-79.78588169999999,"restaurant,food,point_of_interest,establishment",restaurant,OPERATIONAL,4.5,793.0
ChIJ9by9jgGVNIgRIKLGuqXk9aE,Chester's Chicken,"627 Pittsburgh Street, Springdale",40.541231,-79.78303439999999,"restaurant,food,point_of_interest,establishment",restaurant,OPERATIONAL,3.9,119.0
ChIJV9BK0v2UNIgRfCjiWf00ixM,TNT Dynamite Pizza & Hoagies,"450 Pittsburgh Street, Springdale",40.54095210000001,-79.78735069999999,"meal_delivery,restaurant,food,point_of_interest,establishment",restaurant,OPERATIONAL,3.9,265.0
ChIJy7-PWuCVNIgRX95TnFmEiP4,Dee Dee Thai Restaurant,"555 Pittsburgh Street, Springdale",40.5413529,-79.784235,"restaurant,food,point_of_interest,establishment",restaurant,OPERATIONAL,4.6,155.0
ChIJW0-NeJmVNIgRAy-P_q-VIAE,Pittsburgh Street Dogs,"551 Pittsburgh Street, Springdale",40.541359,-79.78437509999999,"restaurant,food,point_of_interest,establishment",restaurant,OPERATIONAL,4.8,193.0
ChIJwXUfZz2VNIgRx3LYJKRmO0c,Tastefully Blessed Smokehouse & Catering,"950 Pittsburgh Street suite 1, Springdale",40.5416743,-79.7757036,"restaurant,food,point_of_interest,establishment",restaurant,OPERATIONAL,4.9,425.0
ChIJEa_HQ5xCNIgR__9o2JCS99I,Schiefelbein Farm Market,"3323 PA-151, Aliquippa",40.5470247,-80.3032361,"point_of_interest,establishment",farmers_market,OPERATIONAL,4.9,24.0
ChIJE0Vp5odnNIgRoAywXkw98ec,Patrick's Pub,"1207 Spring Run Road Extension, Moon Township",40.54626519999999,-80.2422167,"liquor_store,bar,store,restaurant,food,point_of_interest,establishment",restaurant,OPERATIONAL,4.4,1189.0
ChIJOXVg62JnNIgR5mPIq38gS2Q,Fast Stop,"619 McGovern Boulevard, Moon Township",40.54518369999999,-80.2190707,"gas_station,convenience_store,store,food,point_of_interest,establishment",convenience,OPERATIONAL,3.3,12.0
ChIJQTbhlVZnNIgRJWcHTHFhvz4,bp,"209 Ohio River Boulevard, Sewickley",40.54536899999999,-80.19426,"gas_station,supermarket,grocery_or_supermarket,store,food,point_of_interest,establishment",grocery,OPERATIONAL,3.2,25.0
ChIJHfOmwEBnNIgRgh-fky6AgQg,Giant Eagle Supermarket,"5 Quaker Village Shopping Center C, Leetsdale",40.5593566,-80.2034649,"grocery_or_supermarket,supermarket,store,food,point_of_interest,establishment",grocery,OPERATIONAL,4.1,833.0
ChIJQTbhlVZnNIgRzjWsFIDID-M,7-Eleven,"209 Ohio River Boulevard, Sewickley",40.54529949999999,-80.1945461,"convenience_store,cafe,liquor_store,store,restaurant,food,point_of_interest,establishment","convenience,restaurant",OPERATIONAL,2.8,25.0
ChIJ7fSmwEBnNIgRo3LMBcp125g,GetGo Gas Station,"8A Quaker Village Shopping Center, Leetsdale",40.5587976,-80.20479189999999,"gas_station,cafe,convenience_store,store,food,point_of_interest,establishment",convenience,OPERATIONAL,3.7,34.0
ChIJAYBkm1ZnNIgRRdxPc4cvpr8,Eat'n Park,"201 Ohio River Boulevard, Sewickley",40.5444046,-80.1934787,"meal_takeaway,restaurant,food,point_of_interest,establishment","fast_food,restaurant",OPERATIONAL,4.1,1360.0
ChIJ46Qk6VVnNIgR75HGJ4u8SVs,Burger King,"105 Ohio River Boulevard, Sewickley",40.54254599999999,-80.1922285,"restaurant,food,point_of_interest,establishment",restaurant,OPERATIONAL,3.7,678.0
ChIJF3tH4VVnNIgRAjraX-kei5g,Starbucks Coffee Company,"100 Hazel Lane, Sewickley",40.54304,-80.19252,"cafe,store,restaurant,food,point_of_interest,establishment",restaurant,OPERATIONAL,4.3,380.0
ChIJB9IIz0ZnNIgRmJu3YU-SW80,Giant Eagle Prepared Foods,Leetsdale,40.5594045,-80.2038865,"meal_takeaway,restaurant,food,point_of_interest,establishment","fast_food,restaurant",OPERATIONAL,,
ChIJq40R_epnNIgR-vtJN0iozO4,Taco Bell,"25 Ohio River Boulevard, Sewickley",40.5431941,-80.19264199999999,"meal_takeaway,restaurant,food,point_of_interest,establishment","fast_food,restaurant",OPERATIONAL,2.9,210.0
ChIJF66MYRVnNIgR7tselBv8C7s,Wendy's,"9 Quaker Village Shopping Center, Leetsdale",40.55825069999999,-80.2043712,"restaurant,food,point_of_interest,establishment",restaurant,OPERATIONAL,3.6,705.0
ChIJ3zJ9Y7hnNIgRBIj5i2pGu6I,Three Rivers Karting Entertainment Park,"541 Avenue B, Leetsdale",40.5595639,-80.2108926,"bar,restaurant,food,point_of_interest,establishment",restaurant,OPERATIONAL,4.9,1936.0
ChIJHfOmwEBnNIgRy5oKnh60WDI,Asian Star Chinese Restaurant,"1 Quaker Village Shopping Center, Leetsdale",40.5594866,-80.20312880000002,"restaurant,food,point_of_interest,establishment",restaurant,OPERATIONAL,4.0,137.0
ChIJn9Jrq1RnNIgRkonj9Xjgpoo,Edgeworth Club,"511 East Dr, Sewickley",40.546218,-80.18793199999999,"point_of_interest,establishment",food_bank,OPERATIONAL,4.6,175.0
ChIJPdyF0RVgNIgRvqT7yd9dnx4,Sheetz,"1910 Mount Nebo Road, Sewickley",40.5533132,-80.11476689999999,"convenience_store,gas_station,car_wash,cafe,liquor_store,store,restaurant,food,point_of_interest,establishment","convenience,restaurant",OPERATIONAL,3.8,107.0
ChIJ6QY2QBhgNIgR4aifqUga6iM,Andora,"1616 Mount Nebo Road, Sewickley",40.553345,-80.10802699999999,"restaurant,food,point_of_interest,establishment",restaurant,OPERATIONAL,4.4,907.0
ChIJSenIXhhgNIgRHZLhlBm7jjk,GoodFellas DraftHouse,"1518 Mount Nebo Road, Sewickley",40.5531421,-80.10588779999999,"bar,restaurant,food,point_of_interest,establishment",restaurant,OPERATIONAL,4.5,833.0
ChIJAaP8Sx9gNIgRY_7QOG1_r8c,Mt Nebo United Presbyterian,"1828 Roosevelt Rd, Sewickley",40.5532056,-80.1032472,"church,place_of_worship,point_of_interest,establishment",food_bank,OPERATIONAL,4.7,6.0
ChIJy7p3z6KKNIgRXLmxMDW8aPE,Nickys Thai Kitchen,"1026 Mount Nebo Road, Pittsburgh",40.5509876,-80.087561,"restaurant,food,point_of_interest,establishment",restaurant,OPERATIONAL,4.4,1050.0
ChIJWWI3N3mLNIgRYq2OnK7HDP4,Our Neighborhood Farmstead (ONF Market),"Reis Run Rd, Pittsburgh",40.5519376,-80.0714821,"point_of_interest,establishment",farmers_market,OPERATIONAL,4.8,17.0
ChIJ0y2rHj6LNIgRvI6oSfnm0sE,Shop 'N Save,"1130 Perry Highway, Pittsburgh",40.547533,-80.035642,"grocery_or_supermarket,supermarket,store,food,point_of_interest,establishment",grocery,OPERATIONAL,4.0,275.0
ChIJMW-2NWmLNIgRAJ2_gCZSYIo,ALDI,"6290 Northway Drive, Pittsburgh",40.5507911,-80.0226613,"supermarket,grocery_or_supermarket,store,food,point_of_interest,establishment",grocery,OPERATIONAL,4.4,427.0
ChIJUVNA3FmLNIgRbHYJtnkIFuE,ALDI,"6290 Northway Drive, Pittsburgh",40.55111,-80.022671,"supermarket,grocery_or_supermarket,store,food,point_of_interest,establishment",grocery,OPERATIONAL,4.4,584.0
ChIJ_TxsPD-LNIgRf47XsJ0PYKk,Dollar General,"120 Three Degree Road A, Pittsburgh",40.54381840000001,-80.0331451,"drugstore,convenience_store,grocery_or_supermarket,health,store,food,point_of_interest,establishment",convenience,OPERATIONAL,4.1,264.0
ChIJW3PDJECLNIgRgNhzPVs5FbE,GetGo Gas Station,"5603 Babcock Boulevard, Pittsburgh",40.546911,-80.0293459,"gas_station,cafe,convenience_store,store,food,point_of_interest,establishment",convenience,OPERATIONAL,3.7,25.0
ChIJVRdAKQ6LNIgRsUH7H_RPDhA,Roma Italian Restaurant (Pizza Roma),"8360 Perry Highway, Pittsburgh",40.5587025,-80.03921489999999,"restaurant,food,point_of_interest,establishment",restaurant,OPERATIONAL,4.4,916.0
ChIJH8dV2kCLNIgR5mNI36gB_NY,Red Orchid,"5439 Babcock Boulevard, Pittsburgh",40.5430485,-80.02889429999999,"restaurant,food,point_of_interest,establishment",restaurant,OPERATIONAL,4.3,471.0
ChIJeegfhRaLNIgRQAXt-jzrS5c,Adrian's Pizza,"7824 Perry Highway, Pittsburgh",40.5513837,-80.0371407,"meal_delivery,restaurant,food,point_of_interest,establishment",restaurant,OPERATIONAL,4.4,206.0
ChIJ0y2rHj6LNIgRpFybghyiX0Q,Kelly O's Diner,"1130 Perry Highway #28, Pittsburgh",40.5473513,-80.03557789999999,"restaurant,food,point_of_interest,establishment",restaurant,OPERATIONAL,4.6,868.0
ChIJ1do8326LNIgRBuvL6WqFhoc,Piada Italian Street Food,"6296 Northway Mall Drive Suite 102-B, Pittsburgh",40.5512173,-80.0231036,"store,restaurant,food,point_of_interest,establishment",restaurant,OPERATIONAL,4.4,836.0
ChIJszlZl0CLNIgRj0Da4gBosvc,Knuckleheads Bar,"146 Three Degree Road, Pittsburgh",40.5445934,-80.0314272,"bar,restaurant,food,point_of_interest,establishment",restaurant,OPERATIONAL,4.4,293.0
ChIJBVr2HD6LNIgRDDEkVdCLd58,Maisie's Pizza,"1130 Perry Highway, Pittsburgh",40.54775559999999,-80.0357794,"meal_delivery,restaurant,food,point_of_interest,establishment",restaurant,OPERATIONAL,4.5,135.0
ChIJaZ6gnoyLNIgRtIFLtXzYafU,Pan Asia Eatery,"1130 Perry Highway, Pittsburgh",40.5477169,-80.0355297,"restaurant,food,point_of_interest,establishment",restaurant,OPERATIONAL,3.6,69.0
ChIJlerIcAKLNIgRATYvqD-Axic,My Kabab Mediterranean Grille,"1130 Perry Highway, Pittsburgh",40.5480078,-80.03583259999999,"restaurant,food,point_of_interest,establishment",restaurant,OPERATIONAL,4.9,374.0
ChIJQ1Qwc4iLNIgRnaMNEylkWlE,Milano’s Pizza and Subs,"5439 Babcock Boulevard suite 106, Pittsburgh",40.5430306,-80.0287562,"restaurant,food,point_of_interest,establishment",restaurant,OPERATIONAL,4.7,26.0
ChIJK1CDQmeLNIgRItGLDS-5808,Forever Quesadilla House,"5439 Babcock Boulevard suite 106, Pittsburgh",40.5430306,-80.0287562,"restaurant,food,point_of_interest,establishment",restaurant,OPERATIONAL,3.7,6.0
ChIJVZ4prkWLNIgRiteK7SjxMN4,Valliant's Diner,"3418 Babcock Boulevard, Pittsburgh",40.53909700000001,-80.02364399999999,"restaurant,food,point_of_interest,establishment",restaurant,OPERATIONAL,4.6,631.0
ChIJxVSXKhCLNIgRu7gdOD3gPGQ,Erin's Fine Foods & Catering,"8340 Perry Highway, Pittsburgh",40.5582295,-80.0395656,"meal_takeaway,restaurant,food,point_of_interest,establishment","fast_food,restaurant",OPERATIONAL,4.8,48.0
ChIJvcX-jsiLNIgRl62dnUzdHFA,Fajita Pete's - Ross Park,"6298 Northway Mall Drive, Pittsburgh",40.55126,-80.0231412,"restaurant,meal_takeaway,meal_delivery,food,point_of_interest,establishment","fast_food,restaurant",OPERATIONAL,4.7,307.0
ChIJgyJ6r9iLNIgR0bbR3a9MjEk,"9Yards Golf Course Simulators & Lounge of Pittsburgh, PA","6246 Northway Drive Space L2, Pittsburgh",40.5505035,-80.0212464,"cafe,bar,store,restaurant,food,point_of_interest,establishment",restaurant,OPERATIONAL,4.5,18.0
ChIJQ5FvKWCLNIgRS6rDcYY6rA4,Dave & Buster's Pittsburgh - North Hills,"6260 Northway Drive, Pittsburgh",40.5501238,-80.0205117,"restaurant,bar,food,point_of_interest,establishment",restaurant,OPERATIONAL,4.2,2329.0
ChIJU8FWpkKLNIgRgacgnawofis,North Hills Food Bank,"99 Corbett Ct, Pittsburgh",40.5467565,-80.0206374,"point_of_interest,establishment",food_bank,OPERATIONAL,,
ChIJKcFKoF2LNIgRHSifl5IrkEg,Get Go Kitchen,"7675 McKnight Rd, McKnight",40.5452526,-80.0169897,"restaurant,food,point_of_interest,establishment","food_bank,restaurant",OPERATIONAL,4.4,42.0
ChIJaVM0RW-LNIgROp7q3M3YV9M,The Block Northway,"8013 McKnight Rd, Pittsburgh",40.5515026,-80.0210804,"shopping_mall,point_of_interest,establishment",farmers_market,OPERATIONAL,4.4,2096.0
ChIJexGSdnGLNIgRIBTZNTeF-LU,bp,"8197 McKnight Road, Pittsburgh",40.55808700000001,-80.023429,"gas_station,supermarket,grocery_or_supermarket,store,food,point_of_interest,establishment",grocery,OPERATIONAL,3.2,15.0
ChIJbxs3GmaLNIgRjWjfmExWTek,Giant Eagle Supermarket,"8080 McIntyre Square Drive, Pittsburgh",40.55509079999999,-80.0186444,"grocery_or_supermarket,supermarket,store,food,point_of_interest,establishment",grocery,OPERATIONAL,4.0,1228.0
ChIJ6_rAol2LNIgRl731hv0pqhA,GetGo Café + Market,"7675 McKnight Road, Pittsburgh",40.5454069,-80.01678969999999,"gas_station,cafe,convenience_store,store,food,point_of_interest,establishment",convenience,OPERATIONAL,2.8,166.0
ChIJH220gl2LNIgRfTKZdSrc6co,Getgo,United States,40.54559989999999,-80.0170189,"convenience_store,store,food,point_of_interest,establishment",convenience,OPERATIONAL,1.0,1.0
ChIJwahO13GLNIgRD1DDF3vMYJc,Par Mar,"8197 McKnight Road, Pittsburgh",40.55750430000001,-80.023387,"convenience_store,store,food,point_of_interest,establishment",convenience,OPERATIONAL,,
ChIJC3FLa6eMNIgRJkpLblSbsJ8,Sarku Japan,"1000 Ross Park Mall Drive VC3, Pittsburgh",40.5433189,-80.0086532,"restaurant,food,point_of_interest,establishment",restaurant,OPERATIONAL,4.1,64.0
ChIJH4UseV-LNIgRYXOinPb3BNc,The Cheesecake Factory,"1000 Ross Park Mall Drive, McKnight",40.5431593,-80.0091262,"restaurant,bakery,meal_takeaway,store,food,point_of_interest,establishment","fast_food,restaurant",OPERATIONAL,4.2,3462.0
ChIJP6e58mWLNIgR9bSrasQl-KQ,Olive Garden Italian Restaurant,"40 McIntyre Square Drive, Pittsburgh",40.55324299999999,-80.01939999999999,"meal_takeaway,bar,restaurant,food,point_of_interest,establishment","fast_food,restaurant",OPERATIONAL,4.3,1809.0
ChIJyckULmaLNIgRnxHeMhhJYFU,Mad Mex,"7905 McKnight Road, Pittsburgh",40.5496233,-80.0193357,"restaurant,food,point_of_interest,establishment",restaurant,OPERATIONAL,4.4,1611.0
ChIJ0S9bWl2LNIgRUXWiOckR9lU,Sesame Inn,"6242 Northway Mall Drive, Pittsburgh",40.551141,-80.020472,"restaurant,food,point_of_interest,establishment",restaurant,OPERATIONAL,4.3,1535.0
ChIJx8x9AGaLNIgRWhIoTdKQCqI,The Original Pancake House,"30 McIntyre Square Drive, Pittsburgh",40.552167,-80.019043,"restaurant,food,point_of_interest,establishment",restaurant,OPERATIONAL,4.5,911.0
ChIJj64iG2aLNIgRNHcNEIvvk68,Chuck E. Cheese,"20 McIntyre Square Drive, Pittsburgh",40.55142110000001,-80.0185724,"meal_takeaway,meal_delivery,restaurant,food,point_of_interest,establishment","fast_food,restaurant",OPERATIONAL,3.9,710.0
ChIJ347naKGKNIgR7jjc8zR6BpA,Subway,"3070 McIntyre Square Drive, Pittsburgh",40.5523935,-80.0160454,"meal_takeaway,restaurant,food,point_of_interest,establishment","fast_food,restaurant",OPERATIONAL,3.8,98.0
ChIJHTJVyV6LNIgRC7TJQHhuk8A,Bob Evans,"7412 McKnight Road, Pittsburgh",40.5417427,-80.01209999999999,"meal_takeaway,restaurant,food,point_of_interest,establishment","fast_food,restaurant",OPERATIONAL,3.9,1124.0
ChIJ1WnQYl2LNIgRIeYVv5vdzOs,Starbucks Coffee Company,"7707 McKnight Road, Pittsburgh",40.54656,-80.01788,"cafe,store,restaurant,food,point_of_interest,establishment",restaurant,OPERATIONAL,4.2,642.0
ChIJIUfEkmeLNIgRelZ46siYves,Taj Mahal Pittsburgh,"7795 McKnight Road, Pittsburgh",40.547445,-80.01859809999999,"restaurant,food,point_of_interest,establishment",restaurant,OPERATIONAL,4.4,2766.0
ChIJjwICjqCMNIgRaXbBYqht7EQ,Green Leaf's & Bananas,"1000 Ross Park Mall Drive Ste VC06, Pittsburgh",40.5431114,-80.00916769999999,"restaurant,food,point_of_interest,establishment",restaurant,OPERATIONAL,4.1,46.0
ChIJH1GuaqCMNIgROs-IpY1FOPM,Villa Fresh Italian Kitchen,"1000 Ross Park Mall Drive, Pittsburgh",40.5434381,-80.0085581,"store,restaurant,food,point_of_interest,establishment",restaurant,OPERATIONAL,4.6,92.0
ChIJGTD2jKCMNIgRYuzvhMRpdLk,Starbucks Coffee Company,"1000 Ross Park Mall Drive, Pittsburgh",40.54276,-80.0082,"cafe,store,restaurant,food,point_of_interest,establishment",restaurant,OPERATIONAL,4.1,108.0
ChIJOQRadaCMNIgRQWDkMlkF-2Y,Ruscello at Nordstrom,"1000 Ross Park Mall Drive, Pittsburgh",40.5444385,-80.0083449,"restaurant,food,point_of_interest,establishment",restaurant,OPERATIONAL,4.8,28.0
ChIJS7myo6eMNIgRWIJEmbqxxA4,McDonald's,"7702 McKnight Road, Pittsburgh",40.54633400000001,-80.01639960000001,"cafe,store,restaurant,food,point_of_interest,establishment",restaurant,OPERATIONAL,3.3,1529.0
ChIJHSlgq1mLNIgRFGT8q7Ty5-8,Wendy's,"7317 McKnight Road, Pittsburgh",40.5380566,-80.01189080000002,"restaurant,food,point_of_interest,establishment",restaurant,OPERATIONAL,3.0,1107.0
ChIJZergD7SLNIgRfxgIrwXZU34,Kabab King Pittsburgh,"7520 McKnight Road, Pittsburgh",40.54331699999999,-80.0134751,"restaurant,food,point_of_interest,establishment",restaurant,OPERATIONAL,4.4,518.0
ChIJ-WaP1w6LNIgRfCY1HVuSVKc,The Burger Den,"7319 McKnight Road, Pittsburgh",40.5383985,-80.0119698,"restaurant,food,point_of_interest,establishment",restaurant,OPERATIONAL,1.0,4.0
ChIJzX1XbuWNNIgRkY6R5nCqBZI,Charleys Cheesesteaks,"1000 Ross Park Mall Drive Ste VC06, Pittsburgh",40.54319719999999,-80.00892069999999,"restaurant,food,point_of_interest,establishment",restaurant,OPERATIONAL,3.1,45.0
ChIJcc3EwISNNIgRkkGqS8QYXLE,Plaza Azteca Ross Park Mall,"1000 Ross Park Mall Drive, Pittsburgh",40.5427419,-80.00885939999999,"restaurant,food,point_of_interest,establishment",restaurant,OPERATIONAL,4.1,69.0
ChIJubLHtD-NNIgRIXdUojNvpMM,Shake Shack Ross Park Mall,"1000 Ross Park Mall Drive VC12A, Pittsburgh",40.54364889999999,-80.00828709999999,"restaurant,food,point_of_interest,establishment",restaurant,OPERATIONAL,2.5,25.0
ChIJ7b8ZuRmNNIgRg3sKz7kDbvE,China Mi,"1000 Ross Park Mall Drive, Pittsburgh",40.5438668,-80.00740449999999,"restaurant,food,point_of_interest,establishment",restaurant,OPERATIONAL,3.9,66.0
ChIJ1WcbLgCNNIgRMTCa1gJ28uI,Pita Paul’s Gyros,"1000 Ross Park Mall Drive, Pittsburgh",40.5438668,-80.00740449999999,"restaurant,food,point_of_interest,establishment",restaurant,OPERATIONAL,4.0,1.0
ChIJiWM6k2qNNIgRu1kTXJkD61A,Potato Bar,"1000 Ross Park Mall Drive, Pittsburgh",40.5438668,-80.00740449999999,"restaurant,food,point_of_interest,establishment",restaurant,OPERATIONAL,4.7,133.0
ChIJzV8CFHWNNIgRLQ2eg10CvSs,Yallah Chicken & Taco,"1000 Ross Park Mall Drive, Pittsburgh",40.5438668,-80.00740449999999,"restaurant,food,point_of_interest,establishment",restaurant,OPERATIONAL,4.5,55.0
ChIJQ0up1GKLNIgRoNi1NG4pYPs,Blaze Pizza,"8011B McKnight Road, Pittsburgh",40.5509378,-80.0208487,"restaurant,food,point_of_interest,establishment",restaurant,CLOSED_TEMPORARILY,4.4,276.0
ChIJXSRmFgCLNIgRalLJ2HFa3Gk,Ramen King 2,"3400 McIntyre Square Drive, Pittsburgh",40.5539426,-80.0162936,"meal_takeaway,restaurant,food,point_of_interest,establishment","fast_food,restaurant",OPERATIONAL,4.7,251.0
ChIJkxU8ewCNNIgRFl7c2xihK_g,Thai Tamarind Glenshaw,"2909 Mount Royal Boulevard, Glenshaw",40.544879,-79.97267289999999,"restaurant,food,point_of_interest,establishment",restaurant,OPERATIONAL,4.7,85.0
ChIJZQIfqeeMNIgRi38DhG2LUdw,Le Thai Café,"2909 Mount Royal Boulevard, Glenshaw",40.544879,-79.97267289999999,"restaurant,food,point_of_interest,establishment",restaurant,OPERATIONAL,4.4,290.0
ChIJz6iCpPuMNIgRL978jvluXsE,GetGo Fuel Station,"2401 Ferguson Road, Allison Park",40.55552349999999,-79.97140689999999,"supermarket,gas_station,convenience_store,grocery_or_supermarket,store,food,point_of_interest,establishment","convenience,grocery",OPERATIONAL,3.1,13.0
ChIJDT9hAfuMNIgRjdOyaGo78oI,Kuhn's Market,"2412 Ferguson Road, Allison Park",40.55502819999999,-79.9722936,"grocery_or_supermarket,supermarket,store,food,point_of_interest,establishment",grocery,OPERATIONAL,4.4,390.0
ChIJpwhjAvuMNIgRXsJmoXy2kCw,Dollar General,"2412 Ferguson Road Ste 40, Allison Park",40.5549382,-79.97247709999999,"drugstore,convenience_store,grocery_or_supermarket,health,store,food,point_of_interest,establishment",convenience,CLOSED_TEMPORARILY,4.2,88.0
ChIJz6iCpPuMNIgR6N-Gk_8R_dg,GetGo Café + Market,"2401 Ferguson Road, Allison Park",40.555575,-79.9714413,"gas_station,cafe,convenience_store,store,food,point_of_interest,establishment",convenience,OPERATIONAL,3.8,21.0
ChIJpwhjAvuMNIgRZ9yu-9Gp_HQ,Pasquale's Pizzeria,"2412 Ferguson Road, Allison Park",40.5546288,-79.97205799999999,"meal_delivery,restaurant,food,point_of_interest,establishment",restaurant,OPERATIONAL,4.5,241.0
ChIJEbEfAeCMNIgRD1Adz6mu4QE,BeanThru - Drive-thru Coffee & Espresso,"1921 William Flinn Highway, Glenshaw",40.5417108,-79.96431679999999,"bakery,cafe,restaurant,food,store,point_of_interest,establishment",restaurant,OPERATIONAL,4.8,283.0
ChIJiabMfduNNIgRMDNiokD8fLM,Milano’s Pizza and Subs,"3616 William Flinn Highway, Allison Park",40.5539628,-79.9579998,"meal_delivery,meal_takeaway,restaurant,food,point_of_interest,establishment","fast_food,restaurant",OPERATIONAL,4.5,269.0
ChIJg3XFzh-NNIgRXr_2QUHA9Bc,Rocky's Route 8,"602 Willruth Drive, Allison Park",40.5439824,-79.96321929999999,"restaurant,food,point_of_interest,establishment",restaurant,OPERATIONAL,3.8,66.0
ChIJPbseQwqNNIgRz92xaS_dFOU,Aiello's Pizza North,"580 Burchfield Road, Allison Park",40.5445649,-79.96291939999999,"restaurant,food,point_of_interest,establishment",restaurant,OPERATIONAL,4.6,108.0
ChIJ4ZGHOhONNIgRoKEj5LTfIzo,Nox’s on 8,"3008 William Flinn Highway, Allison Park",40.54655,-79.96110569999999,"restaurant,food,point_of_interest,establishment",restaurant,OPERATIONAL,4.4,126.0
ChIJ4SkeKRyNNIgRni2nAUX3y_E,Barrel Junction,"3108 William Flinn Highway, Allison Park",40.54693690000001,-79.96071239999999,"bar,restaurant,food,point_of_interest,establishment",restaurant,OPERATIONAL,4.4,694.0
ChIJBTnDFBKNNIgRATNWmvtd-2g,Pine Creek Public House- Allison Park,"2412 Ferguson Road, Allison Park",40.555283,-79.9723862,"bar,restaurant,food,point_of_interest,establishment",restaurant,OPERATIONAL,3.8,85.0
ChIJq8hc54GSNIgR26y5NGv_k9w,Hartwood Restaurant & Whispers Pub,"3400 Harts Run Road, Glenshaw",40.5545511,-79.91859509999999,"restaurant,food,point_of_interest,establishment",restaurant,OPERATIONAL,4.6,645.0
ChIJu62sl4GSNIgRiFGpd4nn0-c,IL Pizzaiolo - Indiana Township,"3405 Harts Run Road, Glenshaw",40.554075,-79.9174895,"restaurant,food,point_of_interest,establishment",restaurant,OPERATIONAL,4.3,362.0
ChIJCSe8oISSNIgROw1ypDTf_c0,B & Z Deli & Home Cooked Meals,"3390 Saxonburg Boulevard # 300, Glenshaw",40.548523,-79.913669,"meal_takeaway,store,restaurant,food,point_of_interest,establishment","fast_food,restaurant",OPERATIONAL,4.8,98.0
ChIJnaEofYOSNIgReaV9anQg4Ek,Dive Bar & Grille (Indiana Twp),"3410 Saxonburg Boulevard, Glenshaw",40.5495307,-79.91352870000001,"bar,restaurant,food,point_of_interest,establishment",restaurant,OPERATIONAL,4.3,659.0
ChIJSzggDJKSNIgRtiN41M-_Mtw,The Upper Crust Pizza,"3392 Saxonburg Boulevard #350, Glenshaw",40.548739,-79.91397599999999,"meal_delivery,meal_takeaway,restaurant,food,point_of_interest,establishment","fast_food,restaurant",OPERATIONAL,4.3,254.0
ChIJFbMdJXyTNIgRpO1PkHYZ3Ec,Swaagat Indian Cuisine,"3392 Saxonburg Boulevard Suite 340, Glenshaw",40.5484958,-79.91385269999999,"restaurant,food,point_of_interest,establishment",restaurant,OPERATIONAL,4.8,200.0
ChIJP_Qixc6TNIgRocD0aDMMJQI,Tú y Yo Café ®,"3447 Harts Run Road, Glenshaw",40.55046189999999,-79.9141283,"cafe,grocery_or_supermarket,bakery,store,restaurant,food,point_of_interest,establishment",restaurant,OPERATIONAL,4.9,223.0
ChIJf_-PcX6TNIgRZq5hCHT8Jq8,AJ's Pizza,"3565 Harts Run Road, Pittsburgh",40.5457682,-79.9020497,"restaurant,food,point_of_interest,establishment",restaurant,OPERATIONAL,3.9,21.0
ChIJARKPdACTNIgRna_zoPWYCNU,Our Neighborhood Farmstead (ONF Market),"723 Dorseyville Rd, Pittsburgh",40.5462096,-79.9013488,"store,food,point_of_interest,establishment",farmers_market,OPERATIONAL,5.0,11.0
ChIJ4XFBaHiTNIgRsnEBRHUjROs,American Natural Harmar,"2 Rich Hill Road, Cheswick",40.5497702,-79.83880889999999,"convenience_store,gas_station,liquor_store,store,restaurant,food,point_of_interest,establishment","convenience,restaurant",OPERATIONAL,3.9,74.0
ChIJMWbbQHiTNIgR-RDWbzlAROM,The Eatery,"Rich Hill Road, Pittsburgh",40.5496003,-79.8392358,"restaurant,food,point_of_interest,establishment",restaurant,OPERATIONAL,4.4,180.0
ChIJdflMTo6UNIgRrj55JFz0Hik,Wicked Witches Bar & Grill,"919 Freeport Road, Cheswick",40.5409035,-79.8152638,"bar,restaurant,food,point_of_interest,establishment",restaurant,OPERATIONAL,4.5,256.0
ChIJNXF8Mu6VNIgRBhguaQlnCiY,Feeding the flock Ministries,"490 Nixon Rd, Cheswick",40.5561623,-79.82080359999999,"food,point_of_interest,establishment",food_bank,OPERATIONAL,4.6,38.0
ChIJd7mqcGeUNIgR4IpJ_XFD2G8,Bear's Inn,"710 Hite Road, Harwick",40.55557950000001,-79.80794159999999,"bar,restaurant,food,point_of_interest,establishment",restaurant,OPERATIONAL,4.8,223.0
ChIJ6VLlXQiVNIgR-0aBIj1R020,From Italy Pizza,"1115 Lincoln Avenue, Springdale",40.5429325,-79.7722802,"restaurant,food,point_of_interest,establishment",restaurant,OPERATIONAL,4.5,231.0
ChIJAwOA17qVNIgROFSfzfkvx7c,David's Diner,"2800 Freeport Road, Springdale",40.5557978,-79.7710694,"restaurant,food,point_of_interest,establishment",restaurant,OPERATIONAL,4.8,784.0
ChIJ88pxE8GVNIgRMlHDOLFdf24,The Salvation Army,"255 3rd St, New Kensington",40.5543704,-79.7634176,"church,place_of_worship,point_of_interest,establishment",food_bank,OPERATIONAL,4.4,58.0
ChIJiWIkkFSVNIgRt1dg0FEhY-c,John and Gerry’s Fruit Stand,"2800 Freeport Rd, Springdale",40.5562744,-79.7711547,"grocery_or_supermarket,food,store,point_of_interest,establishment",farmers_market,OPERATIONAL,4.8,141.0
ChIJLbFYE5eVNIgRPg2g5QnWyN0,Sunoco,"298 Freeport Street, New Kensington",40.5552696,-79.758533,"gas_station,convenience_store,store,food,point_of_interest,establishment",convenience,OPERATIONAL,2.9,7.0
ChIJRZho45mVNIgRdcvHWXJPc9k,CVS,"95 Freeport Street, New Kensington",40.5531499,-79.75800749999999,"drugstore,convenience_store,clothing_store,health,store,food,point_of_interest,establishment",convenience,OPERATIONAL,3.1,61.0
ChIJm-GH0L-VNIgR-bRgu9ueXtA,Sheetz,"325 Freeport Street, New Kensington",40.55536149999999,-79.7600415,"convenience_store,gas_station,car_wash,cafe,liquor_store,store,restaurant,food,point_of_interest,establishment","convenience,restaurant",OPERATIONAL,4.0,242.0
ChIJd6UZsJeVNIgREqevZv5PV3U,House of 1000 Beers New Kensington,"357 Freeport Street, New Kensington",40.55608779999999,-79.76011570000001,"liquor_store,bar,store,restaurant,food,point_of_interest,establishment",restaurant,OPERATIONAL,4.6,1144.0
ChIJ-5mahpaVNIgRZSwCu4c6LvA,Subway,"490 Stevenson Boulevard, New Kensington",40.55889389999999,-79.7594829,"meal_takeaway,restaurant,food,point_of_interest,establishment","fast_food,restaurant",OPERATIONAL,3.9,120.0
ChIJA_6du5qVNIgRZF0X4COexLc,Dairy Queen Grill & Chill,"305 Greensburg Road, New Kensington",40.5526525,-79.7522192,"store,restaurant,food,point_of_interest,establishment",restaurant,OPERATIONAL,3.9,414.0
ChIJpZNvUpaVNIgRb_O56LsrsPQ,Eat'n Park,"380 Freeport Street, New Kensington",40.55686180000001,-79.7599639,"meal_takeaway,restaurant,food,point_of_interest,establishment","fast_food,restaurant",OPERATIONAL,4.1,1022.0
ChIJ29axh5mVNIgRVK3CEf_sQU0,McDonald's,"115 Logans Ferry Road, Lower Burrell",40.5518504,-79.7570014,"cafe,store,restaurant,food,point_of_interest,establishment",restaurant,OPERATIONAL,3.4,1352.0
ChIJ0TyNSZaVNIgRZgZIztbVgH0,Arby's,"704 4th Street, New Kensington",40.5570379,-79.7592559,"meal_takeaway,store,restaurant,food,point_of_interest,establishment","fast_food,restaurant",OPERATIONAL,4.0,611.0
ChIJ9wwxmAaVNIgRRVnzaqIWLiY,Jillian’s Restaurant,"400 Freeport Street, New Kensington",40.5572525,-79.7608845,"night_club,bar,store,restaurant,food,point_of_interest,establishment",restaurant,OPERATIONAL,4.8,153.0
ChIJ5b8l8ZaVNIgRfl2_hkbdGlE,KFC,"745 4th Street, New Kensington",40.5575129,-79.7591963,"restaurant,food,point_of_interest,establishment",restaurant,OPERATIONAL,3.1,451.0
ChIJJfP6b1m-NIgRZ7-PuuVf3og,Woodpeckers Pub & Grub,"3500 7th Street Road, New Kensington",40.5519748,-79.7001247,"bar,restaurant,food,point_of_interest,establishment",restaurant,OPERATIONAL,4.3,564.0
ChIJ4Rw1auG_NIgRuqKPdnWGsvQ,Jack's Backyard Bar & Grill,"3708 Milligantown Road, New Kensington",40.558681,-79.67990209999999,"restaurant,food,point_of_interest,establishment",restaurant,CLOSED_TEMPORARILY,4.8,39.0
ChIJrac11si-NIgRcWm7gQoBfvg,The Little Store,"4600 7th Street Road, New Kensington",40.5506699,-79.658592,"gas_station,convenience_store,store,restaurant,food,point_of_interest,establishment","convenience,restaurant",OPERATIONAL,4.4,113.0
ChIJL4aogHS_NIgRobVXeE0s3yg,Dollar General,"4500 7th Street Road, New Kensington",40.55062999999999,-79.66082999999999,"convenience_store,drugstore,grocery_or_supermarket,health,store,food,point_of_interest,establishment",convenience,OPERATIONAL,4.0,10.0
ChIJV4L4SeJnNIgRx9wyFt-zizU,Coen Markets,"1610 Gringo Road, Aliquippa",40.5614855,-80.275517,"convenience_store,gas_station,meal_takeaway,cafe,restaurant,food,store,point_of_interest,establishment","convenience,fast_food,restaurant",OPERATIONAL,4.0,31.0
ChIJz7SEtudnNIgRl8rNmhoQ0Q8,PDQ Mart,"1203 Gringo Road, Aliquippa",40.5658907,-80.2672529,"convenience_store,food,store,point_of_interest,establishment",convenience,OPERATIONAL,4.5,8.0
ChIJW-yjV-ZnNIgRU6UN59JExvQ,Trenney's Grille,"1303 Gringo Road, Aliquippa",40.5651777,-80.2685513,"bar,restaurant,food,point_of_interest,establishment",restaurant,OPERATIONAL,4.2,290.0
ChIJNxC0QsdnNIgRldMkq7HMeXc,Dollar General,"2100 Brodhead Road, Aliquippa",40.5726382,-80.2546423,"convenience_store,drugstore,grocery_or_supermarket,health,store,food,point_of_interest,establishment",convenience,OPERATIONAL,4.0,327.0
ChIJ3-ewrMFnNIgRAuDGNBbSk74,Sunoco,"2046 Brodhead Road, Aliquippa",40.5694722,-80.257147,"gas_station,convenience_store,store,food,point_of_interest,establishment",convenience,OPERATIONAL,3.9,18.0
ChIJTYYQcKlnNIgRUtj_ucuGvOM,7-Eleven,"2046 Brodhead Road, Aliquippa",40.5695248,-80.25715,"convenience_store,cafe,liquor_store,store,restaurant,food,point_of_interest,establishment","convenience,restaurant",OPERATIONAL,4.3,4.0
ChIJRdah4pVnNIgRcX_0u2jtPr0,Shell,"2085 Brodhead Road, Aliquippa",40.572274,-80.256283,"gas_station,convenience_store,store,restaurant,food,point_of_interest,establishment","convenience,restaurant",OPERATIONAL,5.0,1.0
ChIJY5bO3wpnNIgRWxPba1LNE8k,Sweet Pea's,"2085 Brodhead Road, Aliquippa",40.5722866,-80.2562525,"convenience_store,store,food,point_of_interest,establishment",convenience,OPERATIONAL,5.0,7.0
ChIJ1wu_j8dnNIgRUVlHNHdPxzM,Harold's Inn Restaurant and Caterer,"2134 Brodhead Road, Aliquippa",40.5754166,-80.25501249999999,"restaurant,food,point_of_interest,establishment",restaurant,OPERATIONAL,4.4,1039.0
ChIJvVmrB8FnNIgRFs1WDxGieZs,Subway,"2049 Brodhead Road, Aliquippa",40.5699898,-80.2577803,"meal_takeaway,restaurant,food,point_of_interest,establishment","fast_food,restaurant",CLOSED_TEMPORARILY,2.6,54.0
ChIJg6HxBsFnNIgRNMj2P-TvIy8,Scooch's Pizza,"2049 Brodhead Road, Aliquippa",40.57001280000001,-80.25754069999999,"meal_delivery,restaurant,food,point_of_interest,establishment",restaurant,OPERATIONAL,4.3,320.0
ChIJvVmrB8FnNIgRlG8JkSz4sMw,China City,"2049 Brodhead Road #3, Aliquippa",40.5699943,-80.2577234,"restaurant,food,point_of_interest,establishment",restaurant,OPERATIONAL,4.1,87.0
ChIJo_h8_MBnNIgRxpY7zne1FDQ,McDonald's,"3003 Heights Road, Aliquippa",40.5704594,-80.25600659999999,"cafe,store,restaurant,food,point_of_interest,establishment",restaurant,OPERATIONAL,3.7,962.0
ChIJHfOmwEBnNIgR2w6lpF3gMt4,Subway,"99 Ohio River Boulevard Unit A, Leetsdale",40.563614,-80.208725,"meal_takeaway,restaurant,food,point_of_interest,establishment","fast_food,restaurant",OPERATIONAL,4.2,87.0
ChIJZyEXjxVnNIgRb3RNE3sRXG4,Azul Bar Y Cantina,"122 Broad Street, Leetsdale",40.56643100000001,-80.210348,"bar,restaurant,food,point_of_interest,establishment",restaurant,OPERATIONAL,4.0,436.0
ChIJi5WG8nFnNIgRgeT0miPNCRY,Walker's Bar & Grill,"176 McGovern Boulevard, Glenwillard",40.5659356,-80.23026709999999,"bar,restaurant,food,point_of_interest,establishment",restaurant,OPERATIONAL,4.4,198.0
ChIJi9AtKT5nNIgRUILA_00XyLo,Borough Of Leetsdale Fire Dept. - Food Distribution Center,"136 Broad St, Leetsdale",40.5661657,-80.209501,"food,point_of_interest,establishment",food_bank,OPERATIONAL,,
ChIJV2KfbiRnNIgRGu9v6BznXOQ,Encompass Health Rehabilitation Hospital of Sewickley,"351 Camp Meeting Rd, Sewickley",40.5773288,-80.2022906,"physiotherapist,hospital,health,point_of_interest,establishment",food_bank,OPERATIONAL,4.3,123.0
ChIJRWt6u5yLNIgRFeWrCfsLFdk,Trader Joe's,"9020 Covenant Avenue, Pittsburgh",40.5704092,-80.0223146,"grocery_or_supermarket,supermarket,health,store,food,point_of_interest,establishment",grocery,OPERATIONAL,4.6,2704.0
ChIJEZTr4g6LNIgRczBRvfDUTxk,Sheetz,"8500 Perry Highway, Pittsburgh",40.5606052,-80.03896019999999,"convenience_store,gas_station,car_wash,liquor_store,cafe,store,restaurant,food,point_of_interest,establishment","convenience,restaurant",OPERATIONAL,3.6,96.0
ChIJLUKay6aLNIgRSThpWYSNHcg,Sunoco,"9100 Perry Highway, Pittsburgh",40.5722725,-80.0367263,"gas_station,atm,convenience_store,finance,store,food,point_of_interest,establishment",convenience,OPERATIONAL,1.5,30.0
ChIJQepuh4KLNIgRrcXO0F52sME,CVS,"611 Duncan Avenue, Pittsburgh",40.5678543,-80.02323179999999,"drugstore,convenience_store,clothing_store,store,health,food,point_of_interest,establishment",convenience,OPERATIONAL,3.2,102.0
ChIJbeWZy6aLNIgRg8zaVLq3zv0,ATM (Sunoco Mini Mart),"9100 Perry Highway, Pittsburgh",40.57231030000001,-80.03650760000001,"atm,convenience_store,finance,store,food,point_of_interest,establishment",convenience,OPERATIONAL,1.0,1.0
ChIJQQJNdZ6LNIgRfKHMf025GO4,DiBella's Subs,"9030 Saint Simon Way, McCandless Township",40.56918319999999,-80.02432879999999,"restaurant,food,point_of_interest,establishment",restaurant,OPERATIONAL,4.5,548.0
ChIJY8AJlp2LNIgRsGhYnwOfRwY,Texas Roadhouse,"8650 Duncan Avenue, Pittsburgh",40.5621703,-80.0259181,"restaurant,food,point_of_interest,establishment",restaurant,OPERATIONAL,4.3,2414.0
ChIJp1bvEJ2LNIgRJIRyQvMw9Po,Chipotle Mexican Grill,"8870 Covenant Avenue, Pittsburgh",40.5688761,-80.02323299999999,"restaurant,food,point_of_interest,establishment",restaurant,OPERATIONAL,3.1,695.0
ChIJjU3IEp2LNIgRvEvk0vFhCO8,Panera Bread,"8800 Covenant Avenue, Pittsburgh",40.568656,-80.0223156,"cafe,bakery,meal_takeaway,store,restaurant,food,point_of_interest,establishment","fast_food,restaurant",OPERATIONAL,3.6,677.0
ChIJvfxxi5yLNIgRdn0r4XIJt5A,BJ's Restaurant & Brewhouse,"8970 Covenant Avenue, Pittsburgh",40.5701198,-80.02307320000001,"restaurant,meal_takeaway,bar,food,point_of_interest,establishment","fast_food,restaurant",OPERATIONAL,4.3,2566.0
ChIJr4aOkxvzNIgRJ9DH5bmbLZ4,LongHorn Steakhouse,"9150 Covenant Avenue, Pittsburgh",40.5712818,-80.0229531,"meal_takeaway,bar,restaurant,food,point_of_interest,establishment","fast_food,restaurant",OPERATIONAL,4.3,1504.0
ChIJYa6nJ6eLNIgRBxraXVwA35Q,The New York Hot Dog & Diner,"9022 Old Perry Highway, Pittsburgh",40.5709148,-80.0376033,"restaurant,food,point_of_interest,establishment",restaurant,OPERATIONAL,4.7,306.0
ChIJt_utkUeLNIgRaz6iV8fM5HQ,Condado Tacos,"9036 Saint Simon Way, Pittsburgh",40.569425,-80.024248,"meal_takeaway,bar,restaurant,food,point_of_interest,establishment","fast_food,restaurant",OPERATIONAL,4.7,736.0
ChIJL4uO5ZyLNIgRxEP07tpFDGY,Bonefish Grill,"8950 Covenant Avenue, McCandless Township",40.5696235,-80.0231198,"meal_takeaway,bar,restaurant,food,point_of_interest,establishment","fast_food,restaurant",OPERATIONAL,4.5,2434.0
ChIJ9SMUJ6SLNIgRDXNz8QBt8XU,Mamacita's Bistro & Cocktails,"9070 Saint Simon Way, Pittsburgh",40.57169750000001,-80.02401789999999,"restaurant,food,point_of_interest,establishment",restaurant,OPERATIONAL,4.5,194.0
ChIJMatmK-mNNIgR4oYPHa2Fc10,GetGo Gas Station,"1675 Duncan Avenue, Allison Park",40.5663217,-79.9992961,"gas_station,cafe,convenience_store,store,food,point_of_interest,establishment",convenience,OPERATIONAL,2.7,19.0
ChIJKRKrYniLNIgRAyTFWeWle1k,North Park Lounge McCandless,"8701 Babcock Boulevard, Pittsburgh",40.56608289999999,-80.0168073,"night_club,bar,restaurant,food,point_of_interest,establishment",restaurant,OPERATIONAL,4.4,1997.0
ChIJkcUqMFKLNIgRSxjWQWqGsGE,Large Plain Pizza and Pints,"1411 Duncan Avenue, Pittsburgh",40.5676084,-80.0070461,"meal_delivery,restaurant,food,point_of_interest,establishment",restaurant,OPERATIONAL,4.4,645.0
ChIJl2e34ZyLNIgR18BBsnaFY0A,Burgatory,"700 Providence Boulevard, Pittsburgh",40.5697485,-80.02144690000002,"bar,restaurant,food,point_of_interest,establishment",restaurant,OPERATIONAL,4.4,2123.0
ChIJZcxRfoOLNIgR7N05-DhZXfg,Hello Bistro,"701 Providence Boulevard, Pittsburgh",40.57012479999999,-80.0215119,"meal_takeaway,restaurant,food,point_of_interest,establishment","fast_food,restaurant",OPERATIONAL,4.0,778.0
ChIJdSd4I4OLNIgR9FWvPf2bROI,Cinemark North Hills and XD,"851 Providence Boulevard, Pittsburgh",40.5704953,-80.0196196,"movie_theater,meal_takeaway,restaurant,food,point_of_interest,establishment","fast_food,restaurant",OPERATIONAL,4.6,3124.0
ChIJ2_SO5ZyLNIgRgAIALZLOVCI,First Watch,"9176 Covenant Avenue, Pittsburgh",40.57170800000001,-80.022832,"restaurant,food,point_of_interest,establishment",restaurant,OPERATIONAL,4.5,1386.0
ChIJzzDlSX2MNIgRIxWTgJDwXow,Bellisario's Restaurant,"1710 Duncan Avenue, Allison Park",40.56617139999999,-79.9981945,"restaurant,food,point_of_interest,establishment",restaurant,OPERATIONAL,4.5,975.0
ChIJHy6Pio2LNIgRLoO2aubw2mU,Chillin' Drive Thru,"8701 Babcock Boulevard Suite B, Pittsburgh",40.56611729999999,-80.0168473,"cafe,store,restaurant,food,point_of_interest,establishment",restaurant,OPERATIONAL,4.7,224.0
ChIJeSihFfyLNIgRP-8px7PAOfg,Primanti Bros. Restaurant and Bar,"45 McIntyre Square Drive, Pittsburgh",40.55318630000001,-80.0186648,"bar,restaurant,food,point_of_interest,establishment",restaurant,OPERATIONAL,4.1,387.0
ChIJ79t-Zc6LNIgR0_9tM2-9-sE,Wei Lai Dim Sum,"3200 McIntyre Square Drive, Pittsburgh",40.5533398,-80.0157169,"restaurant,food,point_of_interest,establishment",restaurant,OPERATIONAL,4.6,337.0
ChIJyzvHLUaLNIgRiP0DJTerbsU,Farmer's Fridge,"Located in the cafeteria seating area on ground floor, near entrance, 9100 Babcock Boulevard #2, Pittsburgh",40.57282,-80.01348999999999,"restaurant,food,point_of_interest,establishment",restaurant,OPERATIONAL,,
ChIJ8w2lu3-NNIgRx-7xQMNxeV0,YOYO Panda,"1701 Duncan Avenue Suite 5, Allison Park",40.5671984,-80.00019019999999,"restaurant,food,point_of_interest,establishment",restaurant,OPERATIONAL,4.4,156.0
ChIJ73ijouaNNIgRcLYDGM_acz8,Kawa Hibachi & Sushi,"1701 Duncan Avenue, Allison Park",40.5672596,-79.9992412,"meal_takeaway,restaurant,food,point_of_interest,establishment","fast_food,restaurant",OPERATIONAL,4.8,353.0
ChIJv6a3PgCNNIgRg6qunRhzEQg,Our Neighborhood Farmstead - The Farm Tent,"1701 Duncan Ave, Allison Park",40.5665843,-79.998774,"point_of_interest,establishment",farmers_market,OPERATIONAL,5.0,3.0
ChIJR-KtiV6MNIgR5o6j1511BGw,Network of Hope,"2326 Duncan Ave, Allison Park",40.565397,-79.975662,"point_of_interest,establishment",food_bank,OPERATIONAL,5.0,4.0
ChIJAdEYjIqMNIgRwtu3I8r7txE,North Hills Community Outreach - Allison Park Office,"1975 Ferguson Rd, Allison Park",40.5637512,-79.9890229,"food,point_of_interest,establishment",food_bank,OPERATIONAL,4.7,63.0
ChIJ74HtIQGNNIgRW_GjGYll_Qs,7-Eleven,"3915 William Flinn Highway, Allison Park",40.5591281,-79.95992559999999,"convenience_store,cafe,liquor_store,store,restaurant,food,point_of_interest,establishment","convenience,restaurant",OPERATIONAL,4.0,17.0
ChIJ0wbCRtGNNIgRWyjUzQ8a0P4,The Wine Cave,"3141 Harts Run Road, Allison Park",40.5609322,-79.9287538,"restaurant,tourist_attraction,food,point_of_interest,establishment",restaurant,OPERATIONAL,4.4,127.0
ChIJObE4bIuNNIgROzTy3NXheWk,Simon's Farm Market,"4312 Middle Rd, Allison Park",40.5769264,-79.9232815,"bakery,grocery_or_supermarket,food,store,point_of_interest,establishment",farmers_market,OPERATIONAL,4.9,45.0
ChIJtdEVcwuSNIgRojepG9lq66U,Tiny Seed Farm,"4312 Middle Rd, Allison Park",40.5768875,-79.9232559,"point_of_interest,establishment",farmers_market,OPERATIONAL,4.9,10.0
ChIJC6y83ruTNIgRwAflWXHiqYY,Grieco's Carefree Inn Restaurant,"903 Pennsylvania 910, Indianola",40.5678088,-79.8593587,"restaurant,food,point_of_interest,establishment",restaurant,OPERATIONAL,4.4,321.0
ChIJfZpCvECUNIgRadrmBxvUnRE,ALDI,"1040 Village Center Drive, Tarentum",40.56868,-79.802573,"supermarket,grocery_or_supermarket,food,store,point_of_interest,establishment",grocery,OPERATIONAL,4.6,491.0
ChIJ2eCipTmUNIgRHd7E3e_Qd5w,Z Corner Store,"520 Pittsburgh Mills Circle, Tarentum",40.5730946,-79.7980527,"convenience_store,store,food,point_of_interest,establishment",convenience,OPERATIONAL,3.5,10.0
ChIJFf4JED-UNIgRHgpniDjJyWM,Eat'n Park,"3005 Pittsburgh Mills Boulevard, Tarentum",40.57027829999999,-79.8037592,"meal_takeaway,restaurant,food,point_of_interest,establishment","fast_food,restaurant",OPERATIONAL,4.3,1352.0
ChIJ_zm0HDmUNIgRfGR-O1wDSkU,Smokey Bones Frazier,"1030 Pittsburgh Mills Boulevard, Tarentum",40.5704161,-79.79964609999999,"bar,restaurant,food,point_of_interest,establishment",restaurant,OPERATIONAL,4.4,2137.0
ChIJMyk3_jiUNIgR2WYTSn1xTnE,Red Robin Gourmet Burgers and Brews,"1020 Pittsburgh Mills Circle, Tarentum",40.5701966,-79.7992852,"restaurant,meal_takeaway,bar,food,point_of_interest,establishment","fast_food,restaurant",OPERATIONAL,4.1,1532.0
ChIJ5RWXUziUNIgR-oRCrcNxVO4,Olive Garden Italian Restaurant,"1010 Pittsburgh Mills Boulevard, Tarentum",40.5700981,-79.7987249,"meal_takeaway,bar,restaurant,food,point_of_interest,establishment","fast_food,restaurant",OPERATIONAL,4.3,1650.0
ChIJGZYyijmUNIgRspAog6mrL2A,TJ Buffet Sushi And Grill,"590 Pittsburgh Mills Circle, Tarentum",40.572474,-79.799774,"restaurant,food,point_of_interest,establishment",restaurant,OPERATIONAL,4.0,1095.0
ChIJndqCxD6UNIgRZ0EdxnatBSk,Chili's Grill & Bar,"2020 Pittsburgh Mills Boulevard, Tarentum",40.571411,-79.80256299999999,"restaurant,bar,food,point_of_interest,establishment",restaurant,OPERATIONAL,4.1,1044.0
ChIJ64ncsECUNIgRxe9SQCWPHyw,Applebee's Grill + Bar,"1050 Village Center Drive, Tarentum",40.5671914,-79.8027515,"restaurant,bar,food,point_of_interest,establishment",restaurant,OPERATIONAL,4.1,1715.0
ChIJ1SBmSjiUNIgRPaRqgl_xjJA,LongHorn Steakhouse,"1000 Pittsburgh Mills Boulevard, Tarentum",40.5702306,-79.7976103,"meal_takeaway,bar,restaurant,food,point_of_interest,establishment","fast_food,restaurant",OPERATIONAL,4.4,1611.0
ChIJ9QE0pkCUNIgRU3dmUbDOOMw,Sonic Drive-In,"1010 Village Center Drive, Tarentum",40.56837230000001,-79.8029852,"meal_takeaway,store,restaurant,food,point_of_interest,establishment","fast_food,restaurant",OPERATIONAL,3.2,1616.0
ChIJUwWTG_eWNIgRmlECBSo5Dok,Starbucks Coffee Company,"Point at, 2025 Pittsburgh Mills Boulevard, Pittsburgh Mills Circle, Tarentum",40.57045,-79.80257999999999,"cafe,store,restaurant,food,point_of_interest,establishment",restaurant,OPERATIONAL,4.3,548.0
ChIJEx2P2z6UNIgRV8vUewOgQ2I,Five Guys,"2030 Pittsburgh Mills Boulevard, Tarentum",40.570265,-79.802478,"meal_takeaway,restaurant,food,point_of_interest,establishment","fast_food,restaurant",OPERATIONAL,4.4,763.0
ChIJd6yDYOWVNIgRM1-jFlHtCCA,Sam's Club Cafe,"2000 Village Center Drive, Tarentum",40.56574870000001,-79.8041886,"cafe,meal_takeaway,restaurant,food,point_of_interest,establishment","fast_food,restaurant",OPERATIONAL,3.8,4.0
ChIJEYrrfXSVNIgRYlP_2UeXI1Y,Chipotle Mexican Grill,"1003 Village Center Drive, Tarentum",40.5694692,-79.8023678,"restaurant,food,point_of_interest,establishment",restaurant,OPERATIONAL,1.8,289.0
ChIJI8wtms2VNIgRq-V8HXey6GI,Panera Bread,"2005 Pittsburgh Mills Boulevard, Tarentum",40.57008559999999,-79.80125389999999,"cafe,meal_takeaway,bakery,store,restaurant,food,point_of_interest,establishment","fast_food,restaurant",OPERATIONAL,3.5,22.0
ChIJc3-iyPiVNIgRUeTK1GBTAVA,The Wing Experience,"1030 Pittsburgh Mills Boulevard, Tarentum",40.57045649999999,-79.7996866,"restaurant,food,point_of_interest,establishment",restaurant,OPERATIONAL,3.9,28.0
ChIJE9l8CWOVNIgRIzjIEpWIV1k,The Burger Experience,"Located in Smokey Bones, 1030 Pittsburgh Mills Boulevard, Tarentum",40.57045649999999,-79.7996866,"restaurant,food,point_of_interest,establishment",restaurant,OPERATIONAL,3.1,12.0
ChIJcz7xp_KVNIgRlqVqkpD4oOQ,It's Just Wings,"2020 Pittsburgh Mills Boulevard, Tarentum",40.571411,-79.80256299999999,"meal_delivery,meal_takeaway,restaurant,food,point_of_interest,establishment","fast_food,restaurant",OPERATIONAL,2.5,6.0
ChIJQ3EBAfyVNIgR992cJ-fTwoQ,bp,"902 7th Street, New Kensington",40.56345,-79.757898,"gas_station,supermarket,grocery_or_supermarket,food,store,point_of_interest,establishment",grocery,OPERATIONAL,4.0,37.0
ChIJj1ZkVseVNIgR_w5Uf15snxc,Dollar General,"797 Industrial Boulevard, New Kensington",40.5629842,-79.7682844,"drugstore,convenience_store,grocery_or_supermarket,store,health,food,point_of_interest,establishment",convenience,OPERATIONAL,4.1,389.0
ChIJGa4RIsOVNIgRbhYtsX8b0to,Jadden Stop-N-Go,"1542 Constitution Boulevard suite 4, Arnold",40.5735652,-79.765607,"convenience_store,store,food,point_of_interest,establishment",convenience,OPERATIONAL,5.0,2.0
ChIJsaFuH8OVNIgRKL854QQlKII,Arnolds Stop N Go,"1542 Constitution Boulevard suite 4, Arnold",40.5736162,-79.76544059999999,"convenience_store,atm,finance,store,food,point_of_interest,establishment",convenience,OPERATIONAL,4.5,53.0
ChIJuUZl4tGVNIgRx3bCV3DM5xk,Killians Hardwood Grill,"531 Freeport Road, Creighton",40.57588860000001,-79.7783092,"bar,restaurant,food,point_of_interest,establishment",restaurant,OPERATIONAL,4.6,237.0
ChIJ509cvL-VNIgRlQMjc2FEqQo,Fox's Pizza Den,"716 5th Avenue, New Kensington",40.5630963,-79.764372,"meal_delivery,restaurant,food,point_of_interest,establishment",restaurant,OPERATIONAL,3.8,158.0
ChIJCxY1f8CVNIgRm5INwwHa4AA,Panda,"846 5th Avenue #6304, New Kensington",40.56467310000001,-79.7647702,"restaurant,food,point_of_interest,establishment",restaurant,OPERATIONAL,4.4,300.0
ChIJNyVe_rGVNIgRfH2AdlQlKuk,Taqueria El Pastorcito,"929 4th Avenue, New Kensington",40.5656744,-79.76672049999999,"restaurant,food,point_of_interest,establishment",restaurant,OPERATIONAL,4.7,354.0
ChIJdeXTrb-VNIgRqvWV_nkJUDQ,Eazer's Restaurant & Deli,"420 7th Street, New Kensington",40.5624058,-79.7646512,"restaurant,food,point_of_interest,establishment",restaurant,OPERATIONAL,4.6,379.0
ChIJKe0S24eVNIgRi0YBcEZ8uWs,Stephannos Pizza,"863 5th Avenue, New Kensington",40.5648051,-79.76535249999999,"restaurant,food,point_of_interest,establishment",restaurant,OPERATIONAL,,
ChIJRwXMdo2VNIgR0GlI_b6qARA,Tortilla Pizza Kitchen,"746 5th Avenue, New Kensington",40.5637969,-79.7646541,"restaurant,food,point_of_interest,establishment",restaurant,OPERATIONAL,,
ChIJWUCrGIWVNIgRbLiGUFmqza8,Common Oven Pizza Co.,"977 5th Avenue, New Kensington",40.5665384,-79.76576879999999,"restaurant,food,point_of_interest,establishment",restaurant,OPERATIONAL,4.7,163.0
ChIJMw2ixHqVNIgRBpm6w7LKMuc,Fresh N Full LLC,"953 5th Avenue, New Kensington",40.5662745,-79.76548509999999,"restaurant,food,point_of_interest,establishment",restaurant,OPERATIONAL,4.4,40.0
ChIJA0Hb6SaVNIgR7mV6ZhuTF5o,Sweet Tillies,"1001-B 5th Avenue, New Kensington",40.5668894,-79.765881,"bakery,store,restaurant,food,point_of_interest,establishment",restaurant,OPERATIONAL,5.0,162.0
ChIJ2_gD4hKVNIgRLYHrzFnXMgA,Voodoo Brewery New Kensington,"956 5th Avenue, New Kensington",40.5664189,-79.7649797,"bar,restaurant,food,point_of_interest,establishment",restaurant,OPERATIONAL,4.7,731.0
ChIJ243r_8CVNIgRPW_Qe-5ItHg,Knead Community Cafe,"1011 Barnes Street, New Kensington",40.5671851,-79.7651142,"restaurant,cafe,food,point_of_interest,establishment",restaurant,OPERATIONAL,4.8,377.0
ChIJse9y1p2VNIgRSp472M283_0,Vinci Winery,"1041 Barnes Street, New Kensington",40.5677211,-79.7653387,"restaurant,food,point_of_interest,establishment",restaurant,OPERATIONAL,4.9,46.0
ChIJ1-zandyVNIgRFMzobh3aMGY,Lighthouse Ministries Mission,"1611 5th Ave, New Kensington",40.5767782,-79.76807240000001,"church,place_of_worship,point_of_interest,establishment",food_bank,OPERATIONAL,3.8,10.0
ChIJnTOF8eaVNIgRfUqLTeI2UkU,Valley Community Services,"1702 Ridge Ave, New Kensington",40.5771532,-79.7587313,"point_of_interest,establishment",food_bank,OPERATIONAL,5.0,1.0
ChIJ2TBK_sGVNIgRFrJBQFndoz4,St Joseph's Church,"1125 Leishman Ave, New Kensington",40.5690883,-79.76320249999999,"church,place_of_worship,point_of_interest,establishment",food_bank,OPERATIONAL,4.8,35.0
ChIJKYiuR5WVNIgRHP8jaj-r06Y,Mount Saint Peter Roman Catholic Church,"100 Freeport Rd, New Kensington",40.5637347,-79.7609408,"tourist_attraction,church,place_of_worship,point_of_interest,establishment",food_bank,OPERATIONAL,4.8,164.0
ChIJLW2iVgCVNIgR0Sugzc1eQ3I,New Kensington Farmers Market,"500 10th St, New Kensington",40.5668143,-79.7652894,"point_of_interest,establishment",farmers_market,OPERATIONAL,,
ChIJnZPG0imVNIgRyYmZz0T651A,Sun Mart,"1610 Freeport Road, New Kensington",40.5769265,-79.7563064,"convenience_store,store,food,point_of_interest,establishment",convenience,OPERATIONAL,4.1,8.0
ChIJyY-ccOaVNIgR1JuaciQgcQg,Gunny's Restaurant and Lounge,"902 McCandless Street, New Kensington",40.5759631,-79.7572763,"restaurant,bar,food,point_of_interest,establishment",restaurant,OPERATIONAL,4.4,331.0
ChIJF5ZwYouVNIgRoZgLtH_kYyY,MacKenzie's Pub,"1400 Strawn Avenue, New Kensington",40.561347,-79.7455116,"meal_takeaway,restaurant,food,point_of_interest,establishment","fast_food,restaurant",OPERATIONAL,4.6,172.0
ChIJW79M5eiVNIgRTHGoUBugzsA,Rosa's Bakery & Pizza Shop,"656 Catalpa Street, New Kensington",40.5723036,-79.75889839999999,"bakery,store,restaurant,food,point_of_interest,establishment",restaurant,CLOSED_TEMPORARILY,4.5,102.0
ChIJc_fugOmVNIgR0zMVim29APU,Royals Restraunt,"401 Ridge Avenue, New Kensington",40.5693317,-79.7598366,"restaurant,food,point_of_interest,establishment",restaurant,CLOSED_TEMPORARILY,4.0,1.0
ChIJY2fbG0SVNIgRPGCEh7R329I,botL,"1716 Freeport Road, New Kensington",40.5780057,-79.7566875,"restaurant,bar,food,point_of_interest,establishment",restaurant,OPERATIONAL,4.8,381.0
ChIJ00UzwDeVNIgRgOeBIPZ42qc,The Recovery Bar LLC,"Falcon Park Road, New Kensington",40.5767265,-79.7417401,"restaurant,food,point_of_interest,establishment",restaurant,OPERATIONAL,,
ChIJzyUR2YJnNIgROjiOgRbESl0,Hopewell minimart,"2424 Brodhead Road, Aliquippa",40.59231439999999,-80.2680477,"convenience_store,store,food,point_of_interest,establishment",convenience,OPERATIONAL,,
ChIJjdoEWstnNIgR_UMb26T8ufU,Empire Palace Chinese Restaurant,"2284 Brodhead Road #6A, Aliquippa",40.5858157,-80.2583222,"restaurant,food,point_of_interest,establishment",restaurant,OPERATIONAL,4.2,288.0
ChIJgQwNWstnNIgRscz0MkgPbzg,Fox's Pizza Hopewell,"2296 Brodhead Road, Aliquippa",40.5866173,-80.2591017,"meal_takeaway,meal_delivery,restaurant,food,point_of_interest,establishment","fast_food,restaurant",OPERATIONAL,3.8,187.0
ChIJK8onoi1mNIgRuvOnViQU5O4,Pizza Masters,"2471 Brodhead Road, Aliquippa",40.59362039999999,-80.2725107,"bakery,meal_delivery,store,restaurant,food,point_of_interest,establishment",restaurant,OPERATIONAL,4.4,160.0
ChIJl1BLkctnNIgRBaY236pDylM,Shulligan's Sports Bar & Grill,"2422 Brodhead Road, Aliquippa",40.5921623,-80.26799319999999,"bar,restaurant,food,point_of_interest,establishment",restaurant,OPERATIONAL,4.1,185.0
ChIJ5W2cpC1mNIgRtzeoS6wzihM,Two Chefs Catering Cafe,"2405 Brodhead Road, Aliquippa",40.5912571,-80.2673454,"restaurant,meal_takeaway,food,point_of_interest,establishment","fast_food,restaurant",OPERATIONAL,4.6,142.0
ChIJ3cuwQ8xnNIgRtQMEiA8ItQs,Vocelli Pizza Hopewell Township,"2279 Brodhead Road, Aliquippa",40.5852447,-80.25959979999999,"meal_takeaway,meal_delivery,restaurant,food,point_of_interest,establishment","fast_food,restaurant",OPERATIONAL,4.0,96.0
ChIJtbHObylmNIgR37t551Y6BF8,George's Family Restaurant,"Crestmont Shopping Center, 2477 Brodhead Road, Aliquippa",40.593871,-80.27282679999999,"restaurant,food,point_of_interest,establishment",restaurant,OPERATIONAL,4.6,579.0
ChIJ4ZtvYctnNIgRSxSfqf46rOw,Bruster's Real Ice Cream,"2291 Brodhead Road, Aliquippa",40.5860633,-80.2597902,"bakery,store,restaurant,food,point_of_interest,establishment",restaurant,OPERATIONAL,4.7,510.0
ChIJuzhdQctnNIgR-siVM_gH-dU,Gianni's Pizza - Hopewell,"2284 Brodhead Road, Aliquippa",40.5858362,-80.25731379999999,"meal_takeaway,restaurant,food,point_of_interest,establishment","fast_food,restaurant",OPERATIONAL,4.0,123.0
ChIJJdoEWstnNIgRiIi-t98KSoQ,Kuhn's Market,"2284 Brodhead Road, Aliquippa",40.5867668,-80.2566605,"grocery_or_supermarket,supermarket,store,food,point_of_interest,establishment",grocery,OPERATIONAL,4.2,399.0
ChIJjdoEWstnNIgRwtioMS6PJNo,J W Halls Steak & Seafood Inn,"2284 Brodhead Road, Aliquippa",40.5864554,-80.25662969999999,"restaurant,food,point_of_interest,establishment",restaurant,OPERATIONAL,4.5,1112.0
ChIJy_K-ppVnNIgR7ibZ4FIyKCM,Holzinger's Imbiss,"1944 Maratta Road, Aliquippa",40.5927449,-80.2598891,"restaurant,food,point_of_interest,establishment",restaurant,OPERATIONAL,5.0,2.0
ChIJtTaAc_9mNIgRWHXpDEv1Dm4,Center for Hope Ambridge,"740 Park Rd, Ambridge",40.5881751,-80.2306634,"point_of_interest,establishment",food_bank,OPERATIONAL,4.6,74.0
ChIJeRJNsvlmNIgRokZbncKMAlw,Share Tri-state - Food Distribution Center,"Parking lot, 415 11th St, Ambridge",40.5936592,-80.2292489,"food,point_of_interest,establishment",food_bank,OPERATIONAL,,
ChIJmcLEx_9mNIgRVVErVG_imUg,Ambridge Farmers Market,"624 Park Rd, Ambridge",40.586296,-80.22963709999999,"point_of_interest,establishment",farmers_market,OPERATIONAL,4.6,104.0
ChIJE620i0xnNIgRiZ2RfpNAB-0,Monroy Supermarket,"498 Merchant Street, Ambridge",40.5850532,-80.2259054,"supermarket,grocery_or_supermarket,store,food,point_of_interest,establishment",grocery,OPERATIONAL,4.7,75.0
ChIJmzyOw_5mNIgRaDAQV7zSLsI,CVS,"300 8th Street, Ambridge",40.5888702,-80.2281902,"drugstore,convenience_store,clothing_store,health,store,food,point_of_interest,establishment",convenience,OPERATIONAL,3.5,52.0
ChIJYbGOcv5mNIgR4_1w9np_vs4,Dollar General,"612 Merchant Street, Ambridge",40.5870549,-80.2275753,"drugstore,convenience_store,grocery_or_supermarket,health,store,food,point_of_interest,establishment",convenience,OPERATIONAL,3.6,424.0
ChIJo1Gu2f5mNIgRU5eSluTWDVw,Sunoco,"800 Merchant Street, Ambridge",40.5893553,-80.22910329999999,"gas_station,convenience_store,store,food,point_of_interest,establishment",convenience,OPERATIONAL,3.8,11.0
ChIJ_etAbf5mNIgRDCBqHs-mFgo,Sunoco A Plus,"800 Merchant Street, Ambridge",40.58934319999999,-80.2291044,"convenience_store,store,food,point_of_interest,establishment",convenience,OPERATIONAL,3.0,6.0
ChIJuezoWvhmNIgRiPSkt6KE0tg,Sunoco,"1100 Merchant Street, Ambridge",40.59317799999999,-80.23025779999999,"gas_station,convenience_store,store,food,point_of_interest,establishment",convenience,OPERATIONAL,5.0,20.0
ChIJF9AIS_xmNIgRXI6Ol8CoRvY,Moh's Market,"553 Duss Avenue, Ambridge",40.58722149999999,-80.2249674,"convenience_store,store,food,point_of_interest,establishment",convenience,OPERATIONAL,4.0,32.0
ChIJ_d82g8VnNIgRjFOoJhRno9s,Harry's Mart,"625 Duss Avenue, Ambridge",40.58833300000001,-80.225054,"convenience_store,store,food,point_of_interest,establishment",convenience,OPERATIONAL,,
ChIJSc9W3nxnNIgRsc9w7wMDvi8,7-Eleven,"800 Merchant Street, Ambridge",40.5894024,-80.2289129,"convenience_store,cafe,liquor_store,store,restaurant,food,point_of_interest,establishment","convenience,restaurant",OPERATIONAL,4.0,12.0
ChIJcSE03_5mNIgRFrtrgD6QT4g,Subway,"799 Merchant Street, Ambridge",40.58884679999999,-80.229433,"meal_takeaway,restaurant,food,point_of_interest,establishment","fast_food,restaurant",OPERATIONAL,3.9,135.0
ChIJrZos7PhmNIgRac8WqLybj00,Police Station Pizza,"1007 Merchant Street, Ambridge",40.591842,-80.230374,"restaurant,food,point_of_interest,establishment",restaurant,OPERATIONAL,4.7,1016.0
ChIJbxwPR0FnNIgRFHGJ8fpIG-o,Pizza Joe's,"192 Ohio River Boulevard, Leetsdale",40.5772728,-80.22232819999999,"meal_delivery,restaurant,food,point_of_interest,establishment",restaurant,OPERATIONAL,4.2,164.0
ChIJhV2lBwJnNIgRTuWnmhBpip4,Vocelli Pizza,"447 Merchant Street, Ambridge",40.584553,-80.226069,"meal_delivery,meal_takeaway,restaurant,food,point_of_interest,establishment","fast_food,restaurant",OPERATIONAL,4.2,261.0
ChIJ1bhG_v1mNIgRB3uehh1s70U,Little Athens Catering,"499 Merchant Street, Ambridge",40.5850069,-80.2263184,"restaurant,food,point_of_interest,establishment",restaurant,OPERATIONAL,4.7,192.0
ChIJgT1d-B5nNIgR2fTEXPK2j6c,Fair Oaks Bowling Lanes,"660 Ambridge Avenue, Fair Oaks",40.58095710000001,-80.213039,"bowling_alley,meal_takeaway,bar,restaurant,food,point_of_interest,establishment","fast_food,restaurant",OPERATIONAL,4.5,142.0
ChIJaU3IQ_xmNIgRIcD_UbFr870,Frank's Pizzeria,"618 Duss Avenue, Ambridge",40.5882719,-80.2245535,"restaurant,food,point_of_interest,establishment",restaurant,OPERATIONAL,4.6,421.0
ChIJEQxB_AFnNIgRdw68rNawNKM,Maple Restaurant,"463 Maplewood Avenue #2521, Ambridge",40.58454989999999,-80.22711819999999,"restaurant,food,point_of_interest,establishment",restaurant,OPERATIONAL,4.6,1191.0
ChIJE18W8P5mNIgRVUYndbNvR-g,Ni's Wok,"703 Merchant Street, Ambridge",40.5880282,-80.22858819999999,"meal_takeaway,restaurant,food,point_of_interest,establishment","fast_food,restaurant",OPERATIONAL,4.4,300.0
ChIJNWqz6P5mNIgR_Eq4t5qRCOk,Alexander's,"720 Merchant Street, Ambridge",40.5884412,-80.2284604,"restaurant,food,point_of_interest,establishment",restaurant,OPERATIONAL,4.1,77.0
ChIJq5o7cABnNIgRHx8mFJ0KuyU,Vale Comer,"199 Park Road Units 3, Ambridge",40.5799041,-80.2248267,"restaurant,food,point_of_interest,establishment",restaurant,OPERATIONAL,5.0,8.0
ChIJy1dZLlFnNIgRHaoRw1vH9iI,Street Heat Tacos n Fries,"400 Merchant Street, Ambridge",40.5841009,-80.2251351,"restaurant,food,point_of_interest,establishment",restaurant,OPERATIONAL,,
ChIJ63zILQBnNIgR5NdB3NF_X6Y,Típicos Monroy,"498 Merchant Street, Ambridge",40.5849599,-80.225932,"restaurant,food,point_of_interest,establishment",restaurant,OPERATIONAL,,
ChIJmcOWUgNnNIgRxeoAsbUs0tY,Hark’s Place,"70 Beaver Road, Ambridge",40.5798589,-80.2209446,"bar,restaurant,food,point_of_interest,establishment",restaurant,OPERATIONAL,4.4,203.0
ChIJ2XVr0x1nNIgRHDmjaoEsYDc,La Tienda Christian Bookstore & My Venezuela Street Food,"607 Merchant Street, Ambridge",40.58666729999999,-80.2276982,"book_store,store,restaurant,food,point_of_interest,establishment",restaurant,OPERATIONAL,5.0,12.0
ChIJE9ZCIY9nNIgRzqPz7Qa7Y4w,Ember & Essence Restaurant and Hookah Lounge,"717 Merchant Street, Ambridge",40.58825580000001,-80.2289067,"restaurant,food,point_of_interest,establishment",restaurant,OPERATIONAL,,
ChIJm7nH4P5mNIgRKYVHgweb-s4,K & N Restaurant,"755 Merchant Street, Ambridge",40.5886319,-80.22906189999999,"restaurant,food,point_of_interest,establishment",restaurant,OPERATIONAL,4.6,539.0
ChIJBSaoppJnNIgR71ZhCdQUC0g,Black Dog Wood Fired,"916 Merchant Street, Ambridge",40.5908543,-80.229591,"restaurant,food,point_of_interest,establishment",restaurant,OPERATIONAL,4.9,71.0
ChIJaeczb1dnNIgR3B2ab--X874,Game Time Sports Bar & Grill,"1101 Merchant Street, Ambridge",40.59307949999999,-80.2308461,"bar,restaurant,food,point_of_interest,establishment",restaurant,OPERATIONAL,4.6,115.0
ChIJiQBdMV5nNIgRWbbAQbeHGWk,Peter Schreiber House,"98 13th Street, Ambridge",40.5954771,-80.2323686,"museum,real_estate_agency,restaurant,food,point_of_interest,establishment",restaurant,OPERATIONAL,4.5,2.0
ChIJBSbLIABnNIgRmOqFrwRXLpM,Mad Anthony’s Bier Stube,"1239 Merchant Street, Ambridge",40.59552579999999,-80.23075949999999,"restaurant,food,point_of_interest,establishment",restaurant,OPERATIONAL,4.6,53.0
ChIJi3Dv6vdmNIgRvNZEHn7DAO8,The Orbit,"1327 Merchant Street, Ambridge",40.596327,-80.23085499999999,"bar,lodging,restaurant,food,point_of_interest,establishment",restaurant,OPERATIONAL,4.6,93.0
ChIJLRERPWeKNIgReSx_JGWX6EM,Franklin Inn Mexican Restaurant,"2313 Rochester Road, Pittsburgh",40.5783186,-80.0781044,"restaurant,food,point_of_interest,establishment",restaurant,CLOSED_TEMPORARILY,4.4,1005.0
ChIJn1Z3dU2KNIgRPAgaxPRYU-Y,Kuhns Market,"745 West Ingomar Road, Ingomar",40.580941,-80.055982,"grocery_or_supermarket,supermarket,store,food,point_of_interest,establishment",grocery,OPERATIONAL,4.4,356.0
ChIJK6OfC02KNIgRRNKUY43NuYM,7-Eleven,"740 West Ingomar Road, Pittsburgh",40.581694,-80.0559866,"convenience_store,cafe,liquor_store,store,restaurant,food,point_of_interest,establishment","convenience,restaurant",OPERATIONAL,3.6,19.0
ChIJmXHaP02KNIgRIfYosCZine4,Pietro's Pizzeria,"719 West Ingomar Road, Pittsburgh",40.5814132,-80.05483439999999,"meal_delivery,restaurant,food,point_of_interest,establishment",restaurant,OPERATIONAL,4.4,125.0
ChIJV9t80G6LNIgRQitsUBd9gvA,Shooters Golf,"50 Pine Creek Road, Wexford",40.585707,-80.0468123,"bar,restaurant,food,point_of_interest,establishment",restaurant,OPERATIONAL,4.7,377.0
ChIJ-8C-x7mLNIgR68p-U59ROBc,Giant Eagle Supermarket,"225 Blazier Drive, Pittsburgh",40.5843459,-80.0381451,"grocery_or_supermarket,supermarket,store,food,point_of_interest,establishment",grocery,OPERATIONAL,4.0,585.0
ChIJ-8C-x7mLNIgR6ltQwawqe-c,Subway,"175 Blazier Drive, Pittsburgh",40.5846456,-80.039389,"meal_takeaway,restaurant,food,point_of_interest,establishment","fast_food,restaurant",OPERATIONAL,4.1,157.0
ChIJnQQW8L6LNIgRZw9SJWcpOlE,Taco Bell / KFC,"85 Blazier Drive, Pittsburgh",40.584942,-80.0371212,"meal_takeaway,restaurant,food,point_of_interest,establishment","fast_food,restaurant",OPERATIONAL,3.4,180.0
ChIJnQQW8L6LNIgRr9-4UEoYUsY,KFC,"85 Blazier Drive, Pittsburgh",40.58493670000001,-80.03711059999999,"restaurant,food,point_of_interest,establishment",restaurant,OPERATIONAL,3.7,221.0
ChIJiwrcc7uLNIgR9MzupzOnXKw,Barry's Pub,"9566 Perry Highway, Pittsburgh",40.5804007,-80.0375337,"bar,night_club,restaurant,food,point_of_interest,establishment",restaurant,OPERATIONAL,4.5,371.0
ChIJz5WWhruLNIgRsJq8PM7EtvE,Bob's Sub,"9600 Perry Highway, Pittsburgh",40.58208289999999,-80.0369095,"meal_takeaway,store,restaurant,food,point_of_interest,establishment","fast_food,restaurant",OPERATIONAL,4.6,290.0
ChIJ_dRmnruLNIgRH0VFyXGY4fM,Bruster's Real Ice Cream,"9600 Perry Highway, Pittsburgh",40.5821967,-80.0369631,"bakery,store,restaurant,food,point_of_interest,establishment",restaurant,OPERATIONAL,4.7,306.0
ChIJzVpJwG6LNIgRHquE7SQTNXA,Little Viet Kitchen,"195 Blazier Drive, Pittsburgh",40.58468749999999,-80.03905879999999,"restaurant,food,point_of_interest,establishment",restaurant,OPERATIONAL,4.9,177.0
ChIJN5OWvjmLNIgRpx0zcMWvaZ8,Clark's Restaurant,"75 Blazier Drive, Pittsburgh",40.5853191,-80.03860039999999,"restaurant,food,point_of_interest,establishment",restaurant,OPERATIONAL,4.2,574.0
ChIJ50iI2nCLNIgRhIEGBVr95PA,Starbucks Coffee Company,"95 Blazier Drive, Pittsburgh",40.58541,-80.03658,"cafe,store,restaurant,food,point_of_interest,establishment",restaurant,OPERATIONAL,3.1,53.0
ChIJKdXMXvKLNIgRmCk5EuZOJdM,Chub's Place,"810 Ingomar Road, Wexford",40.58969039999999,-80.0182459,"restaurant,food,point_of_interest,establishment",restaurant,OPERATIONAL,4.3,120.0
ChIJIyUJOgmMNIgRyjVZO69FEdw,Tomato Pie Cafe,"885 East Ingomar Road, Allison Park",40.5917197,-80.0157851,"restaurant,food,point_of_interest,establishment",restaurant,OPERATIONAL,4.4,149.0
ChIJt-HitcGNNIgRX4CC7cEzYXs,A.W. Beattie Training Restaurant and Bake Shop,"9600 Babcock Boulevard, Allison Park",40.5784071,-80.0066792,"restaurant,food,point_of_interest,establishment",restaurant,OPERATIONAL,4.5,8.0
ChIJYXO3taWLNIgRulCGLlC1nxM,Cadence Clubhouse,"9999 Kummer Road Suite 1, Allison Park",40.5926856,-80.0156555,"restaurant,cafe,bar,store,food,point_of_interest,establishment",restaurant,OPERATIONAL,3.8,401.0
ChIJz3w1nBCMNIgRBpJfRieZgEs,7-Eleven,"1350 Wildwood Road, Gibsonia",40.5949031,-79.9937386,"convenience_store,cafe,liquor_store,store,restaurant,food,point_of_interest,establishment","convenience,restaurant",OPERATIONAL,4.1,24.0
ChIJ3SDbIUeNNIgRuRWdz6ydlcE,Mineo’s Pizza House Allison Park,"2684 Wildwood Road, Allison Park",40.58993369999999,-79.95701919999999,"restaurant,food,point_of_interest,establishment",restaurant,OPERATIONAL,4.2,478.0
ChIJ74HtIQGNNIgRKzG6gJiG2eo,bp,"4630 William Flinn Highway, State Highway 8, Allison Park",40.59069,-79.94767,"gas_station,car_wash,supermarket,grocery_or_supermarket,food,store,point_of_interest,establishment",grocery,OPERATIONAL,4.0,23.0
ChIJ19d0hsSNNIgR8QikiTWGI_A,ALDI,"4578 State Highway 8, Allison Park",40.589194,-79.948487,"supermarket,grocery_or_supermarket,food,store,point_of_interest,establishment",grocery,OPERATIONAL,4.6,608.0
ChIJ5Tu2q8SNNIgRJmtt6v5chRo,7-Eleven,"4630 William Flinn Highway, Allison Park",40.5906188,-79.9474484,"convenience_store,cafe,liquor_store,store,restaurant,food,point_of_interest,establishment","convenience,restaurant",OPERATIONAL,2.7,13.0
ChIJfahtRtuNNIgRzoUyognDIiM,Starbucks Coffee Company,"4655 William Flinn Highway, Allison Park",40.59198,-79.94836,"cafe,restaurant,food,store,point_of_interest,establishment",restaurant,OPERATIONAL,4.2,354.0
ChIJXaqtjduNNIgRwmB_prMTrCE,Subway,"4706 State Highway 8 Storeroom #2, Allison Park",40.59382369999999,-79.94661119999999,"meal_takeaway,restaurant,food,point_of_interest,establishment","fast_food,restaurant",CLOSED_TEMPORARILY,4.3,59.0
ChIJQ-4PDorzZUARrGusVxhy9QA,Caliente Pizza & Drafthouse,"4706 William Flinn Highway, Allison Park",40.59461099999999,-79.94669499999999,"liquor_store,restaurant,food,store,point_of_interest,establishment",restaurant,OPERATIONAL,4.0,852.0
ChIJh0HFvsSNNIgR-QWUDb-y6iU,McDonald's,"4618 William Flinn Highway, Allison Park",40.5899863,-79.9479255,"cafe,restaurant,food,store,point_of_interest,establishment",restaurant,OPERATIONAL,3.8,740.0
ChIJ_bqhetuNNIgRfvrUyDJ4lNw,KFC,"4673 William Flinn Highway, Allison Park",40.5923702,-79.94835739999999,"restaurant,food,point_of_interest,establishment",restaurant,OPERATIONAL,3.7,341.0
ChIJoVx3T9uNNIgRgHsYUwMQ9oI,Monte Cello's | Hampton,"4655 William Flinn Highway, Allison Park",40.5920758,-79.94908099999999,"restaurant,food,point_of_interest,establishment",restaurant,OPERATIONAL,4.3,314.0
ChIJU9dEG-mNNIgR8-hB2uGRBMU,The Pour House,"4655 William Flinn Highway #118, Allison Park",40.5920509,-79.94925789999999,"meal_takeaway,bar,restaurant,food,point_of_interest,establishment","fast_food,restaurant",OPERATIONAL,5.0,8.0
ChIJTXcFctuNNIgRCkngGIxJAWg,Primanti Bros. Restaurant and Bar,"4679 William Flinn Highway, Allison Park",40.5928489,-79.94834300000001,"bar,restaurant,food,point_of_interest,establishment",restaurant,OPERATIONAL,4.3,1589.0
ChIJqYaXituNNIgRV4Dgvh1pgBk,K Asian Bistro Sushi Bar,"4706 William Flinn Highway #13, Allison Park",40.59374210000001,-79.9467199,"restaurant,food,point_of_interest,establishment",restaurant,OPERATIONAL,4.7,468.0
ChIJBU1Fk9uNNIgR_wLz3VjPoP8,Pasquale's Pizzeria,"4731 William Flinn Highway, Allison Park",40.59456369999999,-79.9482543,"meal_delivery,restaurant,food,point_of_interest,establishment",restaurant,OPERATIONAL,4.5,184.0
ChIJKVxics2TNIgRgLhQhYT-OnM,Pizza Roma,"928 Pennsylvania 910, Cheswick",40.5813003,-79.86676489999999,"restaurant,food,point_of_interest,establishment",restaurant,OPERATIONAL,4.4,308.0
ChIJ-SPSQwCUNIgRTxhWKhrT9-k,Elwood's Pub,"163 Little Deer Creek Valley Road, Rural Ridge",40.5892438,-79.82796359999999,"bar,restaurant,food,point_of_interest,establishment",restaurant,OPERATIONAL,4.8,296.0
ChIJh_7Vo9aVNIgRs5TTELAa67I,Par Mar Store,"899 Freeport Road, Creighton",40.582066,-79.778885,"convenience_store,store,food,point_of_interest,establishment",convenience,OPERATIONAL,3.9,8.0
ChIJOTG0LXWVNIgRrZgFrsbiQ0M,Sunoco,"899 Freeport Road, Creighton",40.58204509999999,-79.7787551,"gas_station,convenience_store,store,food,point_of_interest,establishment",convenience,OPERATIONAL,4.3,18.0
ChIJpanTn96VNIgRXRVbFtsCI14,All Seasons Mini Mart,"701 Drey Street, Arnold",40.5798986,-79.7664661,"convenience_store,store,food,point_of_interest,establishment",convenience,OPERATIONAL,4.1,11.0
ChIJNZhF9LmVNIgRCjjyVisv6As,7-Eleven,"2033 Freeport Road, Arnold",40.5831534,-79.7585789,"convenience_store,cafe,liquor_store,store,restaurant,food,point_of_interest,establishment","convenience,restaurant",OPERATIONAL,3.8,4.0
ChIJryCKweGVNIgRs8HwuSF2O7w,Sunoco,"2033 Freeport Rd &, Murray Avenue, Arnold",40.5832782,-79.7584035,"gas_station,convenience_store,store,food,point_of_interest,establishment",convenience,OPERATIONAL,4.0,10.0
ChIJ9fRKeNyVNIgRxrt9bpujp8c,CVFC #1 (Arnold #1) Firemen's Club,"1710-1712, 4418, 1712 5th Avenue, Arnold",40.5779852,-79.7677281,"bar,restaurant,food,point_of_interest,establishment",restaurant,OPERATIONAL,4.4,66.0
ChIJSemfndyVNIgRLwroHWTvQKA,P&M Pizza,"1609 5th Avenue, New Kensington",40.57668460000001,-79.7682835,"restaurant,food,point_of_interest,establishment",restaurant,OPERATIONAL,4.5,367.0
ChIJ_zU5ZiqVNIgRlwqJmH0uU5A,MJ's Bar & Grille,"1735 4th Avenue, Arnold",40.57862109999999,-79.76938059999999,"restaurant,food,point_of_interest,establishment",restaurant,OPERATIONAL,4.6,59.0
ChIJJ1XwJACVNIgRzsZt8MqKnWM,Totaro’s,"1611 5th Avenue, Arnold",40.5767584,-79.76816409999999,"restaurant,food,point_of_interest,establishment",restaurant,OPERATIONAL,4.1,14.0
ChIJLT8Fp_GVNIgRwE0dPS_yIdo,Forks & Knives,"1710-1712, 1712 5th Avenue, Arnold",40.57802170000001,-79.76776129999999,"restaurant,food,point_of_interest,establishment",restaurant,OPERATIONAL,3.3,7.0
ChIJG8-bWz-VNIgR-YGM9Q_ljx0,Catora's Kitchen,"inside Augie's Sports Pub, 1818 5th Avenue, Arnold",40.5794824,-79.76772849999999,"restaurant,food,point_of_interest,establishment",restaurant,OPERATIONAL,,
ChIJrb-v3t2VNIgRus6Vbi_QKY8,Fazio's Pizza & Italian Food,"1824 Leishman Avenue, Arnold",40.579378,-79.76427249999999,"bakery,store,restaurant,food,point_of_interest,establishment",restaurant,OPERATIONAL,4.8,272.0
ChIJfWiaCwaWNIgR2sMLmWcTbY4,Giant Eagle Supermarket,"200 Tarentum Bridge Road, New Kensington",40.592676,-79.7496262,"grocery_or_supermarket,supermarket,store,food,point_of_interest,establishment",grocery,OPERATIONAL,4.1,1309.0
ChIJ8StPJgqWNIgRUAa5ecsnc9g,Golden Dawn,"2201 Freeport Road, New Kensington",40.58573579999999,-79.7571454,"supermarket,grocery_or_supermarket,store,food,point_of_interest,establishment",grocery,OPERATIONAL,4.3,659.0
ChIJe9CvyOGXNIgRSB2wAmhzuvc,ALDI,"100 Tarentum Bridge Road, New Kensington",40.5900914,-79.74912189999999,"supermarket,grocery_or_supermarket,store,food,point_of_interest,establishment",grocery,OPERATIONAL,4.6,160.0
ChIJP_uuogaWNIgRKPA6E_8rg_s,Walgreens,"2455 Leechburg Road, New Kensington",40.5879138,-79.7473741,"drugstore,convenience_store,clothing_store,food,health,store,point_of_interest,establishment",convenience,OPERATIONAL,4.0,50.0
ChIJuRijKcKVNIgRVsE1DIqisSg,Sunoco,"Sec Rte, 366 & Caldwell Avenue, New Kensington",40.5898076,-79.75121209999999,"gas_station,convenience_store,food,store,point_of_interest,establishment",convenience,OPERATIONAL,4.0,6.0
ChIJdRrFfAWWNIgRryiLeHtRy2Y,GetGo Gas Station & WetGo Car Wash,"250 Tarentum Bridge Road, New Kensington",40.5915376,-79.75123649999999,"gas_station,convenience_store,car_wash,cafe,food,store,point_of_interest,establishment",convenience,OPERATIONAL,3.6,30.0
ChIJk40EiQWWNIgRStZUPmanSrM,GetGo Fuel Station,"250 Tarentum Bridge Road, New Kensington",40.5916168,-79.7509682,"convenience_store,gas_station,food,store,point_of_interest,establishment",convenience,OPERATIONAL,2.8,9.0
ChIJ33KapAaWNIgRVmAoly8YFEQ,Sheetz,"203 Craigdell Road, Lower Burrell",40.58799399999999,-79.7464718,"convenience_store,gas_station,car_wash,liquor_store,cafe,restaurant,food,store,point_of_interest,establishment","convenience,restaurant",OPERATIONAL,3.6,113.0
ChIJLYn4SbyXNIgRZR0HTCfkcrA,7-Eleven,"99 Tarentum Bridge Road, New Kensington",40.5896954,-79.7513638,"convenience_store,liquor_store,cafe,restaurant,food,store,point_of_interest,establishment","convenience,restaurant",OPERATIONAL,1.0,6.0
ChIJL-UO4Q-WNIgRsTIYAov6HOI,Leo's Sportspage Bar & Grill,"300 Tarentum Bridge Road, New Kensington",40.5944444,-79.7519444,"bar,restaurant,food,point_of_interest,establishment",restaurant,OPERATIONAL,4.2,232.0
ChIJfWiaCwaWNIgRLhTrzhGuKP0,Subway,"270 Tarentum Bridge Road, New Kensington",40.5925579,-79.7514504,"meal_takeaway,restaurant,food,point_of_interest,establishment","fast_food,restaurant",OPERATIONAL,3.5,205.0
ChIJB3ly8OGVNIgRlkemcgHxMgk,Dairy Queen Grill & Chill,"2100 Freeport Road, New Kensington",40.5834639,-79.7575785,"store,restaurant,food,point_of_interest,establishment",restaurant,OPERATIONAL,4.5,582.0
ChIJLc9P8QmWNIgRHQCJqHJkXu8,Ash Taphouse,"2150 Freeport Road, New Kensington",40.5849195,-79.756455,"bar,restaurant,food,point_of_interest,establishment",restaurant,OPERATIONAL,4.1,670.0
ChIJa5MRVQGWNIgRlrMbW9-B2X0,Little Caesars Pizza,"2501 Leechburg Road, Lower Burrell",40.588404,-79.746073,"meal_takeaway,meal_delivery,restaurant,food,point_of_interest,establishment","fast_food,restaurant",OPERATIONAL,3.5,284.0
ChIJcxlkkg-WNIgRMAsuAyDVN_0,Denny's,"209 Tarentum Bridge Road, New Kensington",40.5908611,-79.7516935,"restaurant,food,point_of_interest,establishment",restaurant,OPERATIONAL,4.1,1760.0
ChIJL85iowWWNIgRYA-OdxZN1CY,Rey Azteca New Kensington,"100 Tarentum Bridge Road, New Kensington",40.59045630000001,-79.74943360000002,"restaurant,food,point_of_interest,establishment",restaurant,OPERATIONAL,4.4,905.0
ChIJmwUK_wiWNIgRAwdXo5zmu4M,Buffalo Bills Roadhouse,"2301 Freeport Road, New Kensington",40.5864497,-79.75389849999999,"restaurant,food,point_of_interest,establishment",restaurant,OPERATIONAL,4.4,621.0
ChIJD49hQQaWNIgRCGJXLRNOMRY,Taco Bell,"2435 Freeport Road, New Kensington",40.5871193,-79.7500457,"meal_takeaway,restaurant,food,point_of_interest,establishment","fast_food,restaurant",OPERATIONAL,3.4,1114.0
ChIJL85iowWWNIgRfGc22LlpyX4,Long John Silver's | A&W,"100 Tarentum Bridge Road, New Kensington",40.5906852,-79.7506389,"meal_takeaway,restaurant,food,point_of_interest,establishment","fast_food,restaurant",OPERATIONAL,3.6,712.0
ChIJY0GNCwaWNIgRMf8SSBo4A20,Wendy's,"201 Tarentum Bridge Road, New Kensington",40.5904639,-79.7515181,"restaurant,food,point_of_interest,establishment",restaurant,OPERATIONAL,3.6,999.0
ChIJYcBxHT29NIgRN4KSgimuz5A,Hubz Kitchen (at the New Ken Eagles),"2134 Freeport Road, New Kensington",40.5842163,-79.75752729999999,"restaurant,food,point_of_interest,establishment",restaurant,OPERATIONAL,4.5,24.0
ChIJyRSRsjeVNIgRZwvK9bNMWUI,Frontier Franks,"Food Truck Way, New Kensington",40.589269,-79.7538764,"restaurant,food,point_of_interest,establishment",restaurant,OPERATIONAL,5.0,1.0
ChIJE9TurAeWNIgRiRO_juAIJdU,Bob's Sub,"87 Tarentum Bridge Road, New Kensington",40.58913099999999,-79.750875,"meal_takeaway,restaurant,food,point_of_interest,establishment","fast_food,restaurant",OPERATIONAL,4.4,653.0
ChIJuVb9BXKXNIgROiovue337s8,Starbucks Coffee Company,"100 Tarentum Bridge Road, New Kensington",40.58967,-79.7499,"cafe,store,restaurant,food,point_of_interest,establishment",restaurant,OPERATIONAL,4.1,13.0
ChIJHzFCek-XNIgRU-M1nbhfe8k,The Burger Den,"209 Tarentum Bridge Road, New Kensington",40.5908581,-79.7516871,"restaurant,food,point_of_interest,establishment",restaurant,OPERATIONAL,4.2,13.0
ChIJ468a102XNIgREP5IKPkSby8,Wingstop,"100 Tarentum Bridge Road Ste 2A, New Kensington",40.5906777,-79.7506393,"restaurant,food,point_of_interest,establishment",restaurant,OPERATIONAL,3.2,93.0
ChIJL85iowWWNIgRcfrjk5sYOHA,A&W Restaurant,"100 Tarentum Bridge Road, New Kensington",40.5906777,-79.7506393,"restaurant,food,point_of_interest,establishment",restaurant,OPERATIONAL,3.9,23.0
ChIJ29Pfkm-_NIgRmAoxI6Sjsf8,Tortured Souls Brewing,"715 Craigdell Road, New Kensington",40.5783794,-79.7389391,"bar,restaurant,food,point_of_interest,establishment",restaurant,OPERATIONAL,4.6,112.0
ChIJQwhQRQWWNIgRCesIXfJ6d8M,Asian Kitchen,"270 Tarentum Bridge Road, New Kensington",40.59260080000001,-79.75153,"restaurant,food,point_of_interest,establishment",restaurant,OPERATIONAL,4.5,352.0
ChIJW_ANTaC9NIgRUXv7CkyVeEk,Gus Franco's Pizza,"2637 Leechburg Road, Lower Burrell",40.58971869999999,-79.7397902,"meal_takeaway,restaurant,food,point_of_interest,establishment","fast_food,restaurant",OPERATIONAL,4.9,299.0
ChIJqTVeAdm9NIgRaQERBbm_BsE,Community Supermarket,"3220 Leechburg Road, Lower Burrell",40.5827412,-79.710337,"supermarket,grocery_or_supermarket,store,food,point_of_interest,establishment",grocery,OPERATIONAL,4.4,643.0
ChIJsfjEqK-9NIgRxvhI8K5h25M,Dollar General,"105 Kenmont Avenue, Lower Burrell",40.59008740000001,-79.7389228,"drugstore,convenience_store,grocery_or_supermarket,health,store,food,point_of_interest,establishment",convenience,OPERATIONAL,4.4,159.0
ChIJKzQxhQ-WNIgRKhhbN5hczzY,Papa Johns Pizza,"2783 Leechburg Road, Lower Burrell",40.59178610000001,-79.7331758,"restaurant,food,point_of_interest,establishment",restaurant,OPERATIONAL,3.7,242.0
ChIJd2pwu-W9NIgRmaTKTDMnE28,The Hot Dog Guys,Lower Burrell,40.58494719999999,-79.72105119999999,"restaurant,food,point_of_interest,establishment",restaurant,OPERATIONAL,4.8,16.0
ChIJE88_7RT5NIgRRR7cKz8b9kM,Domino's Pizza,"2885 Leechburg Road, New Kensington",40.58993249999999,-79.7247407,"meal_delivery,meal_takeaway,restaurant,food,point_of_interest,establishment","fast_food,restaurant",OPERATIONAL,3.3,396.0
ChIJA72vVvi9NIgR3IIC_oecKuM,Pizza Hut,"2701 Leechburg Road, Lower Burrell",40.5903295,-79.73798310000001,"meal_delivery,meal_takeaway,restaurant,food,point_of_interest,establishment","fast_food,restaurant",OPERATIONAL,4.3,509.0
ChIJpQ4mvPm9NIgRGxG87fiZxHU,McDonald's,"2741 Leechburg Road, Lower Burrell",40.5910241,-79.7355616,"cafe,restaurant,food,store,point_of_interest,establishment",restaurant,OPERATIONAL,2.9,934.0
ChIJUyzBdfC9NIgRxUgVqtBQRfg,Fox's Pizza Den,"2807 Leechburg Road, New Kensington",40.5919347,-79.7302944,"meal_delivery,restaurant,food,point_of_interest,establishment",restaurant,OPERATIONAL,4.0,93.0
ChIJd2lImPm9NIgRCDZuoir4RMc,Villa Ballanca,"2740 Leechburg Road, Lower Burrell",40.590308,-79.7356994,"meal_takeaway,restaurant,food,store,point_of_interest,establishment","fast_food,restaurant",OPERATIONAL,4.7,1415.0
ChIJZZlmu_m9NIgRHsJ_zkmMol4,Burrell Inn,"2734 Leechburg Road, Lower Burrell",40.59014329999999,-79.735979,"bar,restaurant,food,point_of_interest,establishment",restaurant,OPERATIONAL,4.4,403.0
ChIJIWWtT_i9NIgRsriBI4nvVJ4,Clark's Diner,"2709 Leechburg Road, Lower Burrell",40.59044840000001,-79.7376194,"restaurant,food,point_of_interest,establishment",restaurant,OPERATIONAL,4.5,531.0
ChIJsSJzfvq9NIgRwtoRqEhKhJY,GC Grill @ Glen's Lower Burrell,"2796 Leechburg Road, New Kensington",40.5915699,-79.73167720000001,"restaurant,food,point_of_interest,establishment",restaurant,CLOSED_TEMPORARILY,5.0,2.0
ChIJnViiVOW9NIgR37FoVCfw__0,Pizza Moena,"2833 Leechburg Road, Lower Burrell",40.5913993,-79.7286968,"meal_takeaway,restaurant,food,point_of_interest,establishment","fast_food,restaurant",OPERATIONAL,4.6,279.0
ChIJnSokqfq9NIgRWIEBguoDXAo,Lamp Post,"2809 Leechburg Road, Lower Burrell",40.591861,-79.73017899999999,"bar,restaurant,food,point_of_interest,establishment",restaurant,OPERATIONAL,4.5,100.0
ChIJBbIfVua9NIgRbQbE_zKJg3A,Riviera Pizza and Pasta,"2955 Leechburg Road, Lower Burrell",40.5883682,-79.7207711,"restaurant,food,point_of_interest,establishment",restaurant,OPERATIONAL,4.0,198.0
ChIJe9rbdvC9NIgRRAqoepx15Bc,Hubz Kitchen,"2803 Leechburg Road, New Kensington",40.59202930000001,-79.73067449999999,"restaurant,food,point_of_interest,establishment",restaurant,OPERATIONAL,,
ChIJYYJg6Ni9NIgRI3A6tnbOqN4,Around Back Restaurant & Bar,"1155 Wildlife Lodge Road, New Kensington",40.581897,-79.7106931,"restaurant,food,point_of_interest,establishment",restaurant,CLOSED_TEMPORARILY,4.4,378.0
ChIJ54NQ9MCVNIgRXXubnw5QNHk,Perry Di Pizza Man's,"1150 Wildlife Lodge Road, Lower Burrell",40.5818655,-79.7115927,"meal_delivery,restaurant,food,point_of_interest,establishment",restaurant,OPERATIONAL,4.4,355.0
ChIJz3QTYue9NIgR3M5HNvBWXw4,St. Margaret Mary Church,"3055 Leechburg Rd, Lower Burrell",40.587946,-79.717829,"church,place_of_worship,point_of_interest,establishment",food_bank,OPERATIONAL,4.7,76.0
ChIJ80pJVgC9NIgRa6HpVjCWPDQ,Lower Burrell Farmers Market,"3260 Leechburg Rd, Lower Burrell",40.5844948,-79.70755,"point_of_interest,establishment",farmers_market,OPERATIONAL,5.0,1.0
ChIJ3dcgxdu9NIgR6CbXVv07xjo,bp,"3201 Leechburg Road, Lower Burrell",40.585525,-79.71024,"gas_station,supermarket,grocery_or_supermarket,food,store,point_of_interest,establishment",grocery,OPERATIONAL,3.6,43.0
ChIJ83sEHNq9NIgRvF7b9Wu2-RM,Dollar General,"3247 Leechburg Road, Lower Burrell",40.5852389,-79.7073556,"drugstore,convenience_store,grocery_or_supermarket,store,health,food,point_of_interest,establishment",convenience,OPERATIONAL,4.1,229.0
ChIJRT1Ezti9NIgRzT0beSQ7vdk,China Lobster,"3215 Leechburg Road, Lower Burrell",40.5857067,-79.7095379,"restaurant,food,point_of_interest,establishment",restaurant,OPERATIONAL,4.2,1037.0
ChIJxZbWRs69NIgRytPTDHGaI4s,Hill Crest Country Club,"3411 Leechburg Road, Lower Burrell",40.5904159,-79.69754789999999,"restaurant,food,point_of_interest,establishment",restaurant,OPERATIONAL,4.4,176.0
ChIJ7_n529u9NIgRh8HAazvpNH0,Mogie's Irish Pub,"3210 Leechburg Road, Lower Burrell",40.58507890000001,-79.7100578,"bar,restaurant,food,point_of_interest,establishment",restaurant,OPERATIONAL,4.3,548.0
ChIJ81IfzFy9NIgRt_iHNpvgXdo,Rudy's Table,"191 Hillcrest Shopping Center, Lower Burrell",40.58315650000001,-79.7090077,"restaurant,food,point_of_interest,establishment",restaurant,OPERATIONAL,4.7,204.0
ChIJp3xBtB69NIgRv3K2FFvzzyU,Dunkin',"110 Burrell Plaza, Lower Burrell",40.5859985,-79.7107498,"meal_takeaway,bakery,cafe,restaurant,food,store,point_of_interest,establishment","fast_food,restaurant",OPERATIONAL,3.7,133.0
ChIJgfjplCm5NIgR6apbUM0UYu8,HEAL Farms,"1002 White Cloud Rd, Apollo",40.5659759,-79.6398407,"food,store,point_of_interest,establishment",farmers_market,OPERATIONAL,4.9,37.0
ChIJbe7LbfFoNIgRnT2iAQkJ9hg,Giant Eagle Supermarket,"Green Garden Shopping Center, 3113 Green Garden Road, Aliquippa",40.59695339999999,-80.30429079999999,"grocery_or_supermarket,supermarket,store,food,point_of_interest,establishment",grocery,OPERATIONAL,4.0,752.0
ChIJd2dpz_FoNIgR6TJLwQKXg1g,GetGo Gas Station,"3105 Green Garden Road, Aliquippa",40.597677,-80.30342139999999,"gas_station,cafe,convenience_store,store,food,point_of_interest,establishment",convenience,OPERATIONAL,3.6,29.0
ChIJlZLQILloNIgRTjoDhoWQHNE,Magg's Restaurant,"2000 Beaver Lakes Boulevard, Aliquippa",40.61171299999999,-80.297067,"restaurant,food,point_of_interest,establishment",restaurant,OPERATIONAL,4.2,125.0
ChIJyR3zpJloNIgRc6tUcAOuZ3U,The Lebanese Club,"815 Raccoon Street, Aliquippa",40.60639159999999,-80.2857374,"restaurant,bar,food,point_of_interest,establishment",restaurant,OPERATIONAL,4.6,117.0
ChIJo-NgpploNIgRfJuBvhVG--Q,Ricky Dee's Pizza,"818 Raccoon Street, Aliquippa",40.6060642,-80.2851039,"bar,restaurant,food,night_club,point_of_interest,establishment",restaurant,OPERATIONAL,4.7,35.0
ChIJddr5pJloNIgRkR-isaT7nII,Sheffield Lanes,"818 Raccoon Street, Aliquippa",40.6061571,-80.2850139,"bowling_alley,bar,restaurant,food,night_club,point_of_interest,establishment",restaurant,OPERATIONAL,4.6,397.0
ChIJzZE_xZ5pNIgRhm1sG_NcqM4,Back 2 Barney’s,"814 Raccoon Street, Aliquippa",40.6065171,-80.2853128,"bar,restaurant,food,point_of_interest,establishment",restaurant,OPERATIONAL,4.4,168.0
ChIJI6FQHoppNIgRkXT7o_Jd1WE,Mister Cee's,"2355 Mill Street, Aliquippa",40.60704990000001,-80.2847317,"restaurant,food,point_of_interest,establishment",restaurant,OPERATIONAL,5.0,4.0
ChIJVYodAJ5oNIgR6QQjmotM_jI,House of Prayer Evangelical Lutheran Church,"2100 W Irwin St, Aliquippa",40.604192,-80.2774219,"church,place_of_worship,point_of_interest,establishment",food_bank,OPERATIONAL,4.8,38.0
ChIJN_KeTZ9oNIgRN5WAXEAb02I,Mt. Carmel Evangelical Presbyterian Church,"2720 Brodhead Rd, Aliquippa",40.6087537,-80.2822372,"church,place_of_worship,point_of_interest,establishment",food_bank,OPERATIONAL,4.9,11.0
ChIJMdfw0p9oNIgRD1Zjtb-vop0,ALDI,"2011 Sheffield Road, Aliquippa",40.607142,-80.277263,"supermarket,grocery_or_supermarket,store,food,point_of_interest,establishment",grocery,OPERATIONAL,4.5,524.0
ChIJv6i8AJ9oNIgRchsbSwWX8VI,Dollar General,"2009 Sheffield Road, Aliquippa",40.6070125,-80.27653,"drugstore,convenience_store,grocery_or_supermarket,health,store,food,point_of_interest,establishment",convenience,OPERATIONAL,3.9,285.0
ChIJkUfSxZ5oNIgRRM8DK4ngTak,APlus at Sunoco,"2680 Brodhead Road, Aliquippa",40.6061525,-80.28134829999999,"convenience_store,store,food,point_of_interest,establishment",convenience,OPERATIONAL,3.6,48.0
ChIJHxswxJ5oNIgRR38tYBXGtC8,Sunoco,"2680 Brodhead Road, Aliquippa",40.60610489999999,-80.28146199999999,"gas_station,convenience_store,store,food,point_of_interest,establishment",convenience,OPERATIONAL,4.0,17.0
ChIJKeinxJhoNIgRComiREmBsHk,CVS,"2719 Brodhead Road, Aliquippa",40.6088398,-80.2836634,"drugstore,convenience_store,clothing_store,health,store,food,point_of_interest,establishment",convenience,OPERATIONAL,2.5,59.0
ChIJD-3N_JlpNIgRWIX098CRMD0,7-Eleven,"2680 Brodhead Road, Aliquippa",40.6061525,-80.28134829999999,"convenience_store,cafe,liquor_store,store,restaurant,food,point_of_interest,establishment","convenience,restaurant",OPERATIONAL,1.5,2.0
ChIJl14f5h5nNIgRmYRNLnnUw2I,JACKSON MART,"1801 Jackson Street, Aliquippa",40.6096875,-80.2739857,"convenience_store,store,food,point_of_interest,establishment",convenience,OPERATIONAL,5.0,5.0
ChIJm6w4u59nNIgRG8AdoCBJUF4,Shell,"1518 Kennedy Boulevard, Aliquippa",40.6101633,-80.2689384,"gas_station,car_wash,convenience_store,store,food,point_of_interest,establishment",convenience,OPERATIONAL,4.2,60.0
ChIJZ1Y7sZ5oNIgREZ_uh22X7js,Papa Johns Pizza,"2671 Brodhead Road, Aliquippa",40.6055864,-80.2817012,"restaurant,food,point_of_interest,establishment",restaurant,OPERATIONAL,3.3,205.0
ChIJuTBkK5loNIgRZApz8M_wato,Subway,"2693 Brodhead Road, Aliquippa",40.60684919999999,-80.2824059,"meal_takeaway,restaurant,food,point_of_interest,establishment","fast_food,restaurant",OPERATIONAL,3.4,191.0
ChIJ5-MyIZxoNIgRh12kKPK19iQ,Dunkin',"2658 Brodhead Road, Aliquippa",40.6046018,-80.2804555,"cafe,meal_takeaway,bakery,store,restaurant,food,point_of_interest,establishment","fast_food,restaurant",OPERATIONAL,3.6,551.0
ChIJ6-uBKploNIgR3FI92sNhi54,Don Jose Mexican Grill,"2697 Brodhead Road, Aliquippa",40.6070802,-80.2825412,"restaurant,food,point_of_interest,establishment",restaurant,OPERATIONAL,4.3,383.0
ChIJC_jJdSdmNIgR7t0aJCafPQQ,Kendrew's Lounge,"2590 Brodhead Road, Aliquippa",40.6016536,-80.2757511,"bar,restaurant,food,point_of_interest,establishment",restaurant,OPERATIONAL,4.3,767.0
ChIJH5JVzp5oNIgRyfkksTVe--Q,Breezy's Pizza,"2314 Sheffield Road, Aliquippa",40.6062884,-80.282218,"restaurant,food,point_of_interest,establishment",restaurant,OPERATIONAL,4.5,208.0
ChIJld4QpZhoNIgR-Tk-ASq0Okg,Wendy's,"2719 Brodhead Road, Aliquippa",40.60921219999999,-80.2839822,"restaurant,food,point_of_interest,establishment",restaurant,OPERATIONAL,3.6,802.0
ChIJK6_wg51oNIgRGKyb74IkLDE,Arby's,"2605 Brodhead Road, Aliquippa",40.60178760000001,-80.2773966,"meal_takeaway,store,restaurant,food,point_of_interest,establishment","fast_food,restaurant",OPERATIONAL,4.0,510.0
ChIJKeinxJhoNIgR_aem2DDssHA,China Buffet,"2719 Brodhead Road # 8, Aliquippa",40.6088683,-80.2839391,"restaurant,food,point_of_interest,establishment",restaurant,OPERATIONAL,4.4,378.0
ChIJv3CGTwBpNIgRZbyl0k4qdMU,Taco Bell,"2624 Brodhead Road, Aliquippa",40.6028351,-80.27814339999999,"meal_takeaway,restaurant,food,point_of_interest,establishment","fast_food,restaurant",OPERATIONAL,3.1,83.0
ChIJMR90_NNpNIgRmNktNHIOd-Q,Domino's Pizza,"2646 Brodhead Road Suite 3 STE 3, Aliquippa",40.6039469,-80.2794583,"meal_delivery,meal_takeaway,restaurant,food,point_of_interest,establishment","fast_food,restaurant",OPERATIONAL,3.0,123.0
ChIJtV6gZkdpNIgRwN-2F8ty23g,The Happy Clucker,"2211 Sheffield Road, Aliquippa",40.60656949999999,-80.2804635,"restaurant,food,point_of_interest,establishment",restaurant,CLOSED_TEMPORARILY,4.1,14.0
ChIJTUO_tj5pNIgRuhUhk-eYVXE,Deli Fornia,"2207 Sheffield Road, Aliquippa",40.60661570000001,-80.2802427,"restaurant,food,point_of_interest,establishment",restaurant,OPERATIONAL,,
ChIJPUABCS5pNIgRGpK3i04Ku6I,Yianni’s Family Restaurant,"2203 Sheffield Road, Aliquippa",40.6066989,-80.2798426,"restaurant,food,point_of_interest,establishment",restaurant,OPERATIONAL,4.7,232.0
ChIJ5ehFL8ppNIgR1WnYOGrUDfE,Shishka-Chelle's,"2144 Sheffield Road, Aliquippa",40.60743829999999,-80.2795849,"restaurant,food,point_of_interest,establishment",restaurant,OPERATIONAL,3.3,3.0
ChIJxVVibQBpNIgR_Chzgh9dSUM,PA St. Louis Fish & Chick - Aliquippa,"2697 Brodhead Road, Aliquippa",40.6071276,-80.2824191,"restaurant,food,point_of_interest,establishment",restaurant,OPERATIONAL,4.0,47.0
ChIJt0l2VTdpNIgRC4SmQc9LGo0,Restaurante buffet Latino,"2108 Sheffield Road, Aliquippa",40.607572,-80.2789952,"restaurant,food,point_of_interest,establishment",restaurant,OPERATIONAL,4.4,19.0
ChIJd7gdpZ9oNIgRNzJxGpYeUag,Discover the Ultimate Hotdog Experience,"2108 Sheffield Road, Aliquippa",40.6075928,-80.2789372,"restaurant,food,point_of_interest,establishment",restaurant,OPERATIONAL,,
ChIJHbjgvhNmNIgR1siOo2rHklw,Franklin Mini-Mart,"Franklin Avenue, Aliquippa",40.61408900000001,-80.2584371,"convenience_store,food,store,point_of_interest,establishment",convenience,OPERATIONAL,4.2,5.0
ChIJn3AUeSxnNIgRBasltcNwzpg,Dictators Entertainment & Grille,"800 Franklin Avenue, Aliquippa",40.612305,-80.2539776,"meal_takeaway,restaurant,food,point_of_interest,establishment","fast_food,restaurant",OPERATIONAL,5.0,5.0
ChIJ-W_SERdmNIgRlBJ2D3vpQBg,Paris Grill,"1515 Kennedy Boulevard, Aliquippa",40.6112884,-80.264012,"bar,restaurant,food,point_of_interest,establishment",restaurant,OPERATIONAL,4.3,220.0
ChIJVe8DDW5mNIgRNBOZB76zZtw,Salvation Army Aliquippa Worship and Service Center,"514 Franklin Ave, Aliquippa",40.6155148,-80.248695,"church,place_of_worship,point_of_interest,establishment",food_bank,OPERATIONAL,4.7,26.0
ChIJb1Yq321mNIgRHaH457gWXUI,"Franklin Center of Beaver County, Inc.","524 Franklin Ave, Aliquippa",40.6153326,-80.248932,"point_of_interest,establishment",food_bank,OPERATIONAL,3.2,30.0
ChIJb1Yq321mNIgRI7MPIQLCVDA,Retired And Senior Volunteer Program Of Beaver County (rsvp) - Food Distribution Center,"524 Franklin Ave, Aliquippa",40.6152764,-80.2490088,"food,point_of_interest,establishment",food_bank,OPERATIONAL,,
ChIJa7hAKo9mNIgRNVA9zyyX3wg,Ambridge Shop 'n Save,"2910 Duss Avenue Shop N, Ambridge",40.6113552,-80.2259165,"grocery_or_supermarket,supermarket,store,food,point_of_interest,establishment",grocery,OPERATIONAL,4.1,759.0
ChIJA1UyqoxmNIgR0GgTYyJ14oc,Amoco,"2399 Duss Avenue, Ambridge",40.60500400000001,-80.226339,"gas_station,supermarket,grocery_or_supermarket,store,food,point_of_interest,establishment",grocery,OPERATIONAL,1.0,1.0
ChIJHWLXq4xmNIgRtmED0qIRKbs,Coen Markets,"2399 Duss Avenue, Ambridge",40.6049063,-80.226428,"convenience_store,gas_station,meal_takeaway,cafe,restaurant,food,store,point_of_interest,establishment","convenience,fast_food,restaurant",OPERATIONAL,4.0,27.0
ChIJS1OeO7NnNIgRM4M5sdmEk-k,Ambridge Food Mart,"1599 Duss Avenue, Ambridge",40.5989466,-80.2265925,"convenience_store,food,store,point_of_interest,establishment",convenience,OPERATIONAL,2.9,19.0
ChIJHzSChgZnNIgRU3PIH3mR9Fk,Dollar General,"1900 Duss Avenue, Ambridge",40.60165,-80.22596999999999,"convenience_store,drugstore,grocery_or_supermarket,food,health,store,point_of_interest,establishment",convenience,OPERATIONAL,3.1,16.0
ChIJW73x3GZnNIgRtyvceLWoTaQ,Lucky Pants Gaming & Coffee House,"2751 Duss Avenue, Ambridge",40.6094529,-80.22591179999999,"convenience_store,food,store,point_of_interest,establishment",convenience,OPERATIONAL,3.0,2.0
ChIJPRlaUfNmNIgR5V0afMZM4bE,Talerico's Bar & Grill,"2300 Duss Avenue, Ambridge",40.604498,-80.226064,"bar,restaurant,food,point_of_interest,establishment",restaurant,OPERATIONAL,4.2,367.0
ChIJmwF3-_NmNIgREtwrwaQX08E,Ambridge Italian Villa,"1710 Duss Avenue, Ambridge",40.600227,-80.226046,"meal_delivery,restaurant,food,point_of_interest,establishment",restaurant,OPERATIONAL,3.9,623.0
ChIJVc6zYQBnNIgRB2xlYolgq3U,Philly Originals - Ambridge,"1507 Duss Avenue, Ambridge",40.5982427,-80.2264972,"restaurant,food,point_of_interest,establishment",restaurant,OPERATIONAL,4.2,35.0
ChIJ-wdA6cxnNIgRRkBkSGr3Bv0,Annie Lee's Food Truck,"1601 Duss Avenue, Ambridge",40.5992454,-80.2264795,"meal_takeaway,restaurant,food,point_of_interest,establishment","fast_food,restaurant",OPERATIONAL,5.0,3.0
ChIJ_12QtnpnNIgRZpUvLJh-UNU,Annie Lee's Southern Kitchen,"1601 Duss Avenue, Ambridge",40.59925140000001,-80.22633350000001,"restaurant,food,point_of_interest,establishment",restaurant,OPERATIONAL,4.5,316.0
ChIJmVk5i_NmNIgR9C5RK8SMjs8,Duss Ave Cafe,"1811 Duss Avenue, Ambridge",40.6009572,-80.2263917,"restaurant,food,store,point_of_interest,establishment",restaurant,OPERATIONAL,4.4,463.0
ChIJ1ZfaFGBnNIgRHKAtBufyXxU,Sokah BBQ & Catering,"2316 Duss Avenue, Ambridge",40.6049407,-80.2260745,"meal_takeaway,restaurant,food,point_of_interest,establishment","fast_food,restaurant",OPERATIONAL,4.8,104.0
ChIJGXi5W5FhNIgR06DWPWW_3Aw,"Robert Emig & Assoc., Inc.","2560 Fairmount Church Road, Sewickley",40.60182499999999,-80.12850519999999,"restaurant,food,point_of_interest,establishment",restaurant,OPERATIONAL,,
ChIJ30TBpf9hNIgR2zGY-87pr8U,SHEETZ 617,"2615 Nicholson Rd, Sewickley",40.6130248,-80.1004602,"gas_station,point_of_interest,establishment",food_bank,OPERATIONAL,4.5,231.0
ChIJTZOlCQOKNIgRwXJT7QHvCjY,Kaelin Farm Market,"2547 Brandt School Rd, Wexford",40.6070661,-80.08845889999999,"point_of_interest,establishment",farmers_market,OPERATIONAL,4.8,154.0
ChIJZZFFMv-JNIgRlTbIg7EUJpE,Soergel Orchards,"2573 Brandt School Rd, Wexford",40.6139665,-80.09238979999999,"supermarket,grocery_or_supermarket,store,food,point_of_interest,establishment","farmers_market,grocery",OPERATIONAL,4.7,2519.0
ChIJjz9QufiJNIgRCcMGySOkgkA,Bella Frutteto Express & Catering,"2569 Brandt School Road, Wexford",40.6139088,-80.09133150000001,"restaurant,food,point_of_interest,establishment",restaurant,OPERATIONAL,4.6,458.0
ChIJrVV7xAKKNIgRz9zdmsk5w7s,Adrian's Pizza,"2562 Brandt School Road, Wexford",40.6112956,-80.08892279999999,"meal_delivery,restaurant,food,point_of_interest,establishment",restaurant,OPERATIONAL,3.8,130.0
ChIJjz9QufiJNIgRAIaInp9hxJg,Pomodoro,"2572 Brandt School Road, Wexford",40.6135085,-80.0893598,"restaurant,food,point_of_interest,establishment",restaurant,OPERATIONAL,4.2,617.0
ChIJe32geL-JNIgRZ9mj4g2tluY,The Spot Wexford,"2568 Brandt School Road, Wexford",40.6133439,-80.0892956,"restaurant,food,point_of_interest,establishment",restaurant,OPERATIONAL,4.7,97.0
ChIJu2_Wr7CLNIgRsYusfSGQpho,GetGo Café + Market,"10500 Perry Highway, Wexford",40.6093881,-80.0522606,"gas_station,cafe,convenience_store,store,food,point_of_interest,establishment",convenience,OPERATIONAL,3.2,37.0
ChIJn5ZncdOLNIgRqihXdZHi1qQ,Moe's Southwest Grill,"10339 Perry Highway, Wexford",40.60389290000001,-80.0511518,"restaurant,food,point_of_interest,establishment",restaurant,OPERATIONAL,4.3,599.0
ChIJ11mehtSLNIgRKluOXzcaZQM,Rita's Italian Ice & Frozen Custard,"10376 Perry Highway, Wexford",40.6048668,-80.0504144,"store,restaurant,food,point_of_interest,establishment",restaurant,CLOSED_TEMPORARILY,4.7,275.0
ChIJxcskONWLNIgRjo89UaPUy84,Poor Richard's Public House,"10501 Perry Highway, Wexford",40.6091504,-80.0533614,"bar,restaurant,food,point_of_interest,establishment",restaurant,OPERATIONAL,4.5,750.0
ChIJ2SGYxdSLNIgRYK2AW0AtgTE,Monte Cello's Pizza,"10441 Perry Highway, Wexford",40.606471,-80.052325,"restaurant,food,point_of_interest,establishment",restaurant,OPERATIONAL,4.2,544.0
ChIJXf-fR86LNIgROus1h9Y14O0,Billy's Roadhouse,"10150 Old Perry Highway House 2, Wexford",40.5980057,-80.0457364,"bar,restaurant,food,point_of_interest,establishment",restaurant,OPERATIONAL,4.5,587.0
ChIJQ4BsnNOLNIgRBOiWLXpXGb0,Totin's Diner,"10283 Perry Highway, Wexford",40.60260179999999,-80.0500627,"restaurant,food,point_of_interest,establishment",restaurant,OPERATIONAL,4.6,1700.0
ChIJu-s1AICJNIgRvNfCS7MgYV4,McDonald's,"10529 Perry Highway, Wexford",40.610161,-80.0540532,"cafe,store,restaurant,food,point_of_interest,establishment",restaurant,OPERATIONAL,3.4,1003.0
ChIJqUlxcdOLNIgRxzgWp2RnWb4,"Waffles INCaffeinated, Wexford","10339 Perry Highway, Wexford",40.6040265,-80.0511983,"cafe,store,restaurant,food,point_of_interest,establishment",restaurant,OPERATIONAL,4.3,861.0
ChIJEUsaynyLNIgR70ERLr7pCWQ,Tropical Smoothie Cafe,"10339 Perry Highway # 3, Wexford",40.6039999,-80.0511392,"cafe,restaurant,food,point_of_interest,establishment",restaurant,OPERATIONAL,4.3,43.0
ChIJY51_MYyLNIgRzwn0VmHDcpA,Slice on Broadway - Wexford,"10339 Perry Highway, Wexford",40.6042243,-80.05113999999999,"restaurant,food,point_of_interest,establishment",restaurant,OPERATIONAL,4.4,316.0
ChIJNSE8ftSLNIgR-q4zeghLXb4,Bin Tastic,United States,40.6050884,-80.05063369999999,"restaurant,food,point_of_interest,establishment",restaurant,OPERATIONAL,,
ChIJVTpVX9iLNIgRRXLlHsDJvwQ,Asian Palace,"10441 Perry Highway, Wexford",40.6068273,-80.0525208,"restaurant,food,point_of_interest,establishment",restaurant,OPERATIONAL,3.9,131.0
ChIJswhcpimKNIgRzo0QnUbwoKo,Eichner's Farm Market,"285 Richard Rd, Wexford",40.6074483,-80.0605217,"store,food,point_of_interest,establishment",farmers_market,OPERATIONAL,4.6,96.0
ChIJW5S9zAGMNIgR3W_iHYYA2DA,OTB at the North Park Boathouse,"10301 Pearce Mill Road, Allison Park",40.60481679999999,-80.0072532,"restaurant,cafe,food,point_of_interest,establishment",restaurant,OPERATIONAL,4.4,1217.0
ChIJscb0RNmNNIgRMkvpoAJlZE4,Sunoco,"4785 William Flinn Highway, Allison Park",40.5970306,-79.9479157,"gas_station,convenience_store,food,store,point_of_interest,establishment",convenience,OPERATIONAL,3.4,66.0
ChIJt-hxXMONNIgRpNz4w0X13CI,CVS,"4849 William Flinn Highway, Allison Park",40.5993494,-79.94808069999999,"drugstore,convenience_store,clothing_store,food,health,store,point_of_interest,establishment",convenience,OPERATIONAL,2.7,67.0
ChIJx8d8SNmNNIgRPWNVq_GVvKM,Food Mart,United States,40.5970302,-79.9479089,"convenience_store,food,store,point_of_interest,establishment",convenience,OPERATIONAL,,
ChIJmbbFWtmNNIgR7i8Yo5GEWRs,Kanlaya Thai Kitchen,"4779 William Flinn Highway, Allison Park",40.5965102,-79.9480653,"restaurant,food,point_of_interest,establishment",restaurant,OPERATIONAL,4.7,478.0
ChIJexmLXVONNIgRbR7Q3RnpPiM,Simply Subs,"4778 William Flinn Highway, Allison Park",40.5966609,-79.94730059999999,"store,restaurant,food,point_of_interest,establishment",restaurant,OPERATIONAL,4.6,259.0
ChIJHz4NC3aONIgR6rZ5eE18c2o,Burger King,"4885 William Flinn Highway, Allison Park",40.60195059999999,-79.9478142,"restaurant,food,point_of_interest,establishment",restaurant,CLOSED_TEMPORARILY,3.7,259.0
ChIJs9KW8WuONIgRV_emwJeV-Qo,Sheetz,"5300 State Highway 8, Gibsonia",40.6142006,-79.9467256,"convenience_store,gas_station,car_wash,liquor_store,cafe,restaurant,food,store,point_of_interest,establishment","convenience,restaurant",OPERATIONAL,3.6,114.0
ChIJ1ZrwvXWONIgRVm7-8alle0U,Panera Bread,"4960 William Flinn Highway, Allison Park",40.6023703,-79.9457762,"cafe,meal_takeaway,bakery,store,restaurant,food,point_of_interest,establishment","fast_food,restaurant",OPERATIONAL,3.9,414.0
ChIJF3H9ytiNNIgRVvrzmH-L4i8,Domino's Pizza,"4848 State Highway 8 Ste 2, Allison Park",40.5998786,-79.9465893,"meal_delivery,meal_takeaway,restaurant,food,point_of_interest,establishment","fast_food,restaurant",OPERATIONAL,3.3,198.0
ChIJu6W_KWyONIgR2iPdrm2_S-c,Bruno's Pizza,"2884 East Hardies Road, Gibsonia",40.6136407,-79.94675409999999,"restaurant,food,point_of_interest,establishment",restaurant,OPERATIONAL,4.4,239.0
ChIJQ0GvdG6ONIgRVuW_XXoLp9U,Eat'n Park,"5143 State Highway 8, Gibsonia",40.6126092,-79.9480578,"meal_takeaway,restaurant,food,point_of_interest,establishment","fast_food,restaurant",OPERATIONAL,4.1,1080.0
ChIJgYfph26ONIgR05N5njI1BsE,Dunkin',"5161 William Flinn Highway, Gibsonia",40.6135034,-79.9479825,"cafe,meal_takeaway,bakery,store,restaurant,food,point_of_interest,establishment","fast_food,restaurant",OPERATIONAL,3.3,369.0
ChIJKyjpYQONNIgRaxKzHUkM-y8,Why Cook? A Fare To Remember At Home,"4960 William Flinn Highway # 4, Allison Park",40.6017539,-79.94646329999999,"meal_takeaway,restaurant,food,point_of_interest,establishment","fast_food,restaurant",OPERATIONAL,4.9,27.0
ChIJD0i6rNiNNIgRCkOVOkgigmo,Vocelli Pizza,"4906 William Flinn Highway, Allison Park",40.6010719,-79.9468121,"meal_delivery,meal_takeaway,restaurant,food,point_of_interest,establishment","fast_food,restaurant",OPERATIONAL,4.3,83.0
ChIJOYMZKHSONIgR1toNJTUbr00,Bruster's Real Ice Cream,"4937 William Flinn Highway #8, Gibsonia",40.6041583,-79.947578,"bakery,store,restaurant,food,point_of_interest,establishment",restaurant,OPERATIONAL,4.5,359.0
ChIJEYjj4nOONIgRSkBNo5hBWo4,Arby's,"5030 William Flinn Highway, Gibsonia",40.6067916,-79.9467616,"meal_takeaway,store,restaurant,food,point_of_interest,establishment","fast_food,restaurant",OPERATIONAL,4.2,662.0
ChIJ7-UW9ZKNNIgRB1zqnYAx_zU,Jersey Mike's Subs,"4848 State Highway 8 Unit 5 A, Allison Park",40.60016239999999,-79.9465945,"meal_takeaway,store,restaurant,food,point_of_interest,establishment","fast_food,restaurant",OPERATIONAL,4.1,100.0
ChIJJb2UNHKPNIgR6S59WFxU8k4,Chipotle Mexican Grill,"4960 William Flinn Highway, Allison Park",40.60174050000001,-79.94666629999999,"restaurant,food,point_of_interest,establishment",restaurant,OPERATIONAL,3.2,371.0
ChIJJVad-HOONIgRp7ZKNDfw3Ls,Bob's Sub,"5004 William Flinn Highway B, Gibsonia",40.6058335,-79.94678189999999,"restaurant,food,point_of_interest,establishment",restaurant,OPERATIONAL,4.4,280.0
ChIJT6O6JGyONIgRut3_hjNYhxk,M-T-O,"5300 State Highway 8, Gibsonia",40.6141515,-79.94664639999999,"restaurant,food,point_of_interest,establishment",restaurant,OPERATIONAL,5.0,2.0
ChIJX42xZQSONIgRHzDlEtwfKvU,Messina's Pizza & Restaurant,"4992 Middle Road, Allison Park",40.6055148,-79.9257217,"meal_delivery,restaurant,food,point_of_interest,establishment",restaurant,OPERATIONAL,4.6,216.0
ChIJyx76BZORNIgRhtlOr46GnsU,Narcisi Winery,"4578 Gibsonia Road, Gibsonia",40.6094444,-79.8944444,"tourist_attraction,restaurant,food,point_of_interest,establishment",restaurant,OPERATIONAL,4.4,1017.0
ChIJCWox6mqRNIgRF4vY3DtCbqU,Deer Lakes Bowl & Lounge,"284 East Union Road, Cheswick",40.61132509999999,-79.85338569999999,"bowling_alley,night_club,bar,restaurant,food,point_of_interest,establishment",restaurant,OPERATIONAL,4.6,222.0
ChIJt-upGQCXNIgRJN3UYQCB66o,Chuck Wagons BBQ & Cheesesteaks,"260 Little Deer Creek Valley Road, Cheswick",40.5983667,-79.8290105,"restaurant,food,point_of_interest,establishment",restaurant,CLOSED_TEMPORARILY,3.8,54.0
ChIJ260pITaRNIgRVZdJBRX7zm4,West Deer Tech Inc/food Bank - Food Distribution Center,Russellton,40.6114415,-79.83699380000002,"food,point_of_interest,establishment",food_bank,OPERATIONAL,,
ChIJUe-obwyRNIgR70x0cY-gAHI,Forged in Faith Church Food Bank,"810 Little Deer Creek Valley Rd, Russellton",40.6133995,-79.83524249999999,"food,point_of_interest,establishment",food_bank,OPERATIONAL,,
ChIJJdadRUqRNIgRJ5VFFvSKdR8,Russellton Shop 'n Save,"Box 67, Deer Lakes Plaza, Russellton",40.6086798,-79.8334753,"grocery_or_supermarket,supermarket,store,food,point_of_interest,establishment",grocery,OPERATIONAL,3.9,372.0
ChIJ5cmHEEqRNIgRbCg1CWYXXq4,Fox's Pizza Den,"908 Little Deer Creek Valley Road, Russellton",40.6084344,-79.8327112,"meal_delivery,restaurant,food,point_of_interest,establishment",restaurant,OPERATIONAL,4.0,103.0
ChIJaX1EXQCRNIgRtgoLV1k-1-M,Hayloft Bar & Grille,"Smith Grove Campground, 904 Little Deer Creek Valley Road, Russellton",40.6061044,-79.8306242,"restaurant,food,point_of_interest,establishment",restaurant,OPERATIONAL,4.2,46.0
ChIJ5cmHEEqRNIgRRO5iF8aXoMo,Great Wall Chinese Restaurant,"908 Little Deer Creek Valley Road, Russellton",40.608538,-79.8327747,"restaurant,food,point_of_interest,establishment",restaurant,OPERATIONAL,4.0,53.0
ChIJbVkxIACXNIgR3k7Ufw513ZE,Tarentum Farmers Market,Tarentum,40.6048395,-79.7560664,"point_of_interest,establishment",farmers_market,OPERATIONAL,,
ChIJ77jF1hWWNIgRYTL-iteoLTE,Marathon Gas,"100 East 7th Avenue Marathon, Tarentum",40.6017708,-79.7567064,"gas_station,convenience_store,store,food,point_of_interest,establishment",convenience,OPERATIONAL,2.9,23.0
ChIJ3yDhNRaWNIgR5OtX3xwKGnM,Tarentum Mart,"303 East 6th Avenue, Tarentum",40.60264199999999,-79.7542648,"convenience_store,store,food,point_of_interest,establishment",convenience,OPERATIONAL,3.2,12.0
ChIJuwxdfyGWNIgRcQNgH3G_n94,Devil Dog Saloon,"815 6th Avenue, Brackenridge",40.6055643,-79.7452787,"bar,restaurant,food,night_club,point_of_interest,establishment",restaurant,OPERATIONAL,4.2,287.0
ChIJMxBo7ReWNIgRDkPXor7552U,Praha Hotel,"400 Corbet Street, Tarentum",40.60252029999999,-79.7519418,"restaurant,bar,food,point_of_interest,establishment",restaurant,OPERATIONAL,4.3,256.0
ChIJF_fNyReWNIgRy_D73HwqQa4,JG's Tarentum Station Grille,"101 Station Drive, Tarentum",40.60262399999999,-79.7535041,"bar,restaurant,food,point_of_interest,establishment",restaurant,OPERATIONAL,4.5,532.0
ChIJY4tm5BeWNIgRAhb9Btw2P7I,Fox's Pizza Den,"407 East 6th Avenue, Tarentum",40.6032889,-79.75207940000001,"meal_delivery,restaurant,food,point_of_interest,establishment",restaurant,OPERATIONAL,4.0,195.0
ChIJgwVx5D2WNIgRO734e01KjEo,Dunkin',"301 East 10th Avenue, Tarentum",40.60533559999999,-79.756394,"meal_takeaway,bakery,cafe,restaurant,food,store,point_of_interest,establishment","fast_food,restaurant",OPERATIONAL,3.6,645.0
ChIJwWIIPi2XNIgRUiGGDSdNtMg,Ales on 6th,"201 East 6th Avenue, Tarentum",40.6022203,-79.75536489999999,"bar,restaurant,food,point_of_interest,establishment",restaurant,OPERATIONAL,4.1,176.0
ChIJ47wspReWNIgRANgtvpW680M,Cindy's Hometown Restaurant,"309 East 4th Avenue, Tarentum",40.6018921,-79.753543,"restaurant,food,point_of_interest,establishment",restaurant,CLOSED_TEMPORARILY,4.3,149.0
ChIJHxf_wt6XNIgRI3PYEVKMRvE,Massarts,"310 East 6th Avenue, Tarentum",40.6029195,-79.7539506,"restaurant,food,point_of_interest,establishment",restaurant,OPERATIONAL,4.7,66.0
ChIJuQGw9heWNIgRw9OtUuFqHco,Highlands Family Center,"415 E 4th Ave #6, Tarentum",40.602618,-79.75140259999999,"point_of_interest,establishment",food_bank,OPERATIONAL,4.9,44.0
ChIJWQlJeCCWNIgREuoMkKRUUr8,Salvation Army Allegheny Valley Worship and Service Center,"917 Brackenridge Ave, Brackenridge",40.6047374,-79.7401096,"point_of_interest,establishment",food_bank,OPERATIONAL,4.7,65.0
ChIJW9c3eCCWNIgR5TIyNqMVtAA,Allegheny Valley Salvation Army - Food Distribution Center,"917 Brackenridge Ave, Brackenridge",40.6047389,-79.7401048,"food,point_of_interest,establishment",food_bank,OPERATIONAL,5.0,1.0
ChIJZ_9KwxeWNIgRwHP3GVFsG6M,Horizon Market,"328 E 6th Ave, Tarentum",40.60317,-79.752878,"grocery_or_supermarket,food,store,point_of_interest,establishment",food_bank,OPERATIONAL,4.7,54.0
ChIJUfB8WN-9NIgRpkAHzM5W2uY,The Speed Family Blessing Box Pantry Inc.,"2108 Spooky Hollow Rd, Lower Burrell",40.6007722,-79.7065748,"point_of_interest,establishment",food_bank,OPERATIONAL,5.0,10.0
ChIJ65Wj8Wa8NIgRkvTiQqr21eg,River City Pizza,"4399 Leechburg Road, New Kensington",40.60920719999999,-79.6687508,"meal_takeaway,meal_delivery,restaurant,food,point_of_interest,establishment","fast_food,restaurant",CLOSED_TEMPORARILY,3.8,48.0
ChIJbaP-4p5oNIgRrgDnAj7UWEU,New Sheffield Cafe,"3154 Brodhead Road, Aliquippa",40.6300641,-80.3104381,"restaurant,food,point_of_interest,establishment",restaurant,OPERATIONAL,4.3,738.0
ChIJY-x6FABnNIgR0eTvl3YAkv0,Marleny's Salvadorian Kitchen,"704 Division Street, Aliquippa",40.61496959999999,-80.2757266,"restaurant,food,point_of_interest,establishment",restaurant,OPERATIONAL,,
ChIJn7nEXZ1nNIgRKZM60rQxQPs,A&J's Deli Sandwiches,"#000000, Aliquippa",40.615537,-80.26218519999999,"restaurant,food,point_of_interest,establishment",restaurant,OPERATIONAL,,
ChIJAcszKxJmNIgRNGoNQhD42DM,Stevie's Dairy Mart,"1230 Sheffield Avenue, Aliquippa",40.6153489,-80.2597693,"restaurant,food,point_of_interest,establishment",restaurant,OPERATIONAL,4.9,36.0
ChIJ-w-1SBBvNIgRvszti3oqUTU,Church In the Round,"784 Griffith St, Aliquippa",40.6218806,-80.2599379,"church,place_of_worship,point_of_interest,establishment",food_bank,OPERATIONAL,4.6,29.0
ChIJd6QCGW5mNIgReKz0MsvdvRU,Sound the Alarm Ministries,"1 Shekinah Wy, Aliquippa",40.6184283,-80.2549059,"church,place_of_worship,point_of_interest,establishment",food_bank,OPERATIONAL,4.5,23.0
ChIJS1CyPatnNIgRxG1YK3156BM,Dollar General,"601 Franklin Avenue, Aliquippa",40.6142,-80.2499,"convenience_store,drugstore,grocery_or_supermarket,food,health,store,point_of_interest,establishment",convenience,OPERATIONAL,3.9,88.0
ChIJpc5vkv9nNIgR5YVOKC2chBs,Sugakane’s Street Tacos and Rice Bowls,"490 Franklin Avenue, Aliquippa",40.6156948,-80.24850459999999,"restaurant,food,point_of_interest,establishment",restaurant,OPERATIONAL,5.0,7.0
ChIJf5KDfQBnNIgRv5RAhicj7Ho,MARLENY SALVADORAN KITCHEN - (COMIDA SALVADOREÑA),"483 Franklin Avenue, Aliquippa",40.6154703,-80.2481411,"restaurant,food,point_of_interest,establishment",restaurant,OPERATIONAL,4.8,9.0
ChIJTXiQ-C9nNIgR6fz94bkSk14,TBJ's Southern Sauce,"313 Franklin Avenue, Aliquippa",40.61763560000001,-80.24576499999999,"restaurant,food,point_of_interest,establishment",restaurant,CLOSED_TEMPORARILY,4.8,81.0
ChIJ4-MpQypkNIgRnVr1QHSotu8,ALDI,"351 Logan Lane, Baden",40.62732999999999,-80.22724199999999,"supermarket,grocery_or_supermarket,store,food,point_of_interest,establishment",grocery,OPERATIONAL,4.5,406.0
ChIJ5bDJjipkNIgR8RNqCXwIiok,Speedy Café,"3801 Ohio River Boulevard, Baden",40.6261034,-80.22990449999999,"restaurant,convenience_store,store,food,point_of_interest,establishment","convenience,restaurant",OPERATIONAL,4.5,32.0
ChIJ7-ZHWSpkNIgRLVfXEwKbkoA,Sheetz,"100 Ohio River Boulevard, Baden",40.62690069999999,-80.22847159999999,"convenience_store,gas_station,car_wash,cafe,liquor_store,store,restaurant,food,point_of_interest,establishment","convenience,restaurant",OPERATIONAL,3.5,144.0
ChIJ9b3OMuVlNIgR6SllpGvmGtk,Dollar General,"3846 Duss Avenue, Baden",40.6263358,-80.22559919999999,"convenience_store,drugstore,grocery_or_supermarket,health,store,food,point_of_interest,establishment",convenience,OPERATIONAL,4.3,218.0
ChIJD7J6_ilkNIgR5f_IESKwZLo,Ba'Runi Grille,"3797 Duss Avenue, Baden",40.6250064,-80.2260859,"bar,restaurant,food,point_of_interest,establishment",restaurant,OPERATIONAL,4.1,471.0
ChIJV8pKKo9mNIgRVInJvffAxmU,Tracks End,"2934 Duss Avenue, Ambridge",40.6151758,-80.22439779999999,"restaurant,food,point_of_interest,establishment",restaurant,OPERATIONAL,4.2,472.0
ChIJ6x0Pzf6JNIgRbuLFALo-xWQ,T-Bones Marketplace,"100 VIP Drive #101, Wexford",40.616876,-80.09311799999999,"grocery_or_supermarket,supermarket,store,food,point_of_interest,establishment",grocery,OPERATIONAL,4.7,1016.0
ChIJK62RmP9hNIgRofLHaDfXGC8,Sheetz,"2615 Nicholson Road, Sewickley",40.61301429999999,-80.1003679,"convenience_store,gas_station,car_wash,liquor_store,cafe,restaurant,food,store,point_of_interest,establishment","convenience,restaurant",OPERATIONAL,4.1,119.0
ChIJgVFMzv6JNIgR1nE0lHEh_Ws,Starbucks Coffee Company,"105 VIP Drive, Wexford",40.61725,-80.09406,"cafe,store,restaurant,food,point_of_interest,establishment",restaurant,OPERATIONAL,3.9,531.0
ChIJleC81PiJNIgRhV3_tnU6Gwg,Eat'n Park,"2650 Brandt School Road, Wexford",40.6160017,-80.0913798,"meal_takeaway,restaurant,food,point_of_interest,establishment","fast_food,restaurant",OPERATIONAL,4.0,745.0
ChIJjz9QufiJNIgRDqDTEoor9Uw,Oriental Express,"2610 Brandt School Road, Wexford",40.6151584,-80.0912682,"meal_delivery,restaurant,food,point_of_interest,establishment",restaurant,OPERATIONAL,4.3,128.0
ChIJJeu3cQJeNIgRMEVyj52ZPXQ,Subway,"2612 Brandt School Road, Wexford",40.6152352,-80.0913164,"meal_takeaway,restaurant,food,point_of_interest,establishment","fast_food,restaurant",OPERATIONAL,4.2,65.0
ChIJ99h8Lv-JNIgRyUno2N-07Ls,Sir Pizza,"2624 Brandt School Road, Wexford",40.61542999999999,-80.09136099999999,"restaurant,food,point_of_interest,establishment",restaurant,OPERATIONAL,4.4,375.0
ChIJ3_jr1OFjNIgRzgQ3dLyLOFs,Farmer's Fridge,"Located on the main floor in the cafeteria / grab and go station, 2599 Wexford Bayne Road, Sewickley",40.614267,-80.1008245,"restaurant,food,point_of_interest,establishment",restaurant,OPERATIONAL,,
ChIJF4gY8thjNIgRvWUQekKhpV0,American Natural,"2619 Wexford Bayne Road, Sewickley",40.6148424,-80.09897459999999,"gas_station,meal_takeaway,liquor_store,store,restaurant,food,point_of_interest,establishment","fast_food,restaurant",OPERATIONAL,3.6,52.0
ChIJdf4Xy1qJNIgR8QOjegau0no,Thorn Hill Tap House,"105 VIP Drive, Wexford",40.6171105,-80.09397229999999,"restaurant,bar,food,point_of_interest,establishment",restaurant,OPERATIONAL,4.3,796.0
ChIJr-0hNaWJNIgRvS-4netlJo0,Dee Jay's BBQ Ribs & Grille - Wexford,"2602 Brandt School Road, Wexford",40.61502369999999,-80.0912146,"restaurant,meal_takeaway,bar,food,point_of_interest,establishment","fast_food,restaurant",OPERATIONAL,4.5,282.0
ChIJv9lVDaOJNIgRBJkj4iHbGwU,North Way Christian Community - Wexford,"12121 Perry Hwy, Wexford",40.6337034,-80.06239819999999,"church,place_of_worship,health,point_of_interest,establishment",food_bank,OPERATIONAL,4.6,107.0
ChIJvTPyZuyJNIgR9_eoElzLUXI,Shenot Farm & Market,"3754 Wexford Run Rd, Wexford",40.6260056,-80.0789944,"grocery_or_supermarket,store,food,point_of_interest,establishment",farmers_market,OPERATIONAL,4.7,493.0
ChIJo8DGHICJNIgRiMySn0v3HpI,Whole Foods Market,"10576 Perry Highway, Wexford",40.61235620000001,-80.052717,"grocery_or_supermarket,supermarket,bakery,health,store,food,point_of_interest,establishment",grocery,OPERATIONAL,4.3,1212.0
ChIJscmrnJ-JNIgRPeWpRa0pe2M,ALDI,"11800 Perry Highway, Wexford",40.630231,-80.05566999999999,"supermarket,grocery_or_supermarket,store,food,point_of_interest,establishment",grocery,OPERATIONAL,4.6,592.0
ChIJuUcEMwCJNIgRrW5geQMtHSE,Jimi White Merch Wexford PA,"11306 Perry Highway, Wexford",40.6298022,-80.05512159999999,"supermarket,grocery_or_supermarket,store,food,point_of_interest,establishment",grocery,OPERATIONAL,,
ChIJL3g14jGJNIgRuMYjuZ3_eaQ,CVS,"11240 Perry Highway, Wexford",40.6213692,-80.05379789999999,"drugstore,convenience_store,clothing_store,health,store,food,point_of_interest,establishment",convenience,OPERATIONAL,2.8,44.0
ChIJKYcAW56JNIgR18x5qCo8ouM,Patron Mexican Grill,"11675 Perry Highway, Wexford",40.6267565,-80.05556469999999,"bar,restaurant,food,point_of_interest,establishment",restaurant,OPERATIONAL,4.4,1575.0
ChIJB771R4KJNIgR5Rl6IeWlRqM,Wendy's,"10810 Perry Highway, Wexford",40.6156447,-80.054814,"restaurant,food,point_of_interest,establishment",restaurant,OPERATIONAL,4.0,562.0
ChIJ82jugX-JNIgRkKq3a9Iq6lM,The Wexford Pub,"10576 Perry Highway, Wexford",40.6123416,-80.0527455,"restaurant,food,point_of_interest,establishment",restaurant,OPERATIONAL,4.6,148.0
ChIJTWJJNp2JNIgRMVZBsrx09Sk,Smoothie King,"11199 Perry Highway, Wexford",40.62082999999999,-80.05507279999999,"meal_delivery,health,store,restaurant,food,point_of_interest,establishment",restaurant,OPERATIONAL,4.3,158.0
ChIJGY7KiJ2JNIgR7H9Q6c5fGw4,Chipotle Mexican Grill,"11359 Perry Highway, Wexford",40.6229989,-80.0543091,"restaurant,food,point_of_interest,establishment",restaurant,OPERATIONAL,3.9,623.0
ChIJSxGJHICJNIgRdYm59clq0HU,Starbucks Coffee Company,"11354 Perry Highway, Wexford",40.62259,-80.05340000000001,"cafe,store,restaurant,food,point_of_interest,establishment",restaurant,OPERATIONAL,4.2,477.0
ChIJ8a5WMp2JNIgRJ3hz2MBSyzg,Dunkin',"11175 Perry Highway, Wexford",40.6204883,-80.0552934,"cafe,meal_takeaway,bakery,store,restaurant,food,point_of_interest,establishment","fast_food,restaurant",OPERATIONAL,3.7,464.0
ChIJCeBcCJ6JNIgRrP__CPIOKg4,Cenci's Pizzeria & Bar,"11530 Perry Highway, Wexford",40.6254311,-80.05370719999999,"bar,restaurant,food,point_of_interest,establishment",restaurant,OPERATIONAL,4.2,728.0
ChIJcTYaiaGJNIgRiqrcrKSwbV8,Panera Bread,"12071 Perry Highway, Wexford",40.632031,-80.060824,"cafe,meal_takeaway,bakery,store,restaurant,food,point_of_interest,establishment","fast_food,restaurant",OPERATIONAL,3.8,450.0
ChIJY3AXPoKJNIgRh9FZKb95rXY,Zuppa's Delicatessen Wexford,"10850 Perry Highway Ste 1, Wexford",40.6164208,-80.0549145,"store,restaurant,food,point_of_interest,establishment",restaurant,OPERATIONAL,4.8,370.0
ChIJnecdjaGJNIgRD23rgXPJMVE,Jimmy John's,"12061 Perry Highway, Wexford",40.6318745,-80.0605968,"restaurant,food,point_of_interest,establishment",restaurant,OPERATIONAL,4.1,88.0
ChIJLbh0J7aJNIgRalAYagOPGXs,Taco Bell,"10955 Perry Highway, Wexford",40.6175046,-80.0561413,"meal_takeaway,restaurant,food,point_of_interest,establishment","fast_food,restaurant",OPERATIONAL,3.6,461.0
ChIJNQWQ-YH3NIgRlov3XioSdXE,Domino's Pizza,"10900 Perry Highway, Wexford",40.6167255,-80.055016,"meal_delivery,meal_takeaway,restaurant,food,point_of_interest,establishment","fast_food,restaurant",OPERATIONAL,3.8,73.0
ChIJKzQ1hEyJNIgRpH_7HliTL7o,CALIFORNIA TACO SHOP,"11000 Perry Highway, Wexford",40.61819879999999,-80.0549614,"restaurant,food,point_of_interest,establishment",restaurant,OPERATIONAL,4.6,200.0
ChIJyc2oWACJNIgRjF4Fvk1sV28,Let's Sushi,"10636 Perry Highway, Wexford",40.6135551,-80.0532133,"meal_takeaway,bar,restaurant,food,point_of_interest,establishment","fast_food,restaurant",OPERATIONAL,4.8,474.0
ChIJg0qHbhCJNIgRPq9-uGQmxRI,Genji Sushi,"10576 Perry Highway, Wexford",40.6121767,-80.05288709999999,"restaurant,food,point_of_interest,establishment",restaurant,OPERATIONAL,3.0,3.0
ChIJZ1EpeZ6JNIgRt45uVjnj3us,Cole's Tavern,"161 Church Road, Wexford",40.625619,-80.0559153,"bar,restaurant,food,point_of_interest,establishment",restaurant,OPERATIONAL,4.6,114.0
ChIJoa4uNaeJNIgRtYWSH5-zP8M,TA’CON Todo Taqueria,"11566 Perry Highway, Wexford",40.6262255,-80.0543,"restaurant,food,point_of_interest,establishment",restaurant,OPERATIONAL,4.8,64.0
ChIJ_8uQ7qGJNIgRYzd88AWyBoc,The Gyro Shop,"12027 Perry Highway, Wexford",40.6315853,-80.0595932,"restaurant,food,point_of_interest,establishment",restaurant,OPERATIONAL,4.6,591.0
ChIJG8657aGJNIgRf1h9SCKuUGk,China House,"12037 Perry Highway, Wexford",40.6316199,-80.059946,"restaurant,food,point_of_interest,establishment",restaurant,OPERATIONAL,4.5,181.0
ChIJR68XYJqJNIgROVpUdONxVTg,Tatva,"12009 Perry Highway, Wexford",40.6314875,-80.0590368,"restaurant,food,point_of_interest,establishment",restaurant,OPERATIONAL,4.7,467.0
ChIJMTOTGGqONIgRlgkmyFqNYbQ,Shop 'N Save,"RD #3, 5375 William Flinn Highway, Gibsonia",40.6190456,-79.9474587,"grocery_or_supermarket,supermarket,store,food,point_of_interest,establishment",grocery,OPERATIONAL,4.1,373.0
ChIJMTOTGGqONIgRPxGC1ppIitw,Emiliano's Mexican Restaurant & Bar (Gibsonia),"5375 William Flinn Highway, Gibsonia",40.61832,-79.9472127,"bar,restaurant,food,point_of_interest,establishment",restaurant,OPERATIONAL,4.5,1201.0
ChIJGc4RZYuPNIgRRGHYyAGXAuM,8 Star Cuisine,"5375 William Flinn Highway Suite 14, Gibsonia",40.6192989,-79.9475004,"restaurant,food,point_of_interest,establishment",restaurant,OPERATIONAL,4.5,262.0
ChIJL4nFlmuONIgRxxajOBScMr8,North Park Lounge Richland,"5301 Ranalli Drive, Gibsonia",40.6170863,-79.9449116,"bar,restaurant,food,point_of_interest,establishment",restaurant,OPERATIONAL,4.1,1048.0
ChIJd8aXMkCONIgR-gA12q2tuIo,McDonald's,"200 Walmart Drive, Gibsonia",40.6214805,-79.9441087,"cafe,store,restaurant,food,point_of_interest,establishment",restaurant,OPERATIONAL,3.6,596.0
ChIJB82cD2yONIgRQfffF5ayeJU,Cousins Maine Lobster,United States,40.61541250000001,-79.9464722,"restaurant,food,point_of_interest,establishment",restaurant,OPERATIONAL,2.3,12.0
ChIJmQT51P-PNIgRMlwKoyqZPXQ,PhoEverMore,"5316 William Flinn Highway Suite 101, Gibsonia",40.6154805,-79.946406,"restaurant,food,point_of_interest,establishment",restaurant,OPERATIONAL,4.9,442.0
ChIJM88qD2yONIgRDoxxN72vBTE,Pho Grill,United States,40.61558280000001,-79.9463828,"restaurant,food,point_of_interest,establishment",restaurant,OPERATIONAL,,
ChIJZTCxvUSPNIgRfV_W1-kf4ng,Sushi Jin Jing,"5330 William Flinn Highway, Gibsonia",40.6166569,-79.94574899999999,"restaurant,food,point_of_interest,establishment",restaurant,OPERATIONAL,4.3,131.0
ChIJ4a2qs2uONIgRhomrT2tuOKE,Grande Pizza Italian Restaurant,"5354 William Flinn Highway, Gibsonia",40.6178724,-79.94512449999999,"restaurant,food,point_of_interest,establishment",restaurant,OPERATIONAL,4.6,197.0
ChIJIaGUXUeONIgRt73VIOs3qpc,China House,"5513 William Flinn Highway Suite 600, Gibsonia",40.6271469,-79.9425004,"restaurant,food,point_of_interest,establishment",restaurant,OPERATIONAL,4.4,177.0
ChIJG2rHNzWPNIgRvnul9tEyPPw,feast,"5513 William Flinn Highway Suite 100, Gibsonia",40.62679489999999,-79.94243569999999,"restaurant,bar,food,point_of_interest,establishment",restaurant,OPERATIONAL,4.9,114.0
ChIJhebigIiPNIgRxOm12EtwVgI,Tequila Jalisco,"5517 William Flinn Highway, Gibsonia",40.6273735,-79.942398,"restaurant,food,point_of_interest,establishment",restaurant,OPERATIONAL,4.8,515.0
ChIJSdpiZpCPNIgRXbYhj6t6pM0,Nutrition,"6 McIntyre Rd, Gibsonia",40.622909,-79.921388,"food,point_of_interest,establishment",food_bank,OPERATIONAL,,
ChIJ2_BvaXSPNIgRjwVkXYLPHJQ,Tikka Taco,"4358 Gibsonia Road, Gibsonia",40.6217863,-79.92080059999999,"restaurant,food,point_of_interest,establishment",restaurant,CLOSED_TEMPORARILY,4.7,309.0
ChIJAQBQ9d6RNIgRb4nHeNkVaRM,Ryan's Wings,"4391 Gibsonia Road, Gibsonia",40.6207369,-79.91511609999999,"restaurant,food,point_of_interest,establishment",restaurant,OPERATIONAL,,
ChIJVaefyb6RNIgR9nfZm3wXa30,Dough Daddy Brewery,"4381 Gibsonia Road, Gibsonia",40.6206788,-79.9150071,"bar,restaurant,food,point_of_interest,establishment",restaurant,OPERATIONAL,3.7,138.0
ChIJd6Rwe96PNIgRJ7cXxVyn4Lw,BrewQueue,"104 Sarah Court, Gibsonia",40.6304178,-79.92461550000002,"night_club,bar,restaurant,food,point_of_interest,establishment",restaurant,OPERATIONAL,,
ChIJj-lZYjSRNIgRgK4iMfaMKJg,Dillner Family Farms,"80 Oak Rd, Gibsonia",40.6229522,-79.9002399,"point_of_interest,establishment",farmers_market,OPERATIONAL,4.9,53.0
ChIJI6Kp-DKRNIgRVvf-3K6uxNc,Dollar General,"289 Oak Road, Gibsonia",40.63037449999999,-79.8881,"drugstore,convenience_store,grocery_or_supermarket,food,health,store,point_of_interest,establishment",convenience,OPERATIONAL,4.3,113.0
ChIJsY7q-hqRNIgRvcUeOwEJQ74,Mike's New Moon Saloon,"2059 Saxonburg Boulevard, Gibsonia",40.6252261,-79.8609791,"bar,restaurant,food,point_of_interest,establishment",restaurant,OPERATIONAL,4.5,94.0
ChIJox771BCRNIgRFDJxBhD_EPo,Siciliano's Pizzeria,"86 East Union Road #1710, Cheswick",40.62058760000001,-79.8583471,"restaurant,food,point_of_interest,establishment",restaurant,OPERATIONAL,4.7,84.0
ChIJzV0jl1ORNIgRv5EQHWRFEJQ,Angelo's Pizzeria West Deer,"2033 Saxonburg Boulevard, Tarentum",40.625513,-79.85901729999999,"restaurant,food,point_of_interest,establishment",restaurant,OPERATIONAL,4.5,36.0
ChIJZ5vKQSqRNIgRVlBJUr3wrws,American Pie Eatery,"445 Bairdford Road, Bairdford",40.6320573,-79.8794715,"restaurant,food,point_of_interest,establishment",restaurant,OPERATIONAL,4.9,44.0
ChIJdz322R6RNIgRHbCp5qz2Zco,bp,"1967 Saxonburg Boulevard, Tarentum",40.62922,-79.85591,"gas_station,supermarket,grocery_or_supermarket,store,food,point_of_interest,establishment",grocery,OPERATIONAL,3.9,18.0
ChIJ8wGCk1yRNIgRMEz3w0Lc78g,Dollar General,"201 Starr Road, Russellton",40.61729,-79.83556,"drugstore,convenience_store,grocery_or_supermarket,store,health,food,point_of_interest,establishment",convenience,OPERATIONAL,3.6,8.0
ChIJYSNtvjORNIgR5UnQ0Sqx_Zo,Stello's Pizzeria,"10 Creighton Russellton Road, Russellton",40.6170944,-79.8327389,"meal_delivery,restaurant,food,point_of_interest,establishment",restaurant,OPERATIONAL,4.6,278.0
ChIJ-03RpjORNIgRjd6uZ4xKANU,Deer Creek Diner,"13 Creighton Russellton Road, Russellton",40.6176278,-79.8327139,"restaurant,food,point_of_interest,establishment",restaurant,OPERATIONAL,4.6,824.0
ChIJ6-z_9Xa9NIgR4eJXLHvm7g4,bp,"1717 Freeport Road, Natrona Heights",40.62355499999999,-79.724892,"gas_station,supermarket,grocery_or_supermarket,food,store,point_of_interest,establishment",grocery,OPERATIONAL,2.7,22.0
ChIJeZeNy3e9NIgReXjyJbW0f90,Dollar General,"1710 Broadview Boulevard, Natrona Heights",40.6228152,-79.72513049999999,"drugstore,convenience_store,grocery_or_supermarket,food,health,store,point_of_interest,establishment",convenience,OPERATIONAL,4.1,312.0
ChIJoUUbpoO9NIgR6RxNN3yM2kk,Sheetz,"1002 California Avenue, Natrona Heights",40.61906159999999,-79.73200179999999,"convenience_store,gas_station,car_wash,liquor_store,cafe,restaurant,food,store,point_of_interest,establishment","convenience,restaurant",OPERATIONAL,4.0,330.0
ChIJJxnyPHa9NIgRfwwsTRiZZpk,CVS,"1003 California Avenue, Natrona Heights",40.6183171,-79.7330764,"drugstore,convenience_store,clothing_store,food,health,store,point_of_interest,establishment",convenience,OPERATIONAL,2.8,55.0
ChIJk2TNkXO9NIgRybRjXYVs-_g,Stop' N Shop,"2101 Freeport Road, Natrona Heights",40.6269979,-79.72150859999999,"convenience_store,food,store,point_of_interest,establishment",convenience,OPERATIONAL,4.0,11.0
ChIJv_T1JXa9NIgR-9kK_p2LQ3U,J & S Pizza,"1828 Union Avenue, Natrona Heights",40.6239818,-79.7223889,"meal_delivery,restaurant,food,point_of_interest,establishment",restaurant,OPERATIONAL,4.6,1028.0
ChIJ5dqB4nW9NIgRSlz_Rdljclk,Subway,"Heights Plaza, 1732 Pacific Avenue #32, Natrona Heights",40.62216959999999,-79.7229472,"meal_takeaway,restaurant,food,point_of_interest,establishment","fast_food,restaurant",CLOSED_TEMPORARILY,4.0,83.0
ChIJwSwFwoK9NIgRuNrNkfRYgHk,Burger King,"1513 Freeport Road, Natrona Heights",40.62028129999999,-79.73005479999999,"restaurant,food,point_of_interest,establishment",restaurant,OPERATIONAL,3.1,728.0
ChIJ3-lxl3O9NIgRXcxuZpf4jdU,Phillippi's Family Dining,"2105 Freeport Road, Natrona Heights",40.627168,-79.7211124,"bar,restaurant,food,point_of_interest,establishment",restaurant,OPERATIONAL,4.5,937.0
ChIJzU8VUJ29NIgRoJ7zvUzqjUA,Eat'n Park,"1626 Broadview Boulevard, Natrona Heights",40.6218992,-79.72677469999999,"meal_takeaway,restaurant,food,point_of_interest,establishment","fast_food,restaurant",OPERATIONAL,4.0,1221.0
ChIJh7BMkXO9NIgRRCVwTjdmHhA,Capri Pizza Restaurant,"2103 Freeport Road #1526, Natrona Heights",40.6270031,-79.72124389999999,"restaurant,food,point_of_interest,establishment",restaurant,OPERATIONAL,4.7,568.0
ChIJB8OhEHS9NIgR0cPAuYjK1jI,Wendy's,"1830 Broadview Boulevard, Natrona Heights",40.62419879999999,-79.7232834,"restaurant,food,point_of_interest,establishment",restaurant,OPERATIONAL,3.7,414.0
ChIJycBC9nO9NIgR8mmsKU5Wfpk,McDonald's,"2001 Freeport Road, Natrona Heights",40.6263847,-79.7221558,"cafe,store,restaurant,food,point_of_interest,establishment",restaurant,OPERATIONAL,3.7,1159.0
ChIJQaWt43e9NIgRM57Ri2HNXwk,Dairy Queen Grill & Chill,"1613 Freeport Road, Natrona Heights",40.6219013,-79.7279381,"store,restaurant,food,point_of_interest,establishment",restaurant,OPERATIONAL,4.2,378.0
ChIJFcjo3Xe9NIgR9p-aYMeBlEw,Arby's,"1617 Freeport Road, Natrona Heights",40.622115,-79.72750889999999,"meal_takeaway,store,restaurant,food,point_of_interest,establishment","fast_food,restaurant",OPERATIONAL,4.2,639.0
ChIJVQ3hWXa9NIgRG2mvJPU3Fjs,Bob's Sub,"1713 Freeport Road, Natrona Heights",40.62374670000001,-79.72522649999999,"meal_takeaway,store,restaurant,food,point_of_interest,establishment","fast_food,restaurant",OPERATIONAL,4.4,399.0
ChIJZ1uic3a9NIgRpvu0T26vaEE,Heights Plaza,"Union Ave, Natrona Heights",40.6241867,-79.72255249999999,"point_of_interest,establishment",food_bank,OPERATIONAL,3.6,985.0
ChIJyfBjBHS9NIgRGYTQ8SqNkXM,Allegheny Valley Association of Churches,"1913 Freeport Rd, Natrona Heights",40.625771,-79.72270759999999,"point_of_interest,establishment",food_bank,OPERATIONAL,3.9,55.0
ChIJTapJieK9NIgRxnPUZKydyH0,Berry Hill Farm,"800 Lynch Rd, New Kensington",40.6215775,-79.6738471,"point_of_interest,establishment",farmers_market,OPERATIONAL,5.0,2.0
ChIJAWiM7n27NIgRwuH98DPlPh0,The Snyder's Bonfire,"5739 Leechburg Road, Leechburg",40.62027519999999,-79.6491933,"restaurant,food,point_of_interest,establishment",restaurant,OPERATIONAL,4.5,1129.0
ChIJgXg-CStvNIgRjeINpcU0uCU,Sunoco,"156 Pleasant Drive, Aliquippa",40.63551229999999,-80.317916,"gas_station,convenience_store,store,food,point_of_interest,establishment",convenience,OPERATIONAL,3.6,25.0
ChIJcRTLqtRoNIgRZLNhhRJROTA,Dollar General,"110 Pleasant Drive, Aliquippa",40.6344329,-80.3151713,"drugstore,convenience_store,grocery_or_supermarket,health,store,food,point_of_interest,establishment",convenience,OPERATIONAL,3.9,175.0
ChIJSV5CBDBvNIgROOLdRvaXA9U,D-mart,"3332 Brodhead Road, Aliquippa",40.6416762,-80.309787,"convenience_store,store,food,point_of_interest,establishment",convenience,OPERATIONAL,5.0,11.0
ChIJ0VbeCCtvNIgRn0gRpL5DkKM,McDonald's,"131 Pleasant Drive, Aliquippa",40.63438379999999,-80.3176745,"cafe,restaurant,food,store,point_of_interest,establishment",restaurant,OPERATIONAL,3.6,762.0
ChIJhb2dhgZvNIgRjlQwwrDReWs,Beaver County Fruit & Garden,"3431 Brodhead Rd, Monaca",40.6487378,-80.3111495,"supermarket,grocery_or_supermarket,store,food,point_of_interest,establishment","farmers_market,grocery",OPERATIONAL,4.6,244.0
ChIJkbLyUyNvNIgRxaWwmN5WZXE,Papa Duke's,"3416 Brodhead Road, Aliquippa",40.6476207,-80.3102119,"bar,restaurant,food,point_of_interest,establishment",restaurant,OPERATIONAL,4.4,589.0
ChIJoWphGGZvNIgRkhtjQjRUN5E,Center Cut Deli,"3403 Brodhead Road, Aliquippa",40.6468377,-80.31140889999999,"meal_takeaway,store,restaurant,food,point_of_interest,establishment","fast_food,restaurant",OPERATIONAL,4.9,46.0
ChIJ7_1XTyJlNIgRFPRNbb2wQKY,We Care Food Cupboard,"420 Dippold Ave, Baden",40.6372125,-80.22912509999999,"food,point_of_interest,establishment",food_bank,OPERATIONAL,,
ChIJtwlR-zJkNIgRk9oSqZaKeG8,Centerpoint Convenience Store,"514 State Street, Baden",40.63778749999999,-80.2299027,"convenience_store,food,store,point_of_interest,establishment",convenience,OPERATIONAL,4.8,12.0
ChIJRR177yxkNIgRfP5-ba8aM5I,Pizza Hut,"285 Johnson Avenue, Baden",40.6326197,-80.2297868,"meal_delivery,meal_takeaway,restaurant,food,point_of_interest,establishment","fast_food,restaurant",OPERATIONAL,3.8,408.0
ChIJB2lFHS1kNIgR91OwIlcEAew,McDonald's,"300 Ohio River Boulevard, Baden",40.6333302,-80.22980559999999,"cafe,store,restaurant,food,point_of_interest,establishment",restaurant,OPERATIONAL,3.7,1176.0
ChIJHexmdjJkNIgRsDKamcH7UWw,Subway,"380 State Street, Baden",40.6354799,-80.2279889,"meal_takeaway,restaurant,food,point_of_interest,establishment","fast_food,restaurant",OPERATIONAL,4.3,163.0
ChIJQ4RaAqRlNIgRIUC4AjqjFF8,Monte Cello's of Baden,"601 State Street, Baden",40.6387911,-80.2311461,"restaurant,food,point_of_interest,establishment",restaurant,OPERATIONAL,4.8,184.0
ChIJdWMkxaOJNIgRypzaWAke2DU,Sheetz,"12000 Perry Highway, Wexford",40.6340597,-80.05925500000001,"convenience_store,gas_station,car_wash,liquor_store,cafe,restaurant,food,store,point_of_interest,establishment","convenience,restaurant",OPERATIONAL,3.8,116.0
ChIJC4u3w6SJNIgRFYh0O58SXeI,Walnut Grill - Wexford,"12599 Perry Highway, Wexford",40.6373015,-80.06357679999999,"restaurant,bar,food,point_of_interest,establishment",restaurant,OPERATIONAL,4.3,1928.0
ChIJw0wGKqKJNIgR2kFVdzfxlNA,Forgotten Taste Pierogies,"11978 U.S. 19, Wexford",40.6327338,-80.05842109999999,"restaurant,food,point_of_interest,establishment",restaurant,OPERATIONAL,4.8,512.0
ChIJN3GMEaGJNIgRb9A2NzZjYok,Hello Bistro,"1000 Village Run Road, Wexford",40.6333428,-80.05868749999999,"meal_takeaway,restaurant,food,point_of_interest,establishment","fast_food,restaurant",OPERATIONAL,4.0,242.0
ChIJF2ElG6GJNIgRtX6t4PfsYTQ,Ichiban Hibachi & Sushi Bar,"1500 Village Run Road, Wexford",40.63355619999999,-80.05753519999999,"restaurant,food,point_of_interest,establishment",restaurant,OPERATIONAL,4.4,703.0
ChIJy4lqkKGJNIgRe99ali_w0js,Mamma Lucia Pizza and Bar,"11978 Perry Highway #408, Wexford",40.6324618,-80.0582842,"restaurant,food,point_of_interest,establishment",restaurant,OPERATIONAL,4.3,271.0
ChIJQXCM-6CJNIgRZ6LOiW43jks,The Oven Pizza Co.,"2000 Village Run Road, Wexford",40.63324009999999,-80.05594479999999,"restaurant,food,point_of_interest,establishment",restaurant,OPERATIONAL,4.5,500.0
ChIJCb5Py6OJNIgRhhtf5Wv3qkQ,Chick-fil-A,"12101 Perry Highway, Wexford",40.6334887,-80.06033,"restaurant,food,point_of_interest,establishment",restaurant,OPERATIONAL,4.6,1613.0
ChIJC7akdGmJNIgRgniiwZ__MyM,Tapville Social - Wexford,"11978 Perry Highway unit 401, Wexford",40.6330327,-80.0587621,"bar,restaurant,food,point_of_interest,establishment",restaurant,OPERATIONAL,4.0,681.0
ChIJF5hkkSSJNIgRjsb1aQZR7oE,Jersey Mike's Subs,"11978 Perry Highway #404, Wexford",40.632852,-80.0585306,"meal_takeaway,store,restaurant,food,point_of_interest,establishment","fast_food,restaurant",OPERATIONAL,4.2,70.0
ChIJM8m5P8aJNIgReVfkrV-3QjI,Anchor & Eat Poke,"280 Market Lane Suite 710, Wexford",40.6309543,-80.05524199999999,"restaurant,food,point_of_interest,establishment",restaurant,OPERATIONAL,4.6,280.0
ChIJ5cbsczaONIgR1uIGvj0S-4o,Giant Eagle Supermarket,"5600 William Flynn Highway, 400 North Towne Square, Gibsonia",40.6366715,-79.9422805,"grocery_or_supermarket,supermarket,store,food,point_of_interest,establishment",grocery,OPERATIONAL,4.0,671.0
ChIJkWp1CsuPNIgReLDE1br8-yg,GetGo Café + Market & WetGo Car Wash,"4099 Grandview Drive, Gibsonia",40.6433764,-79.9379172,"gas_station,convenience_store,car_wash,cafe,store,food,point_of_interest,establishment",convenience,OPERATIONAL,3.4,104.0
ChIJ5cbsczaONIgRqYAyNCVAInM,Sunoco,"5600 William Flinn Highway, Gibsonia",40.6352489,-79.93989069999999,"gas_station,convenience_store,store,food,point_of_interest,establishment",convenience,CLOSED_TEMPORARILY,3.9,101.0
ChIJ4cmzIn-PNIgR6iapwz17r1E,American Natural Gibsonia,"4100 Grandview Drive, Gibsonia",40.6416893,-79.9379501,"convenience_store,gas_station,liquor_store,store,restaurant,food,point_of_interest,establishment","convenience,restaurant",OPERATIONAL,4.0,22.0
ChIJQ9-8WMqPNIgR7DGFv9wx9QA,Subway,"500 Grandview Crossing Suite 60, Gibsonia",40.64302199999999,-79.9393841,"meal_takeaway,restaurant,food,point_of_interest,establishment","fast_food,restaurant",OPERATIONAL,3.5,69.0
ChIJQ9-8WMqPNIgRaL8lRJ9cohc,Buffalo Wild Wings,"500 Grandview Crossing #90, Gibsonia",40.643062,-79.939081,"meal_takeaway,bar,restaurant,food,point_of_interest,establishment","fast_food,restaurant",OPERATIONAL,3.9,863.0
ChIJL5b-rUCONIgRjXgzalbOzNo,Cala Lily Restaurant and Bar,"500 Grandview Crossing #20, Gibsonia",40.6429594,-79.9395961,"restaurant,bar,food,point_of_interest,establishment",restaurant,OPERATIONAL,4.6,302.0
ChIJrS4a2TSONIgRXeQwPho2p0I,Applebee's Grill + Bar,"525 Grandview Crossing, Gibsonia",40.63961579999999,-79.938688,"restaurant,bar,food,point_of_interest,establishment",restaurant,OPERATIONAL,4.3,842.0
ChIJ68TR2zWONIgR79-MAaQojMI,Penn Station East Coast Subs,"109 Northtowne Square # 101, Gibsonia",40.635921,-79.939773,"meal_takeaway,restaurant,food,point_of_interest,establishment","fast_food,restaurant",OPERATIONAL,4.2,327.0
ChIJFRilKcuPNIgRctfgHAjxL9o,Starbucks Coffee Company,"517 Grandview Crossing, Gibsonia",40.6408,-79.93872999999999,"cafe,store,restaurant,food,point_of_interest,establishment",restaurant,OPERATIONAL,4.1,308.0
ChIJ3TMrGzaONIgRSJpASiv6o9c,Adrian's Pizza,"4092 Gibsonia Road, Gibsonia",40.6349062,-79.9410233,"meal_takeaway,meal_delivery,restaurant,food,point_of_interest,establishment","fast_food,restaurant",OPERATIONAL,4.1,233.0
ChIJ5cbsczaONIgRmMiV-LgG2S4,Taco Bell,"100 Northtowne Square, Gibsonia",40.6374062,-79.9395758,"meal_takeaway,restaurant,food,point_of_interest,establishment","fast_food,restaurant",OPERATIONAL,3.8,410.0
ChIJSWvfBEqONIgRz1bSAL7S8Hc,Giant Eagle Prepared Foods,"400 Northtowne Square, Gibsonia",40.6363205,-79.9425119,"meal_takeaway,restaurant,food,point_of_interest,establishment","fast_food,restaurant",OPERATIONAL,1.0,3.0
ChIJ_UE9O0OPNIgRR86GhHAxOzU,Emily's Turkish Mediterranean Grill,"5560 William Flinn Highway, Gibsonia",40.6329725,-79.9398172,"restaurant,food,point_of_interest,establishment",restaurant,OPERATIONAL,4.8,379.0
ChIJs2l-WQGPNIgRkWSEGZ590WA,Lin's Garden,"5560 William Flinn Highway, Gibsonia",40.633042,-79.93977509999999,"restaurant,food,point_of_interest,establishment",restaurant,OPERATIONAL,4.6,389.0
ChIJPQBhTDaONIgRYmcHbRM5kwQ,Barrel Junction,"5560 Community Center Drive, Gibsonia",40.63299309999999,-79.9396221,"bar,restaurant,food,point_of_interest,establishment",restaurant,OPERATIONAL,4.4,434.0
ChIJ6e8GauiPNIgRq0jk79nv7GE,Jade Palace,"312 Northtowne Square, Gibsonia",40.63724870000001,-79.94233679999999,"restaurant,food,point_of_interest,establishment",restaurant,OPERATIONAL,4.6,153.0
ChIJ5cbsczaONIgR3vlpmBznYD4,Wendy's,"103 Northtowne Square, Gibsonia",40.6377014,-79.9393129,"restaurant,food,point_of_interest,establishment",restaurant,OPERATIONAL,3.5,673.0
ChIJv4LiFsuPNIgR16v3PDmPfxU,The Eatery,"4100 Grandview Drive, Gibsonia",40.64176020000001,-79.93798249999999,"restaurant,food,point_of_interest,establishment",restaurant,OPERATIONAL,4.3,19.0
ChIJq6qq6sqPNIgRfb_x6e5m_R0,Grandview Crossing,"William Flinn Hwy, Gibsonia",40.6417556,-79.94025599999999,"shopping_mall,point_of_interest,establishment",food_bank,OPERATIONAL,4.6,95.0
ChIJ7Vu4w-uPNIgRtS5WrUrZN1I,Harvest Valley Farm Market & Bakery,"5820 William Flinn Hwy #8, Bakerstown",40.6478146,-79.9364878,"point_of_interest,establishment",farmers_market,OPERATIONAL,4.8,312.0
ChIJq9aPsBO9NIgRuN-9up6qfdY,Sunoco,"2602 Freeport Road, Natrona Heights",40.6335416,-79.71381819999999,"gas_station,convenience_store,store,food,point_of_interest,establishment",convenience,OPERATIONAL,3.1,7.0
ChIJuwzI9RK9NIgRIGijjit4qvQ,A&B Pizza,"2418 Freeport Road, Natrona Heights",40.632213,-79.71480509999999,"meal_delivery,restaurant,food,point_of_interest,establishment",restaurant,OPERATIONAL,4.6,191.0
ChIJHUHC_RS9NIgRueDyA4JuZt8,Saxon Inn,"1210 Saxonburg Road, Natrona Heights",40.63799729999999,-79.71519669999999,"bar,restaurant,food,point_of_interest,establishment",restaurant,OPERATIONAL,4.6,366.0
ChIJ18ndtT29NIgRQVKD8Tvimgc,Sunoco,"3039 Freeport Road, Natrona Heights",40.6422951,-79.7107291,"gas_station,convenience_store,store,food,point_of_interest,establishment",convenience,OPERATIONAL,2.9,7.0
ChIJcZvX4HK9NIgRebMN8J1Qc5M,Pizza Hut,"3036 Freeport Road, Natrona Heights",40.642072,-79.7100481,"meal_takeaway,meal_delivery,restaurant,food,point_of_interest,establishment","fast_food,restaurant",OPERATIONAL,4.2,556.0
ChIJz2Udizu9NIgRjIVK7OPw8Jg,Taco Bell,"4009 Freeport Road, Natrona Heights",40.64542489999999,-79.7103595,"meal_takeaway,restaurant,food,point_of_interest,establishment","fast_food,restaurant",OPERATIONAL,3.6,538.0
ChIJQau0TEO9NIgRcW2ylKEDm8s,Subway,"100 Highlands Mall Drive, Natrona Heights",40.6465188,-79.71232839999999,"meal_takeaway,restaurant,food,point_of_interest,establishment","fast_food,restaurant",OPERATIONAL,3.2,18.0
ChIJZS5IpD69NIgR3AqAKnB2Do0,Freedom Square Diner,"18 Highlands Mall Drive, Natrona Heights",40.64459739999999,-79.7123823,"restaurant,food,point_of_interest,establishment",restaurant,OPERATIONAL,4.5,926.0
